row_id,rule_id,domain,external_key,concept,raw_value,raw_unit,expected_value,expected_unit,observed_value,observed_unit,observed_original_value,observed_original_unit,conversion_applied,status,error
R8-000001,water_l_to_m3,water,gate-r8-transform-20260710114238274958:000001,urn:sds:reg:esrs:e3_4_01,1000,L,1,m³,1,m³,1000,L,true,success,
R8-000002,energy_kwh_to_mwh,energy,gate-r8-transform-20260710114238274958:000002,urn:sds:reg:esrs:e1_5_12,2000,kWh,2,MWh,2,MWh,2000,kWh,true,success,
R8-000003,emissions_kgco2e_to_tco2e,emissions,gate-r8-transform-20260710114238274958:000003,urn:sds:reg:gri:gri_305_3_a,3000,kg CO2e,3,t CO2e,3,t CO2e,3000,kg CO2e,true,success,
R8-000004,water_l_to_m3,water,gate-r8-transform-20260710114238274958:000004,urn:sds:reg:esrs:e3_4_01,4000,L,4,m³,4,m³,4000,L,true,success,
R8-000005,energy_kwh_to_mwh,energy,gate-r8-transform-20260710114238274958:000005,urn:sds:reg:esrs:e1_5_12,5000,kWh,5,MWh,5,MWh,5000,kWh,true,success,
R8-000006,emissions_kgco2e_to_tco2e,emissions,gate-r8-transform-20260710114238274958:000006,urn:sds:reg:gri:gri_305_3_a,6000,kg CO2e,6,t CO2e,6,t CO2e,6000,kg CO2e,true,success,
R8-000007,water_l_to_m3,water,gate-r8-transform-20260710114238274958:000007,urn:sds:reg:esrs:e3_4_01,7000,L,7,m³,7,m³,7000,L,true,success,
R8-000008,energy_kwh_to_mwh,energy,gate-r8-transform-20260710114238274958:000008,urn:sds:reg:esrs:e1_5_12,8000,kWh,8,MWh,8,MWh,8000,kWh,true,success,
R8-000009,emissions_kgco2e_to_tco2e,emissions,gate-r8-transform-20260710114238274958:000009,urn:sds:reg:gri:gri_305_3_a,9000,kg CO2e,9,t CO2e,9,t CO2e,9000,kg CO2e,true,success,
R8-000010,water_l_to_m3,water,gate-r8-transform-20260710114238274958:000010,urn:sds:reg:esrs:e3_4_01,10000,L,10,m³,10,m³,10000,L,true,success,
R8-000011,energy_kwh_to_mwh,energy,gate-r8-transform-20260710114238274958:000011,urn:sds:reg:esrs:e1_5_12,11000,kWh,11,MWh,11,MWh,11000,kWh,true,success,
R8-000012,emissions_kgco2e_to_tco2e,emissions,gate-r8-transform-20260710114238274958:000012,urn:sds:reg:gri:gri_305_3_a,12000,kg CO2e,12,t CO2e,12,t CO2e,12000,kg CO2e,true,success,
R8-000013,water_l_to_m3,water,gate-r8-transform-20260710114238274958:000013,urn:sds:reg:esrs:e3_4_01,13000,L,13,m³,13,m³,13000,L,true,success,
R8-000014,energy_kwh_to_mwh,energy,gate-r8-transform-20260710114238274958:000014,urn:sds:reg:esrs:e1_5_12,14000,kWh,14,MWh,14,MWh,14000,kWh,true,success,
R8-000015,emissions_kgco2e_to_tco2e,emissions,gate-r8-transform-20260710114238274958:000015,urn:sds:reg:gri:gri_305_3_a,15000,kg CO2e,15,t CO2e,15,t CO2e,15000,kg CO2e,true,success,
R8-000016,water_l_to_m3,water,gate-r8-transform-20260710114238274958:000016,urn:sds:reg:esrs:e3_4_01,16000,L,16,m³,16,m³,16000,L,true,success,
R8-000017,energy_kwh_to_mwh,energy,gate-r8-transform-20260710114238274958:000017,urn:sds:reg:esrs:e1_5_12,17000,kWh,17,MWh,17,MWh,17000,kWh,true,success,
R8-000018,emissions_kgco2e_to_tco2e,emissions,gate-r8-transform-20260710114238274958:000018,urn:sds:reg:gri:gri_305_3_a,18000,kg CO2e,18,t CO2e,18,t CO2e,18000,kg CO2e,true,success,
R8-000019,water_l_to_m3,water,gate-r8-transform-20260710114238274958:000019,urn:sds:reg:esrs:e3_4_01,19000,L,19,m³,19,m³,19000,L,true,success,
R8-000020,energy_kwh_to_mwh,energy,gate-r8-transform-20260710114238274958:000020,urn:sds:reg:esrs:e1_5_12,20000,kWh,20,MWh,20,MWh,20000,kWh,true,success,
R8-000021,emissions_kgco2e_to_tco2e,emissions,gate-r8-transform-20260710114238274958:000021,urn:sds:reg:gri:gri_305_3_a,21000,kg CO2e,21,t CO2e,21,t CO2e,21000,kg CO2e,true,success,
R8-000022,water_l_to_m3,water,gate-r8-transform-20260710114238274958:000022,urn:sds:reg:esrs:e3_4_01,22000,L,22,m³,22,m³,22000,L,true,success,
R8-000023,energy_kwh_to_mwh,energy,gate-r8-transform-20260710114238274958:000023,urn:sds:reg:esrs:e1_5_12,23000,kWh,23,MWh,23,MWh,23000,kWh,true,success,
R8-000024,emissions_kgco2e_to_tco2e,emissions,gate-r8-transform-20260710114238274958:000024,urn:sds:reg:gri:gri_305_3_a,24000,kg CO2e,24,t CO2e,24,t CO2e,24000,kg CO2e,true,success,
R8-000025,water_l_to_m3,water,gate-r8-transform-20260710114238274958:000025,urn:sds:reg:esrs:e3_4_01,25000,L,25,m³,25,m³,25000,L,true,success,
R8-000026,energy_kwh_to_mwh,energy,gate-r8-transform-20260710114238274958:000026,urn:sds:reg:esrs:e1_5_12,26000,kWh,26,MWh,26,MWh,26000,kWh,true,success,
R8-000027,emissions_kgco2e_to_tco2e,emissions,gate-r8-transform-20260710114238274958:000027,urn:sds:reg:gri:gri_305_3_a,27000,kg CO2e,27,t CO2e,27,t CO2e,27000,kg CO2e,true,success,
R8-000028,water_l_to_m3,water,gate-r8-transform-20260710114238274958:000028,urn:sds:reg:esrs:e3_4_01,28000,L,28,m³,28,m³,28000,L,true,success,
R8-000029,energy_kwh_to_mwh,energy,gate-r8-transform-20260710114238274958:000029,urn:sds:reg:esrs:e1_5_12,29000,kWh,29,MWh,29,MWh,29000,kWh,true,success,
R8-000030,emissions_kgco2e_to_tco2e,emissions,gate-r8-transform-20260710114238274958:000030,urn:sds:reg:gri:gri_305_3_a,30000,kg CO2e,30,t CO2e,30,t CO2e,30000,kg CO2e,true,success,
R8-000031,water_l_to_m3,water,gate-r8-transform-20260710114238274958:000031,urn:sds:reg:esrs:e3_4_01,31000,L,31,m³,31,m³,31000,L,true,success,
R8-000032,energy_kwh_to_mwh,energy,gate-r8-transform-20260710114238274958:000032,urn:sds:reg:esrs:e1_5_12,32000,kWh,32,MWh,32,MWh,32000,kWh,true,success,
R8-000033,emissions_kgco2e_to_tco2e,emissions,gate-r8-transform-20260710114238274958:000033,urn:sds:reg:gri:gri_305_3_a,33000,kg CO2e,33,t CO2e,33,t CO2e,33000,kg CO2e,true,success,
R8-000034,water_l_to_m3,water,gate-r8-transform-20260710114238274958:000034,urn:sds:reg:esrs:e3_4_01,34000,L,34,m³,34,m³,34000,L,true,success,
R8-000035,energy_kwh_to_mwh,energy,gate-r8-transform-20260710114238274958:000035,urn:sds:reg:esrs:e1_5_12,35000,kWh,35,MWh,35,MWh,35000,kWh,true,success,
R8-000036,emissions_kgco2e_to_tco2e,emissions,gate-r8-transform-20260710114238274958:000036,urn:sds:reg:gri:gri_305_3_a,36000,kg CO2e,36,t CO2e,36,t CO2e,36000,kg CO2e,true,success,
R8-000037,water_l_to_m3,water,gate-r8-transform-20260710114238274958:000037,urn:sds:reg:esrs:e3_4_01,37000,L,37,m³,37,m³,37000,L,true,success,
R8-000038,energy_kwh_to_mwh,energy,gate-r8-transform-20260710114238274958:000038,urn:sds:reg:esrs:e1_5_12,38000,kWh,38,MWh,38,MWh,38000,kWh,true,success,
R8-000039,emissions_kgco2e_to_tco2e,emissions,gate-r8-transform-20260710114238274958:000039,urn:sds:reg:gri:gri_305_3_a,39000,kg CO2e,39,t CO2e,39,t CO2e,39000,kg CO2e,true,success,
R8-000040,water_l_to_m3,water,gate-r8-transform-20260710114238274958:000040,urn:sds:reg:esrs:e3_4_01,40000,L,40,m³,40,m³,40000,L,true,success,
R8-000041,energy_kwh_to_mwh,energy,gate-r8-transform-20260710114238274958:000041,urn:sds:reg:esrs:e1_5_12,41000,kWh,41,MWh,41,MWh,41000,kWh,true,success,
R8-000042,emissions_kgco2e_to_tco2e,emissions,gate-r8-transform-20260710114238274958:000042,urn:sds:reg:gri:gri_305_3_a,42000,kg CO2e,42,t CO2e,42,t CO2e,42000,kg CO2e,true,success,
R8-000043,water_l_to_m3,water,gate-r8-transform-20260710114238274958:000043,urn:sds:reg:esrs:e3_4_01,43000,L,43,m³,43,m³,43000,L,true,success,
R8-000044,energy_kwh_to_mwh,energy,gate-r8-transform-20260710114238274958:000044,urn:sds:reg:esrs:e1_5_12,44000,kWh,44,MWh,44,MWh,44000,kWh,true,success,
R8-000045,emissions_kgco2e_to_tco2e,emissions,gate-r8-transform-20260710114238274958:000045,urn:sds:reg:gri:gri_305_3_a,45000,kg CO2e,45,t CO2e,45,t CO2e,45000,kg CO2e,true,success,
R8-000046,water_l_to_m3,water,gate-r8-transform-20260710114238274958:000046,urn:sds:reg:esrs:e3_4_01,46000,L,46,m³,46,m³,46000,L,true,success,
R8-000047,energy_kwh_to_mwh,energy,gate-r8-transform-20260710114238274958:000047,urn:sds:reg:esrs:e1_5_12,47000,kWh,47,MWh,47,MWh,47000,kWh,true,success,
R8-000048,emissions_kgco2e_to_tco2e,emissions,gate-r8-transform-20260710114238274958:000048,urn:sds:reg:gri:gri_305_3_a,48000,kg CO2e,48,t CO2e,48,t CO2e,48000,kg CO2e,true,success,
R8-000049,water_l_to_m3,water,gate-r8-transform-20260710114238274958:000049,urn:sds:reg:esrs:e3_4_01,49000,L,49,m³,49,m³,49000,L,true,success,
R8-000050,energy_kwh_to_mwh,energy,gate-r8-transform-20260710114238274958:000050,urn:sds:reg:esrs:e1_5_12,50000,kWh,50,MWh,50,MWh,50000,kWh,true,success,
R8-000051,emissions_kgco2e_to_tco2e,emissions,gate-r8-transform-20260710114238274958:000051,urn:sds:reg:gri:gri_305_3_a,51000,kg CO2e,51,t CO2e,51,t CO2e,51000,kg CO2e,true,success,
R8-000052,water_l_to_m3,water,gate-r8-transform-20260710114238274958:000052,urn:sds:reg:esrs:e3_4_01,52000,L,52,m³,52,m³,52000,L,true,success,
R8-000053,energy_kwh_to_mwh,energy,gate-r8-transform-20260710114238274958:000053,urn:sds:reg:esrs:e1_5_12,53000,kWh,53,MWh,53,MWh,53000,kWh,true,success,
R8-000054,emissions_kgco2e_to_tco2e,emissions,gate-r8-transform-20260710114238274958:000054,urn:sds:reg:gri:gri_305_3_a,54000,kg CO2e,54,t CO2e,54,t CO2e,54000,kg CO2e,true,success,
R8-000055,water_l_to_m3,water,gate-r8-transform-20260710114238274958:000055,urn:sds:reg:esrs:e3_4_01,55000,L,55,m³,55,m³,55000,L,true,success,
R8-000056,energy_kwh_to_mwh,energy,gate-r8-transform-20260710114238274958:000056,urn:sds:reg:esrs:e1_5_12,56000,kWh,56,MWh,56,MWh,56000,kWh,true,success,
R8-000057,emissions_kgco2e_to_tco2e,emissions,gate-r8-transform-20260710114238274958:000057,urn:sds:reg:gri:gri_305_3_a,57000,kg CO2e,57,t CO2e,57,t CO2e,57000,kg CO2e,true,success,
R8-000058,water_l_to_m3,water,gate-r8-transform-20260710114238274958:000058,urn:sds:reg:esrs:e3_4_01,58000,L,58,m³,58,m³,58000,L,true,success,
R8-000059,energy_kwh_to_mwh,energy,gate-r8-transform-20260710114238274958:000059,urn:sds:reg:esrs:e1_5_12,59000,kWh,59,MWh,59,MWh,59000,kWh,true,success,
R8-000060,emissions_kgco2e_to_tco2e,emissions,gate-r8-transform-20260710114238274958:000060,urn:sds:reg:gri:gri_305_3_a,60000,kg CO2e,60,t CO2e,60,t CO2e,60000,kg CO2e,true,success,
R8-000061,water_l_to_m3,water,gate-r8-transform-20260710114238274958:000061,urn:sds:reg:esrs:e3_4_01,61000,L,61,m³,61,m³,61000,L,true,success,
R8-000062,energy_kwh_to_mwh,energy,gate-r8-transform-20260710114238274958:000062,urn:sds:reg:esrs:e1_5_12,62000,kWh,62,MWh,62,MWh,62000,kWh,true,success,
R8-000063,emissions_kgco2e_to_tco2e,emissions,gate-r8-transform-20260710114238274958:000063,urn:sds:reg:gri:gri_305_3_a,63000,kg CO2e,63,t CO2e,63,t CO2e,63000,kg CO2e,true,success,
R8-000064,water_l_to_m3,water,gate-r8-transform-20260710114238274958:000064,urn:sds:reg:esrs:e3_4_01,64000,L,64,m³,64,m³,64000,L,true,success,
R8-000065,energy_kwh_to_mwh,energy,gate-r8-transform-20260710114238274958:000065,urn:sds:reg:esrs:e1_5_12,65000,kWh,65,MWh,65,MWh,65000,kWh,true,success,
R8-000066,emissions_kgco2e_to_tco2e,emissions,gate-r8-transform-20260710114238274958:000066,urn:sds:reg:gri:gri_305_3_a,66000,kg CO2e,66,t CO2e,66,t CO2e,66000,kg CO2e,true,success,
R8-000067,water_l_to_m3,water,gate-r8-transform-20260710114238274958:000067,urn:sds:reg:esrs:e3_4_01,67000,L,67,m³,67,m³,67000,L,true,success,
R8-000068,energy_kwh_to_mwh,energy,gate-r8-transform-20260710114238274958:000068,urn:sds:reg:esrs:e1_5_12,68000,kWh,68,MWh,68,MWh,68000,kWh,true,success,
R8-000069,emissions_kgco2e_to_tco2e,emissions,gate-r8-transform-20260710114238274958:000069,urn:sds:reg:gri:gri_305_3_a,69000,kg CO2e,69,t CO2e,69,t CO2e,69000,kg CO2e,true,success,
R8-000070,water_l_to_m3,water,gate-r8-transform-20260710114238274958:000070,urn:sds:reg:esrs:e3_4_01,70000,L,70,m³,70,m³,70000,L,true,success,
R8-000071,energy_kwh_to_mwh,energy,gate-r8-transform-20260710114238274958:000071,urn:sds:reg:esrs:e1_5_12,71000,kWh,71,MWh,71,MWh,71000,kWh,true,success,
R8-000072,emissions_kgco2e_to_tco2e,emissions,gate-r8-transform-20260710114238274958:000072,urn:sds:reg:gri:gri_305_3_a,72000,kg CO2e,72,t CO2e,72,t CO2e,72000,kg CO2e,true,success,
R8-000073,water_l_to_m3,water,gate-r8-transform-20260710114238274958:000073,urn:sds:reg:esrs:e3_4_01,73000,L,73,m³,73,m³,73000,L,true,success,
R8-000074,energy_kwh_to_mwh,energy,gate-r8-transform-20260710114238274958:000074,urn:sds:reg:esrs:e1_5_12,74000,kWh,74,MWh,74,MWh,74000,kWh,true,success,
R8-000075,emissions_kgco2e_to_tco2e,emissions,gate-r8-transform-20260710114238274958:000075,urn:sds:reg:gri:gri_305_3_a,75000,kg CO2e,75,t CO2e,75,t CO2e,75000,kg CO2e,true,success,
R8-000076,water_l_to_m3,water,gate-r8-transform-20260710114238274958:000076,urn:sds:reg:esrs:e3_4_01,76000,L,76,m³,76,m³,76000,L,true,success,
R8-000077,energy_kwh_to_mwh,energy,gate-r8-transform-20260710114238274958:000077,urn:sds:reg:esrs:e1_5_12,77000,kWh,77,MWh,77,MWh,77000,kWh,true,success,
R8-000078,emissions_kgco2e_to_tco2e,emissions,gate-r8-transform-20260710114238274958:000078,urn:sds:reg:gri:gri_305_3_a,78000,kg CO2e,78,t CO2e,78,t CO2e,78000,kg CO2e,true,success,
R8-000079,water_l_to_m3,water,gate-r8-transform-20260710114238274958:000079,urn:sds:reg:esrs:e3_4_01,79000,L,79,m³,79,m³,79000,L,true,success,
R8-000080,energy_kwh_to_mwh,energy,gate-r8-transform-20260710114238274958:000080,urn:sds:reg:esrs:e1_5_12,80000,kWh,80,MWh,80,MWh,80000,kWh,true,success,
R8-000081,emissions_kgco2e_to_tco2e,emissions,gate-r8-transform-20260710114238274958:000081,urn:sds:reg:gri:gri_305_3_a,81000,kg CO2e,81,t CO2e,81,t CO2e,81000,kg CO2e,true,success,
R8-000082,water_l_to_m3,water,gate-r8-transform-20260710114238274958:000082,urn:sds:reg:esrs:e3_4_01,82000,L,82,m³,82,m³,82000,L,true,success,
R8-000083,energy_kwh_to_mwh,energy,gate-r8-transform-20260710114238274958:000083,urn:sds:reg:esrs:e1_5_12,83000,kWh,83,MWh,83,MWh,83000,kWh,true,success,
R8-000084,emissions_kgco2e_to_tco2e,emissions,gate-r8-transform-20260710114238274958:000084,urn:sds:reg:gri:gri_305_3_a,84000,kg CO2e,84,t CO2e,84,t CO2e,84000,kg CO2e,true,success,
R8-000085,water_l_to_m3,water,gate-r8-transform-20260710114238274958:000085,urn:sds:reg:esrs:e3_4_01,85000,L,85,m³,85,m³,85000,L,true,success,
R8-000086,energy_kwh_to_mwh,energy,gate-r8-transform-20260710114238274958:000086,urn:sds:reg:esrs:e1_5_12,86000,kWh,86,MWh,86,MWh,86000,kWh,true,success,
R8-000087,emissions_kgco2e_to_tco2e,emissions,gate-r8-transform-20260710114238274958:000087,urn:sds:reg:gri:gri_305_3_a,87000,kg CO2e,87,t CO2e,87,t CO2e,87000,kg CO2e,true,success,
R8-000088,water_l_to_m3,water,gate-r8-transform-20260710114238274958:000088,urn:sds:reg:esrs:e3_4_01,88000,L,88,m³,88,m³,88000,L,true,success,
R8-000089,energy_kwh_to_mwh,energy,gate-r8-transform-20260710114238274958:000089,urn:sds:reg:esrs:e1_5_12,89000,kWh,89,MWh,89,MWh,89000,kWh,true,success,
R8-000090,emissions_kgco2e_to_tco2e,emissions,gate-r8-transform-20260710114238274958:000090,urn:sds:reg:gri:gri_305_3_a,90000,kg CO2e,90,t CO2e,90,t CO2e,90000,kg CO2e,true,success,
R8-000091,water_l_to_m3,water,gate-r8-transform-20260710114238274958:000091,urn:sds:reg:esrs:e3_4_01,91000,L,91,m³,91,m³,91000,L,true,success,
R8-000092,energy_kwh_to_mwh,energy,gate-r8-transform-20260710114238274958:000092,urn:sds:reg:esrs:e1_5_12,92000,kWh,92,MWh,92,MWh,92000,kWh,true,success,
R8-000093,emissions_kgco2e_to_tco2e,emissions,gate-r8-transform-20260710114238274958:000093,urn:sds:reg:gri:gri_305_3_a,93000,kg CO2e,93,t CO2e,93,t CO2e,93000,kg CO2e,true,success,
R8-000094,water_l_to_m3,water,gate-r8-transform-20260710114238274958:000094,urn:sds:reg:esrs:e3_4_01,94000,L,94,m³,94,m³,94000,L,true,success,
R8-000095,energy_kwh_to_mwh,energy,gate-r8-transform-20260710114238274958:000095,urn:sds:reg:esrs:e1_5_12,95000,kWh,95,MWh,95,MWh,95000,kWh,true,success,
R8-000096,emissions_kgco2e_to_tco2e,emissions,gate-r8-transform-20260710114238274958:000096,urn:sds:reg:gri:gri_305_3_a,96000,kg CO2e,96,t CO2e,96,t CO2e,96000,kg CO2e,true,success,
R8-000097,water_l_to_m3,water,gate-r8-transform-20260710114238274958:000097,urn:sds:reg:esrs:e3_4_01,97000,L,97,m³,97,m³,97000,L,true,success,
R8-000098,energy_kwh_to_mwh,energy,gate-r8-transform-20260710114238274958:000098,urn:sds:reg:esrs:e1_5_12,98000,kWh,98,MWh,98,MWh,98000,kWh,true,success,
R8-000099,emissions_kgco2e_to_tco2e,emissions,gate-r8-transform-20260710114238274958:000099,urn:sds:reg:gri:gri_305_3_a,99000,kg CO2e,99,t CO2e,99,t CO2e,99000,kg CO2e,true,success,
R8-000100,water_l_to_m3,water,gate-r8-transform-20260710114238274958:000100,urn:sds:reg:esrs:e3_4_01,100000,L,100,m³,100,m³,100000,L,true,success,
R8-000101,energy_kwh_to_mwh,energy,gate-r8-transform-20260710114238274958:000101,urn:sds:reg:esrs:e1_5_12,101000,kWh,101,MWh,101,MWh,101000,kWh,true,success,
R8-000102,emissions_kgco2e_to_tco2e,emissions,gate-r8-transform-20260710114238274958:000102,urn:sds:reg:gri:gri_305_3_a,102000,kg CO2e,102,t CO2e,102,t CO2e,102000,kg CO2e,true,success,
R8-000103,water_l_to_m3,water,gate-r8-transform-20260710114238274958:000103,urn:sds:reg:esrs:e3_4_01,103000,L,103,m³,103,m³,103000,L,true,success,
R8-000104,energy_kwh_to_mwh,energy,gate-r8-transform-20260710114238274958:000104,urn:sds:reg:esrs:e1_5_12,104000,kWh,104,MWh,104,MWh,104000,kWh,true,success,
R8-000105,emissions_kgco2e_to_tco2e,emissions,gate-r8-transform-20260710114238274958:000105,urn:sds:reg:gri:gri_305_3_a,105000,kg CO2e,105,t CO2e,105,t CO2e,105000,kg CO2e,true,success,
R8-000106,water_l_to_m3,water,gate-r8-transform-20260710114238274958:000106,urn:sds:reg:esrs:e3_4_01,106000,L,106,m³,106,m³,106000,L,true,success,
R8-000107,energy_kwh_to_mwh,energy,gate-r8-transform-20260710114238274958:000107,urn:sds:reg:esrs:e1_5_12,107000,kWh,107,MWh,107,MWh,107000,kWh,true,success,
R8-000108,emissions_kgco2e_to_tco2e,emissions,gate-r8-transform-20260710114238274958:000108,urn:sds:reg:gri:gri_305_3_a,108000,kg CO2e,108,t CO2e,108,t CO2e,108000,kg CO2e,true,success,
R8-000109,water_l_to_m3,water,gate-r8-transform-20260710114238274958:000109,urn:sds:reg:esrs:e3_4_01,109000,L,109,m³,109,m³,109000,L,true,success,
R8-000110,energy_kwh_to_mwh,energy,gate-r8-transform-20260710114238274958:000110,urn:sds:reg:esrs:e1_5_12,110000,kWh,110,MWh,110,MWh,110000,kWh,true,success,
R8-000111,emissions_kgco2e_to_tco2e,emissions,gate-r8-transform-20260710114238274958:000111,urn:sds:reg:gri:gri_305_3_a,111000,kg CO2e,111,t CO2e,111,t CO2e,111000,kg CO2e,true,success,
R8-000112,water_l_to_m3,water,gate-r8-transform-20260710114238274958:000112,urn:sds:reg:esrs:e3_4_01,112000,L,112,m³,112,m³,112000,L,true,success,
R8-000113,energy_kwh_to_mwh,energy,gate-r8-transform-20260710114238274958:000113,urn:sds:reg:esrs:e1_5_12,113000,kWh,113,MWh,113,MWh,113000,kWh,true,success,
R8-000114,emissions_kgco2e_to_tco2e,emissions,gate-r8-transform-20260710114238274958:000114,urn:sds:reg:gri:gri_305_3_a,114000,kg CO2e,114,t CO2e,114,t CO2e,114000,kg CO2e,true,success,
R8-000115,water_l_to_m3,water,gate-r8-transform-20260710114238274958:000115,urn:sds:reg:esrs:e3_4_01,115000,L,115,m³,115,m³,115000,L,true,success,
R8-000116,energy_kwh_to_mwh,energy,gate-r8-transform-20260710114238274958:000116,urn:sds:reg:esrs:e1_5_12,116000,kWh,116,MWh,116,MWh,116000,kWh,true,success,
R8-000117,emissions_kgco2e_to_tco2e,emissions,gate-r8-transform-20260710114238274958:000117,urn:sds:reg:gri:gri_305_3_a,117000,kg CO2e,117,t CO2e,117,t CO2e,117000,kg CO2e,true,success,
R8-000118,water_l_to_m3,water,gate-r8-transform-20260710114238274958:000118,urn:sds:reg:esrs:e3_4_01,118000,L,118,m³,118,m³,118000,L,true,success,
R8-000119,energy_kwh_to_mwh,energy,gate-r8-transform-20260710114238274958:000119,urn:sds:reg:esrs:e1_5_12,119000,kWh,119,MWh,119,MWh,119000,kWh,true,success,
R8-000120,emissions_kgco2e_to_tco2e,emissions,gate-r8-transform-20260710114238274958:000120,urn:sds:reg:gri:gri_305_3_a,120000,kg CO2e,120,t CO2e,120,t CO2e,120000,kg CO2e,true,success,
R8-000121,water_l_to_m3,water,gate-r8-transform-20260710114238274958:000121,urn:sds:reg:esrs:e3_4_01,121000,L,121,m³,121,m³,121000,L,true,success,
R8-000122,energy_kwh_to_mwh,energy,gate-r8-transform-20260710114238274958:000122,urn:sds:reg:esrs:e1_5_12,122000,kWh,122,MWh,122,MWh,122000,kWh,true,success,
R8-000123,emissions_kgco2e_to_tco2e,emissions,gate-r8-transform-20260710114238274958:000123,urn:sds:reg:gri:gri_305_3_a,123000,kg CO2e,123,t CO2e,123,t CO2e,123000,kg CO2e,true,success,
R8-000124,water_l_to_m3,water,gate-r8-transform-20260710114238274958:000124,urn:sds:reg:esrs:e3_4_01,124000,L,124,m³,124,m³,124000,L,true,success,
R8-000125,energy_kwh_to_mwh,energy,gate-r8-transform-20260710114238274958:000125,urn:sds:reg:esrs:e1_5_12,125000,kWh,125,MWh,125,MWh,125000,kWh,true,success,
R8-000126,emissions_kgco2e_to_tco2e,emissions,gate-r8-transform-20260710114238274958:000126,urn:sds:reg:gri:gri_305_3_a,126000,kg CO2e,126,t CO2e,126,t CO2e,126000,kg CO2e,true,success,
R8-000127,water_l_to_m3,water,gate-r8-transform-20260710114238274958:000127,urn:sds:reg:esrs:e3_4_01,127000,L,127,m³,127,m³,127000,L,true,success,
R8-000128,energy_kwh_to_mwh,energy,gate-r8-transform-20260710114238274958:000128,urn:sds:reg:esrs:e1_5_12,128000,kWh,128,MWh,128,MWh,128000,kWh,true,success,
R8-000129,emissions_kgco2e_to_tco2e,emissions,gate-r8-transform-20260710114238274958:000129,urn:sds:reg:gri:gri_305_3_a,129000,kg CO2e,129,t CO2e,129,t CO2e,129000,kg CO2e,true,success,
R8-000130,water_l_to_m3,water,gate-r8-transform-20260710114238274958:000130,urn:sds:reg:esrs:e3_4_01,130000,L,130,m³,130,m³,130000,L,true,success,
R8-000131,energy_kwh_to_mwh,energy,gate-r8-transform-20260710114238274958:000131,urn:sds:reg:esrs:e1_5_12,131000,kWh,131,MWh,131,MWh,131000,kWh,true,success,
R8-000132,emissions_kgco2e_to_tco2e,emissions,gate-r8-transform-20260710114238274958:000132,urn:sds:reg:gri:gri_305_3_a,132000,kg CO2e,132,t CO2e,132,t CO2e,132000,kg CO2e,true,success,
R8-000133,water_l_to_m3,water,gate-r8-transform-20260710114238274958:000133,urn:sds:reg:esrs:e3_4_01,133000,L,133,m³,133,m³,133000,L,true,success,
R8-000134,energy_kwh_to_mwh,energy,gate-r8-transform-20260710114238274958:000134,urn:sds:reg:esrs:e1_5_12,134000,kWh,134,MWh,134,MWh,134000,kWh,true,success,
R8-000135,emissions_kgco2e_to_tco2e,emissions,gate-r8-transform-20260710114238274958:000135,urn:sds:reg:gri:gri_305_3_a,135000,kg CO2e,135,t CO2e,135,t CO2e,135000,kg CO2e,true,success,
R8-000136,water_l_to_m3,water,gate-r8-transform-20260710114238274958:000136,urn:sds:reg:esrs:e3_4_01,136000,L,136,m³,136,m³,136000,L,true,success,
R8-000137,energy_kwh_to_mwh,energy,gate-r8-transform-20260710114238274958:000137,urn:sds:reg:esrs:e1_5_12,137000,kWh,137,MWh,137,MWh,137000,kWh,true,success,
R8-000138,emissions_kgco2e_to_tco2e,emissions,gate-r8-transform-20260710114238274958:000138,urn:sds:reg:gri:gri_305_3_a,138000,kg CO2e,138,t CO2e,138,t CO2e,138000,kg CO2e,true,success,
R8-000139,water_l_to_m3,water,gate-r8-transform-20260710114238274958:000139,urn:sds:reg:esrs:e3_4_01,139000,L,139,m³,139,m³,139000,L,true,success,
R8-000140,energy_kwh_to_mwh,energy,gate-r8-transform-20260710114238274958:000140,urn:sds:reg:esrs:e1_5_12,140000,kWh,140,MWh,140,MWh,140000,kWh,true,success,
R8-000141,emissions_kgco2e_to_tco2e,emissions,gate-r8-transform-20260710114238274958:000141,urn:sds:reg:gri:gri_305_3_a,141000,kg CO2e,141,t CO2e,141,t CO2e,141000,kg CO2e,true,success,
R8-000142,water_l_to_m3,water,gate-r8-transform-20260710114238274958:000142,urn:sds:reg:esrs:e3_4_01,142000,L,142,m³,142,m³,142000,L,true,success,
R8-000143,energy_kwh_to_mwh,energy,gate-r8-transform-20260710114238274958:000143,urn:sds:reg:esrs:e1_5_12,143000,kWh,143,MWh,143,MWh,143000,kWh,true,success,
R8-000144,emissions_kgco2e_to_tco2e,emissions,gate-r8-transform-20260710114238274958:000144,urn:sds:reg:gri:gri_305_3_a,144000,kg CO2e,144,t CO2e,144,t CO2e,144000,kg CO2e,true,success,
R8-000145,water_l_to_m3,water,gate-r8-transform-20260710114238274958:000145,urn:sds:reg:esrs:e3_4_01,145000,L,145,m³,145,m³,145000,L,true,success,
R8-000146,energy_kwh_to_mwh,energy,gate-r8-transform-20260710114238274958:000146,urn:sds:reg:esrs:e1_5_12,146000,kWh,146,MWh,146,MWh,146000,kWh,true,success,
R8-000147,emissions_kgco2e_to_tco2e,emissions,gate-r8-transform-20260710114238274958:000147,urn:sds:reg:gri:gri_305_3_a,147000,kg CO2e,147,t CO2e,147,t CO2e,147000,kg CO2e,true,success,
R8-000148,water_l_to_m3,water,gate-r8-transform-20260710114238274958:000148,urn:sds:reg:esrs:e3_4_01,148000,L,148,m³,148,m³,148000,L,true,success,
R8-000149,energy_kwh_to_mwh,energy,gate-r8-transform-20260710114238274958:000149,urn:sds:reg:esrs:e1_5_12,149000,kWh,149,MWh,149,MWh,149000,kWh,true,success,
R8-000150,emissions_kgco2e_to_tco2e,emissions,gate-r8-transform-20260710114238274958:000150,urn:sds:reg:gri:gri_305_3_a,150000,kg CO2e,150,t CO2e,150,t CO2e,150000,kg CO2e,true,success,
R8-000151,water_l_to_m3,water,gate-r8-transform-20260710114238274958:000151,urn:sds:reg:esrs:e3_4_01,151000,L,151,m³,151,m³,151000,L,true,success,
R8-000152,energy_kwh_to_mwh,energy,gate-r8-transform-20260710114238274958:000152,urn:sds:reg:esrs:e1_5_12,152000,kWh,152,MWh,152,MWh,152000,kWh,true,success,
R8-000153,emissions_kgco2e_to_tco2e,emissions,gate-r8-transform-20260710114238274958:000153,urn:sds:reg:gri:gri_305_3_a,153000,kg CO2e,153,t CO2e,153,t CO2e,153000,kg CO2e,true,success,
R8-000154,water_l_to_m3,water,gate-r8-transform-20260710114238274958:000154,urn:sds:reg:esrs:e3_4_01,154000,L,154,m³,154,m³,154000,L,true,success,
R8-000155,energy_kwh_to_mwh,energy,gate-r8-transform-20260710114238274958:000155,urn:sds:reg:esrs:e1_5_12,155000,kWh,155,MWh,155,MWh,155000,kWh,true,success,
R8-000156,emissions_kgco2e_to_tco2e,emissions,gate-r8-transform-20260710114238274958:000156,urn:sds:reg:gri:gri_305_3_a,156000,kg CO2e,156,t CO2e,156,t CO2e,156000,kg CO2e,true,success,
R8-000157,water_l_to_m3,water,gate-r8-transform-20260710114238274958:000157,urn:sds:reg:esrs:e3_4_01,157000,L,157,m³,157,m³,157000,L,true,success,
R8-000158,energy_kwh_to_mwh,energy,gate-r8-transform-20260710114238274958:000158,urn:sds:reg:esrs:e1_5_12,158000,kWh,158,MWh,158,MWh,158000,kWh,true,success,
R8-000159,emissions_kgco2e_to_tco2e,emissions,gate-r8-transform-20260710114238274958:000159,urn:sds:reg:gri:gri_305_3_a,159000,kg CO2e,159,t CO2e,159,t CO2e,159000,kg CO2e,true,success,
R8-000160,water_l_to_m3,water,gate-r8-transform-20260710114238274958:000160,urn:sds:reg:esrs:e3_4_01,160000,L,160,m³,160,m³,160000,L,true,success,
R8-000161,energy_kwh_to_mwh,energy,gate-r8-transform-20260710114238274958:000161,urn:sds:reg:esrs:e1_5_12,161000,kWh,161,MWh,161,MWh,161000,kWh,true,success,
R8-000162,emissions_kgco2e_to_tco2e,emissions,gate-r8-transform-20260710114238274958:000162,urn:sds:reg:gri:gri_305_3_a,162000,kg CO2e,162,t CO2e,162,t CO2e,162000,kg CO2e,true,success,
R8-000163,water_l_to_m3,water,gate-r8-transform-20260710114238274958:000163,urn:sds:reg:esrs:e3_4_01,163000,L,163,m³,163,m³,163000,L,true,success,
R8-000164,energy_kwh_to_mwh,energy,gate-r8-transform-20260710114238274958:000164,urn:sds:reg:esrs:e1_5_12,164000,kWh,164,MWh,164,MWh,164000,kWh,true,success,
R8-000165,emissions_kgco2e_to_tco2e,emissions,gate-r8-transform-20260710114238274958:000165,urn:sds:reg:gri:gri_305_3_a,165000,kg CO2e,165,t CO2e,165,t CO2e,165000,kg CO2e,true,success,
R8-000166,water_l_to_m3,water,gate-r8-transform-20260710114238274958:000166,urn:sds:reg:esrs:e3_4_01,166000,L,166,m³,166,m³,166000,L,true,success,
R8-000167,energy_kwh_to_mwh,energy,gate-r8-transform-20260710114238274958:000167,urn:sds:reg:esrs:e1_5_12,167000,kWh,167,MWh,167,MWh,167000,kWh,true,success,
R8-000168,emissions_kgco2e_to_tco2e,emissions,gate-r8-transform-20260710114238274958:000168,urn:sds:reg:gri:gri_305_3_a,168000,kg CO2e,168,t CO2e,168,t CO2e,168000,kg CO2e,true,success,
R8-000169,water_l_to_m3,water,gate-r8-transform-20260710114238274958:000169,urn:sds:reg:esrs:e3_4_01,169000,L,169,m³,169,m³,169000,L,true,success,
R8-000170,energy_kwh_to_mwh,energy,gate-r8-transform-20260710114238274958:000170,urn:sds:reg:esrs:e1_5_12,170000,kWh,170,MWh,170,MWh,170000,kWh,true,success,
R8-000171,emissions_kgco2e_to_tco2e,emissions,gate-r8-transform-20260710114238274958:000171,urn:sds:reg:gri:gri_305_3_a,171000,kg CO2e,171,t CO2e,171,t CO2e,171000,kg CO2e,true,success,
R8-000172,water_l_to_m3,water,gate-r8-transform-20260710114238274958:000172,urn:sds:reg:esrs:e3_4_01,172000,L,172,m³,172,m³,172000,L,true,success,
R8-000173,energy_kwh_to_mwh,energy,gate-r8-transform-20260710114238274958:000173,urn:sds:reg:esrs:e1_5_12,173000,kWh,173,MWh,173,MWh,173000,kWh,true,success,
R8-000174,emissions_kgco2e_to_tco2e,emissions,gate-r8-transform-20260710114238274958:000174,urn:sds:reg:gri:gri_305_3_a,174000,kg CO2e,174,t CO2e,174,t CO2e,174000,kg CO2e,true,success,
R8-000175,water_l_to_m3,water,gate-r8-transform-20260710114238274958:000175,urn:sds:reg:esrs:e3_4_01,175000,L,175,m³,175,m³,175000,L,true,success,
R8-000176,energy_kwh_to_mwh,energy,gate-r8-transform-20260710114238274958:000176,urn:sds:reg:esrs:e1_5_12,176000,kWh,176,MWh,176,MWh,176000,kWh,true,success,
R8-000177,emissions_kgco2e_to_tco2e,emissions,gate-r8-transform-20260710114238274958:000177,urn:sds:reg:gri:gri_305_3_a,177000,kg CO2e,177,t CO2e,177,t CO2e,177000,kg CO2e,true,success,
R8-000178,water_l_to_m3,water,gate-r8-transform-20260710114238274958:000178,urn:sds:reg:esrs:e3_4_01,178000,L,178,m³,178,m³,178000,L,true,success,
R8-000179,energy_kwh_to_mwh,energy,gate-r8-transform-20260710114238274958:000179,urn:sds:reg:esrs:e1_5_12,179000,kWh,179,MWh,179,MWh,179000,kWh,true,success,
R8-000180,emissions_kgco2e_to_tco2e,emissions,gate-r8-transform-20260710114238274958:000180,urn:sds:reg:gri:gri_305_3_a,180000,kg CO2e,180,t CO2e,180,t CO2e,180000,kg CO2e,true,success,
R8-000181,water_l_to_m3,water,gate-r8-transform-20260710114238274958:000181,urn:sds:reg:esrs:e3_4_01,181000,L,181,m³,181,m³,181000,L,true,success,
R8-000182,energy_kwh_to_mwh,energy,gate-r8-transform-20260710114238274958:000182,urn:sds:reg:esrs:e1_5_12,182000,kWh,182,MWh,182,MWh,182000,kWh,true,success,
R8-000183,emissions_kgco2e_to_tco2e,emissions,gate-r8-transform-20260710114238274958:000183,urn:sds:reg:gri:gri_305_3_a,183000,kg CO2e,183,t CO2e,183,t CO2e,183000,kg CO2e,true,success,
R8-000184,water_l_to_m3,water,gate-r8-transform-20260710114238274958:000184,urn:sds:reg:esrs:e3_4_01,184000,L,184,m³,184,m³,184000,L,true,success,
R8-000185,energy_kwh_to_mwh,energy,gate-r8-transform-20260710114238274958:000185,urn:sds:reg:esrs:e1_5_12,185000,kWh,185,MWh,185,MWh,185000,kWh,true,success,
R8-000186,emissions_kgco2e_to_tco2e,emissions,gate-r8-transform-20260710114238274958:000186,urn:sds:reg:gri:gri_305_3_a,186000,kg CO2e,186,t CO2e,186,t CO2e,186000,kg CO2e,true,success,
R8-000187,water_l_to_m3,water,gate-r8-transform-20260710114238274958:000187,urn:sds:reg:esrs:e3_4_01,187000,L,187,m³,187,m³,187000,L,true,success,
R8-000188,energy_kwh_to_mwh,energy,gate-r8-transform-20260710114238274958:000188,urn:sds:reg:esrs:e1_5_12,188000,kWh,188,MWh,188,MWh,188000,kWh,true,success,
R8-000189,emissions_kgco2e_to_tco2e,emissions,gate-r8-transform-20260710114238274958:000189,urn:sds:reg:gri:gri_305_3_a,189000,kg CO2e,189,t CO2e,189,t CO2e,189000,kg CO2e,true,success,
R8-000190,water_l_to_m3,water,gate-r8-transform-20260710114238274958:000190,urn:sds:reg:esrs:e3_4_01,190000,L,190,m³,190,m³,190000,L,true,success,
R8-000191,energy_kwh_to_mwh,energy,gate-r8-transform-20260710114238274958:000191,urn:sds:reg:esrs:e1_5_12,191000,kWh,191,MWh,191,MWh,191000,kWh,true,success,
R8-000192,emissions_kgco2e_to_tco2e,emissions,gate-r8-transform-20260710114238274958:000192,urn:sds:reg:gri:gri_305_3_a,192000,kg CO2e,192,t CO2e,192,t CO2e,192000,kg CO2e,true,success,
R8-000193,water_l_to_m3,water,gate-r8-transform-20260710114238274958:000193,urn:sds:reg:esrs:e3_4_01,193000,L,193,m³,193,m³,193000,L,true,success,
R8-000194,energy_kwh_to_mwh,energy,gate-r8-transform-20260710114238274958:000194,urn:sds:reg:esrs:e1_5_12,194000,kWh,194,MWh,194,MWh,194000,kWh,true,success,
R8-000195,emissions_kgco2e_to_tco2e,emissions,gate-r8-transform-20260710114238274958:000195,urn:sds:reg:gri:gri_305_3_a,195000,kg CO2e,195,t CO2e,195,t CO2e,195000,kg CO2e,true,success,
R8-000196,water_l_to_m3,water,gate-r8-transform-20260710114238274958:000196,urn:sds:reg:esrs:e3_4_01,196000,L,196,m³,196,m³,196000,L,true,success,
R8-000197,energy_kwh_to_mwh,energy,gate-r8-transform-20260710114238274958:000197,urn:sds:reg:esrs:e1_5_12,197000,kWh,197,MWh,197,MWh,197000,kWh,true,success,
R8-000198,emissions_kgco2e_to_tco2e,emissions,gate-r8-transform-20260710114238274958:000198,urn:sds:reg:gri:gri_305_3_a,198000,kg CO2e,198,t CO2e,198,t CO2e,198000,kg CO2e,true,success,
R8-000199,water_l_to_m3,water,gate-r8-transform-20260710114238274958:000199,urn:sds:reg:esrs:e3_4_01,199000,L,199,m³,199,m³,199000,L,true,success,
R8-000200,energy_kwh_to_mwh,energy,gate-r8-transform-20260710114238274958:000200,urn:sds:reg:esrs:e1_5_12,200000,kWh,200,MWh,200,MWh,200000,kWh,true,success,
R8-000201,emissions_kgco2e_to_tco2e,emissions,gate-r8-transform-20260710114238274958:000201,urn:sds:reg:gri:gri_305_3_a,201000,kg CO2e,201,t CO2e,201,t CO2e,201000,kg CO2e,true,success,
R8-000202,water_l_to_m3,water,gate-r8-transform-20260710114238274958:000202,urn:sds:reg:esrs:e3_4_01,202000,L,202,m³,202,m³,202000,L,true,success,
R8-000203,energy_kwh_to_mwh,energy,gate-r8-transform-20260710114238274958:000203,urn:sds:reg:esrs:e1_5_12,203000,kWh,203,MWh,203,MWh,203000,kWh,true,success,
R8-000204,emissions_kgco2e_to_tco2e,emissions,gate-r8-transform-20260710114238274958:000204,urn:sds:reg:gri:gri_305_3_a,204000,kg CO2e,204,t CO2e,204,t CO2e,204000,kg CO2e,true,success,
R8-000205,water_l_to_m3,water,gate-r8-transform-20260710114238274958:000205,urn:sds:reg:esrs:e3_4_01,205000,L,205,m³,205,m³,205000,L,true,success,
R8-000206,energy_kwh_to_mwh,energy,gate-r8-transform-20260710114238274958:000206,urn:sds:reg:esrs:e1_5_12,206000,kWh,206,MWh,206,MWh,206000,kWh,true,success,
R8-000207,emissions_kgco2e_to_tco2e,emissions,gate-r8-transform-20260710114238274958:000207,urn:sds:reg:gri:gri_305_3_a,207000,kg CO2e,207,t CO2e,207,t CO2e,207000,kg CO2e,true,success,
R8-000208,water_l_to_m3,water,gate-r8-transform-20260710114238274958:000208,urn:sds:reg:esrs:e3_4_01,208000,L,208,m³,208,m³,208000,L,true,success,
R8-000209,energy_kwh_to_mwh,energy,gate-r8-transform-20260710114238274958:000209,urn:sds:reg:esrs:e1_5_12,209000,kWh,209,MWh,209,MWh,209000,kWh,true,success,
R8-000210,emissions_kgco2e_to_tco2e,emissions,gate-r8-transform-20260710114238274958:000210,urn:sds:reg:gri:gri_305_3_a,210000,kg CO2e,210,t CO2e,210,t CO2e,210000,kg CO2e,true,success,
R8-000211,water_l_to_m3,water,gate-r8-transform-20260710114238274958:000211,urn:sds:reg:esrs:e3_4_01,211000,L,211,m³,211,m³,211000,L,true,success,
R8-000212,energy_kwh_to_mwh,energy,gate-r8-transform-20260710114238274958:000212,urn:sds:reg:esrs:e1_5_12,212000,kWh,212,MWh,212,MWh,212000,kWh,true,success,
R8-000213,emissions_kgco2e_to_tco2e,emissions,gate-r8-transform-20260710114238274958:000213,urn:sds:reg:gri:gri_305_3_a,213000,kg CO2e,213,t CO2e,213,t CO2e,213000,kg CO2e,true,success,
R8-000214,water_l_to_m3,water,gate-r8-transform-20260710114238274958:000214,urn:sds:reg:esrs:e3_4_01,214000,L,214,m³,214,m³,214000,L,true,success,
R8-000215,energy_kwh_to_mwh,energy,gate-r8-transform-20260710114238274958:000215,urn:sds:reg:esrs:e1_5_12,215000,kWh,215,MWh,215,MWh,215000,kWh,true,success,
R8-000216,emissions_kgco2e_to_tco2e,emissions,gate-r8-transform-20260710114238274958:000216,urn:sds:reg:gri:gri_305_3_a,216000,kg CO2e,216,t CO2e,216,t CO2e,216000,kg CO2e,true,success,
R8-000217,water_l_to_m3,water,gate-r8-transform-20260710114238274958:000217,urn:sds:reg:esrs:e3_4_01,217000,L,217,m³,217,m³,217000,L,true,success,
R8-000218,energy_kwh_to_mwh,energy,gate-r8-transform-20260710114238274958:000218,urn:sds:reg:esrs:e1_5_12,218000,kWh,218,MWh,218,MWh,218000,kWh,true,success,
R8-000219,emissions_kgco2e_to_tco2e,emissions,gate-r8-transform-20260710114238274958:000219,urn:sds:reg:gri:gri_305_3_a,219000,kg CO2e,219,t CO2e,219,t CO2e,219000,kg CO2e,true,success,
R8-000220,water_l_to_m3,water,gate-r8-transform-20260710114238274958:000220,urn:sds:reg:esrs:e3_4_01,220000,L,220,m³,220,m³,220000,L,true,success,
R8-000221,energy_kwh_to_mwh,energy,gate-r8-transform-20260710114238274958:000221,urn:sds:reg:esrs:e1_5_12,221000,kWh,221,MWh,221,MWh,221000,kWh,true,success,
R8-000222,emissions_kgco2e_to_tco2e,emissions,gate-r8-transform-20260710114238274958:000222,urn:sds:reg:gri:gri_305_3_a,222000,kg CO2e,222,t CO2e,222,t CO2e,222000,kg CO2e,true,success,
R8-000223,water_l_to_m3,water,gate-r8-transform-20260710114238274958:000223,urn:sds:reg:esrs:e3_4_01,223000,L,223,m³,223,m³,223000,L,true,success,
R8-000224,energy_kwh_to_mwh,energy,gate-r8-transform-20260710114238274958:000224,urn:sds:reg:esrs:e1_5_12,224000,kWh,224,MWh,224,MWh,224000,kWh,true,success,
R8-000225,emissions_kgco2e_to_tco2e,emissions,gate-r8-transform-20260710114238274958:000225,urn:sds:reg:gri:gri_305_3_a,225000,kg CO2e,225,t CO2e,225,t CO2e,225000,kg CO2e,true,success,
R8-000226,water_l_to_m3,water,gate-r8-transform-20260710114238274958:000226,urn:sds:reg:esrs:e3_4_01,226000,L,226,m³,226,m³,226000,L,true,success,
R8-000227,energy_kwh_to_mwh,energy,gate-r8-transform-20260710114238274958:000227,urn:sds:reg:esrs:e1_5_12,227000,kWh,227,MWh,227,MWh,227000,kWh,true,success,
R8-000228,emissions_kgco2e_to_tco2e,emissions,gate-r8-transform-20260710114238274958:000228,urn:sds:reg:gri:gri_305_3_a,228000,kg CO2e,228,t CO2e,228,t CO2e,228000,kg CO2e,true,success,
R8-000229,water_l_to_m3,water,gate-r8-transform-20260710114238274958:000229,urn:sds:reg:esrs:e3_4_01,229000,L,229,m³,229,m³,229000,L,true,success,
R8-000230,energy_kwh_to_mwh,energy,gate-r8-transform-20260710114238274958:000230,urn:sds:reg:esrs:e1_5_12,230000,kWh,230,MWh,230,MWh,230000,kWh,true,success,
R8-000231,emissions_kgco2e_to_tco2e,emissions,gate-r8-transform-20260710114238274958:000231,urn:sds:reg:gri:gri_305_3_a,231000,kg CO2e,231,t CO2e,231,t CO2e,231000,kg CO2e,true,success,
R8-000232,water_l_to_m3,water,gate-r8-transform-20260710114238274958:000232,urn:sds:reg:esrs:e3_4_01,232000,L,232,m³,232,m³,232000,L,true,success,
R8-000233,energy_kwh_to_mwh,energy,gate-r8-transform-20260710114238274958:000233,urn:sds:reg:esrs:e1_5_12,233000,kWh,233,MWh,233,MWh,233000,kWh,true,success,
R8-000234,emissions_kgco2e_to_tco2e,emissions,gate-r8-transform-20260710114238274958:000234,urn:sds:reg:gri:gri_305_3_a,234000,kg CO2e,234,t CO2e,234,t CO2e,234000,kg CO2e,true,success,
R8-000235,water_l_to_m3,water,gate-r8-transform-20260710114238274958:000235,urn:sds:reg:esrs:e3_4_01,235000,L,235,m³,235,m³,235000,L,true,success,
R8-000236,energy_kwh_to_mwh,energy,gate-r8-transform-20260710114238274958:000236,urn:sds:reg:esrs:e1_5_12,236000,kWh,236,MWh,236,MWh,236000,kWh,true,success,
R8-000237,emissions_kgco2e_to_tco2e,emissions,gate-r8-transform-20260710114238274958:000237,urn:sds:reg:gri:gri_305_3_a,237000,kg CO2e,237,t CO2e,237,t CO2e,237000,kg CO2e,true,success,
R8-000238,water_l_to_m3,water,gate-r8-transform-20260710114238274958:000238,urn:sds:reg:esrs:e3_4_01,238000,L,238,m³,238,m³,238000,L,true,success,
R8-000239,energy_kwh_to_mwh,energy,gate-r8-transform-20260710114238274958:000239,urn:sds:reg:esrs:e1_5_12,239000,kWh,239,MWh,239,MWh,239000,kWh,true,success,
R8-000240,emissions_kgco2e_to_tco2e,emissions,gate-r8-transform-20260710114238274958:000240,urn:sds:reg:gri:gri_305_3_a,240000,kg CO2e,240,t CO2e,240,t CO2e,240000,kg CO2e,true,success,
R8-000241,water_l_to_m3,water,gate-r8-transform-20260710114238274958:000241,urn:sds:reg:esrs:e3_4_01,241000,L,241,m³,241,m³,241000,L,true,success,
R8-000242,energy_kwh_to_mwh,energy,gate-r8-transform-20260710114238274958:000242,urn:sds:reg:esrs:e1_5_12,242000,kWh,242,MWh,242,MWh,242000,kWh,true,success,
R8-000243,emissions_kgco2e_to_tco2e,emissions,gate-r8-transform-20260710114238274958:000243,urn:sds:reg:gri:gri_305_3_a,243000,kg CO2e,243,t CO2e,243,t CO2e,243000,kg CO2e,true,success,
R8-000244,water_l_to_m3,water,gate-r8-transform-20260710114238274958:000244,urn:sds:reg:esrs:e3_4_01,244000,L,244,m³,244,m³,244000,L,true,success,
R8-000245,energy_kwh_to_mwh,energy,gate-r8-transform-20260710114238274958:000245,urn:sds:reg:esrs:e1_5_12,245000,kWh,245,MWh,245,MWh,245000,kWh,true,success,
R8-000246,emissions_kgco2e_to_tco2e,emissions,gate-r8-transform-20260710114238274958:000246,urn:sds:reg:gri:gri_305_3_a,246000,kg CO2e,246,t CO2e,246,t CO2e,246000,kg CO2e,true,success,
R8-000247,water_l_to_m3,water,gate-r8-transform-20260710114238274958:000247,urn:sds:reg:esrs:e3_4_01,247000,L,247,m³,247,m³,247000,L,true,success,
R8-000248,energy_kwh_to_mwh,energy,gate-r8-transform-20260710114238274958:000248,urn:sds:reg:esrs:e1_5_12,248000,kWh,248,MWh,248,MWh,248000,kWh,true,success,
R8-000249,emissions_kgco2e_to_tco2e,emissions,gate-r8-transform-20260710114238274958:000249,urn:sds:reg:gri:gri_305_3_a,249000,kg CO2e,249,t CO2e,249,t CO2e,249000,kg CO2e,true,success,
R8-000250,water_l_to_m3,water,gate-r8-transform-20260710114238274958:000250,urn:sds:reg:esrs:e3_4_01,250000,L,250,m³,250,m³,250000,L,true,success,
R8-000251,energy_kwh_to_mwh,energy,gate-r8-transform-20260710114238274958:000251,urn:sds:reg:esrs:e1_5_12,251000,kWh,251,MWh,251,MWh,251000,kWh,true,success,
R8-000252,emissions_kgco2e_to_tco2e,emissions,gate-r8-transform-20260710114238274958:000252,urn:sds:reg:gri:gri_305_3_a,252000,kg CO2e,252,t CO2e,252,t CO2e,252000,kg CO2e,true,success,
R8-000253,water_l_to_m3,water,gate-r8-transform-20260710114238274958:000253,urn:sds:reg:esrs:e3_4_01,253000,L,253,m³,253,m³,253000,L,true,success,
R8-000254,energy_kwh_to_mwh,energy,gate-r8-transform-20260710114238274958:000254,urn:sds:reg:esrs:e1_5_12,254000,kWh,254,MWh,254,MWh,254000,kWh,true,success,
R8-000255,emissions_kgco2e_to_tco2e,emissions,gate-r8-transform-20260710114238274958:000255,urn:sds:reg:gri:gri_305_3_a,255000,kg CO2e,255,t CO2e,255,t CO2e,255000,kg CO2e,true,success,
R8-000256,water_l_to_m3,water,gate-r8-transform-20260710114238274958:000256,urn:sds:reg:esrs:e3_4_01,256000,L,256,m³,256,m³,256000,L,true,success,
R8-000257,energy_kwh_to_mwh,energy,gate-r8-transform-20260710114238274958:000257,urn:sds:reg:esrs:e1_5_12,257000,kWh,257,MWh,257,MWh,257000,kWh,true,success,
R8-000258,emissions_kgco2e_to_tco2e,emissions,gate-r8-transform-20260710114238274958:000258,urn:sds:reg:gri:gri_305_3_a,258000,kg CO2e,258,t CO2e,258,t CO2e,258000,kg CO2e,true,success,
R8-000259,water_l_to_m3,water,gate-r8-transform-20260710114238274958:000259,urn:sds:reg:esrs:e3_4_01,259000,L,259,m³,259,m³,259000,L,true,success,
R8-000260,energy_kwh_to_mwh,energy,gate-r8-transform-20260710114238274958:000260,urn:sds:reg:esrs:e1_5_12,260000,kWh,260,MWh,260,MWh,260000,kWh,true,success,
R8-000261,emissions_kgco2e_to_tco2e,emissions,gate-r8-transform-20260710114238274958:000261,urn:sds:reg:gri:gri_305_3_a,261000,kg CO2e,261,t CO2e,261,t CO2e,261000,kg CO2e,true,success,
R8-000262,water_l_to_m3,water,gate-r8-transform-20260710114238274958:000262,urn:sds:reg:esrs:e3_4_01,262000,L,262,m³,262,m³,262000,L,true,success,
R8-000263,energy_kwh_to_mwh,energy,gate-r8-transform-20260710114238274958:000263,urn:sds:reg:esrs:e1_5_12,263000,kWh,263,MWh,263,MWh,263000,kWh,true,success,
R8-000264,emissions_kgco2e_to_tco2e,emissions,gate-r8-transform-20260710114238274958:000264,urn:sds:reg:gri:gri_305_3_a,264000,kg CO2e,264,t CO2e,264,t CO2e,264000,kg CO2e,true,success,
R8-000265,water_l_to_m3,water,gate-r8-transform-20260710114238274958:000265,urn:sds:reg:esrs:e3_4_01,265000,L,265,m³,265,m³,265000,L,true,success,
R8-000266,energy_kwh_to_mwh,energy,gate-r8-transform-20260710114238274958:000266,urn:sds:reg:esrs:e1_5_12,266000,kWh,266,MWh,266,MWh,266000,kWh,true,success,
R8-000267,emissions_kgco2e_to_tco2e,emissions,gate-r8-transform-20260710114238274958:000267,urn:sds:reg:gri:gri_305_3_a,267000,kg CO2e,267,t CO2e,267,t CO2e,267000,kg CO2e,true,success,
R8-000268,water_l_to_m3,water,gate-r8-transform-20260710114238274958:000268,urn:sds:reg:esrs:e3_4_01,268000,L,268,m³,268,m³,268000,L,true,success,
R8-000269,energy_kwh_to_mwh,energy,gate-r8-transform-20260710114238274958:000269,urn:sds:reg:esrs:e1_5_12,269000,kWh,269,MWh,269,MWh,269000,kWh,true,success,
R8-000270,emissions_kgco2e_to_tco2e,emissions,gate-r8-transform-20260710114238274958:000270,urn:sds:reg:gri:gri_305_3_a,270000,kg CO2e,270,t CO2e,270,t CO2e,270000,kg CO2e,true,success,
R8-000271,water_l_to_m3,water,gate-r8-transform-20260710114238274958:000271,urn:sds:reg:esrs:e3_4_01,271000,L,271,m³,271,m³,271000,L,true,success,
R8-000272,energy_kwh_to_mwh,energy,gate-r8-transform-20260710114238274958:000272,urn:sds:reg:esrs:e1_5_12,272000,kWh,272,MWh,272,MWh,272000,kWh,true,success,
R8-000273,emissions_kgco2e_to_tco2e,emissions,gate-r8-transform-20260710114238274958:000273,urn:sds:reg:gri:gri_305_3_a,273000,kg CO2e,273,t CO2e,273,t CO2e,273000,kg CO2e,true,success,
R8-000274,water_l_to_m3,water,gate-r8-transform-20260710114238274958:000274,urn:sds:reg:esrs:e3_4_01,274000,L,274,m³,274,m³,274000,L,true,success,
R8-000275,energy_kwh_to_mwh,energy,gate-r8-transform-20260710114238274958:000275,urn:sds:reg:esrs:e1_5_12,275000,kWh,275,MWh,275,MWh,275000,kWh,true,success,
R8-000276,emissions_kgco2e_to_tco2e,emissions,gate-r8-transform-20260710114238274958:000276,urn:sds:reg:gri:gri_305_3_a,276000,kg CO2e,276,t CO2e,276,t CO2e,276000,kg CO2e,true,success,
R8-000277,water_l_to_m3,water,gate-r8-transform-20260710114238274958:000277,urn:sds:reg:esrs:e3_4_01,277000,L,277,m³,277,m³,277000,L,true,success,
R8-000278,energy_kwh_to_mwh,energy,gate-r8-transform-20260710114238274958:000278,urn:sds:reg:esrs:e1_5_12,278000,kWh,278,MWh,278,MWh,278000,kWh,true,success,
R8-000279,emissions_kgco2e_to_tco2e,emissions,gate-r8-transform-20260710114238274958:000279,urn:sds:reg:gri:gri_305_3_a,279000,kg CO2e,279,t CO2e,279,t CO2e,279000,kg CO2e,true,success,
R8-000280,water_l_to_m3,water,gate-r8-transform-20260710114238274958:000280,urn:sds:reg:esrs:e3_4_01,280000,L,280,m³,280,m³,280000,L,true,success,
R8-000281,energy_kwh_to_mwh,energy,gate-r8-transform-20260710114238274958:000281,urn:sds:reg:esrs:e1_5_12,281000,kWh,281,MWh,281,MWh,281000,kWh,true,success,
R8-000282,emissions_kgco2e_to_tco2e,emissions,gate-r8-transform-20260710114238274958:000282,urn:sds:reg:gri:gri_305_3_a,282000,kg CO2e,282,t CO2e,282,t CO2e,282000,kg CO2e,true,success,
R8-000283,water_l_to_m3,water,gate-r8-transform-20260710114238274958:000283,urn:sds:reg:esrs:e3_4_01,283000,L,283,m³,283,m³,283000,L,true,success,
R8-000284,energy_kwh_to_mwh,energy,gate-r8-transform-20260710114238274958:000284,urn:sds:reg:esrs:e1_5_12,284000,kWh,284,MWh,284,MWh,284000,kWh,true,success,
R8-000285,emissions_kgco2e_to_tco2e,emissions,gate-r8-transform-20260710114238274958:000285,urn:sds:reg:gri:gri_305_3_a,285000,kg CO2e,285,t CO2e,285,t CO2e,285000,kg CO2e,true,success,
R8-000286,water_l_to_m3,water,gate-r8-transform-20260710114238274958:000286,urn:sds:reg:esrs:e3_4_01,286000,L,286,m³,286,m³,286000,L,true,success,
R8-000287,energy_kwh_to_mwh,energy,gate-r8-transform-20260710114238274958:000287,urn:sds:reg:esrs:e1_5_12,287000,kWh,287,MWh,287,MWh,287000,kWh,true,success,
R8-000288,emissions_kgco2e_to_tco2e,emissions,gate-r8-transform-20260710114238274958:000288,urn:sds:reg:gri:gri_305_3_a,288000,kg CO2e,288,t CO2e,288,t CO2e,288000,kg CO2e,true,success,
R8-000289,water_l_to_m3,water,gate-r8-transform-20260710114238274958:000289,urn:sds:reg:esrs:e3_4_01,289000,L,289,m³,289,m³,289000,L,true,success,
R8-000290,energy_kwh_to_mwh,energy,gate-r8-transform-20260710114238274958:000290,urn:sds:reg:esrs:e1_5_12,290000,kWh,290,MWh,290,MWh,290000,kWh,true,success,
R8-000291,emissions_kgco2e_to_tco2e,emissions,gate-r8-transform-20260710114238274958:000291,urn:sds:reg:gri:gri_305_3_a,291000,kg CO2e,291,t CO2e,291,t CO2e,291000,kg CO2e,true,success,
R8-000292,water_l_to_m3,water,gate-r8-transform-20260710114238274958:000292,urn:sds:reg:esrs:e3_4_01,292000,L,292,m³,292,m³,292000,L,true,success,
R8-000293,energy_kwh_to_mwh,energy,gate-r8-transform-20260710114238274958:000293,urn:sds:reg:esrs:e1_5_12,293000,kWh,293,MWh,293,MWh,293000,kWh,true,success,
R8-000294,emissions_kgco2e_to_tco2e,emissions,gate-r8-transform-20260710114238274958:000294,urn:sds:reg:gri:gri_305_3_a,294000,kg CO2e,294,t CO2e,294,t CO2e,294000,kg CO2e,true,success,
R8-000295,water_l_to_m3,water,gate-r8-transform-20260710114238274958:000295,urn:sds:reg:esrs:e3_4_01,295000,L,295,m³,295,m³,295000,L,true,success,
R8-000296,energy_kwh_to_mwh,energy,gate-r8-transform-20260710114238274958:000296,urn:sds:reg:esrs:e1_5_12,296000,kWh,296,MWh,296,MWh,296000,kWh,true,success,
R8-000297,emissions_kgco2e_to_tco2e,emissions,gate-r8-transform-20260710114238274958:000297,urn:sds:reg:gri:gri_305_3_a,297000,kg CO2e,297,t CO2e,297,t CO2e,297000,kg CO2e,true,success,
R8-000298,water_l_to_m3,water,gate-r8-transform-20260710114238274958:000298,urn:sds:reg:esrs:e3_4_01,298000,L,298,m³,298,m³,298000,L,true,success,
R8-000299,energy_kwh_to_mwh,energy,gate-r8-transform-20260710114238274958:000299,urn:sds:reg:esrs:e1_5_12,299000,kWh,299,MWh,299,MWh,299000,kWh,true,success,
R8-000300,emissions_kgco2e_to_tco2e,emissions,gate-r8-transform-20260710114238274958:000300,urn:sds:reg:gri:gri_305_3_a,300000,kg CO2e,300,t CO2e,300,t CO2e,300000,kg CO2e,true,success,
R8-000301,water_l_to_m3,water,gate-r8-transform-20260710114238274958:000301,urn:sds:reg:esrs:e3_4_01,301000,L,301,m³,301,m³,301000,L,true,success,
R8-000302,energy_kwh_to_mwh,energy,gate-r8-transform-20260710114238274958:000302,urn:sds:reg:esrs:e1_5_12,302000,kWh,302,MWh,302,MWh,302000,kWh,true,success,
R8-000303,emissions_kgco2e_to_tco2e,emissions,gate-r8-transform-20260710114238274958:000303,urn:sds:reg:gri:gri_305_3_a,303000,kg CO2e,303,t CO2e,303,t CO2e,303000,kg CO2e,true,success,
R8-000304,water_l_to_m3,water,gate-r8-transform-20260710114238274958:000304,urn:sds:reg:esrs:e3_4_01,304000,L,304,m³,304,m³,304000,L,true,success,
R8-000305,energy_kwh_to_mwh,energy,gate-r8-transform-20260710114238274958:000305,urn:sds:reg:esrs:e1_5_12,305000,kWh,305,MWh,305,MWh,305000,kWh,true,success,
R8-000306,emissions_kgco2e_to_tco2e,emissions,gate-r8-transform-20260710114238274958:000306,urn:sds:reg:gri:gri_305_3_a,306000,kg CO2e,306,t CO2e,306,t CO2e,306000,kg CO2e,true,success,
R8-000307,water_l_to_m3,water,gate-r8-transform-20260710114238274958:000307,urn:sds:reg:esrs:e3_4_01,307000,L,307,m³,307,m³,307000,L,true,success,
R8-000308,energy_kwh_to_mwh,energy,gate-r8-transform-20260710114238274958:000308,urn:sds:reg:esrs:e1_5_12,308000,kWh,308,MWh,308,MWh,308000,kWh,true,success,
R8-000309,emissions_kgco2e_to_tco2e,emissions,gate-r8-transform-20260710114238274958:000309,urn:sds:reg:gri:gri_305_3_a,309000,kg CO2e,309,t CO2e,309,t CO2e,309000,kg CO2e,true,success,
R8-000310,water_l_to_m3,water,gate-r8-transform-20260710114238274958:000310,urn:sds:reg:esrs:e3_4_01,310000,L,310,m³,310,m³,310000,L,true,success,
R8-000311,energy_kwh_to_mwh,energy,gate-r8-transform-20260710114238274958:000311,urn:sds:reg:esrs:e1_5_12,311000,kWh,311,MWh,311,MWh,311000,kWh,true,success,
R8-000312,emissions_kgco2e_to_tco2e,emissions,gate-r8-transform-20260710114238274958:000312,urn:sds:reg:gri:gri_305_3_a,312000,kg CO2e,312,t CO2e,312,t CO2e,312000,kg CO2e,true,success,
R8-000313,water_l_to_m3,water,gate-r8-transform-20260710114238274958:000313,urn:sds:reg:esrs:e3_4_01,313000,L,313,m³,313,m³,313000,L,true,success,
R8-000314,energy_kwh_to_mwh,energy,gate-r8-transform-20260710114238274958:000314,urn:sds:reg:esrs:e1_5_12,314000,kWh,314,MWh,314,MWh,314000,kWh,true,success,
R8-000315,emissions_kgco2e_to_tco2e,emissions,gate-r8-transform-20260710114238274958:000315,urn:sds:reg:gri:gri_305_3_a,315000,kg CO2e,315,t CO2e,315,t CO2e,315000,kg CO2e,true,success,
R8-000316,water_l_to_m3,water,gate-r8-transform-20260710114238274958:000316,urn:sds:reg:esrs:e3_4_01,316000,L,316,m³,316,m³,316000,L,true,success,
R8-000317,energy_kwh_to_mwh,energy,gate-r8-transform-20260710114238274958:000317,urn:sds:reg:esrs:e1_5_12,317000,kWh,317,MWh,317,MWh,317000,kWh,true,success,
R8-000318,emissions_kgco2e_to_tco2e,emissions,gate-r8-transform-20260710114238274958:000318,urn:sds:reg:gri:gri_305_3_a,318000,kg CO2e,318,t CO2e,318,t CO2e,318000,kg CO2e,true,success,
R8-000319,water_l_to_m3,water,gate-r8-transform-20260710114238274958:000319,urn:sds:reg:esrs:e3_4_01,319000,L,319,m³,319,m³,319000,L,true,success,
R8-000320,energy_kwh_to_mwh,energy,gate-r8-transform-20260710114238274958:000320,urn:sds:reg:esrs:e1_5_12,320000,kWh,320,MWh,320,MWh,320000,kWh,true,success,
R8-000321,emissions_kgco2e_to_tco2e,emissions,gate-r8-transform-20260710114238274958:000321,urn:sds:reg:gri:gri_305_3_a,321000,kg CO2e,321,t CO2e,321,t CO2e,321000,kg CO2e,true,success,
R8-000322,water_l_to_m3,water,gate-r8-transform-20260710114238274958:000322,urn:sds:reg:esrs:e3_4_01,322000,L,322,m³,322,m³,322000,L,true,success,
R8-000323,energy_kwh_to_mwh,energy,gate-r8-transform-20260710114238274958:000323,urn:sds:reg:esrs:e1_5_12,323000,kWh,323,MWh,323,MWh,323000,kWh,true,success,
R8-000324,emissions_kgco2e_to_tco2e,emissions,gate-r8-transform-20260710114238274958:000324,urn:sds:reg:gri:gri_305_3_a,324000,kg CO2e,324,t CO2e,324,t CO2e,324000,kg CO2e,true,success,
R8-000325,water_l_to_m3,water,gate-r8-transform-20260710114238274958:000325,urn:sds:reg:esrs:e3_4_01,325000,L,325,m³,325,m³,325000,L,true,success,
R8-000326,energy_kwh_to_mwh,energy,gate-r8-transform-20260710114238274958:000326,urn:sds:reg:esrs:e1_5_12,326000,kWh,326,MWh,326,MWh,326000,kWh,true,success,
R8-000327,emissions_kgco2e_to_tco2e,emissions,gate-r8-transform-20260710114238274958:000327,urn:sds:reg:gri:gri_305_3_a,327000,kg CO2e,327,t CO2e,327,t CO2e,327000,kg CO2e,true,success,
R8-000328,water_l_to_m3,water,gate-r8-transform-20260710114238274958:000328,urn:sds:reg:esrs:e3_4_01,328000,L,328,m³,328,m³,328000,L,true,success,
R8-000329,energy_kwh_to_mwh,energy,gate-r8-transform-20260710114238274958:000329,urn:sds:reg:esrs:e1_5_12,329000,kWh,329,MWh,329,MWh,329000,kWh,true,success,
R8-000330,emissions_kgco2e_to_tco2e,emissions,gate-r8-transform-20260710114238274958:000330,urn:sds:reg:gri:gri_305_3_a,330000,kg CO2e,330,t CO2e,330,t CO2e,330000,kg CO2e,true,success,
R8-000331,water_l_to_m3,water,gate-r8-transform-20260710114238274958:000331,urn:sds:reg:esrs:e3_4_01,331000,L,331,m³,331,m³,331000,L,true,success,
R8-000332,energy_kwh_to_mwh,energy,gate-r8-transform-20260710114238274958:000332,urn:sds:reg:esrs:e1_5_12,332000,kWh,332,MWh,332,MWh,332000,kWh,true,success,
R8-000333,emissions_kgco2e_to_tco2e,emissions,gate-r8-transform-20260710114238274958:000333,urn:sds:reg:gri:gri_305_3_a,333000,kg CO2e,333,t CO2e,333,t CO2e,333000,kg CO2e,true,success,
R8-000334,water_l_to_m3,water,gate-r8-transform-20260710114238274958:000334,urn:sds:reg:esrs:e3_4_01,334000,L,334,m³,334,m³,334000,L,true,success,
R8-000335,energy_kwh_to_mwh,energy,gate-r8-transform-20260710114238274958:000335,urn:sds:reg:esrs:e1_5_12,335000,kWh,335,MWh,335,MWh,335000,kWh,true,success,
R8-000336,emissions_kgco2e_to_tco2e,emissions,gate-r8-transform-20260710114238274958:000336,urn:sds:reg:gri:gri_305_3_a,336000,kg CO2e,336,t CO2e,336,t CO2e,336000,kg CO2e,true,success,
R8-000337,water_l_to_m3,water,gate-r8-transform-20260710114238274958:000337,urn:sds:reg:esrs:e3_4_01,337000,L,337,m³,337,m³,337000,L,true,success,
R8-000338,energy_kwh_to_mwh,energy,gate-r8-transform-20260710114238274958:000338,urn:sds:reg:esrs:e1_5_12,338000,kWh,338,MWh,338,MWh,338000,kWh,true,success,
R8-000339,emissions_kgco2e_to_tco2e,emissions,gate-r8-transform-20260710114238274958:000339,urn:sds:reg:gri:gri_305_3_a,339000,kg CO2e,339,t CO2e,339,t CO2e,339000,kg CO2e,true,success,
R8-000340,water_l_to_m3,water,gate-r8-transform-20260710114238274958:000340,urn:sds:reg:esrs:e3_4_01,340000,L,340,m³,340,m³,340000,L,true,success,
R8-000341,energy_kwh_to_mwh,energy,gate-r8-transform-20260710114238274958:000341,urn:sds:reg:esrs:e1_5_12,341000,kWh,341,MWh,341,MWh,341000,kWh,true,success,
R8-000342,emissions_kgco2e_to_tco2e,emissions,gate-r8-transform-20260710114238274958:000342,urn:sds:reg:gri:gri_305_3_a,342000,kg CO2e,342,t CO2e,342,t CO2e,342000,kg CO2e,true,success,
R8-000343,water_l_to_m3,water,gate-r8-transform-20260710114238274958:000343,urn:sds:reg:esrs:e3_4_01,343000,L,343,m³,343,m³,343000,L,true,success,
R8-000344,energy_kwh_to_mwh,energy,gate-r8-transform-20260710114238274958:000344,urn:sds:reg:esrs:e1_5_12,344000,kWh,344,MWh,344,MWh,344000,kWh,true,success,
R8-000345,emissions_kgco2e_to_tco2e,emissions,gate-r8-transform-20260710114238274958:000345,urn:sds:reg:gri:gri_305_3_a,345000,kg CO2e,345,t CO2e,345,t CO2e,345000,kg CO2e,true,success,
R8-000346,water_l_to_m3,water,gate-r8-transform-20260710114238274958:000346,urn:sds:reg:esrs:e3_4_01,346000,L,346,m³,346,m³,346000,L,true,success,
R8-000347,energy_kwh_to_mwh,energy,gate-r8-transform-20260710114238274958:000347,urn:sds:reg:esrs:e1_5_12,347000,kWh,347,MWh,347,MWh,347000,kWh,true,success,
R8-000348,emissions_kgco2e_to_tco2e,emissions,gate-r8-transform-20260710114238274958:000348,urn:sds:reg:gri:gri_305_3_a,348000,kg CO2e,348,t CO2e,348,t CO2e,348000,kg CO2e,true,success,
R8-000349,water_l_to_m3,water,gate-r8-transform-20260710114238274958:000349,urn:sds:reg:esrs:e3_4_01,349000,L,349,m³,349,m³,349000,L,true,success,
R8-000350,energy_kwh_to_mwh,energy,gate-r8-transform-20260710114238274958:000350,urn:sds:reg:esrs:e1_5_12,350000,kWh,350,MWh,350,MWh,350000,kWh,true,success,
R8-000351,emissions_kgco2e_to_tco2e,emissions,gate-r8-transform-20260710114238274958:000351,urn:sds:reg:gri:gri_305_3_a,351000,kg CO2e,351,t CO2e,351,t CO2e,351000,kg CO2e,true,success,
R8-000352,water_l_to_m3,water,gate-r8-transform-20260710114238274958:000352,urn:sds:reg:esrs:e3_4_01,352000,L,352,m³,352,m³,352000,L,true,success,
R8-000353,energy_kwh_to_mwh,energy,gate-r8-transform-20260710114238274958:000353,urn:sds:reg:esrs:e1_5_12,353000,kWh,353,MWh,353,MWh,353000,kWh,true,success,
R8-000354,emissions_kgco2e_to_tco2e,emissions,gate-r8-transform-20260710114238274958:000354,urn:sds:reg:gri:gri_305_3_a,354000,kg CO2e,354,t CO2e,354,t CO2e,354000,kg CO2e,true,success,
R8-000355,water_l_to_m3,water,gate-r8-transform-20260710114238274958:000355,urn:sds:reg:esrs:e3_4_01,355000,L,355,m³,355,m³,355000,L,true,success,
R8-000356,energy_kwh_to_mwh,energy,gate-r8-transform-20260710114238274958:000356,urn:sds:reg:esrs:e1_5_12,356000,kWh,356,MWh,356,MWh,356000,kWh,true,success,
R8-000357,emissions_kgco2e_to_tco2e,emissions,gate-r8-transform-20260710114238274958:000357,urn:sds:reg:gri:gri_305_3_a,357000,kg CO2e,357,t CO2e,357,t CO2e,357000,kg CO2e,true,success,
R8-000358,water_l_to_m3,water,gate-r8-transform-20260710114238274958:000358,urn:sds:reg:esrs:e3_4_01,358000,L,358,m³,358,m³,358000,L,true,success,
R8-000359,energy_kwh_to_mwh,energy,gate-r8-transform-20260710114238274958:000359,urn:sds:reg:esrs:e1_5_12,359000,kWh,359,MWh,359,MWh,359000,kWh,true,success,
R8-000360,emissions_kgco2e_to_tco2e,emissions,gate-r8-transform-20260710114238274958:000360,urn:sds:reg:gri:gri_305_3_a,360000,kg CO2e,360,t CO2e,360,t CO2e,360000,kg CO2e,true,success,
R8-000361,water_l_to_m3,water,gate-r8-transform-20260710114238274958:000361,urn:sds:reg:esrs:e3_4_01,361000,L,361,m³,361,m³,361000,L,true,success,
R8-000362,energy_kwh_to_mwh,energy,gate-r8-transform-20260710114238274958:000362,urn:sds:reg:esrs:e1_5_12,362000,kWh,362,MWh,362,MWh,362000,kWh,true,success,
R8-000363,emissions_kgco2e_to_tco2e,emissions,gate-r8-transform-20260710114238274958:000363,urn:sds:reg:gri:gri_305_3_a,363000,kg CO2e,363,t CO2e,363,t CO2e,363000,kg CO2e,true,success,
R8-000364,water_l_to_m3,water,gate-r8-transform-20260710114238274958:000364,urn:sds:reg:esrs:e3_4_01,364000,L,364,m³,364,m³,364000,L,true,success,
R8-000365,energy_kwh_to_mwh,energy,gate-r8-transform-20260710114238274958:000365,urn:sds:reg:esrs:e1_5_12,365000,kWh,365,MWh,365,MWh,365000,kWh,true,success,
R8-000366,emissions_kgco2e_to_tco2e,emissions,gate-r8-transform-20260710114238274958:000366,urn:sds:reg:gri:gri_305_3_a,366000,kg CO2e,366,t CO2e,366,t CO2e,366000,kg CO2e,true,success,
R8-000367,water_l_to_m3,water,gate-r8-transform-20260710114238274958:000367,urn:sds:reg:esrs:e3_4_01,367000,L,367,m³,367,m³,367000,L,true,success,
R8-000368,energy_kwh_to_mwh,energy,gate-r8-transform-20260710114238274958:000368,urn:sds:reg:esrs:e1_5_12,368000,kWh,368,MWh,368,MWh,368000,kWh,true,success,
R8-000369,emissions_kgco2e_to_tco2e,emissions,gate-r8-transform-20260710114238274958:000369,urn:sds:reg:gri:gri_305_3_a,369000,kg CO2e,369,t CO2e,369,t CO2e,369000,kg CO2e,true,success,
R8-000370,water_l_to_m3,water,gate-r8-transform-20260710114238274958:000370,urn:sds:reg:esrs:e3_4_01,370000,L,370,m³,370,m³,370000,L,true,success,
R8-000371,energy_kwh_to_mwh,energy,gate-r8-transform-20260710114238274958:000371,urn:sds:reg:esrs:e1_5_12,371000,kWh,371,MWh,371,MWh,371000,kWh,true,success,
R8-000372,emissions_kgco2e_to_tco2e,emissions,gate-r8-transform-20260710114238274958:000372,urn:sds:reg:gri:gri_305_3_a,372000,kg CO2e,372,t CO2e,372,t CO2e,372000,kg CO2e,true,success,
R8-000373,water_l_to_m3,water,gate-r8-transform-20260710114238274958:000373,urn:sds:reg:esrs:e3_4_01,373000,L,373,m³,373,m³,373000,L,true,success,
R8-000374,energy_kwh_to_mwh,energy,gate-r8-transform-20260710114238274958:000374,urn:sds:reg:esrs:e1_5_12,374000,kWh,374,MWh,374,MWh,374000,kWh,true,success,
R8-000375,emissions_kgco2e_to_tco2e,emissions,gate-r8-transform-20260710114238274958:000375,urn:sds:reg:gri:gri_305_3_a,375000,kg CO2e,375,t CO2e,375,t CO2e,375000,kg CO2e,true,success,
R8-000376,water_l_to_m3,water,gate-r8-transform-20260710114238274958:000376,urn:sds:reg:esrs:e3_4_01,376000,L,376,m³,376,m³,376000,L,true,success,
R8-000377,energy_kwh_to_mwh,energy,gate-r8-transform-20260710114238274958:000377,urn:sds:reg:esrs:e1_5_12,377000,kWh,377,MWh,377,MWh,377000,kWh,true,success,
R8-000378,emissions_kgco2e_to_tco2e,emissions,gate-r8-transform-20260710114238274958:000378,urn:sds:reg:gri:gri_305_3_a,378000,kg CO2e,378,t CO2e,378,t CO2e,378000,kg CO2e,true,success,
R8-000379,water_l_to_m3,water,gate-r8-transform-20260710114238274958:000379,urn:sds:reg:esrs:e3_4_01,379000,L,379,m³,379,m³,379000,L,true,success,
R8-000380,energy_kwh_to_mwh,energy,gate-r8-transform-20260710114238274958:000380,urn:sds:reg:esrs:e1_5_12,380000,kWh,380,MWh,380,MWh,380000,kWh,true,success,
R8-000381,emissions_kgco2e_to_tco2e,emissions,gate-r8-transform-20260710114238274958:000381,urn:sds:reg:gri:gri_305_3_a,381000,kg CO2e,381,t CO2e,381,t CO2e,381000,kg CO2e,true,success,
R8-000382,water_l_to_m3,water,gate-r8-transform-20260710114238274958:000382,urn:sds:reg:esrs:e3_4_01,382000,L,382,m³,382,m³,382000,L,true,success,
R8-000383,energy_kwh_to_mwh,energy,gate-r8-transform-20260710114238274958:000383,urn:sds:reg:esrs:e1_5_12,383000,kWh,383,MWh,383,MWh,383000,kWh,true,success,
R8-000384,emissions_kgco2e_to_tco2e,emissions,gate-r8-transform-20260710114238274958:000384,urn:sds:reg:gri:gri_305_3_a,384000,kg CO2e,384,t CO2e,384,t CO2e,384000,kg CO2e,true,success,
R8-000385,water_l_to_m3,water,gate-r8-transform-20260710114238274958:000385,urn:sds:reg:esrs:e3_4_01,385000,L,385,m³,385,m³,385000,L,true,success,
R8-000386,energy_kwh_to_mwh,energy,gate-r8-transform-20260710114238274958:000386,urn:sds:reg:esrs:e1_5_12,386000,kWh,386,MWh,386,MWh,386000,kWh,true,success,
R8-000387,emissions_kgco2e_to_tco2e,emissions,gate-r8-transform-20260710114238274958:000387,urn:sds:reg:gri:gri_305_3_a,387000,kg CO2e,387,t CO2e,387,t CO2e,387000,kg CO2e,true,success,
R8-000388,water_l_to_m3,water,gate-r8-transform-20260710114238274958:000388,urn:sds:reg:esrs:e3_4_01,388000,L,388,m³,388,m³,388000,L,true,success,
R8-000389,energy_kwh_to_mwh,energy,gate-r8-transform-20260710114238274958:000389,urn:sds:reg:esrs:e1_5_12,389000,kWh,389,MWh,389,MWh,389000,kWh,true,success,
R8-000390,emissions_kgco2e_to_tco2e,emissions,gate-r8-transform-20260710114238274958:000390,urn:sds:reg:gri:gri_305_3_a,390000,kg CO2e,390,t CO2e,390,t CO2e,390000,kg CO2e,true,success,
R8-000391,water_l_to_m3,water,gate-r8-transform-20260710114238274958:000391,urn:sds:reg:esrs:e3_4_01,391000,L,391,m³,391,m³,391000,L,true,success,
R8-000392,energy_kwh_to_mwh,energy,gate-r8-transform-20260710114238274958:000392,urn:sds:reg:esrs:e1_5_12,392000,kWh,392,MWh,392,MWh,392000,kWh,true,success,
R8-000393,emissions_kgco2e_to_tco2e,emissions,gate-r8-transform-20260710114238274958:000393,urn:sds:reg:gri:gri_305_3_a,393000,kg CO2e,393,t CO2e,393,t CO2e,393000,kg CO2e,true,success,
R8-000394,water_l_to_m3,water,gate-r8-transform-20260710114238274958:000394,urn:sds:reg:esrs:e3_4_01,394000,L,394,m³,394,m³,394000,L,true,success,
R8-000395,energy_kwh_to_mwh,energy,gate-r8-transform-20260710114238274958:000395,urn:sds:reg:esrs:e1_5_12,395000,kWh,395,MWh,395,MWh,395000,kWh,true,success,
R8-000396,emissions_kgco2e_to_tco2e,emissions,gate-r8-transform-20260710114238274958:000396,urn:sds:reg:gri:gri_305_3_a,396000,kg CO2e,396,t CO2e,396,t CO2e,396000,kg CO2e,true,success,
R8-000397,water_l_to_m3,water,gate-r8-transform-20260710114238274958:000397,urn:sds:reg:esrs:e3_4_01,397000,L,397,m³,397,m³,397000,L,true,success,
R8-000398,energy_kwh_to_mwh,energy,gate-r8-transform-20260710114238274958:000398,urn:sds:reg:esrs:e1_5_12,398000,kWh,398,MWh,398,MWh,398000,kWh,true,success,
R8-000399,emissions_kgco2e_to_tco2e,emissions,gate-r8-transform-20260710114238274958:000399,urn:sds:reg:gri:gri_305_3_a,399000,kg CO2e,399,t CO2e,399,t CO2e,399000,kg CO2e,true,success,
R8-000400,water_l_to_m3,water,gate-r8-transform-20260710114238274958:000400,urn:sds:reg:esrs:e3_4_01,400000,L,400,m³,400,m³,400000,L,true,success,
R8-000401,energy_kwh_to_mwh,energy,gate-r8-transform-20260710114238274958:000401,urn:sds:reg:esrs:e1_5_12,401000,kWh,401,MWh,401,MWh,401000,kWh,true,success,
R8-000402,emissions_kgco2e_to_tco2e,emissions,gate-r8-transform-20260710114238274958:000402,urn:sds:reg:gri:gri_305_3_a,402000,kg CO2e,402,t CO2e,402,t CO2e,402000,kg CO2e,true,success,
R8-000403,water_l_to_m3,water,gate-r8-transform-20260710114238274958:000403,urn:sds:reg:esrs:e3_4_01,403000,L,403,m³,403,m³,403000,L,true,success,
R8-000404,energy_kwh_to_mwh,energy,gate-r8-transform-20260710114238274958:000404,urn:sds:reg:esrs:e1_5_12,404000,kWh,404,MWh,404,MWh,404000,kWh,true,success,
R8-000405,emissions_kgco2e_to_tco2e,emissions,gate-r8-transform-20260710114238274958:000405,urn:sds:reg:gri:gri_305_3_a,405000,kg CO2e,405,t CO2e,405,t CO2e,405000,kg CO2e,true,success,
R8-000406,water_l_to_m3,water,gate-r8-transform-20260710114238274958:000406,urn:sds:reg:esrs:e3_4_01,406000,L,406,m³,406,m³,406000,L,true,success,
R8-000407,energy_kwh_to_mwh,energy,gate-r8-transform-20260710114238274958:000407,urn:sds:reg:esrs:e1_5_12,407000,kWh,407,MWh,407,MWh,407000,kWh,true,success,
R8-000408,emissions_kgco2e_to_tco2e,emissions,gate-r8-transform-20260710114238274958:000408,urn:sds:reg:gri:gri_305_3_a,408000,kg CO2e,408,t CO2e,408,t CO2e,408000,kg CO2e,true,success,
R8-000409,water_l_to_m3,water,gate-r8-transform-20260710114238274958:000409,urn:sds:reg:esrs:e3_4_01,409000,L,409,m³,409,m³,409000,L,true,success,
R8-000410,energy_kwh_to_mwh,energy,gate-r8-transform-20260710114238274958:000410,urn:sds:reg:esrs:e1_5_12,410000,kWh,410,MWh,410,MWh,410000,kWh,true,success,
R8-000411,emissions_kgco2e_to_tco2e,emissions,gate-r8-transform-20260710114238274958:000411,urn:sds:reg:gri:gri_305_3_a,411000,kg CO2e,411,t CO2e,411,t CO2e,411000,kg CO2e,true,success,
R8-000412,water_l_to_m3,water,gate-r8-transform-20260710114238274958:000412,urn:sds:reg:esrs:e3_4_01,412000,L,412,m³,412,m³,412000,L,true,success,
R8-000413,energy_kwh_to_mwh,energy,gate-r8-transform-20260710114238274958:000413,urn:sds:reg:esrs:e1_5_12,413000,kWh,413,MWh,413,MWh,413000,kWh,true,success,
R8-000414,emissions_kgco2e_to_tco2e,emissions,gate-r8-transform-20260710114238274958:000414,urn:sds:reg:gri:gri_305_3_a,414000,kg CO2e,414,t CO2e,414,t CO2e,414000,kg CO2e,true,success,
R8-000415,water_l_to_m3,water,gate-r8-transform-20260710114238274958:000415,urn:sds:reg:esrs:e3_4_01,415000,L,415,m³,415,m³,415000,L,true,success,
R8-000416,energy_kwh_to_mwh,energy,gate-r8-transform-20260710114238274958:000416,urn:sds:reg:esrs:e1_5_12,416000,kWh,416,MWh,416,MWh,416000,kWh,true,success,
R8-000417,emissions_kgco2e_to_tco2e,emissions,gate-r8-transform-20260710114238274958:000417,urn:sds:reg:gri:gri_305_3_a,417000,kg CO2e,417,t CO2e,417,t CO2e,417000,kg CO2e,true,success,
R8-000418,water_l_to_m3,water,gate-r8-transform-20260710114238274958:000418,urn:sds:reg:esrs:e3_4_01,418000,L,418,m³,418,m³,418000,L,true,success,
R8-000419,energy_kwh_to_mwh,energy,gate-r8-transform-20260710114238274958:000419,urn:sds:reg:esrs:e1_5_12,419000,kWh,419,MWh,419,MWh,419000,kWh,true,success,
R8-000420,emissions_kgco2e_to_tco2e,emissions,gate-r8-transform-20260710114238274958:000420,urn:sds:reg:gri:gri_305_3_a,420000,kg CO2e,420,t CO2e,420,t CO2e,420000,kg CO2e,true,success,
R8-000421,water_l_to_m3,water,gate-r8-transform-20260710114238274958:000421,urn:sds:reg:esrs:e3_4_01,421000,L,421,m³,421,m³,421000,L,true,success,
R8-000422,energy_kwh_to_mwh,energy,gate-r8-transform-20260710114238274958:000422,urn:sds:reg:esrs:e1_5_12,422000,kWh,422,MWh,422,MWh,422000,kWh,true,success,
R8-000423,emissions_kgco2e_to_tco2e,emissions,gate-r8-transform-20260710114238274958:000423,urn:sds:reg:gri:gri_305_3_a,423000,kg CO2e,423,t CO2e,423,t CO2e,423000,kg CO2e,true,success,
R8-000424,water_l_to_m3,water,gate-r8-transform-20260710114238274958:000424,urn:sds:reg:esrs:e3_4_01,424000,L,424,m³,424,m³,424000,L,true,success,
R8-000425,energy_kwh_to_mwh,energy,gate-r8-transform-20260710114238274958:000425,urn:sds:reg:esrs:e1_5_12,425000,kWh,425,MWh,425,MWh,425000,kWh,true,success,
R8-000426,emissions_kgco2e_to_tco2e,emissions,gate-r8-transform-20260710114238274958:000426,urn:sds:reg:gri:gri_305_3_a,426000,kg CO2e,426,t CO2e,426,t CO2e,426000,kg CO2e,true,success,
R8-000427,water_l_to_m3,water,gate-r8-transform-20260710114238274958:000427,urn:sds:reg:esrs:e3_4_01,427000,L,427,m³,427,m³,427000,L,true,success,
R8-000428,energy_kwh_to_mwh,energy,gate-r8-transform-20260710114238274958:000428,urn:sds:reg:esrs:e1_5_12,428000,kWh,428,MWh,428,MWh,428000,kWh,true,success,
R8-000429,emissions_kgco2e_to_tco2e,emissions,gate-r8-transform-20260710114238274958:000429,urn:sds:reg:gri:gri_305_3_a,429000,kg CO2e,429,t CO2e,429,t CO2e,429000,kg CO2e,true,success,
R8-000430,water_l_to_m3,water,gate-r8-transform-20260710114238274958:000430,urn:sds:reg:esrs:e3_4_01,430000,L,430,m³,430,m³,430000,L,true,success,
R8-000431,energy_kwh_to_mwh,energy,gate-r8-transform-20260710114238274958:000431,urn:sds:reg:esrs:e1_5_12,431000,kWh,431,MWh,431,MWh,431000,kWh,true,success,
R8-000432,emissions_kgco2e_to_tco2e,emissions,gate-r8-transform-20260710114238274958:000432,urn:sds:reg:gri:gri_305_3_a,432000,kg CO2e,432,t CO2e,432,t CO2e,432000,kg CO2e,true,success,
R8-000433,water_l_to_m3,water,gate-r8-transform-20260710114238274958:000433,urn:sds:reg:esrs:e3_4_01,433000,L,433,m³,433,m³,433000,L,true,success,
R8-000434,energy_kwh_to_mwh,energy,gate-r8-transform-20260710114238274958:000434,urn:sds:reg:esrs:e1_5_12,434000,kWh,434,MWh,434,MWh,434000,kWh,true,success,
R8-000435,emissions_kgco2e_to_tco2e,emissions,gate-r8-transform-20260710114238274958:000435,urn:sds:reg:gri:gri_305_3_a,435000,kg CO2e,435,t CO2e,435,t CO2e,435000,kg CO2e,true,success,
R8-000436,water_l_to_m3,water,gate-r8-transform-20260710114238274958:000436,urn:sds:reg:esrs:e3_4_01,436000,L,436,m³,436,m³,436000,L,true,success,
R8-000437,energy_kwh_to_mwh,energy,gate-r8-transform-20260710114238274958:000437,urn:sds:reg:esrs:e1_5_12,437000,kWh,437,MWh,437,MWh,437000,kWh,true,success,
R8-000438,emissions_kgco2e_to_tco2e,emissions,gate-r8-transform-20260710114238274958:000438,urn:sds:reg:gri:gri_305_3_a,438000,kg CO2e,438,t CO2e,438,t CO2e,438000,kg CO2e,true,success,
R8-000439,water_l_to_m3,water,gate-r8-transform-20260710114238274958:000439,urn:sds:reg:esrs:e3_4_01,439000,L,439,m³,439,m³,439000,L,true,success,
R8-000440,energy_kwh_to_mwh,energy,gate-r8-transform-20260710114238274958:000440,urn:sds:reg:esrs:e1_5_12,440000,kWh,440,MWh,440,MWh,440000,kWh,true,success,
R8-000441,emissions_kgco2e_to_tco2e,emissions,gate-r8-transform-20260710114238274958:000441,urn:sds:reg:gri:gri_305_3_a,441000,kg CO2e,441,t CO2e,441,t CO2e,441000,kg CO2e,true,success,
R8-000442,water_l_to_m3,water,gate-r8-transform-20260710114238274958:000442,urn:sds:reg:esrs:e3_4_01,442000,L,442,m³,442,m³,442000,L,true,success,
R8-000443,energy_kwh_to_mwh,energy,gate-r8-transform-20260710114238274958:000443,urn:sds:reg:esrs:e1_5_12,443000,kWh,443,MWh,443,MWh,443000,kWh,true,success,
R8-000444,emissions_kgco2e_to_tco2e,emissions,gate-r8-transform-20260710114238274958:000444,urn:sds:reg:gri:gri_305_3_a,444000,kg CO2e,444,t CO2e,444,t CO2e,444000,kg CO2e,true,success,
R8-000445,water_l_to_m3,water,gate-r8-transform-20260710114238274958:000445,urn:sds:reg:esrs:e3_4_01,445000,L,445,m³,445,m³,445000,L,true,success,
R8-000446,energy_kwh_to_mwh,energy,gate-r8-transform-20260710114238274958:000446,urn:sds:reg:esrs:e1_5_12,446000,kWh,446,MWh,446,MWh,446000,kWh,true,success,
R8-000447,emissions_kgco2e_to_tco2e,emissions,gate-r8-transform-20260710114238274958:000447,urn:sds:reg:gri:gri_305_3_a,447000,kg CO2e,447,t CO2e,447,t CO2e,447000,kg CO2e,true,success,
R8-000448,water_l_to_m3,water,gate-r8-transform-20260710114238274958:000448,urn:sds:reg:esrs:e3_4_01,448000,L,448,m³,448,m³,448000,L,true,success,
R8-000449,energy_kwh_to_mwh,energy,gate-r8-transform-20260710114238274958:000449,urn:sds:reg:esrs:e1_5_12,449000,kWh,449,MWh,449,MWh,449000,kWh,true,success,
R8-000450,emissions_kgco2e_to_tco2e,emissions,gate-r8-transform-20260710114238274958:000450,urn:sds:reg:gri:gri_305_3_a,450000,kg CO2e,450,t CO2e,450,t CO2e,450000,kg CO2e,true,success,
R8-000451,water_l_to_m3,water,gate-r8-transform-20260710114238274958:000451,urn:sds:reg:esrs:e3_4_01,451000,L,451,m³,451,m³,451000,L,true,success,
R8-000452,energy_kwh_to_mwh,energy,gate-r8-transform-20260710114238274958:000452,urn:sds:reg:esrs:e1_5_12,452000,kWh,452,MWh,452,MWh,452000,kWh,true,success,
R8-000453,emissions_kgco2e_to_tco2e,emissions,gate-r8-transform-20260710114238274958:000453,urn:sds:reg:gri:gri_305_3_a,453000,kg CO2e,453,t CO2e,453,t CO2e,453000,kg CO2e,true,success,
R8-000454,water_l_to_m3,water,gate-r8-transform-20260710114238274958:000454,urn:sds:reg:esrs:e3_4_01,454000,L,454,m³,454,m³,454000,L,true,success,
R8-000455,energy_kwh_to_mwh,energy,gate-r8-transform-20260710114238274958:000455,urn:sds:reg:esrs:e1_5_12,455000,kWh,455,MWh,455,MWh,455000,kWh,true,success,
R8-000456,emissions_kgco2e_to_tco2e,emissions,gate-r8-transform-20260710114238274958:000456,urn:sds:reg:gri:gri_305_3_a,456000,kg CO2e,456,t CO2e,456,t CO2e,456000,kg CO2e,true,success,
R8-000457,water_l_to_m3,water,gate-r8-transform-20260710114238274958:000457,urn:sds:reg:esrs:e3_4_01,457000,L,457,m³,457,m³,457000,L,true,success,
R8-000458,energy_kwh_to_mwh,energy,gate-r8-transform-20260710114238274958:000458,urn:sds:reg:esrs:e1_5_12,458000,kWh,458,MWh,458,MWh,458000,kWh,true,success,
R8-000459,emissions_kgco2e_to_tco2e,emissions,gate-r8-transform-20260710114238274958:000459,urn:sds:reg:gri:gri_305_3_a,459000,kg CO2e,459,t CO2e,459,t CO2e,459000,kg CO2e,true,success,
R8-000460,water_l_to_m3,water,gate-r8-transform-20260710114238274958:000460,urn:sds:reg:esrs:e3_4_01,460000,L,460,m³,460,m³,460000,L,true,success,
R8-000461,energy_kwh_to_mwh,energy,gate-r8-transform-20260710114238274958:000461,urn:sds:reg:esrs:e1_5_12,461000,kWh,461,MWh,461,MWh,461000,kWh,true,success,
R8-000462,emissions_kgco2e_to_tco2e,emissions,gate-r8-transform-20260710114238274958:000462,urn:sds:reg:gri:gri_305_3_a,462000,kg CO2e,462,t CO2e,462,t CO2e,462000,kg CO2e,true,success,
R8-000463,water_l_to_m3,water,gate-r8-transform-20260710114238274958:000463,urn:sds:reg:esrs:e3_4_01,463000,L,463,m³,463,m³,463000,L,true,success,
R8-000464,energy_kwh_to_mwh,energy,gate-r8-transform-20260710114238274958:000464,urn:sds:reg:esrs:e1_5_12,464000,kWh,464,MWh,464,MWh,464000,kWh,true,success,
R8-000465,emissions_kgco2e_to_tco2e,emissions,gate-r8-transform-20260710114238274958:000465,urn:sds:reg:gri:gri_305_3_a,465000,kg CO2e,465,t CO2e,465,t CO2e,465000,kg CO2e,true,success,
R8-000466,water_l_to_m3,water,gate-r8-transform-20260710114238274958:000466,urn:sds:reg:esrs:e3_4_01,466000,L,466,m³,466,m³,466000,L,true,success,
R8-000467,energy_kwh_to_mwh,energy,gate-r8-transform-20260710114238274958:000467,urn:sds:reg:esrs:e1_5_12,467000,kWh,467,MWh,467,MWh,467000,kWh,true,success,
R8-000468,emissions_kgco2e_to_tco2e,emissions,gate-r8-transform-20260710114238274958:000468,urn:sds:reg:gri:gri_305_3_a,468000,kg CO2e,468,t CO2e,468,t CO2e,468000,kg CO2e,true,success,
R8-000469,water_l_to_m3,water,gate-r8-transform-20260710114238274958:000469,urn:sds:reg:esrs:e3_4_01,469000,L,469,m³,469,m³,469000,L,true,success,
R8-000470,energy_kwh_to_mwh,energy,gate-r8-transform-20260710114238274958:000470,urn:sds:reg:esrs:e1_5_12,470000,kWh,470,MWh,470,MWh,470000,kWh,true,success,
R8-000471,emissions_kgco2e_to_tco2e,emissions,gate-r8-transform-20260710114238274958:000471,urn:sds:reg:gri:gri_305_3_a,471000,kg CO2e,471,t CO2e,471,t CO2e,471000,kg CO2e,true,success,
R8-000472,water_l_to_m3,water,gate-r8-transform-20260710114238274958:000472,urn:sds:reg:esrs:e3_4_01,472000,L,472,m³,472,m³,472000,L,true,success,
R8-000473,energy_kwh_to_mwh,energy,gate-r8-transform-20260710114238274958:000473,urn:sds:reg:esrs:e1_5_12,473000,kWh,473,MWh,473,MWh,473000,kWh,true,success,
R8-000474,emissions_kgco2e_to_tco2e,emissions,gate-r8-transform-20260710114238274958:000474,urn:sds:reg:gri:gri_305_3_a,474000,kg CO2e,474,t CO2e,474,t CO2e,474000,kg CO2e,true,success,
R8-000475,water_l_to_m3,water,gate-r8-transform-20260710114238274958:000475,urn:sds:reg:esrs:e3_4_01,475000,L,475,m³,475,m³,475000,L,true,success,
R8-000476,energy_kwh_to_mwh,energy,gate-r8-transform-20260710114238274958:000476,urn:sds:reg:esrs:e1_5_12,476000,kWh,476,MWh,476,MWh,476000,kWh,true,success,
R8-000477,emissions_kgco2e_to_tco2e,emissions,gate-r8-transform-20260710114238274958:000477,urn:sds:reg:gri:gri_305_3_a,477000,kg CO2e,477,t CO2e,477,t CO2e,477000,kg CO2e,true,success,
R8-000478,water_l_to_m3,water,gate-r8-transform-20260710114238274958:000478,urn:sds:reg:esrs:e3_4_01,478000,L,478,m³,478,m³,478000,L,true,success,
R8-000479,energy_kwh_to_mwh,energy,gate-r8-transform-20260710114238274958:000479,urn:sds:reg:esrs:e1_5_12,479000,kWh,479,MWh,479,MWh,479000,kWh,true,success,
R8-000480,emissions_kgco2e_to_tco2e,emissions,gate-r8-transform-20260710114238274958:000480,urn:sds:reg:gri:gri_305_3_a,480000,kg CO2e,480,t CO2e,480,t CO2e,480000,kg CO2e,true,success,
R8-000481,water_l_to_m3,water,gate-r8-transform-20260710114238274958:000481,urn:sds:reg:esrs:e3_4_01,481000,L,481,m³,481,m³,481000,L,true,success,
R8-000482,energy_kwh_to_mwh,energy,gate-r8-transform-20260710114238274958:000482,urn:sds:reg:esrs:e1_5_12,482000,kWh,482,MWh,482,MWh,482000,kWh,true,success,
R8-000483,emissions_kgco2e_to_tco2e,emissions,gate-r8-transform-20260710114238274958:000483,urn:sds:reg:gri:gri_305_3_a,483000,kg CO2e,483,t CO2e,483,t CO2e,483000,kg CO2e,true,success,
R8-000484,water_l_to_m3,water,gate-r8-transform-20260710114238274958:000484,urn:sds:reg:esrs:e3_4_01,484000,L,484,m³,484,m³,484000,L,true,success,
R8-000485,energy_kwh_to_mwh,energy,gate-r8-transform-20260710114238274958:000485,urn:sds:reg:esrs:e1_5_12,485000,kWh,485,MWh,485,MWh,485000,kWh,true,success,
R8-000486,emissions_kgco2e_to_tco2e,emissions,gate-r8-transform-20260710114238274958:000486,urn:sds:reg:gri:gri_305_3_a,486000,kg CO2e,486,t CO2e,486,t CO2e,486000,kg CO2e,true,success,
R8-000487,water_l_to_m3,water,gate-r8-transform-20260710114238274958:000487,urn:sds:reg:esrs:e3_4_01,487000,L,487,m³,487,m³,487000,L,true,success,
R8-000488,energy_kwh_to_mwh,energy,gate-r8-transform-20260710114238274958:000488,urn:sds:reg:esrs:e1_5_12,488000,kWh,488,MWh,488,MWh,488000,kWh,true,success,
R8-000489,emissions_kgco2e_to_tco2e,emissions,gate-r8-transform-20260710114238274958:000489,urn:sds:reg:gri:gri_305_3_a,489000,kg CO2e,489,t CO2e,489,t CO2e,489000,kg CO2e,true,success,
R8-000490,water_l_to_m3,water,gate-r8-transform-20260710114238274958:000490,urn:sds:reg:esrs:e3_4_01,490000,L,490,m³,490,m³,490000,L,true,success,
R8-000491,energy_kwh_to_mwh,energy,gate-r8-transform-20260710114238274958:000491,urn:sds:reg:esrs:e1_5_12,491000,kWh,491,MWh,491,MWh,491000,kWh,true,success,
R8-000492,emissions_kgco2e_to_tco2e,emissions,gate-r8-transform-20260710114238274958:000492,urn:sds:reg:gri:gri_305_3_a,492000,kg CO2e,492,t CO2e,492,t CO2e,492000,kg CO2e,true,success,
R8-000493,water_l_to_m3,water,gate-r8-transform-20260710114238274958:000493,urn:sds:reg:esrs:e3_4_01,493000,L,493,m³,493,m³,493000,L,true,success,
R8-000494,energy_kwh_to_mwh,energy,gate-r8-transform-20260710114238274958:000494,urn:sds:reg:esrs:e1_5_12,494000,kWh,494,MWh,494,MWh,494000,kWh,true,success,
R8-000495,emissions_kgco2e_to_tco2e,emissions,gate-r8-transform-20260710114238274958:000495,urn:sds:reg:gri:gri_305_3_a,495000,kg CO2e,495,t CO2e,495,t CO2e,495000,kg CO2e,true,success,
R8-000496,water_l_to_m3,water,gate-r8-transform-20260710114238274958:000496,urn:sds:reg:esrs:e3_4_01,496000,L,496,m³,496,m³,496000,L,true,success,
R8-000497,energy_kwh_to_mwh,energy,gate-r8-transform-20260710114238274958:000497,urn:sds:reg:esrs:e1_5_12,497000,kWh,497,MWh,497,MWh,497000,kWh,true,success,
R8-000498,emissions_kgco2e_to_tco2e,emissions,gate-r8-transform-20260710114238274958:000498,urn:sds:reg:gri:gri_305_3_a,498000,kg CO2e,498,t CO2e,498,t CO2e,498000,kg CO2e,true,success,
R8-000499,water_l_to_m3,water,gate-r8-transform-20260710114238274958:000499,urn:sds:reg:esrs:e3_4_01,499000,L,499,m³,499,m³,499000,L,true,success,
R8-000500,energy_kwh_to_mwh,energy,gate-r8-transform-20260710114238274958:000500,urn:sds:reg:esrs:e1_5_12,500000,kWh,500,MWh,500,MWh,500000,kWh,true,success,
R8-000501,emissions_kgco2e_to_tco2e,emissions,gate-r8-transform-20260710114238274958:000501,urn:sds:reg:gri:gri_305_3_a,501000,kg CO2e,501,t CO2e,501,t CO2e,501000,kg CO2e,true,success,
R8-000502,water_l_to_m3,water,gate-r8-transform-20260710114238274958:000502,urn:sds:reg:esrs:e3_4_01,502000,L,502,m³,502,m³,502000,L,true,success,
R8-000503,energy_kwh_to_mwh,energy,gate-r8-transform-20260710114238274958:000503,urn:sds:reg:esrs:e1_5_12,503000,kWh,503,MWh,503,MWh,503000,kWh,true,success,
R8-000504,emissions_kgco2e_to_tco2e,emissions,gate-r8-transform-20260710114238274958:000504,urn:sds:reg:gri:gri_305_3_a,504000,kg CO2e,504,t CO2e,504,t CO2e,504000,kg CO2e,true,success,
R8-000505,water_l_to_m3,water,gate-r8-transform-20260710114238274958:000505,urn:sds:reg:esrs:e3_4_01,505000,L,505,m³,505,m³,505000,L,true,success,
R8-000506,energy_kwh_to_mwh,energy,gate-r8-transform-20260710114238274958:000506,urn:sds:reg:esrs:e1_5_12,506000,kWh,506,MWh,506,MWh,506000,kWh,true,success,
R8-000507,emissions_kgco2e_to_tco2e,emissions,gate-r8-transform-20260710114238274958:000507,urn:sds:reg:gri:gri_305_3_a,507000,kg CO2e,507,t CO2e,507,t CO2e,507000,kg CO2e,true,success,
R8-000508,water_l_to_m3,water,gate-r8-transform-20260710114238274958:000508,urn:sds:reg:esrs:e3_4_01,508000,L,508,m³,508,m³,508000,L,true,success,
R8-000509,energy_kwh_to_mwh,energy,gate-r8-transform-20260710114238274958:000509,urn:sds:reg:esrs:e1_5_12,509000,kWh,509,MWh,509,MWh,509000,kWh,true,success,
R8-000510,emissions_kgco2e_to_tco2e,emissions,gate-r8-transform-20260710114238274958:000510,urn:sds:reg:gri:gri_305_3_a,510000,kg CO2e,510,t CO2e,510,t CO2e,510000,kg CO2e,true,success,
R8-000511,water_l_to_m3,water,gate-r8-transform-20260710114238274958:000511,urn:sds:reg:esrs:e3_4_01,511000,L,511,m³,511,m³,511000,L,true,success,
R8-000512,energy_kwh_to_mwh,energy,gate-r8-transform-20260710114238274958:000512,urn:sds:reg:esrs:e1_5_12,512000,kWh,512,MWh,512,MWh,512000,kWh,true,success,
R8-000513,emissions_kgco2e_to_tco2e,emissions,gate-r8-transform-20260710114238274958:000513,urn:sds:reg:gri:gri_305_3_a,513000,kg CO2e,513,t CO2e,513,t CO2e,513000,kg CO2e,true,success,
R8-000514,water_l_to_m3,water,gate-r8-transform-20260710114238274958:000514,urn:sds:reg:esrs:e3_4_01,514000,L,514,m³,514,m³,514000,L,true,success,
R8-000515,energy_kwh_to_mwh,energy,gate-r8-transform-20260710114238274958:000515,urn:sds:reg:esrs:e1_5_12,515000,kWh,515,MWh,515,MWh,515000,kWh,true,success,
R8-000516,emissions_kgco2e_to_tco2e,emissions,gate-r8-transform-20260710114238274958:000516,urn:sds:reg:gri:gri_305_3_a,516000,kg CO2e,516,t CO2e,516,t CO2e,516000,kg CO2e,true,success,
R8-000517,water_l_to_m3,water,gate-r8-transform-20260710114238274958:000517,urn:sds:reg:esrs:e3_4_01,517000,L,517,m³,517,m³,517000,L,true,success,
R8-000518,energy_kwh_to_mwh,energy,gate-r8-transform-20260710114238274958:000518,urn:sds:reg:esrs:e1_5_12,518000,kWh,518,MWh,518,MWh,518000,kWh,true,success,
R8-000519,emissions_kgco2e_to_tco2e,emissions,gate-r8-transform-20260710114238274958:000519,urn:sds:reg:gri:gri_305_3_a,519000,kg CO2e,519,t CO2e,519,t CO2e,519000,kg CO2e,true,success,
R8-000520,water_l_to_m3,water,gate-r8-transform-20260710114238274958:000520,urn:sds:reg:esrs:e3_4_01,520000,L,520,m³,520,m³,520000,L,true,success,
R8-000521,energy_kwh_to_mwh,energy,gate-r8-transform-20260710114238274958:000521,urn:sds:reg:esrs:e1_5_12,521000,kWh,521,MWh,521,MWh,521000,kWh,true,success,
R8-000522,emissions_kgco2e_to_tco2e,emissions,gate-r8-transform-20260710114238274958:000522,urn:sds:reg:gri:gri_305_3_a,522000,kg CO2e,522,t CO2e,522,t CO2e,522000,kg CO2e,true,success,
R8-000523,water_l_to_m3,water,gate-r8-transform-20260710114238274958:000523,urn:sds:reg:esrs:e3_4_01,523000,L,523,m³,523,m³,523000,L,true,success,
R8-000524,energy_kwh_to_mwh,energy,gate-r8-transform-20260710114238274958:000524,urn:sds:reg:esrs:e1_5_12,524000,kWh,524,MWh,524,MWh,524000,kWh,true,success,
R8-000525,emissions_kgco2e_to_tco2e,emissions,gate-r8-transform-20260710114238274958:000525,urn:sds:reg:gri:gri_305_3_a,525000,kg CO2e,525,t CO2e,525,t CO2e,525000,kg CO2e,true,success,
R8-000526,water_l_to_m3,water,gate-r8-transform-20260710114238274958:000526,urn:sds:reg:esrs:e3_4_01,526000,L,526,m³,526,m³,526000,L,true,success,
R8-000527,energy_kwh_to_mwh,energy,gate-r8-transform-20260710114238274958:000527,urn:sds:reg:esrs:e1_5_12,527000,kWh,527,MWh,527,MWh,527000,kWh,true,success,
R8-000528,emissions_kgco2e_to_tco2e,emissions,gate-r8-transform-20260710114238274958:000528,urn:sds:reg:gri:gri_305_3_a,528000,kg CO2e,528,t CO2e,528,t CO2e,528000,kg CO2e,true,success,
R8-000529,water_l_to_m3,water,gate-r8-transform-20260710114238274958:000529,urn:sds:reg:esrs:e3_4_01,529000,L,529,m³,529,m³,529000,L,true,success,
R8-000530,energy_kwh_to_mwh,energy,gate-r8-transform-20260710114238274958:000530,urn:sds:reg:esrs:e1_5_12,530000,kWh,530,MWh,530,MWh,530000,kWh,true,success,
R8-000531,emissions_kgco2e_to_tco2e,emissions,gate-r8-transform-20260710114238274958:000531,urn:sds:reg:gri:gri_305_3_a,531000,kg CO2e,531,t CO2e,531,t CO2e,531000,kg CO2e,true,success,
R8-000532,water_l_to_m3,water,gate-r8-transform-20260710114238274958:000532,urn:sds:reg:esrs:e3_4_01,532000,L,532,m³,532,m³,532000,L,true,success,
R8-000533,energy_kwh_to_mwh,energy,gate-r8-transform-20260710114238274958:000533,urn:sds:reg:esrs:e1_5_12,533000,kWh,533,MWh,533,MWh,533000,kWh,true,success,
R8-000534,emissions_kgco2e_to_tco2e,emissions,gate-r8-transform-20260710114238274958:000534,urn:sds:reg:gri:gri_305_3_a,534000,kg CO2e,534,t CO2e,534,t CO2e,534000,kg CO2e,true,success,
R8-000535,water_l_to_m3,water,gate-r8-transform-20260710114238274958:000535,urn:sds:reg:esrs:e3_4_01,535000,L,535,m³,535,m³,535000,L,true,success,
R8-000536,energy_kwh_to_mwh,energy,gate-r8-transform-20260710114238274958:000536,urn:sds:reg:esrs:e1_5_12,536000,kWh,536,MWh,536,MWh,536000,kWh,true,success,
R8-000537,emissions_kgco2e_to_tco2e,emissions,gate-r8-transform-20260710114238274958:000537,urn:sds:reg:gri:gri_305_3_a,537000,kg CO2e,537,t CO2e,537,t CO2e,537000,kg CO2e,true,success,
R8-000538,water_l_to_m3,water,gate-r8-transform-20260710114238274958:000538,urn:sds:reg:esrs:e3_4_01,538000,L,538,m³,538,m³,538000,L,true,success,
R8-000539,energy_kwh_to_mwh,energy,gate-r8-transform-20260710114238274958:000539,urn:sds:reg:esrs:e1_5_12,539000,kWh,539,MWh,539,MWh,539000,kWh,true,success,
R8-000540,emissions_kgco2e_to_tco2e,emissions,gate-r8-transform-20260710114238274958:000540,urn:sds:reg:gri:gri_305_3_a,540000,kg CO2e,540,t CO2e,540,t CO2e,540000,kg CO2e,true,success,
R8-000541,water_l_to_m3,water,gate-r8-transform-20260710114238274958:000541,urn:sds:reg:esrs:e3_4_01,541000,L,541,m³,541,m³,541000,L,true,success,
R8-000542,energy_kwh_to_mwh,energy,gate-r8-transform-20260710114238274958:000542,urn:sds:reg:esrs:e1_5_12,542000,kWh,542,MWh,542,MWh,542000,kWh,true,success,
R8-000543,emissions_kgco2e_to_tco2e,emissions,gate-r8-transform-20260710114238274958:000543,urn:sds:reg:gri:gri_305_3_a,543000,kg CO2e,543,t CO2e,543,t CO2e,543000,kg CO2e,true,success,
R8-000544,water_l_to_m3,water,gate-r8-transform-20260710114238274958:000544,urn:sds:reg:esrs:e3_4_01,544000,L,544,m³,544,m³,544000,L,true,success,
R8-000545,energy_kwh_to_mwh,energy,gate-r8-transform-20260710114238274958:000545,urn:sds:reg:esrs:e1_5_12,545000,kWh,545,MWh,545,MWh,545000,kWh,true,success,
R8-000546,emissions_kgco2e_to_tco2e,emissions,gate-r8-transform-20260710114238274958:000546,urn:sds:reg:gri:gri_305_3_a,546000,kg CO2e,546,t CO2e,546,t CO2e,546000,kg CO2e,true,success,
R8-000547,water_l_to_m3,water,gate-r8-transform-20260710114238274958:000547,urn:sds:reg:esrs:e3_4_01,547000,L,547,m³,547,m³,547000,L,true,success,
R8-000548,energy_kwh_to_mwh,energy,gate-r8-transform-20260710114238274958:000548,urn:sds:reg:esrs:e1_5_12,548000,kWh,548,MWh,548,MWh,548000,kWh,true,success,
R8-000549,emissions_kgco2e_to_tco2e,emissions,gate-r8-transform-20260710114238274958:000549,urn:sds:reg:gri:gri_305_3_a,549000,kg CO2e,549,t CO2e,549,t CO2e,549000,kg CO2e,true,success,
R8-000550,water_l_to_m3,water,gate-r8-transform-20260710114238274958:000550,urn:sds:reg:esrs:e3_4_01,550000,L,550,m³,550,m³,550000,L,true,success,
R8-000551,energy_kwh_to_mwh,energy,gate-r8-transform-20260710114238274958:000551,urn:sds:reg:esrs:e1_5_12,551000,kWh,551,MWh,551,MWh,551000,kWh,true,success,
R8-000552,emissions_kgco2e_to_tco2e,emissions,gate-r8-transform-20260710114238274958:000552,urn:sds:reg:gri:gri_305_3_a,552000,kg CO2e,552,t CO2e,552,t CO2e,552000,kg CO2e,true,success,
R8-000553,water_l_to_m3,water,gate-r8-transform-20260710114238274958:000553,urn:sds:reg:esrs:e3_4_01,553000,L,553,m³,553,m³,553000,L,true,success,
R8-000554,energy_kwh_to_mwh,energy,gate-r8-transform-20260710114238274958:000554,urn:sds:reg:esrs:e1_5_12,554000,kWh,554,MWh,554,MWh,554000,kWh,true,success,
R8-000555,emissions_kgco2e_to_tco2e,emissions,gate-r8-transform-20260710114238274958:000555,urn:sds:reg:gri:gri_305_3_a,555000,kg CO2e,555,t CO2e,555,t CO2e,555000,kg CO2e,true,success,
R8-000556,water_l_to_m3,water,gate-r8-transform-20260710114238274958:000556,urn:sds:reg:esrs:e3_4_01,556000,L,556,m³,556,m³,556000,L,true,success,
R8-000557,energy_kwh_to_mwh,energy,gate-r8-transform-20260710114238274958:000557,urn:sds:reg:esrs:e1_5_12,557000,kWh,557,MWh,557,MWh,557000,kWh,true,success,
R8-000558,emissions_kgco2e_to_tco2e,emissions,gate-r8-transform-20260710114238274958:000558,urn:sds:reg:gri:gri_305_3_a,558000,kg CO2e,558,t CO2e,558,t CO2e,558000,kg CO2e,true,success,
R8-000559,water_l_to_m3,water,gate-r8-transform-20260710114238274958:000559,urn:sds:reg:esrs:e3_4_01,559000,L,559,m³,559,m³,559000,L,true,success,
R8-000560,energy_kwh_to_mwh,energy,gate-r8-transform-20260710114238274958:000560,urn:sds:reg:esrs:e1_5_12,560000,kWh,560,MWh,560,MWh,560000,kWh,true,success,
R8-000561,emissions_kgco2e_to_tco2e,emissions,gate-r8-transform-20260710114238274958:000561,urn:sds:reg:gri:gri_305_3_a,561000,kg CO2e,561,t CO2e,561,t CO2e,561000,kg CO2e,true,success,
R8-000562,water_l_to_m3,water,gate-r8-transform-20260710114238274958:000562,urn:sds:reg:esrs:e3_4_01,562000,L,562,m³,562,m³,562000,L,true,success,
R8-000563,energy_kwh_to_mwh,energy,gate-r8-transform-20260710114238274958:000563,urn:sds:reg:esrs:e1_5_12,563000,kWh,563,MWh,563,MWh,563000,kWh,true,success,
R8-000564,emissions_kgco2e_to_tco2e,emissions,gate-r8-transform-20260710114238274958:000564,urn:sds:reg:gri:gri_305_3_a,564000,kg CO2e,564,t CO2e,564,t CO2e,564000,kg CO2e,true,success,
R8-000565,water_l_to_m3,water,gate-r8-transform-20260710114238274958:000565,urn:sds:reg:esrs:e3_4_01,565000,L,565,m³,565,m³,565000,L,true,success,
R8-000566,energy_kwh_to_mwh,energy,gate-r8-transform-20260710114238274958:000566,urn:sds:reg:esrs:e1_5_12,566000,kWh,566,MWh,566,MWh,566000,kWh,true,success,
R8-000567,emissions_kgco2e_to_tco2e,emissions,gate-r8-transform-20260710114238274958:000567,urn:sds:reg:gri:gri_305_3_a,567000,kg CO2e,567,t CO2e,567,t CO2e,567000,kg CO2e,true,success,
R8-000568,water_l_to_m3,water,gate-r8-transform-20260710114238274958:000568,urn:sds:reg:esrs:e3_4_01,568000,L,568,m³,568,m³,568000,L,true,success,
R8-000569,energy_kwh_to_mwh,energy,gate-r8-transform-20260710114238274958:000569,urn:sds:reg:esrs:e1_5_12,569000,kWh,569,MWh,569,MWh,569000,kWh,true,success,
R8-000570,emissions_kgco2e_to_tco2e,emissions,gate-r8-transform-20260710114238274958:000570,urn:sds:reg:gri:gri_305_3_a,570000,kg CO2e,570,t CO2e,570,t CO2e,570000,kg CO2e,true,success,
R8-000571,water_l_to_m3,water,gate-r8-transform-20260710114238274958:000571,urn:sds:reg:esrs:e3_4_01,571000,L,571,m³,571,m³,571000,L,true,success,
R8-000572,energy_kwh_to_mwh,energy,gate-r8-transform-20260710114238274958:000572,urn:sds:reg:esrs:e1_5_12,572000,kWh,572,MWh,572,MWh,572000,kWh,true,success,
R8-000573,emissions_kgco2e_to_tco2e,emissions,gate-r8-transform-20260710114238274958:000573,urn:sds:reg:gri:gri_305_3_a,573000,kg CO2e,573,t CO2e,573,t CO2e,573000,kg CO2e,true,success,
R8-000574,water_l_to_m3,water,gate-r8-transform-20260710114238274958:000574,urn:sds:reg:esrs:e3_4_01,574000,L,574,m³,574,m³,574000,L,true,success,
R8-000575,energy_kwh_to_mwh,energy,gate-r8-transform-20260710114238274958:000575,urn:sds:reg:esrs:e1_5_12,575000,kWh,575,MWh,575,MWh,575000,kWh,true,success,
R8-000576,emissions_kgco2e_to_tco2e,emissions,gate-r8-transform-20260710114238274958:000576,urn:sds:reg:gri:gri_305_3_a,576000,kg CO2e,576,t CO2e,576,t CO2e,576000,kg CO2e,true,success,
R8-000577,water_l_to_m3,water,gate-r8-transform-20260710114238274958:000577,urn:sds:reg:esrs:e3_4_01,577000,L,577,m³,577,m³,577000,L,true,success,
R8-000578,energy_kwh_to_mwh,energy,gate-r8-transform-20260710114238274958:000578,urn:sds:reg:esrs:e1_5_12,578000,kWh,578,MWh,578,MWh,578000,kWh,true,success,
R8-000579,emissions_kgco2e_to_tco2e,emissions,gate-r8-transform-20260710114238274958:000579,urn:sds:reg:gri:gri_305_3_a,579000,kg CO2e,579,t CO2e,579,t CO2e,579000,kg CO2e,true,success,
R8-000580,water_l_to_m3,water,gate-r8-transform-20260710114238274958:000580,urn:sds:reg:esrs:e3_4_01,580000,L,580,m³,580,m³,580000,L,true,success,
R8-000581,energy_kwh_to_mwh,energy,gate-r8-transform-20260710114238274958:000581,urn:sds:reg:esrs:e1_5_12,581000,kWh,581,MWh,581,MWh,581000,kWh,true,success,
R8-000582,emissions_kgco2e_to_tco2e,emissions,gate-r8-transform-20260710114238274958:000582,urn:sds:reg:gri:gri_305_3_a,582000,kg CO2e,582,t CO2e,582,t CO2e,582000,kg CO2e,true,success,
R8-000583,water_l_to_m3,water,gate-r8-transform-20260710114238274958:000583,urn:sds:reg:esrs:e3_4_01,583000,L,583,m³,583,m³,583000,L,true,success,
R8-000584,energy_kwh_to_mwh,energy,gate-r8-transform-20260710114238274958:000584,urn:sds:reg:esrs:e1_5_12,584000,kWh,584,MWh,584,MWh,584000,kWh,true,success,
R8-000585,emissions_kgco2e_to_tco2e,emissions,gate-r8-transform-20260710114238274958:000585,urn:sds:reg:gri:gri_305_3_a,585000,kg CO2e,585,t CO2e,585,t CO2e,585000,kg CO2e,true,success,
R8-000586,water_l_to_m3,water,gate-r8-transform-20260710114238274958:000586,urn:sds:reg:esrs:e3_4_01,586000,L,586,m³,586,m³,586000,L,true,success,
R8-000587,energy_kwh_to_mwh,energy,gate-r8-transform-20260710114238274958:000587,urn:sds:reg:esrs:e1_5_12,587000,kWh,587,MWh,587,MWh,587000,kWh,true,success,
R8-000588,emissions_kgco2e_to_tco2e,emissions,gate-r8-transform-20260710114238274958:000588,urn:sds:reg:gri:gri_305_3_a,588000,kg CO2e,588,t CO2e,588,t CO2e,588000,kg CO2e,true,success,
R8-000589,water_l_to_m3,water,gate-r8-transform-20260710114238274958:000589,urn:sds:reg:esrs:e3_4_01,589000,L,589,m³,589,m³,589000,L,true,success,
R8-000590,energy_kwh_to_mwh,energy,gate-r8-transform-20260710114238274958:000590,urn:sds:reg:esrs:e1_5_12,590000,kWh,590,MWh,590,MWh,590000,kWh,true,success,
R8-000591,emissions_kgco2e_to_tco2e,emissions,gate-r8-transform-20260710114238274958:000591,urn:sds:reg:gri:gri_305_3_a,591000,kg CO2e,591,t CO2e,591,t CO2e,591000,kg CO2e,true,success,
R8-000592,water_l_to_m3,water,gate-r8-transform-20260710114238274958:000592,urn:sds:reg:esrs:e3_4_01,592000,L,592,m³,592,m³,592000,L,true,success,
R8-000593,energy_kwh_to_mwh,energy,gate-r8-transform-20260710114238274958:000593,urn:sds:reg:esrs:e1_5_12,593000,kWh,593,MWh,593,MWh,593000,kWh,true,success,
R8-000594,emissions_kgco2e_to_tco2e,emissions,gate-r8-transform-20260710114238274958:000594,urn:sds:reg:gri:gri_305_3_a,594000,kg CO2e,594,t CO2e,594,t CO2e,594000,kg CO2e,true,success,
R8-000595,water_l_to_m3,water,gate-r8-transform-20260710114238274958:000595,urn:sds:reg:esrs:e3_4_01,595000,L,595,m³,595,m³,595000,L,true,success,
R8-000596,energy_kwh_to_mwh,energy,gate-r8-transform-20260710114238274958:000596,urn:sds:reg:esrs:e1_5_12,596000,kWh,596,MWh,596,MWh,596000,kWh,true,success,
R8-000597,emissions_kgco2e_to_tco2e,emissions,gate-r8-transform-20260710114238274958:000597,urn:sds:reg:gri:gri_305_3_a,597000,kg CO2e,597,t CO2e,597,t CO2e,597000,kg CO2e,true,success,
R8-000598,water_l_to_m3,water,gate-r8-transform-20260710114238274958:000598,urn:sds:reg:esrs:e3_4_01,598000,L,598,m³,598,m³,598000,L,true,success,
R8-000599,energy_kwh_to_mwh,energy,gate-r8-transform-20260710114238274958:000599,urn:sds:reg:esrs:e1_5_12,599000,kWh,599,MWh,599,MWh,599000,kWh,true,success,
R8-000600,emissions_kgco2e_to_tco2e,emissions,gate-r8-transform-20260710114238274958:000600,urn:sds:reg:gri:gri_305_3_a,600000,kg CO2e,600,t CO2e,600,t CO2e,600000,kg CO2e,true,success,
R8-000601,water_l_to_m3,water,gate-r8-transform-20260710114238274958:000601,urn:sds:reg:esrs:e3_4_01,601000,L,601,m³,601,m³,601000,L,true,success,
R8-000602,energy_kwh_to_mwh,energy,gate-r8-transform-20260710114238274958:000602,urn:sds:reg:esrs:e1_5_12,602000,kWh,602,MWh,602,MWh,602000,kWh,true,success,
R8-000603,emissions_kgco2e_to_tco2e,emissions,gate-r8-transform-20260710114238274958:000603,urn:sds:reg:gri:gri_305_3_a,603000,kg CO2e,603,t CO2e,603,t CO2e,603000,kg CO2e,true,success,
R8-000604,water_l_to_m3,water,gate-r8-transform-20260710114238274958:000604,urn:sds:reg:esrs:e3_4_01,604000,L,604,m³,604,m³,604000,L,true,success,
R8-000605,energy_kwh_to_mwh,energy,gate-r8-transform-20260710114238274958:000605,urn:sds:reg:esrs:e1_5_12,605000,kWh,605,MWh,605,MWh,605000,kWh,true,success,
R8-000606,emissions_kgco2e_to_tco2e,emissions,gate-r8-transform-20260710114238274958:000606,urn:sds:reg:gri:gri_305_3_a,606000,kg CO2e,606,t CO2e,606,t CO2e,606000,kg CO2e,true,success,
R8-000607,water_l_to_m3,water,gate-r8-transform-20260710114238274958:000607,urn:sds:reg:esrs:e3_4_01,607000,L,607,m³,607,m³,607000,L,true,success,
R8-000608,energy_kwh_to_mwh,energy,gate-r8-transform-20260710114238274958:000608,urn:sds:reg:esrs:e1_5_12,608000,kWh,608,MWh,608,MWh,608000,kWh,true,success,
R8-000609,emissions_kgco2e_to_tco2e,emissions,gate-r8-transform-20260710114238274958:000609,urn:sds:reg:gri:gri_305_3_a,609000,kg CO2e,609,t CO2e,609,t CO2e,609000,kg CO2e,true,success,
R8-000610,water_l_to_m3,water,gate-r8-transform-20260710114238274958:000610,urn:sds:reg:esrs:e3_4_01,610000,L,610,m³,610,m³,610000,L,true,success,
R8-000611,energy_kwh_to_mwh,energy,gate-r8-transform-20260710114238274958:000611,urn:sds:reg:esrs:e1_5_12,611000,kWh,611,MWh,611,MWh,611000,kWh,true,success,
R8-000612,emissions_kgco2e_to_tco2e,emissions,gate-r8-transform-20260710114238274958:000612,urn:sds:reg:gri:gri_305_3_a,612000,kg CO2e,612,t CO2e,612,t CO2e,612000,kg CO2e,true,success,
R8-000613,water_l_to_m3,water,gate-r8-transform-20260710114238274958:000613,urn:sds:reg:esrs:e3_4_01,613000,L,613,m³,613,m³,613000,L,true,success,
R8-000614,energy_kwh_to_mwh,energy,gate-r8-transform-20260710114238274958:000614,urn:sds:reg:esrs:e1_5_12,614000,kWh,614,MWh,614,MWh,614000,kWh,true,success,
R8-000615,emissions_kgco2e_to_tco2e,emissions,gate-r8-transform-20260710114238274958:000615,urn:sds:reg:gri:gri_305_3_a,615000,kg CO2e,615,t CO2e,615,t CO2e,615000,kg CO2e,true,success,
R8-000616,water_l_to_m3,water,gate-r8-transform-20260710114238274958:000616,urn:sds:reg:esrs:e3_4_01,616000,L,616,m³,616,m³,616000,L,true,success,
R8-000617,energy_kwh_to_mwh,energy,gate-r8-transform-20260710114238274958:000617,urn:sds:reg:esrs:e1_5_12,617000,kWh,617,MWh,617,MWh,617000,kWh,true,success,
R8-000618,emissions_kgco2e_to_tco2e,emissions,gate-r8-transform-20260710114238274958:000618,urn:sds:reg:gri:gri_305_3_a,618000,kg CO2e,618,t CO2e,618,t CO2e,618000,kg CO2e,true,success,
R8-000619,water_l_to_m3,water,gate-r8-transform-20260710114238274958:000619,urn:sds:reg:esrs:e3_4_01,619000,L,619,m³,619,m³,619000,L,true,success,
R8-000620,energy_kwh_to_mwh,energy,gate-r8-transform-20260710114238274958:000620,urn:sds:reg:esrs:e1_5_12,620000,kWh,620,MWh,620,MWh,620000,kWh,true,success,
R8-000621,emissions_kgco2e_to_tco2e,emissions,gate-r8-transform-20260710114238274958:000621,urn:sds:reg:gri:gri_305_3_a,621000,kg CO2e,621,t CO2e,621,t CO2e,621000,kg CO2e,true,success,
R8-000622,water_l_to_m3,water,gate-r8-transform-20260710114238274958:000622,urn:sds:reg:esrs:e3_4_01,622000,L,622,m³,622,m³,622000,L,true,success,
R8-000623,energy_kwh_to_mwh,energy,gate-r8-transform-20260710114238274958:000623,urn:sds:reg:esrs:e1_5_12,623000,kWh,623,MWh,623,MWh,623000,kWh,true,success,
R8-000624,emissions_kgco2e_to_tco2e,emissions,gate-r8-transform-20260710114238274958:000624,urn:sds:reg:gri:gri_305_3_a,624000,kg CO2e,624,t CO2e,624,t CO2e,624000,kg CO2e,true,success,
R8-000625,water_l_to_m3,water,gate-r8-transform-20260710114238274958:000625,urn:sds:reg:esrs:e3_4_01,625000,L,625,m³,625,m³,625000,L,true,success,
R8-000626,energy_kwh_to_mwh,energy,gate-r8-transform-20260710114238274958:000626,urn:sds:reg:esrs:e1_5_12,626000,kWh,626,MWh,626,MWh,626000,kWh,true,success,
R8-000627,emissions_kgco2e_to_tco2e,emissions,gate-r8-transform-20260710114238274958:000627,urn:sds:reg:gri:gri_305_3_a,627000,kg CO2e,627,t CO2e,627,t CO2e,627000,kg CO2e,true,success,
R8-000628,water_l_to_m3,water,gate-r8-transform-20260710114238274958:000628,urn:sds:reg:esrs:e3_4_01,628000,L,628,m³,628,m³,628000,L,true,success,
R8-000629,energy_kwh_to_mwh,energy,gate-r8-transform-20260710114238274958:000629,urn:sds:reg:esrs:e1_5_12,629000,kWh,629,MWh,629,MWh,629000,kWh,true,success,
R8-000630,emissions_kgco2e_to_tco2e,emissions,gate-r8-transform-20260710114238274958:000630,urn:sds:reg:gri:gri_305_3_a,630000,kg CO2e,630,t CO2e,630,t CO2e,630000,kg CO2e,true,success,
R8-000631,water_l_to_m3,water,gate-r8-transform-20260710114238274958:000631,urn:sds:reg:esrs:e3_4_01,631000,L,631,m³,631,m³,631000,L,true,success,
R8-000632,energy_kwh_to_mwh,energy,gate-r8-transform-20260710114238274958:000632,urn:sds:reg:esrs:e1_5_12,632000,kWh,632,MWh,632,MWh,632000,kWh,true,success,
R8-000633,emissions_kgco2e_to_tco2e,emissions,gate-r8-transform-20260710114238274958:000633,urn:sds:reg:gri:gri_305_3_a,633000,kg CO2e,633,t CO2e,633,t CO2e,633000,kg CO2e,true,success,
R8-000634,water_l_to_m3,water,gate-r8-transform-20260710114238274958:000634,urn:sds:reg:esrs:e3_4_01,634000,L,634,m³,634,m³,634000,L,true,success,
R8-000635,energy_kwh_to_mwh,energy,gate-r8-transform-20260710114238274958:000635,urn:sds:reg:esrs:e1_5_12,635000,kWh,635,MWh,635,MWh,635000,kWh,true,success,
R8-000636,emissions_kgco2e_to_tco2e,emissions,gate-r8-transform-20260710114238274958:000636,urn:sds:reg:gri:gri_305_3_a,636000,kg CO2e,636,t CO2e,636,t CO2e,636000,kg CO2e,true,success,
R8-000637,water_l_to_m3,water,gate-r8-transform-20260710114238274958:000637,urn:sds:reg:esrs:e3_4_01,637000,L,637,m³,637,m³,637000,L,true,success,
R8-000638,energy_kwh_to_mwh,energy,gate-r8-transform-20260710114238274958:000638,urn:sds:reg:esrs:e1_5_12,638000,kWh,638,MWh,638,MWh,638000,kWh,true,success,
R8-000639,emissions_kgco2e_to_tco2e,emissions,gate-r8-transform-20260710114238274958:000639,urn:sds:reg:gri:gri_305_3_a,639000,kg CO2e,639,t CO2e,639,t CO2e,639000,kg CO2e,true,success,
R8-000640,water_l_to_m3,water,gate-r8-transform-20260710114238274958:000640,urn:sds:reg:esrs:e3_4_01,640000,L,640,m³,640,m³,640000,L,true,success,
R8-000641,energy_kwh_to_mwh,energy,gate-r8-transform-20260710114238274958:000641,urn:sds:reg:esrs:e1_5_12,641000,kWh,641,MWh,641,MWh,641000,kWh,true,success,
R8-000642,emissions_kgco2e_to_tco2e,emissions,gate-r8-transform-20260710114238274958:000642,urn:sds:reg:gri:gri_305_3_a,642000,kg CO2e,642,t CO2e,642,t CO2e,642000,kg CO2e,true,success,
R8-000643,water_l_to_m3,water,gate-r8-transform-20260710114238274958:000643,urn:sds:reg:esrs:e3_4_01,643000,L,643,m³,643,m³,643000,L,true,success,
R8-000644,energy_kwh_to_mwh,energy,gate-r8-transform-20260710114238274958:000644,urn:sds:reg:esrs:e1_5_12,644000,kWh,644,MWh,644,MWh,644000,kWh,true,success,
R8-000645,emissions_kgco2e_to_tco2e,emissions,gate-r8-transform-20260710114238274958:000645,urn:sds:reg:gri:gri_305_3_a,645000,kg CO2e,645,t CO2e,645,t CO2e,645000,kg CO2e,true,success,
R8-000646,water_l_to_m3,water,gate-r8-transform-20260710114238274958:000646,urn:sds:reg:esrs:e3_4_01,646000,L,646,m³,646,m³,646000,L,true,success,
R8-000647,energy_kwh_to_mwh,energy,gate-r8-transform-20260710114238274958:000647,urn:sds:reg:esrs:e1_5_12,647000,kWh,647,MWh,647,MWh,647000,kWh,true,success,
R8-000648,emissions_kgco2e_to_tco2e,emissions,gate-r8-transform-20260710114238274958:000648,urn:sds:reg:gri:gri_305_3_a,648000,kg CO2e,648,t CO2e,648,t CO2e,648000,kg CO2e,true,success,
R8-000649,water_l_to_m3,water,gate-r8-transform-20260710114238274958:000649,urn:sds:reg:esrs:e3_4_01,649000,L,649,m³,649,m³,649000,L,true,success,
R8-000650,energy_kwh_to_mwh,energy,gate-r8-transform-20260710114238274958:000650,urn:sds:reg:esrs:e1_5_12,650000,kWh,650,MWh,650,MWh,650000,kWh,true,success,
R8-000651,emissions_kgco2e_to_tco2e,emissions,gate-r8-transform-20260710114238274958:000651,urn:sds:reg:gri:gri_305_3_a,651000,kg CO2e,651,t CO2e,651,t CO2e,651000,kg CO2e,true,success,
R8-000652,water_l_to_m3,water,gate-r8-transform-20260710114238274958:000652,urn:sds:reg:esrs:e3_4_01,652000,L,652,m³,652,m³,652000,L,true,success,
R8-000653,energy_kwh_to_mwh,energy,gate-r8-transform-20260710114238274958:000653,urn:sds:reg:esrs:e1_5_12,653000,kWh,653,MWh,653,MWh,653000,kWh,true,success,
R8-000654,emissions_kgco2e_to_tco2e,emissions,gate-r8-transform-20260710114238274958:000654,urn:sds:reg:gri:gri_305_3_a,654000,kg CO2e,654,t CO2e,654,t CO2e,654000,kg CO2e,true,success,
R8-000655,water_l_to_m3,water,gate-r8-transform-20260710114238274958:000655,urn:sds:reg:esrs:e3_4_01,655000,L,655,m³,655,m³,655000,L,true,success,
R8-000656,energy_kwh_to_mwh,energy,gate-r8-transform-20260710114238274958:000656,urn:sds:reg:esrs:e1_5_12,656000,kWh,656,MWh,656,MWh,656000,kWh,true,success,
R8-000657,emissions_kgco2e_to_tco2e,emissions,gate-r8-transform-20260710114238274958:000657,urn:sds:reg:gri:gri_305_3_a,657000,kg CO2e,657,t CO2e,657,t CO2e,657000,kg CO2e,true,success,
R8-000658,water_l_to_m3,water,gate-r8-transform-20260710114238274958:000658,urn:sds:reg:esrs:e3_4_01,658000,L,658,m³,658,m³,658000,L,true,success,
R8-000659,energy_kwh_to_mwh,energy,gate-r8-transform-20260710114238274958:000659,urn:sds:reg:esrs:e1_5_12,659000,kWh,659,MWh,659,MWh,659000,kWh,true,success,
R8-000660,emissions_kgco2e_to_tco2e,emissions,gate-r8-transform-20260710114238274958:000660,urn:sds:reg:gri:gri_305_3_a,660000,kg CO2e,660,t CO2e,660,t CO2e,660000,kg CO2e,true,success,
R8-000661,water_l_to_m3,water,gate-r8-transform-20260710114238274958:000661,urn:sds:reg:esrs:e3_4_01,661000,L,661,m³,661,m³,661000,L,true,success,
R8-000662,energy_kwh_to_mwh,energy,gate-r8-transform-20260710114238274958:000662,urn:sds:reg:esrs:e1_5_12,662000,kWh,662,MWh,662,MWh,662000,kWh,true,success,
R8-000663,emissions_kgco2e_to_tco2e,emissions,gate-r8-transform-20260710114238274958:000663,urn:sds:reg:gri:gri_305_3_a,663000,kg CO2e,663,t CO2e,663,t CO2e,663000,kg CO2e,true,success,
R8-000664,water_l_to_m3,water,gate-r8-transform-20260710114238274958:000664,urn:sds:reg:esrs:e3_4_01,664000,L,664,m³,664,m³,664000,L,true,success,
R8-000665,energy_kwh_to_mwh,energy,gate-r8-transform-20260710114238274958:000665,urn:sds:reg:esrs:e1_5_12,665000,kWh,665,MWh,665,MWh,665000,kWh,true,success,
R8-000666,emissions_kgco2e_to_tco2e,emissions,gate-r8-transform-20260710114238274958:000666,urn:sds:reg:gri:gri_305_3_a,666000,kg CO2e,666,t CO2e,666,t CO2e,666000,kg CO2e,true,success,
R8-000667,water_l_to_m3,water,gate-r8-transform-20260710114238274958:000667,urn:sds:reg:esrs:e3_4_01,667000,L,667,m³,667,m³,667000,L,true,success,
R8-000668,energy_kwh_to_mwh,energy,gate-r8-transform-20260710114238274958:000668,urn:sds:reg:esrs:e1_5_12,668000,kWh,668,MWh,668,MWh,668000,kWh,true,success,
R8-000669,emissions_kgco2e_to_tco2e,emissions,gate-r8-transform-20260710114238274958:000669,urn:sds:reg:gri:gri_305_3_a,669000,kg CO2e,669,t CO2e,669,t CO2e,669000,kg CO2e,true,success,
R8-000670,water_l_to_m3,water,gate-r8-transform-20260710114238274958:000670,urn:sds:reg:esrs:e3_4_01,670000,L,670,m³,670,m³,670000,L,true,success,
R8-000671,energy_kwh_to_mwh,energy,gate-r8-transform-20260710114238274958:000671,urn:sds:reg:esrs:e1_5_12,671000,kWh,671,MWh,671,MWh,671000,kWh,true,success,
R8-000672,emissions_kgco2e_to_tco2e,emissions,gate-r8-transform-20260710114238274958:000672,urn:sds:reg:gri:gri_305_3_a,672000,kg CO2e,672,t CO2e,672,t CO2e,672000,kg CO2e,true,success,
R8-000673,water_l_to_m3,water,gate-r8-transform-20260710114238274958:000673,urn:sds:reg:esrs:e3_4_01,673000,L,673,m³,673,m³,673000,L,true,success,
R8-000674,energy_kwh_to_mwh,energy,gate-r8-transform-20260710114238274958:000674,urn:sds:reg:esrs:e1_5_12,674000,kWh,674,MWh,674,MWh,674000,kWh,true,success,
R8-000675,emissions_kgco2e_to_tco2e,emissions,gate-r8-transform-20260710114238274958:000675,urn:sds:reg:gri:gri_305_3_a,675000,kg CO2e,675,t CO2e,675,t CO2e,675000,kg CO2e,true,success,
R8-000676,water_l_to_m3,water,gate-r8-transform-20260710114238274958:000676,urn:sds:reg:esrs:e3_4_01,676000,L,676,m³,676,m³,676000,L,true,success,
R8-000677,energy_kwh_to_mwh,energy,gate-r8-transform-20260710114238274958:000677,urn:sds:reg:esrs:e1_5_12,677000,kWh,677,MWh,677,MWh,677000,kWh,true,success,
R8-000678,emissions_kgco2e_to_tco2e,emissions,gate-r8-transform-20260710114238274958:000678,urn:sds:reg:gri:gri_305_3_a,678000,kg CO2e,678,t CO2e,678,t CO2e,678000,kg CO2e,true,success,
R8-000679,water_l_to_m3,water,gate-r8-transform-20260710114238274958:000679,urn:sds:reg:esrs:e3_4_01,679000,L,679,m³,679,m³,679000,L,true,success,
R8-000680,energy_kwh_to_mwh,energy,gate-r8-transform-20260710114238274958:000680,urn:sds:reg:esrs:e1_5_12,680000,kWh,680,MWh,680,MWh,680000,kWh,true,success,
R8-000681,emissions_kgco2e_to_tco2e,emissions,gate-r8-transform-20260710114238274958:000681,urn:sds:reg:gri:gri_305_3_a,681000,kg CO2e,681,t CO2e,681,t CO2e,681000,kg CO2e,true,success,
R8-000682,water_l_to_m3,water,gate-r8-transform-20260710114238274958:000682,urn:sds:reg:esrs:e3_4_01,682000,L,682,m³,682,m³,682000,L,true,success,
R8-000683,energy_kwh_to_mwh,energy,gate-r8-transform-20260710114238274958:000683,urn:sds:reg:esrs:e1_5_12,683000,kWh,683,MWh,683,MWh,683000,kWh,true,success,
R8-000684,emissions_kgco2e_to_tco2e,emissions,gate-r8-transform-20260710114238274958:000684,urn:sds:reg:gri:gri_305_3_a,684000,kg CO2e,684,t CO2e,684,t CO2e,684000,kg CO2e,true,success,
R8-000685,water_l_to_m3,water,gate-r8-transform-20260710114238274958:000685,urn:sds:reg:esrs:e3_4_01,685000,L,685,m³,685,m³,685000,L,true,success,
R8-000686,energy_kwh_to_mwh,energy,gate-r8-transform-20260710114238274958:000686,urn:sds:reg:esrs:e1_5_12,686000,kWh,686,MWh,686,MWh,686000,kWh,true,success,
R8-000687,emissions_kgco2e_to_tco2e,emissions,gate-r8-transform-20260710114238274958:000687,urn:sds:reg:gri:gri_305_3_a,687000,kg CO2e,687,t CO2e,687,t CO2e,687000,kg CO2e,true,success,
R8-000688,water_l_to_m3,water,gate-r8-transform-20260710114238274958:000688,urn:sds:reg:esrs:e3_4_01,688000,L,688,m³,688,m³,688000,L,true,success,
R8-000689,energy_kwh_to_mwh,energy,gate-r8-transform-20260710114238274958:000689,urn:sds:reg:esrs:e1_5_12,689000,kWh,689,MWh,689,MWh,689000,kWh,true,success,
R8-000690,emissions_kgco2e_to_tco2e,emissions,gate-r8-transform-20260710114238274958:000690,urn:sds:reg:gri:gri_305_3_a,690000,kg CO2e,690,t CO2e,690,t CO2e,690000,kg CO2e,true,success,
R8-000691,water_l_to_m3,water,gate-r8-transform-20260710114238274958:000691,urn:sds:reg:esrs:e3_4_01,691000,L,691,m³,691,m³,691000,L,true,success,
R8-000692,energy_kwh_to_mwh,energy,gate-r8-transform-20260710114238274958:000692,urn:sds:reg:esrs:e1_5_12,692000,kWh,692,MWh,692,MWh,692000,kWh,true,success,
R8-000693,emissions_kgco2e_to_tco2e,emissions,gate-r8-transform-20260710114238274958:000693,urn:sds:reg:gri:gri_305_3_a,693000,kg CO2e,693,t CO2e,693,t CO2e,693000,kg CO2e,true,success,
R8-000694,water_l_to_m3,water,gate-r8-transform-20260710114238274958:000694,urn:sds:reg:esrs:e3_4_01,694000,L,694,m³,694,m³,694000,L,true,success,
R8-000695,energy_kwh_to_mwh,energy,gate-r8-transform-20260710114238274958:000695,urn:sds:reg:esrs:e1_5_12,695000,kWh,695,MWh,695,MWh,695000,kWh,true,success,
R8-000696,emissions_kgco2e_to_tco2e,emissions,gate-r8-transform-20260710114238274958:000696,urn:sds:reg:gri:gri_305_3_a,696000,kg CO2e,696,t CO2e,696,t CO2e,696000,kg CO2e,true,success,
R8-000697,water_l_to_m3,water,gate-r8-transform-20260710114238274958:000697,urn:sds:reg:esrs:e3_4_01,697000,L,697,m³,697,m³,697000,L,true,success,
R8-000698,energy_kwh_to_mwh,energy,gate-r8-transform-20260710114238274958:000698,urn:sds:reg:esrs:e1_5_12,698000,kWh,698,MWh,698,MWh,698000,kWh,true,success,
R8-000699,emissions_kgco2e_to_tco2e,emissions,gate-r8-transform-20260710114238274958:000699,urn:sds:reg:gri:gri_305_3_a,699000,kg CO2e,699,t CO2e,699,t CO2e,699000,kg CO2e,true,success,
R8-000700,water_l_to_m3,water,gate-r8-transform-20260710114238274958:000700,urn:sds:reg:esrs:e3_4_01,700000,L,700,m³,700,m³,700000,L,true,success,
R8-000701,energy_kwh_to_mwh,energy,gate-r8-transform-20260710114238274958:000701,urn:sds:reg:esrs:e1_5_12,701000,kWh,701,MWh,701,MWh,701000,kWh,true,success,
R8-000702,emissions_kgco2e_to_tco2e,emissions,gate-r8-transform-20260710114238274958:000702,urn:sds:reg:gri:gri_305_3_a,702000,kg CO2e,702,t CO2e,702,t CO2e,702000,kg CO2e,true,success,
R8-000703,water_l_to_m3,water,gate-r8-transform-20260710114238274958:000703,urn:sds:reg:esrs:e3_4_01,703000,L,703,m³,703,m³,703000,L,true,success,
R8-000704,energy_kwh_to_mwh,energy,gate-r8-transform-20260710114238274958:000704,urn:sds:reg:esrs:e1_5_12,704000,kWh,704,MWh,704,MWh,704000,kWh,true,success,
R8-000705,emissions_kgco2e_to_tco2e,emissions,gate-r8-transform-20260710114238274958:000705,urn:sds:reg:gri:gri_305_3_a,705000,kg CO2e,705,t CO2e,705,t CO2e,705000,kg CO2e,true,success,
R8-000706,water_l_to_m3,water,gate-r8-transform-20260710114238274958:000706,urn:sds:reg:esrs:e3_4_01,706000,L,706,m³,706,m³,706000,L,true,success,
R8-000707,energy_kwh_to_mwh,energy,gate-r8-transform-20260710114238274958:000707,urn:sds:reg:esrs:e1_5_12,707000,kWh,707,MWh,707,MWh,707000,kWh,true,success,
R8-000708,emissions_kgco2e_to_tco2e,emissions,gate-r8-transform-20260710114238274958:000708,urn:sds:reg:gri:gri_305_3_a,708000,kg CO2e,708,t CO2e,708,t CO2e,708000,kg CO2e,true,success,
R8-000709,water_l_to_m3,water,gate-r8-transform-20260710114238274958:000709,urn:sds:reg:esrs:e3_4_01,709000,L,709,m³,709,m³,709000,L,true,success,
R8-000710,energy_kwh_to_mwh,energy,gate-r8-transform-20260710114238274958:000710,urn:sds:reg:esrs:e1_5_12,710000,kWh,710,MWh,710,MWh,710000,kWh,true,success,
R8-000711,emissions_kgco2e_to_tco2e,emissions,gate-r8-transform-20260710114238274958:000711,urn:sds:reg:gri:gri_305_3_a,711000,kg CO2e,711,t CO2e,711,t CO2e,711000,kg CO2e,true,success,
R8-000712,water_l_to_m3,water,gate-r8-transform-20260710114238274958:000712,urn:sds:reg:esrs:e3_4_01,712000,L,712,m³,712,m³,712000,L,true,success,
R8-000713,energy_kwh_to_mwh,energy,gate-r8-transform-20260710114238274958:000713,urn:sds:reg:esrs:e1_5_12,713000,kWh,713,MWh,713,MWh,713000,kWh,true,success,
R8-000714,emissions_kgco2e_to_tco2e,emissions,gate-r8-transform-20260710114238274958:000714,urn:sds:reg:gri:gri_305_3_a,714000,kg CO2e,714,t CO2e,714,t CO2e,714000,kg CO2e,true,success,
R8-000715,water_l_to_m3,water,gate-r8-transform-20260710114238274958:000715,urn:sds:reg:esrs:e3_4_01,715000,L,715,m³,715,m³,715000,L,true,success,
R8-000716,energy_kwh_to_mwh,energy,gate-r8-transform-20260710114238274958:000716,urn:sds:reg:esrs:e1_5_12,716000,kWh,716,MWh,716,MWh,716000,kWh,true,success,
R8-000717,emissions_kgco2e_to_tco2e,emissions,gate-r8-transform-20260710114238274958:000717,urn:sds:reg:gri:gri_305_3_a,717000,kg CO2e,717,t CO2e,717,t CO2e,717000,kg CO2e,true,success,
R8-000718,water_l_to_m3,water,gate-r8-transform-20260710114238274958:000718,urn:sds:reg:esrs:e3_4_01,718000,L,718,m³,718,m³,718000,L,true,success,
R8-000719,energy_kwh_to_mwh,energy,gate-r8-transform-20260710114238274958:000719,urn:sds:reg:esrs:e1_5_12,719000,kWh,719,MWh,719,MWh,719000,kWh,true,success,
R8-000720,emissions_kgco2e_to_tco2e,emissions,gate-r8-transform-20260710114238274958:000720,urn:sds:reg:gri:gri_305_3_a,720000,kg CO2e,720,t CO2e,720,t CO2e,720000,kg CO2e,true,success,
R8-000721,water_l_to_m3,water,gate-r8-transform-20260710114238274958:000721,urn:sds:reg:esrs:e3_4_01,721000,L,721,m³,721,m³,721000,L,true,success,
R8-000722,energy_kwh_to_mwh,energy,gate-r8-transform-20260710114238274958:000722,urn:sds:reg:esrs:e1_5_12,722000,kWh,722,MWh,722,MWh,722000,kWh,true,success,
R8-000723,emissions_kgco2e_to_tco2e,emissions,gate-r8-transform-20260710114238274958:000723,urn:sds:reg:gri:gri_305_3_a,723000,kg CO2e,723,t CO2e,723,t CO2e,723000,kg CO2e,true,success,
R8-000724,water_l_to_m3,water,gate-r8-transform-20260710114238274958:000724,urn:sds:reg:esrs:e3_4_01,724000,L,724,m³,724,m³,724000,L,true,success,
R8-000725,energy_kwh_to_mwh,energy,gate-r8-transform-20260710114238274958:000725,urn:sds:reg:esrs:e1_5_12,725000,kWh,725,MWh,725,MWh,725000,kWh,true,success,
R8-000726,emissions_kgco2e_to_tco2e,emissions,gate-r8-transform-20260710114238274958:000726,urn:sds:reg:gri:gri_305_3_a,726000,kg CO2e,726,t CO2e,726,t CO2e,726000,kg CO2e,true,success,
R8-000727,water_l_to_m3,water,gate-r8-transform-20260710114238274958:000727,urn:sds:reg:esrs:e3_4_01,727000,L,727,m³,727,m³,727000,L,true,success,
R8-000728,energy_kwh_to_mwh,energy,gate-r8-transform-20260710114238274958:000728,urn:sds:reg:esrs:e1_5_12,728000,kWh,728,MWh,728,MWh,728000,kWh,true,success,
R8-000729,emissions_kgco2e_to_tco2e,emissions,gate-r8-transform-20260710114238274958:000729,urn:sds:reg:gri:gri_305_3_a,729000,kg CO2e,729,t CO2e,729,t CO2e,729000,kg CO2e,true,success,
R8-000730,water_l_to_m3,water,gate-r8-transform-20260710114238274958:000730,urn:sds:reg:esrs:e3_4_01,730000,L,730,m³,730,m³,730000,L,true,success,
R8-000731,energy_kwh_to_mwh,energy,gate-r8-transform-20260710114238274958:000731,urn:sds:reg:esrs:e1_5_12,731000,kWh,731,MWh,731,MWh,731000,kWh,true,success,
R8-000732,emissions_kgco2e_to_tco2e,emissions,gate-r8-transform-20260710114238274958:000732,urn:sds:reg:gri:gri_305_3_a,732000,kg CO2e,732,t CO2e,732,t CO2e,732000,kg CO2e,true,success,
R8-000733,water_l_to_m3,water,gate-r8-transform-20260710114238274958:000733,urn:sds:reg:esrs:e3_4_01,733000,L,733,m³,733,m³,733000,L,true,success,
R8-000734,energy_kwh_to_mwh,energy,gate-r8-transform-20260710114238274958:000734,urn:sds:reg:esrs:e1_5_12,734000,kWh,734,MWh,734,MWh,734000,kWh,true,success,
R8-000735,emissions_kgco2e_to_tco2e,emissions,gate-r8-transform-20260710114238274958:000735,urn:sds:reg:gri:gri_305_3_a,735000,kg CO2e,735,t CO2e,735,t CO2e,735000,kg CO2e,true,success,
R8-000736,water_l_to_m3,water,gate-r8-transform-20260710114238274958:000736,urn:sds:reg:esrs:e3_4_01,736000,L,736,m³,736,m³,736000,L,true,success,
R8-000737,energy_kwh_to_mwh,energy,gate-r8-transform-20260710114238274958:000737,urn:sds:reg:esrs:e1_5_12,737000,kWh,737,MWh,737,MWh,737000,kWh,true,success,
R8-000738,emissions_kgco2e_to_tco2e,emissions,gate-r8-transform-20260710114238274958:000738,urn:sds:reg:gri:gri_305_3_a,738000,kg CO2e,738,t CO2e,738,t CO2e,738000,kg CO2e,true,success,
R8-000739,water_l_to_m3,water,gate-r8-transform-20260710114238274958:000739,urn:sds:reg:esrs:e3_4_01,739000,L,739,m³,739,m³,739000,L,true,success,
R8-000740,energy_kwh_to_mwh,energy,gate-r8-transform-20260710114238274958:000740,urn:sds:reg:esrs:e1_5_12,740000,kWh,740,MWh,740,MWh,740000,kWh,true,success,
R8-000741,emissions_kgco2e_to_tco2e,emissions,gate-r8-transform-20260710114238274958:000741,urn:sds:reg:gri:gri_305_3_a,741000,kg CO2e,741,t CO2e,741,t CO2e,741000,kg CO2e,true,success,
R8-000742,water_l_to_m3,water,gate-r8-transform-20260710114238274958:000742,urn:sds:reg:esrs:e3_4_01,742000,L,742,m³,742,m³,742000,L,true,success,
R8-000743,energy_kwh_to_mwh,energy,gate-r8-transform-20260710114238274958:000743,urn:sds:reg:esrs:e1_5_12,743000,kWh,743,MWh,743,MWh,743000,kWh,true,success,
R8-000744,emissions_kgco2e_to_tco2e,emissions,gate-r8-transform-20260710114238274958:000744,urn:sds:reg:gri:gri_305_3_a,744000,kg CO2e,744,t CO2e,744,t CO2e,744000,kg CO2e,true,success,
R8-000745,water_l_to_m3,water,gate-r8-transform-20260710114238274958:000745,urn:sds:reg:esrs:e3_4_01,745000,L,745,m³,745,m³,745000,L,true,success,
R8-000746,energy_kwh_to_mwh,energy,gate-r8-transform-20260710114238274958:000746,urn:sds:reg:esrs:e1_5_12,746000,kWh,746,MWh,746,MWh,746000,kWh,true,success,
R8-000747,emissions_kgco2e_to_tco2e,emissions,gate-r8-transform-20260710114238274958:000747,urn:sds:reg:gri:gri_305_3_a,747000,kg CO2e,747,t CO2e,747,t CO2e,747000,kg CO2e,true,success,
R8-000748,water_l_to_m3,water,gate-r8-transform-20260710114238274958:000748,urn:sds:reg:esrs:e3_4_01,748000,L,748,m³,748,m³,748000,L,true,success,
R8-000749,energy_kwh_to_mwh,energy,gate-r8-transform-20260710114238274958:000749,urn:sds:reg:esrs:e1_5_12,749000,kWh,749,MWh,749,MWh,749000,kWh,true,success,
R8-000750,emissions_kgco2e_to_tco2e,emissions,gate-r8-transform-20260710114238274958:000750,urn:sds:reg:gri:gri_305_3_a,750000,kg CO2e,750,t CO2e,750,t CO2e,750000,kg CO2e,true,success,
R8-000751,water_l_to_m3,water,gate-r8-transform-20260710114238274958:000751,urn:sds:reg:esrs:e3_4_01,751000,L,751,m³,751,m³,751000,L,true,success,
R8-000752,energy_kwh_to_mwh,energy,gate-r8-transform-20260710114238274958:000752,urn:sds:reg:esrs:e1_5_12,752000,kWh,752,MWh,752,MWh,752000,kWh,true,success,
R8-000753,emissions_kgco2e_to_tco2e,emissions,gate-r8-transform-20260710114238274958:000753,urn:sds:reg:gri:gri_305_3_a,753000,kg CO2e,753,t CO2e,753,t CO2e,753000,kg CO2e,true,success,
R8-000754,water_l_to_m3,water,gate-r8-transform-20260710114238274958:000754,urn:sds:reg:esrs:e3_4_01,754000,L,754,m³,754,m³,754000,L,true,success,
R8-000755,energy_kwh_to_mwh,energy,gate-r8-transform-20260710114238274958:000755,urn:sds:reg:esrs:e1_5_12,755000,kWh,755,MWh,755,MWh,755000,kWh,true,success,
R8-000756,emissions_kgco2e_to_tco2e,emissions,gate-r8-transform-20260710114238274958:000756,urn:sds:reg:gri:gri_305_3_a,756000,kg CO2e,756,t CO2e,756,t CO2e,756000,kg CO2e,true,success,
R8-000757,water_l_to_m3,water,gate-r8-transform-20260710114238274958:000757,urn:sds:reg:esrs:e3_4_01,757000,L,757,m³,757,m³,757000,L,true,success,
R8-000758,energy_kwh_to_mwh,energy,gate-r8-transform-20260710114238274958:000758,urn:sds:reg:esrs:e1_5_12,758000,kWh,758,MWh,758,MWh,758000,kWh,true,success,
R8-000759,emissions_kgco2e_to_tco2e,emissions,gate-r8-transform-20260710114238274958:000759,urn:sds:reg:gri:gri_305_3_a,759000,kg CO2e,759,t CO2e,759,t CO2e,759000,kg CO2e,true,success,
R8-000760,water_l_to_m3,water,gate-r8-transform-20260710114238274958:000760,urn:sds:reg:esrs:e3_4_01,760000,L,760,m³,760,m³,760000,L,true,success,
R8-000761,energy_kwh_to_mwh,energy,gate-r8-transform-20260710114238274958:000761,urn:sds:reg:esrs:e1_5_12,761000,kWh,761,MWh,761,MWh,761000,kWh,true,success,
R8-000762,emissions_kgco2e_to_tco2e,emissions,gate-r8-transform-20260710114238274958:000762,urn:sds:reg:gri:gri_305_3_a,762000,kg CO2e,762,t CO2e,762,t CO2e,762000,kg CO2e,true,success,
R8-000763,water_l_to_m3,water,gate-r8-transform-20260710114238274958:000763,urn:sds:reg:esrs:e3_4_01,763000,L,763,m³,763,m³,763000,L,true,success,
R8-000764,energy_kwh_to_mwh,energy,gate-r8-transform-20260710114238274958:000764,urn:sds:reg:esrs:e1_5_12,764000,kWh,764,MWh,764,MWh,764000,kWh,true,success,
R8-000765,emissions_kgco2e_to_tco2e,emissions,gate-r8-transform-20260710114238274958:000765,urn:sds:reg:gri:gri_305_3_a,765000,kg CO2e,765,t CO2e,765,t CO2e,765000,kg CO2e,true,success,
R8-000766,water_l_to_m3,water,gate-r8-transform-20260710114238274958:000766,urn:sds:reg:esrs:e3_4_01,766000,L,766,m³,766,m³,766000,L,true,success,
R8-000767,energy_kwh_to_mwh,energy,gate-r8-transform-20260710114238274958:000767,urn:sds:reg:esrs:e1_5_12,767000,kWh,767,MWh,767,MWh,767000,kWh,true,success,
R8-000768,emissions_kgco2e_to_tco2e,emissions,gate-r8-transform-20260710114238274958:000768,urn:sds:reg:gri:gri_305_3_a,768000,kg CO2e,768,t CO2e,768,t CO2e,768000,kg CO2e,true,success,
R8-000769,water_l_to_m3,water,gate-r8-transform-20260710114238274958:000769,urn:sds:reg:esrs:e3_4_01,769000,L,769,m³,769,m³,769000,L,true,success,
R8-000770,energy_kwh_to_mwh,energy,gate-r8-transform-20260710114238274958:000770,urn:sds:reg:esrs:e1_5_12,770000,kWh,770,MWh,770,MWh,770000,kWh,true,success,
R8-000771,emissions_kgco2e_to_tco2e,emissions,gate-r8-transform-20260710114238274958:000771,urn:sds:reg:gri:gri_305_3_a,771000,kg CO2e,771,t CO2e,771,t CO2e,771000,kg CO2e,true,success,
R8-000772,water_l_to_m3,water,gate-r8-transform-20260710114238274958:000772,urn:sds:reg:esrs:e3_4_01,772000,L,772,m³,772,m³,772000,L,true,success,
R8-000773,energy_kwh_to_mwh,energy,gate-r8-transform-20260710114238274958:000773,urn:sds:reg:esrs:e1_5_12,773000,kWh,773,MWh,773,MWh,773000,kWh,true,success,
R8-000774,emissions_kgco2e_to_tco2e,emissions,gate-r8-transform-20260710114238274958:000774,urn:sds:reg:gri:gri_305_3_a,774000,kg CO2e,774,t CO2e,774,t CO2e,774000,kg CO2e,true,success,
R8-000775,water_l_to_m3,water,gate-r8-transform-20260710114238274958:000775,urn:sds:reg:esrs:e3_4_01,775000,L,775,m³,775,m³,775000,L,true,success,
R8-000776,energy_kwh_to_mwh,energy,gate-r8-transform-20260710114238274958:000776,urn:sds:reg:esrs:e1_5_12,776000,kWh,776,MWh,776,MWh,776000,kWh,true,success,
R8-000777,emissions_kgco2e_to_tco2e,emissions,gate-r8-transform-20260710114238274958:000777,urn:sds:reg:gri:gri_305_3_a,777000,kg CO2e,777,t CO2e,777,t CO2e,777000,kg CO2e,true,success,
R8-000778,water_l_to_m3,water,gate-r8-transform-20260710114238274958:000778,urn:sds:reg:esrs:e3_4_01,778000,L,778,m³,778,m³,778000,L,true,success,
R8-000779,energy_kwh_to_mwh,energy,gate-r8-transform-20260710114238274958:000779,urn:sds:reg:esrs:e1_5_12,779000,kWh,779,MWh,779,MWh,779000,kWh,true,success,
R8-000780,emissions_kgco2e_to_tco2e,emissions,gate-r8-transform-20260710114238274958:000780,urn:sds:reg:gri:gri_305_3_a,780000,kg CO2e,780,t CO2e,780,t CO2e,780000,kg CO2e,true,success,
R8-000781,water_l_to_m3,water,gate-r8-transform-20260710114238274958:000781,urn:sds:reg:esrs:e3_4_01,781000,L,781,m³,781,m³,781000,L,true,success,
R8-000782,energy_kwh_to_mwh,energy,gate-r8-transform-20260710114238274958:000782,urn:sds:reg:esrs:e1_5_12,782000,kWh,782,MWh,782,MWh,782000,kWh,true,success,
R8-000783,emissions_kgco2e_to_tco2e,emissions,gate-r8-transform-20260710114238274958:000783,urn:sds:reg:gri:gri_305_3_a,783000,kg CO2e,783,t CO2e,783,t CO2e,783000,kg CO2e,true,success,
R8-000784,water_l_to_m3,water,gate-r8-transform-20260710114238274958:000784,urn:sds:reg:esrs:e3_4_01,784000,L,784,m³,784,m³,784000,L,true,success,
R8-000785,energy_kwh_to_mwh,energy,gate-r8-transform-20260710114238274958:000785,urn:sds:reg:esrs:e1_5_12,785000,kWh,785,MWh,785,MWh,785000,kWh,true,success,
R8-000786,emissions_kgco2e_to_tco2e,emissions,gate-r8-transform-20260710114238274958:000786,urn:sds:reg:gri:gri_305_3_a,786000,kg CO2e,786,t CO2e,786,t CO2e,786000,kg CO2e,true,success,
R8-000787,water_l_to_m3,water,gate-r8-transform-20260710114238274958:000787,urn:sds:reg:esrs:e3_4_01,787000,L,787,m³,787,m³,787000,L,true,success,
R8-000788,energy_kwh_to_mwh,energy,gate-r8-transform-20260710114238274958:000788,urn:sds:reg:esrs:e1_5_12,788000,kWh,788,MWh,788,MWh,788000,kWh,true,success,
R8-000789,emissions_kgco2e_to_tco2e,emissions,gate-r8-transform-20260710114238274958:000789,urn:sds:reg:gri:gri_305_3_a,789000,kg CO2e,789,t CO2e,789,t CO2e,789000,kg CO2e,true,success,
R8-000790,water_l_to_m3,water,gate-r8-transform-20260710114238274958:000790,urn:sds:reg:esrs:e3_4_01,790000,L,790,m³,790,m³,790000,L,true,success,
R8-000791,energy_kwh_to_mwh,energy,gate-r8-transform-20260710114238274958:000791,urn:sds:reg:esrs:e1_5_12,791000,kWh,791,MWh,791,MWh,791000,kWh,true,success,
R8-000792,emissions_kgco2e_to_tco2e,emissions,gate-r8-transform-20260710114238274958:000792,urn:sds:reg:gri:gri_305_3_a,792000,kg CO2e,792,t CO2e,792,t CO2e,792000,kg CO2e,true,success,
R8-000793,water_l_to_m3,water,gate-r8-transform-20260710114238274958:000793,urn:sds:reg:esrs:e3_4_01,793000,L,793,m³,793,m³,793000,L,true,success,
R8-000794,energy_kwh_to_mwh,energy,gate-r8-transform-20260710114238274958:000794,urn:sds:reg:esrs:e1_5_12,794000,kWh,794,MWh,794,MWh,794000,kWh,true,success,
R8-000795,emissions_kgco2e_to_tco2e,emissions,gate-r8-transform-20260710114238274958:000795,urn:sds:reg:gri:gri_305_3_a,795000,kg CO2e,795,t CO2e,795,t CO2e,795000,kg CO2e,true,success,
R8-000796,water_l_to_m3,water,gate-r8-transform-20260710114238274958:000796,urn:sds:reg:esrs:e3_4_01,796000,L,796,m³,796,m³,796000,L,true,success,
R8-000797,energy_kwh_to_mwh,energy,gate-r8-transform-20260710114238274958:000797,urn:sds:reg:esrs:e1_5_12,797000,kWh,797,MWh,797,MWh,797000,kWh,true,success,
R8-000798,emissions_kgco2e_to_tco2e,emissions,gate-r8-transform-20260710114238274958:000798,urn:sds:reg:gri:gri_305_3_a,798000,kg CO2e,798,t CO2e,798,t CO2e,798000,kg CO2e,true,success,
R8-000799,water_l_to_m3,water,gate-r8-transform-20260710114238274958:000799,urn:sds:reg:esrs:e3_4_01,799000,L,799,m³,799,m³,799000,L,true,success,
R8-000800,energy_kwh_to_mwh,energy,gate-r8-transform-20260710114238274958:000800,urn:sds:reg:esrs:e1_5_12,800000,kWh,800,MWh,800,MWh,800000,kWh,true,success,
R8-000801,emissions_kgco2e_to_tco2e,emissions,gate-r8-transform-20260710114238274958:000801,urn:sds:reg:gri:gri_305_3_a,801000,kg CO2e,801,t CO2e,801,t CO2e,801000,kg CO2e,true,success,
R8-000802,water_l_to_m3,water,gate-r8-transform-20260710114238274958:000802,urn:sds:reg:esrs:e3_4_01,802000,L,802,m³,802,m³,802000,L,true,success,
R8-000803,energy_kwh_to_mwh,energy,gate-r8-transform-20260710114238274958:000803,urn:sds:reg:esrs:e1_5_12,803000,kWh,803,MWh,803,MWh,803000,kWh,true,success,
R8-000804,emissions_kgco2e_to_tco2e,emissions,gate-r8-transform-20260710114238274958:000804,urn:sds:reg:gri:gri_305_3_a,804000,kg CO2e,804,t CO2e,804,t CO2e,804000,kg CO2e,true,success,
R8-000805,water_l_to_m3,water,gate-r8-transform-20260710114238274958:000805,urn:sds:reg:esrs:e3_4_01,805000,L,805,m³,805,m³,805000,L,true,success,
R8-000806,energy_kwh_to_mwh,energy,gate-r8-transform-20260710114238274958:000806,urn:sds:reg:esrs:e1_5_12,806000,kWh,806,MWh,806,MWh,806000,kWh,true,success,
R8-000807,emissions_kgco2e_to_tco2e,emissions,gate-r8-transform-20260710114238274958:000807,urn:sds:reg:gri:gri_305_3_a,807000,kg CO2e,807,t CO2e,807,t CO2e,807000,kg CO2e,true,success,
R8-000808,water_l_to_m3,water,gate-r8-transform-20260710114238274958:000808,urn:sds:reg:esrs:e3_4_01,808000,L,808,m³,808,m³,808000,L,true,success,
R8-000809,energy_kwh_to_mwh,energy,gate-r8-transform-20260710114238274958:000809,urn:sds:reg:esrs:e1_5_12,809000,kWh,809,MWh,809,MWh,809000,kWh,true,success,
R8-000810,emissions_kgco2e_to_tco2e,emissions,gate-r8-transform-20260710114238274958:000810,urn:sds:reg:gri:gri_305_3_a,810000,kg CO2e,810,t CO2e,810,t CO2e,810000,kg CO2e,true,success,
R8-000811,water_l_to_m3,water,gate-r8-transform-20260710114238274958:000811,urn:sds:reg:esrs:e3_4_01,811000,L,811,m³,811,m³,811000,L,true,success,
R8-000812,energy_kwh_to_mwh,energy,gate-r8-transform-20260710114238274958:000812,urn:sds:reg:esrs:e1_5_12,812000,kWh,812,MWh,812,MWh,812000,kWh,true,success,
R8-000813,emissions_kgco2e_to_tco2e,emissions,gate-r8-transform-20260710114238274958:000813,urn:sds:reg:gri:gri_305_3_a,813000,kg CO2e,813,t CO2e,813,t CO2e,813000,kg CO2e,true,success,
R8-000814,water_l_to_m3,water,gate-r8-transform-20260710114238274958:000814,urn:sds:reg:esrs:e3_4_01,814000,L,814,m³,814,m³,814000,L,true,success,
R8-000815,energy_kwh_to_mwh,energy,gate-r8-transform-20260710114238274958:000815,urn:sds:reg:esrs:e1_5_12,815000,kWh,815,MWh,815,MWh,815000,kWh,true,success,
R8-000816,emissions_kgco2e_to_tco2e,emissions,gate-r8-transform-20260710114238274958:000816,urn:sds:reg:gri:gri_305_3_a,816000,kg CO2e,816,t CO2e,816,t CO2e,816000,kg CO2e,true,success,
R8-000817,water_l_to_m3,water,gate-r8-transform-20260710114238274958:000817,urn:sds:reg:esrs:e3_4_01,817000,L,817,m³,817,m³,817000,L,true,success,
R8-000818,energy_kwh_to_mwh,energy,gate-r8-transform-20260710114238274958:000818,urn:sds:reg:esrs:e1_5_12,818000,kWh,818,MWh,818,MWh,818000,kWh,true,success,
R8-000819,emissions_kgco2e_to_tco2e,emissions,gate-r8-transform-20260710114238274958:000819,urn:sds:reg:gri:gri_305_3_a,819000,kg CO2e,819,t CO2e,819,t CO2e,819000,kg CO2e,true,success,
R8-000820,water_l_to_m3,water,gate-r8-transform-20260710114238274958:000820,urn:sds:reg:esrs:e3_4_01,820000,L,820,m³,820,m³,820000,L,true,success,
R8-000821,energy_kwh_to_mwh,energy,gate-r8-transform-20260710114238274958:000821,urn:sds:reg:esrs:e1_5_12,821000,kWh,821,MWh,821,MWh,821000,kWh,true,success,
R8-000822,emissions_kgco2e_to_tco2e,emissions,gate-r8-transform-20260710114238274958:000822,urn:sds:reg:gri:gri_305_3_a,822000,kg CO2e,822,t CO2e,822,t CO2e,822000,kg CO2e,true,success,
R8-000823,water_l_to_m3,water,gate-r8-transform-20260710114238274958:000823,urn:sds:reg:esrs:e3_4_01,823000,L,823,m³,823,m³,823000,L,true,success,
R8-000824,energy_kwh_to_mwh,energy,gate-r8-transform-20260710114238274958:000824,urn:sds:reg:esrs:e1_5_12,824000,kWh,824,MWh,824,MWh,824000,kWh,true,success,
R8-000825,emissions_kgco2e_to_tco2e,emissions,gate-r8-transform-20260710114238274958:000825,urn:sds:reg:gri:gri_305_3_a,825000,kg CO2e,825,t CO2e,825,t CO2e,825000,kg CO2e,true,success,
R8-000826,water_l_to_m3,water,gate-r8-transform-20260710114238274958:000826,urn:sds:reg:esrs:e3_4_01,826000,L,826,m³,826,m³,826000,L,true,success,
R8-000827,energy_kwh_to_mwh,energy,gate-r8-transform-20260710114238274958:000827,urn:sds:reg:esrs:e1_5_12,827000,kWh,827,MWh,827,MWh,827000,kWh,true,success,
R8-000828,emissions_kgco2e_to_tco2e,emissions,gate-r8-transform-20260710114238274958:000828,urn:sds:reg:gri:gri_305_3_a,828000,kg CO2e,828,t CO2e,828,t CO2e,828000,kg CO2e,true,success,
R8-000829,water_l_to_m3,water,gate-r8-transform-20260710114238274958:000829,urn:sds:reg:esrs:e3_4_01,829000,L,829,m³,829,m³,829000,L,true,success,
R8-000830,energy_kwh_to_mwh,energy,gate-r8-transform-20260710114238274958:000830,urn:sds:reg:esrs:e1_5_12,830000,kWh,830,MWh,830,MWh,830000,kWh,true,success,
R8-000831,emissions_kgco2e_to_tco2e,emissions,gate-r8-transform-20260710114238274958:000831,urn:sds:reg:gri:gri_305_3_a,831000,kg CO2e,831,t CO2e,831,t CO2e,831000,kg CO2e,true,success,
R8-000832,water_l_to_m3,water,gate-r8-transform-20260710114238274958:000832,urn:sds:reg:esrs:e3_4_01,832000,L,832,m³,832,m³,832000,L,true,success,
R8-000833,energy_kwh_to_mwh,energy,gate-r8-transform-20260710114238274958:000833,urn:sds:reg:esrs:e1_5_12,833000,kWh,833,MWh,833,MWh,833000,kWh,true,success,
R8-000834,emissions_kgco2e_to_tco2e,emissions,gate-r8-transform-20260710114238274958:000834,urn:sds:reg:gri:gri_305_3_a,834000,kg CO2e,834,t CO2e,834,t CO2e,834000,kg CO2e,true,success,
R8-000835,water_l_to_m3,water,gate-r8-transform-20260710114238274958:000835,urn:sds:reg:esrs:e3_4_01,835000,L,835,m³,835,m³,835000,L,true,success,
R8-000836,energy_kwh_to_mwh,energy,gate-r8-transform-20260710114238274958:000836,urn:sds:reg:esrs:e1_5_12,836000,kWh,836,MWh,836,MWh,836000,kWh,true,success,
R8-000837,emissions_kgco2e_to_tco2e,emissions,gate-r8-transform-20260710114238274958:000837,urn:sds:reg:gri:gri_305_3_a,837000,kg CO2e,837,t CO2e,837,t CO2e,837000,kg CO2e,true,success,
R8-000838,water_l_to_m3,water,gate-r8-transform-20260710114238274958:000838,urn:sds:reg:esrs:e3_4_01,838000,L,838,m³,838,m³,838000,L,true,success,
R8-000839,energy_kwh_to_mwh,energy,gate-r8-transform-20260710114238274958:000839,urn:sds:reg:esrs:e1_5_12,839000,kWh,839,MWh,839,MWh,839000,kWh,true,success,
R8-000840,emissions_kgco2e_to_tco2e,emissions,gate-r8-transform-20260710114238274958:000840,urn:sds:reg:gri:gri_305_3_a,840000,kg CO2e,840,t CO2e,840,t CO2e,840000,kg CO2e,true,success,
R8-000841,water_l_to_m3,water,gate-r8-transform-20260710114238274958:000841,urn:sds:reg:esrs:e3_4_01,841000,L,841,m³,841,m³,841000,L,true,success,
R8-000842,energy_kwh_to_mwh,energy,gate-r8-transform-20260710114238274958:000842,urn:sds:reg:esrs:e1_5_12,842000,kWh,842,MWh,842,MWh,842000,kWh,true,success,
R8-000843,emissions_kgco2e_to_tco2e,emissions,gate-r8-transform-20260710114238274958:000843,urn:sds:reg:gri:gri_305_3_a,843000,kg CO2e,843,t CO2e,843,t CO2e,843000,kg CO2e,true,success,
R8-000844,water_l_to_m3,water,gate-r8-transform-20260710114238274958:000844,urn:sds:reg:esrs:e3_4_01,844000,L,844,m³,844,m³,844000,L,true,success,
R8-000845,energy_kwh_to_mwh,energy,gate-r8-transform-20260710114238274958:000845,urn:sds:reg:esrs:e1_5_12,845000,kWh,845,MWh,845,MWh,845000,kWh,true,success,
R8-000846,emissions_kgco2e_to_tco2e,emissions,gate-r8-transform-20260710114238274958:000846,urn:sds:reg:gri:gri_305_3_a,846000,kg CO2e,846,t CO2e,846,t CO2e,846000,kg CO2e,true,success,
R8-000847,water_l_to_m3,water,gate-r8-transform-20260710114238274958:000847,urn:sds:reg:esrs:e3_4_01,847000,L,847,m³,847,m³,847000,L,true,success,
R8-000848,energy_kwh_to_mwh,energy,gate-r8-transform-20260710114238274958:000848,urn:sds:reg:esrs:e1_5_12,848000,kWh,848,MWh,848,MWh,848000,kWh,true,success,
R8-000849,emissions_kgco2e_to_tco2e,emissions,gate-r8-transform-20260710114238274958:000849,urn:sds:reg:gri:gri_305_3_a,849000,kg CO2e,849,t CO2e,849,t CO2e,849000,kg CO2e,true,success,
R8-000850,water_l_to_m3,water,gate-r8-transform-20260710114238274958:000850,urn:sds:reg:esrs:e3_4_01,850000,L,850,m³,850,m³,850000,L,true,success,
R8-000851,energy_kwh_to_mwh,energy,gate-r8-transform-20260710114238274958:000851,urn:sds:reg:esrs:e1_5_12,851000,kWh,851,MWh,851,MWh,851000,kWh,true,success,
R8-000852,emissions_kgco2e_to_tco2e,emissions,gate-r8-transform-20260710114238274958:000852,urn:sds:reg:gri:gri_305_3_a,852000,kg CO2e,852,t CO2e,852,t CO2e,852000,kg CO2e,true,success,
R8-000853,water_l_to_m3,water,gate-r8-transform-20260710114238274958:000853,urn:sds:reg:esrs:e3_4_01,853000,L,853,m³,853,m³,853000,L,true,success,
R8-000854,energy_kwh_to_mwh,energy,gate-r8-transform-20260710114238274958:000854,urn:sds:reg:esrs:e1_5_12,854000,kWh,854,MWh,854,MWh,854000,kWh,true,success,
R8-000855,emissions_kgco2e_to_tco2e,emissions,gate-r8-transform-20260710114238274958:000855,urn:sds:reg:gri:gri_305_3_a,855000,kg CO2e,855,t CO2e,855,t CO2e,855000,kg CO2e,true,success,
R8-000856,water_l_to_m3,water,gate-r8-transform-20260710114238274958:000856,urn:sds:reg:esrs:e3_4_01,856000,L,856,m³,856,m³,856000,L,true,success,
R8-000857,energy_kwh_to_mwh,energy,gate-r8-transform-20260710114238274958:000857,urn:sds:reg:esrs:e1_5_12,857000,kWh,857,MWh,857,MWh,857000,kWh,true,success,
R8-000858,emissions_kgco2e_to_tco2e,emissions,gate-r8-transform-20260710114238274958:000858,urn:sds:reg:gri:gri_305_3_a,858000,kg CO2e,858,t CO2e,858,t CO2e,858000,kg CO2e,true,success,
R8-000859,water_l_to_m3,water,gate-r8-transform-20260710114238274958:000859,urn:sds:reg:esrs:e3_4_01,859000,L,859,m³,859,m³,859000,L,true,success,
R8-000860,energy_kwh_to_mwh,energy,gate-r8-transform-20260710114238274958:000860,urn:sds:reg:esrs:e1_5_12,860000,kWh,860,MWh,860,MWh,860000,kWh,true,success,
R8-000861,emissions_kgco2e_to_tco2e,emissions,gate-r8-transform-20260710114238274958:000861,urn:sds:reg:gri:gri_305_3_a,861000,kg CO2e,861,t CO2e,861,t CO2e,861000,kg CO2e,true,success,
R8-000862,water_l_to_m3,water,gate-r8-transform-20260710114238274958:000862,urn:sds:reg:esrs:e3_4_01,862000,L,862,m³,862,m³,862000,L,true,success,
R8-000863,energy_kwh_to_mwh,energy,gate-r8-transform-20260710114238274958:000863,urn:sds:reg:esrs:e1_5_12,863000,kWh,863,MWh,863,MWh,863000,kWh,true,success,
R8-000864,emissions_kgco2e_to_tco2e,emissions,gate-r8-transform-20260710114238274958:000864,urn:sds:reg:gri:gri_305_3_a,864000,kg CO2e,864,t CO2e,864,t CO2e,864000,kg CO2e,true,success,
R8-000865,water_l_to_m3,water,gate-r8-transform-20260710114238274958:000865,urn:sds:reg:esrs:e3_4_01,865000,L,865,m³,865,m³,865000,L,true,success,
R8-000866,energy_kwh_to_mwh,energy,gate-r8-transform-20260710114238274958:000866,urn:sds:reg:esrs:e1_5_12,866000,kWh,866,MWh,866,MWh,866000,kWh,true,success,
R8-000867,emissions_kgco2e_to_tco2e,emissions,gate-r8-transform-20260710114238274958:000867,urn:sds:reg:gri:gri_305_3_a,867000,kg CO2e,867,t CO2e,867,t CO2e,867000,kg CO2e,true,success,
R8-000868,water_l_to_m3,water,gate-r8-transform-20260710114238274958:000868,urn:sds:reg:esrs:e3_4_01,868000,L,868,m³,868,m³,868000,L,true,success,
R8-000869,energy_kwh_to_mwh,energy,gate-r8-transform-20260710114238274958:000869,urn:sds:reg:esrs:e1_5_12,869000,kWh,869,MWh,869,MWh,869000,kWh,true,success,
R8-000870,emissions_kgco2e_to_tco2e,emissions,gate-r8-transform-20260710114238274958:000870,urn:sds:reg:gri:gri_305_3_a,870000,kg CO2e,870,t CO2e,870,t CO2e,870000,kg CO2e,true,success,
R8-000871,water_l_to_m3,water,gate-r8-transform-20260710114238274958:000871,urn:sds:reg:esrs:e3_4_01,871000,L,871,m³,871,m³,871000,L,true,success,
R8-000872,energy_kwh_to_mwh,energy,gate-r8-transform-20260710114238274958:000872,urn:sds:reg:esrs:e1_5_12,872000,kWh,872,MWh,872,MWh,872000,kWh,true,success,
R8-000873,emissions_kgco2e_to_tco2e,emissions,gate-r8-transform-20260710114238274958:000873,urn:sds:reg:gri:gri_305_3_a,873000,kg CO2e,873,t CO2e,873,t CO2e,873000,kg CO2e,true,success,
R8-000874,water_l_to_m3,water,gate-r8-transform-20260710114238274958:000874,urn:sds:reg:esrs:e3_4_01,874000,L,874,m³,874,m³,874000,L,true,success,
R8-000875,energy_kwh_to_mwh,energy,gate-r8-transform-20260710114238274958:000875,urn:sds:reg:esrs:e1_5_12,875000,kWh,875,MWh,875,MWh,875000,kWh,true,success,
R8-000876,emissions_kgco2e_to_tco2e,emissions,gate-r8-transform-20260710114238274958:000876,urn:sds:reg:gri:gri_305_3_a,876000,kg CO2e,876,t CO2e,876,t CO2e,876000,kg CO2e,true,success,
R8-000877,water_l_to_m3,water,gate-r8-transform-20260710114238274958:000877,urn:sds:reg:esrs:e3_4_01,877000,L,877,m³,877,m³,877000,L,true,success,
R8-000878,energy_kwh_to_mwh,energy,gate-r8-transform-20260710114238274958:000878,urn:sds:reg:esrs:e1_5_12,878000,kWh,878,MWh,878,MWh,878000,kWh,true,success,
R8-000879,emissions_kgco2e_to_tco2e,emissions,gate-r8-transform-20260710114238274958:000879,urn:sds:reg:gri:gri_305_3_a,879000,kg CO2e,879,t CO2e,879,t CO2e,879000,kg CO2e,true,success,
R8-000880,water_l_to_m3,water,gate-r8-transform-20260710114238274958:000880,urn:sds:reg:esrs:e3_4_01,880000,L,880,m³,880,m³,880000,L,true,success,
R8-000881,energy_kwh_to_mwh,energy,gate-r8-transform-20260710114238274958:000881,urn:sds:reg:esrs:e1_5_12,881000,kWh,881,MWh,881,MWh,881000,kWh,true,success,
R8-000882,emissions_kgco2e_to_tco2e,emissions,gate-r8-transform-20260710114238274958:000882,urn:sds:reg:gri:gri_305_3_a,882000,kg CO2e,882,t CO2e,882,t CO2e,882000,kg CO2e,true,success,
R8-000883,water_l_to_m3,water,gate-r8-transform-20260710114238274958:000883,urn:sds:reg:esrs:e3_4_01,883000,L,883,m³,883,m³,883000,L,true,success,
R8-000884,energy_kwh_to_mwh,energy,gate-r8-transform-20260710114238274958:000884,urn:sds:reg:esrs:e1_5_12,884000,kWh,884,MWh,884,MWh,884000,kWh,true,success,
R8-000885,emissions_kgco2e_to_tco2e,emissions,gate-r8-transform-20260710114238274958:000885,urn:sds:reg:gri:gri_305_3_a,885000,kg CO2e,885,t CO2e,885,t CO2e,885000,kg CO2e,true,success,
R8-000886,water_l_to_m3,water,gate-r8-transform-20260710114238274958:000886,urn:sds:reg:esrs:e3_4_01,886000,L,886,m³,886,m³,886000,L,true,success,
R8-000887,energy_kwh_to_mwh,energy,gate-r8-transform-20260710114238274958:000887,urn:sds:reg:esrs:e1_5_12,887000,kWh,887,MWh,887,MWh,887000,kWh,true,success,
R8-000888,emissions_kgco2e_to_tco2e,emissions,gate-r8-transform-20260710114238274958:000888,urn:sds:reg:gri:gri_305_3_a,888000,kg CO2e,888,t CO2e,888,t CO2e,888000,kg CO2e,true,success,
R8-000889,water_l_to_m3,water,gate-r8-transform-20260710114238274958:000889,urn:sds:reg:esrs:e3_4_01,889000,L,889,m³,889,m³,889000,L,true,success,
R8-000890,energy_kwh_to_mwh,energy,gate-r8-transform-20260710114238274958:000890,urn:sds:reg:esrs:e1_5_12,890000,kWh,890,MWh,890,MWh,890000,kWh,true,success,
R8-000891,emissions_kgco2e_to_tco2e,emissions,gate-r8-transform-20260710114238274958:000891,urn:sds:reg:gri:gri_305_3_a,891000,kg CO2e,891,t CO2e,891,t CO2e,891000,kg CO2e,true,success,
R8-000892,water_l_to_m3,water,gate-r8-transform-20260710114238274958:000892,urn:sds:reg:esrs:e3_4_01,892000,L,892,m³,892,m³,892000,L,true,success,
R8-000893,energy_kwh_to_mwh,energy,gate-r8-transform-20260710114238274958:000893,urn:sds:reg:esrs:e1_5_12,893000,kWh,893,MWh,893,MWh,893000,kWh,true,success,
R8-000894,emissions_kgco2e_to_tco2e,emissions,gate-r8-transform-20260710114238274958:000894,urn:sds:reg:gri:gri_305_3_a,894000,kg CO2e,894,t CO2e,894,t CO2e,894000,kg CO2e,true,success,
R8-000895,water_l_to_m3,water,gate-r8-transform-20260710114238274958:000895,urn:sds:reg:esrs:e3_4_01,895000,L,895,m³,895,m³,895000,L,true,success,
R8-000896,energy_kwh_to_mwh,energy,gate-r8-transform-20260710114238274958:000896,urn:sds:reg:esrs:e1_5_12,896000,kWh,896,MWh,896,MWh,896000,kWh,true,success,
R8-000897,emissions_kgco2e_to_tco2e,emissions,gate-r8-transform-20260710114238274958:000897,urn:sds:reg:gri:gri_305_3_a,897000,kg CO2e,897,t CO2e,897,t CO2e,897000,kg CO2e,true,success,
R8-000898,water_l_to_m3,water,gate-r8-transform-20260710114238274958:000898,urn:sds:reg:esrs:e3_4_01,898000,L,898,m³,898,m³,898000,L,true,success,
R8-000899,energy_kwh_to_mwh,energy,gate-r8-transform-20260710114238274958:000899,urn:sds:reg:esrs:e1_5_12,899000,kWh,899,MWh,899,MWh,899000,kWh,true,success,
R8-000900,emissions_kgco2e_to_tco2e,emissions,gate-r8-transform-20260710114238274958:000900,urn:sds:reg:gri:gri_305_3_a,900000,kg CO2e,900,t CO2e,900,t CO2e,900000,kg CO2e,true,success,
R8-000901,water_l_to_m3,water,gate-r8-transform-20260710114238274958:000901,urn:sds:reg:esrs:e3_4_01,901000,L,901,m³,901,m³,901000,L,true,success,
R8-000902,energy_kwh_to_mwh,energy,gate-r8-transform-20260710114238274958:000902,urn:sds:reg:esrs:e1_5_12,902000,kWh,902,MWh,902,MWh,902000,kWh,true,success,
R8-000903,emissions_kgco2e_to_tco2e,emissions,gate-r8-transform-20260710114238274958:000903,urn:sds:reg:gri:gri_305_3_a,903000,kg CO2e,903,t CO2e,903,t CO2e,903000,kg CO2e,true,success,
R8-000904,water_l_to_m3,water,gate-r8-transform-20260710114238274958:000904,urn:sds:reg:esrs:e3_4_01,904000,L,904,m³,904,m³,904000,L,true,success,
R8-000905,energy_kwh_to_mwh,energy,gate-r8-transform-20260710114238274958:000905,urn:sds:reg:esrs:e1_5_12,905000,kWh,905,MWh,905,MWh,905000,kWh,true,success,
R8-000906,emissions_kgco2e_to_tco2e,emissions,gate-r8-transform-20260710114238274958:000906,urn:sds:reg:gri:gri_305_3_a,906000,kg CO2e,906,t CO2e,906,t CO2e,906000,kg CO2e,true,success,
R8-000907,water_l_to_m3,water,gate-r8-transform-20260710114238274958:000907,urn:sds:reg:esrs:e3_4_01,907000,L,907,m³,907,m³,907000,L,true,success,
R8-000908,energy_kwh_to_mwh,energy,gate-r8-transform-20260710114238274958:000908,urn:sds:reg:esrs:e1_5_12,908000,kWh,908,MWh,908,MWh,908000,kWh,true,success,
R8-000909,emissions_kgco2e_to_tco2e,emissions,gate-r8-transform-20260710114238274958:000909,urn:sds:reg:gri:gri_305_3_a,909000,kg CO2e,909,t CO2e,909,t CO2e,909000,kg CO2e,true,success,
R8-000910,water_l_to_m3,water,gate-r8-transform-20260710114238274958:000910,urn:sds:reg:esrs:e3_4_01,910000,L,910,m³,910,m³,910000,L,true,success,
R8-000911,energy_kwh_to_mwh,energy,gate-r8-transform-20260710114238274958:000911,urn:sds:reg:esrs:e1_5_12,911000,kWh,911,MWh,911,MWh,911000,kWh,true,success,
R8-000912,emissions_kgco2e_to_tco2e,emissions,gate-r8-transform-20260710114238274958:000912,urn:sds:reg:gri:gri_305_3_a,912000,kg CO2e,912,t CO2e,912,t CO2e,912000,kg CO2e,true,success,
R8-000913,water_l_to_m3,water,gate-r8-transform-20260710114238274958:000913,urn:sds:reg:esrs:e3_4_01,913000,L,913,m³,913,m³,913000,L,true,success,
R8-000914,energy_kwh_to_mwh,energy,gate-r8-transform-20260710114238274958:000914,urn:sds:reg:esrs:e1_5_12,914000,kWh,914,MWh,914,MWh,914000,kWh,true,success,
R8-000915,emissions_kgco2e_to_tco2e,emissions,gate-r8-transform-20260710114238274958:000915,urn:sds:reg:gri:gri_305_3_a,915000,kg CO2e,915,t CO2e,915,t CO2e,915000,kg CO2e,true,success,
R8-000916,water_l_to_m3,water,gate-r8-transform-20260710114238274958:000916,urn:sds:reg:esrs:e3_4_01,916000,L,916,m³,916,m³,916000,L,true,success,
R8-000917,energy_kwh_to_mwh,energy,gate-r8-transform-20260710114238274958:000917,urn:sds:reg:esrs:e1_5_12,917000,kWh,917,MWh,917,MWh,917000,kWh,true,success,
R8-000918,emissions_kgco2e_to_tco2e,emissions,gate-r8-transform-20260710114238274958:000918,urn:sds:reg:gri:gri_305_3_a,918000,kg CO2e,918,t CO2e,918,t CO2e,918000,kg CO2e,true,success,
R8-000919,water_l_to_m3,water,gate-r8-transform-20260710114238274958:000919,urn:sds:reg:esrs:e3_4_01,919000,L,919,m³,919,m³,919000,L,true,success,
R8-000920,energy_kwh_to_mwh,energy,gate-r8-transform-20260710114238274958:000920,urn:sds:reg:esrs:e1_5_12,920000,kWh,920,MWh,920,MWh,920000,kWh,true,success,
R8-000921,emissions_kgco2e_to_tco2e,emissions,gate-r8-transform-20260710114238274958:000921,urn:sds:reg:gri:gri_305_3_a,921000,kg CO2e,921,t CO2e,921,t CO2e,921000,kg CO2e,true,success,
R8-000922,water_l_to_m3,water,gate-r8-transform-20260710114238274958:000922,urn:sds:reg:esrs:e3_4_01,922000,L,922,m³,922,m³,922000,L,true,success,
R8-000923,energy_kwh_to_mwh,energy,gate-r8-transform-20260710114238274958:000923,urn:sds:reg:esrs:e1_5_12,923000,kWh,923,MWh,923,MWh,923000,kWh,true,success,
R8-000924,emissions_kgco2e_to_tco2e,emissions,gate-r8-transform-20260710114238274958:000924,urn:sds:reg:gri:gri_305_3_a,924000,kg CO2e,924,t CO2e,924,t CO2e,924000,kg CO2e,true,success,
R8-000925,water_l_to_m3,water,gate-r8-transform-20260710114238274958:000925,urn:sds:reg:esrs:e3_4_01,925000,L,925,m³,925,m³,925000,L,true,success,
R8-000926,energy_kwh_to_mwh,energy,gate-r8-transform-20260710114238274958:000926,urn:sds:reg:esrs:e1_5_12,926000,kWh,926,MWh,926,MWh,926000,kWh,true,success,
R8-000927,emissions_kgco2e_to_tco2e,emissions,gate-r8-transform-20260710114238274958:000927,urn:sds:reg:gri:gri_305_3_a,927000,kg CO2e,927,t CO2e,927,t CO2e,927000,kg CO2e,true,success,
R8-000928,water_l_to_m3,water,gate-r8-transform-20260710114238274958:000928,urn:sds:reg:esrs:e3_4_01,928000,L,928,m³,928,m³,928000,L,true,success,
R8-000929,energy_kwh_to_mwh,energy,gate-r8-transform-20260710114238274958:000929,urn:sds:reg:esrs:e1_5_12,929000,kWh,929,MWh,929,MWh,929000,kWh,true,success,
R8-000930,emissions_kgco2e_to_tco2e,emissions,gate-r8-transform-20260710114238274958:000930,urn:sds:reg:gri:gri_305_3_a,930000,kg CO2e,930,t CO2e,930,t CO2e,930000,kg CO2e,true,success,
R8-000931,water_l_to_m3,water,gate-r8-transform-20260710114238274958:000931,urn:sds:reg:esrs:e3_4_01,931000,L,931,m³,931,m³,931000,L,true,success,
R8-000932,energy_kwh_to_mwh,energy,gate-r8-transform-20260710114238274958:000932,urn:sds:reg:esrs:e1_5_12,932000,kWh,932,MWh,932,MWh,932000,kWh,true,success,
R8-000933,emissions_kgco2e_to_tco2e,emissions,gate-r8-transform-20260710114238274958:000933,urn:sds:reg:gri:gri_305_3_a,933000,kg CO2e,933,t CO2e,933,t CO2e,933000,kg CO2e,true,success,
R8-000934,water_l_to_m3,water,gate-r8-transform-20260710114238274958:000934,urn:sds:reg:esrs:e3_4_01,934000,L,934,m³,934,m³,934000,L,true,success,
R8-000935,energy_kwh_to_mwh,energy,gate-r8-transform-20260710114238274958:000935,urn:sds:reg:esrs:e1_5_12,935000,kWh,935,MWh,935,MWh,935000,kWh,true,success,
R8-000936,emissions_kgco2e_to_tco2e,emissions,gate-r8-transform-20260710114238274958:000936,urn:sds:reg:gri:gri_305_3_a,936000,kg CO2e,936,t CO2e,936,t CO2e,936000,kg CO2e,true,success,
R8-000937,water_l_to_m3,water,gate-r8-transform-20260710114238274958:000937,urn:sds:reg:esrs:e3_4_01,937000,L,937,m³,937,m³,937000,L,true,success,
R8-000938,energy_kwh_to_mwh,energy,gate-r8-transform-20260710114238274958:000938,urn:sds:reg:esrs:e1_5_12,938000,kWh,938,MWh,938,MWh,938000,kWh,true,success,
R8-000939,emissions_kgco2e_to_tco2e,emissions,gate-r8-transform-20260710114238274958:000939,urn:sds:reg:gri:gri_305_3_a,939000,kg CO2e,939,t CO2e,939,t CO2e,939000,kg CO2e,true,success,
R8-000940,water_l_to_m3,water,gate-r8-transform-20260710114238274958:000940,urn:sds:reg:esrs:e3_4_01,940000,L,940,m³,940,m³,940000,L,true,success,
R8-000941,energy_kwh_to_mwh,energy,gate-r8-transform-20260710114238274958:000941,urn:sds:reg:esrs:e1_5_12,941000,kWh,941,MWh,941,MWh,941000,kWh,true,success,
R8-000942,emissions_kgco2e_to_tco2e,emissions,gate-r8-transform-20260710114238274958:000942,urn:sds:reg:gri:gri_305_3_a,942000,kg CO2e,942,t CO2e,942,t CO2e,942000,kg CO2e,true,success,
R8-000943,water_l_to_m3,water,gate-r8-transform-20260710114238274958:000943,urn:sds:reg:esrs:e3_4_01,943000,L,943,m³,943,m³,943000,L,true,success,
R8-000944,energy_kwh_to_mwh,energy,gate-r8-transform-20260710114238274958:000944,urn:sds:reg:esrs:e1_5_12,944000,kWh,944,MWh,944,MWh,944000,kWh,true,success,
R8-000945,emissions_kgco2e_to_tco2e,emissions,gate-r8-transform-20260710114238274958:000945,urn:sds:reg:gri:gri_305_3_a,945000,kg CO2e,945,t CO2e,945,t CO2e,945000,kg CO2e,true,success,
R8-000946,water_l_to_m3,water,gate-r8-transform-20260710114238274958:000946,urn:sds:reg:esrs:e3_4_01,946000,L,946,m³,946,m³,946000,L,true,success,
R8-000947,energy_kwh_to_mwh,energy,gate-r8-transform-20260710114238274958:000947,urn:sds:reg:esrs:e1_5_12,947000,kWh,947,MWh,947,MWh,947000,kWh,true,success,
R8-000948,emissions_kgco2e_to_tco2e,emissions,gate-r8-transform-20260710114238274958:000948,urn:sds:reg:gri:gri_305_3_a,948000,kg CO2e,948,t CO2e,948,t CO2e,948000,kg CO2e,true,success,
R8-000949,water_l_to_m3,water,gate-r8-transform-20260710114238274958:000949,urn:sds:reg:esrs:e3_4_01,949000,L,949,m³,949,m³,949000,L,true,success,
R8-000950,energy_kwh_to_mwh,energy,gate-r8-transform-20260710114238274958:000950,urn:sds:reg:esrs:e1_5_12,950000,kWh,950,MWh,950,MWh,950000,kWh,true,success,
R8-000951,emissions_kgco2e_to_tco2e,emissions,gate-r8-transform-20260710114238274958:000951,urn:sds:reg:gri:gri_305_3_a,951000,kg CO2e,951,t CO2e,951,t CO2e,951000,kg CO2e,true,success,
R8-000952,water_l_to_m3,water,gate-r8-transform-20260710114238274958:000952,urn:sds:reg:esrs:e3_4_01,952000,L,952,m³,952,m³,952000,L,true,success,
R8-000953,energy_kwh_to_mwh,energy,gate-r8-transform-20260710114238274958:000953,urn:sds:reg:esrs:e1_5_12,953000,kWh,953,MWh,953,MWh,953000,kWh,true,success,
R8-000954,emissions_kgco2e_to_tco2e,emissions,gate-r8-transform-20260710114238274958:000954,urn:sds:reg:gri:gri_305_3_a,954000,kg CO2e,954,t CO2e,954,t CO2e,954000,kg CO2e,true,success,
R8-000955,water_l_to_m3,water,gate-r8-transform-20260710114238274958:000955,urn:sds:reg:esrs:e3_4_01,955000,L,955,m³,955,m³,955000,L,true,success,
R8-000956,energy_kwh_to_mwh,energy,gate-r8-transform-20260710114238274958:000956,urn:sds:reg:esrs:e1_5_12,956000,kWh,956,MWh,956,MWh,956000,kWh,true,success,
R8-000957,emissions_kgco2e_to_tco2e,emissions,gate-r8-transform-20260710114238274958:000957,urn:sds:reg:gri:gri_305_3_a,957000,kg CO2e,957,t CO2e,957,t CO2e,957000,kg CO2e,true,success,
R8-000958,water_l_to_m3,water,gate-r8-transform-20260710114238274958:000958,urn:sds:reg:esrs:e3_4_01,958000,L,958,m³,958,m³,958000,L,true,success,
R8-000959,energy_kwh_to_mwh,energy,gate-r8-transform-20260710114238274958:000959,urn:sds:reg:esrs:e1_5_12,959000,kWh,959,MWh,959,MWh,959000,kWh,true,success,
R8-000960,emissions_kgco2e_to_tco2e,emissions,gate-r8-transform-20260710114238274958:000960,urn:sds:reg:gri:gri_305_3_a,960000,kg CO2e,960,t CO2e,960,t CO2e,960000,kg CO2e,true,success,
R8-000961,water_l_to_m3,water,gate-r8-transform-20260710114238274958:000961,urn:sds:reg:esrs:e3_4_01,961000,L,961,m³,961,m³,961000,L,true,success,
R8-000962,energy_kwh_to_mwh,energy,gate-r8-transform-20260710114238274958:000962,urn:sds:reg:esrs:e1_5_12,962000,kWh,962,MWh,962,MWh,962000,kWh,true,success,
R8-000963,emissions_kgco2e_to_tco2e,emissions,gate-r8-transform-20260710114238274958:000963,urn:sds:reg:gri:gri_305_3_a,963000,kg CO2e,963,t CO2e,963,t CO2e,963000,kg CO2e,true,success,
R8-000964,water_l_to_m3,water,gate-r8-transform-20260710114238274958:000964,urn:sds:reg:esrs:e3_4_01,964000,L,964,m³,964,m³,964000,L,true,success,
R8-000965,energy_kwh_to_mwh,energy,gate-r8-transform-20260710114238274958:000965,urn:sds:reg:esrs:e1_5_12,965000,kWh,965,MWh,965,MWh,965000,kWh,true,success,
R8-000966,emissions_kgco2e_to_tco2e,emissions,gate-r8-transform-20260710114238274958:000966,urn:sds:reg:gri:gri_305_3_a,966000,kg CO2e,966,t CO2e,966,t CO2e,966000,kg CO2e,true,success,
R8-000967,water_l_to_m3,water,gate-r8-transform-20260710114238274958:000967,urn:sds:reg:esrs:e3_4_01,967000,L,967,m³,967,m³,967000,L,true,success,
R8-000968,energy_kwh_to_mwh,energy,gate-r8-transform-20260710114238274958:000968,urn:sds:reg:esrs:e1_5_12,968000,kWh,968,MWh,968,MWh,968000,kWh,true,success,
R8-000969,emissions_kgco2e_to_tco2e,emissions,gate-r8-transform-20260710114238274958:000969,urn:sds:reg:gri:gri_305_3_a,969000,kg CO2e,969,t CO2e,969,t CO2e,969000,kg CO2e,true,success,
R8-000970,water_l_to_m3,water,gate-r8-transform-20260710114238274958:000970,urn:sds:reg:esrs:e3_4_01,970000,L,970,m³,970,m³,970000,L,true,success,
R8-000971,energy_kwh_to_mwh,energy,gate-r8-transform-20260710114238274958:000971,urn:sds:reg:esrs:e1_5_12,971000,kWh,971,MWh,971,MWh,971000,kWh,true,success,
R8-000972,emissions_kgco2e_to_tco2e,emissions,gate-r8-transform-20260710114238274958:000972,urn:sds:reg:gri:gri_305_3_a,972000,kg CO2e,972,t CO2e,972,t CO2e,972000,kg CO2e,true,success,
R8-000973,water_l_to_m3,water,gate-r8-transform-20260710114238274958:000973,urn:sds:reg:esrs:e3_4_01,973000,L,973,m³,973,m³,973000,L,true,success,
R8-000974,energy_kwh_to_mwh,energy,gate-r8-transform-20260710114238274958:000974,urn:sds:reg:esrs:e1_5_12,974000,kWh,974,MWh,974,MWh,974000,kWh,true,success,
R8-000975,emissions_kgco2e_to_tco2e,emissions,gate-r8-transform-20260710114238274958:000975,urn:sds:reg:gri:gri_305_3_a,975000,kg CO2e,975,t CO2e,975,t CO2e,975000,kg CO2e,true,success,
R8-000976,water_l_to_m3,water,gate-r8-transform-20260710114238274958:000976,urn:sds:reg:esrs:e3_4_01,976000,L,976,m³,976,m³,976000,L,true,success,
R8-000977,energy_kwh_to_mwh,energy,gate-r8-transform-20260710114238274958:000977,urn:sds:reg:esrs:e1_5_12,977000,kWh,977,MWh,977,MWh,977000,kWh,true,success,
R8-000978,emissions_kgco2e_to_tco2e,emissions,gate-r8-transform-20260710114238274958:000978,urn:sds:reg:gri:gri_305_3_a,978000,kg CO2e,978,t CO2e,978,t CO2e,978000,kg CO2e,true,success,
R8-000979,water_l_to_m3,water,gate-r8-transform-20260710114238274958:000979,urn:sds:reg:esrs:e3_4_01,979000,L,979,m³,979,m³,979000,L,true,success,
R8-000980,energy_kwh_to_mwh,energy,gate-r8-transform-20260710114238274958:000980,urn:sds:reg:esrs:e1_5_12,980000,kWh,980,MWh,980,MWh,980000,kWh,true,success,
R8-000981,emissions_kgco2e_to_tco2e,emissions,gate-r8-transform-20260710114238274958:000981,urn:sds:reg:gri:gri_305_3_a,981000,kg CO2e,981,t CO2e,981,t CO2e,981000,kg CO2e,true,success,
R8-000982,water_l_to_m3,water,gate-r8-transform-20260710114238274958:000982,urn:sds:reg:esrs:e3_4_01,982000,L,982,m³,982,m³,982000,L,true,success,
R8-000983,energy_kwh_to_mwh,energy,gate-r8-transform-20260710114238274958:000983,urn:sds:reg:esrs:e1_5_12,983000,kWh,983,MWh,983,MWh,983000,kWh,true,success,
R8-000984,emissions_kgco2e_to_tco2e,emissions,gate-r8-transform-20260710114238274958:000984,urn:sds:reg:gri:gri_305_3_a,984000,kg CO2e,984,t CO2e,984,t CO2e,984000,kg CO2e,true,success,
R8-000985,water_l_to_m3,water,gate-r8-transform-20260710114238274958:000985,urn:sds:reg:esrs:e3_4_01,985000,L,985,m³,985,m³,985000,L,true,success,
R8-000986,energy_kwh_to_mwh,energy,gate-r8-transform-20260710114238274958:000986,urn:sds:reg:esrs:e1_5_12,986000,kWh,986,MWh,986,MWh,986000,kWh,true,success,
R8-000987,emissions_kgco2e_to_tco2e,emissions,gate-r8-transform-20260710114238274958:000987,urn:sds:reg:gri:gri_305_3_a,987000,kg CO2e,987,t CO2e,987,t CO2e,987000,kg CO2e,true,success,
R8-000988,water_l_to_m3,water,gate-r8-transform-20260710114238274958:000988,urn:sds:reg:esrs:e3_4_01,988000,L,988,m³,988,m³,988000,L,true,success,
R8-000989,energy_kwh_to_mwh,energy,gate-r8-transform-20260710114238274958:000989,urn:sds:reg:esrs:e1_5_12,989000,kWh,989,MWh,989,MWh,989000,kWh,true,success,
R8-000990,emissions_kgco2e_to_tco2e,emissions,gate-r8-transform-20260710114238274958:000990,urn:sds:reg:gri:gri_305_3_a,990000,kg CO2e,990,t CO2e,990,t CO2e,990000,kg CO2e,true,success,
R8-000991,water_l_to_m3,water,gate-r8-transform-20260710114238274958:000991,urn:sds:reg:esrs:e3_4_01,991000,L,991,m³,991,m³,991000,L,true,success,
R8-000992,energy_kwh_to_mwh,energy,gate-r8-transform-20260710114238274958:000992,urn:sds:reg:esrs:e1_5_12,992000,kWh,992,MWh,992,MWh,992000,kWh,true,success,
R8-000993,emissions_kgco2e_to_tco2e,emissions,gate-r8-transform-20260710114238274958:000993,urn:sds:reg:gri:gri_305_3_a,993000,kg CO2e,993,t CO2e,993,t CO2e,993000,kg CO2e,true,success,
R8-000994,water_l_to_m3,water,gate-r8-transform-20260710114238274958:000994,urn:sds:reg:esrs:e3_4_01,994000,L,994,m³,994,m³,994000,L,true,success,
R8-000995,energy_kwh_to_mwh,energy,gate-r8-transform-20260710114238274958:000995,urn:sds:reg:esrs:e1_5_12,995000,kWh,995,MWh,995,MWh,995000,kWh,true,success,
R8-000996,emissions_kgco2e_to_tco2e,emissions,gate-r8-transform-20260710114238274958:000996,urn:sds:reg:gri:gri_305_3_a,996000,kg CO2e,996,t CO2e,996,t CO2e,996000,kg CO2e,true,success,
R8-000997,water_l_to_m3,water,gate-r8-transform-20260710114238274958:000997,urn:sds:reg:esrs:e3_4_01,997000,L,997,m³,997,m³,997000,L,true,success,
R8-000998,energy_kwh_to_mwh,energy,gate-r8-transform-20260710114238274958:000998,urn:sds:reg:esrs:e1_5_12,998000,kWh,998,MWh,998,MWh,998000,kWh,true,success,
R8-000999,emissions_kgco2e_to_tco2e,emissions,gate-r8-transform-20260710114238274958:000999,urn:sds:reg:gri:gri_305_3_a,999000,kg CO2e,999,t CO2e,999,t CO2e,999000,kg CO2e,true,success,
R8-001000,water_l_to_m3,water,gate-r8-transform-20260710114238274958:001000,urn:sds:reg:esrs:e3_4_01,1000000,L,1000,m³,1000,m³,1000000,L,true,success,
