standard,standard_area,source_version,scope_or_group,role_count,base_nodes,closed_dimensions,member_counts,formula,reportable_coordinates,technical_coordinates,typed_open_dimensions,excluded_repetitions,source_locator,notes,role_codes
ESRS,E1,EFRAG ESRS Set 1 XBRL taxonomy 2024-08-30,E1 taxonomy roles 301067,1,2,Country; CurrentlyStatedBaselineMilestonesOrTargetYears,1; 3,2 x 1 x 3,6,6,,period; perimeter; entity; site; location; company master data; ReportingScopeAxis current/previous-restatement axis,role-301067,ReportingScopeAxis excluded from headline,301067
ESRS,E1,EFRAG ESRS Set 1 XBRL taxonomy 2024-08-30,E1 taxonomy roles 301064,1,8,Country; SourceType; GHGCategory; CurrentlyStatedBaselineMilestonesOrTargetYears; NACEEconomicActivities,1; 5; 9; 8; 1,8 x 1 x 5 x 9 x 8 x 1,2880,2880,,period; perimeter; entity; site; location; company master data; ReportingScopeAxis current/previous-restatement axis,role-301064,E1 target/emissions pathway axis counted by explicit members only; abstract current/root member not duplicated; ReportingScopeAxis excluded from headline,301064
ESRS,E1,EFRAG ESRS Set 1 XBRL taxonomy 2024-08-30,"E1 taxonomy roles 301051, 301063, 301069, 301071",4,63,CurrentlyStatedBaselineMilestonesOrTargetYears,3,63 x 3,189,189,,period; perimeter; entity; site; location; company master data; ReportingScopeAxis current/previous-restatement axis,role-301051;role-301063;role-301069;role-301071,ReportingScopeAxis excluded from headline,301051;301063;301069;301071
ESRS,E1,EFRAG ESRS Set 1 XBRL taxonomy 2024-08-30,E1 taxonomy roles 301043,1,5,CurrentlyStatedBaselineMilestonesOrTargetYears,8,5 x 8,40,40,,period; perimeter; entity; site; location; company master data; ReportingScopeAxis current/previous-restatement axis,role-301043,E1 target/emissions pathway axis counted by explicit members only; abstract current/root member not duplicated; ReportingScopeAxis excluded from headline,301043
ESRS,E1,EFRAG ESRS Set 1 XBRL taxonomy 2024-08-30,E1 taxonomy roles 301042,1,38,CurrentlyStatedBaselineMilestonesOrTargetYears; IdentifierOfTargetTyped,2; 1,38 x 2 x 1,76,76,IdentifierOfTargetTyped,period; perimeter; entity; site; location; company master data; ReportingScopeAxis current/previous-restatement axis,role-301042,E1 target/emissions pathway axis counted by explicit members only; abstract current/root member not duplicated; ReportingScopeAxis excluded from headline,301042
ESRS,E1,EFRAG ESRS Set 1 XBRL taxonomy 2024-08-30,E1 taxonomy roles 301073,1,1,CurrentlyStatedBaselineMilestonesOrTargetYears; NameOfRecognisedQualityStandardTyped,3; 1,1 x 3 x 1,3,3,NameOfRecognisedQualityStandardTyped,period; perimeter; entity; site; location; company master data; ReportingScopeAxis current/previous-restatement axis,role-301073,ReportingScopeAxis excluded from headline,301073
ESRS,E1,EFRAG ESRS Set 1 XBRL taxonomy 2024-08-30,"E1 taxonomy roles 301046, 301048",2,34,DecarbonisationLever; GHGCategory; CurrentlyStatedBaselineMilestonesOrTargetYears,9; 9; 8,34 x 9 x 9 x 8,22032,22032,,period; perimeter; entity; site; location; company master data; ReportingScopeAxis current/previous-restatement axis,role-301046;role-301048,E1 target/emissions pathway axis counted by explicit members only; abstract current/root member not duplicated; ReportingScopeAxis excluded from headline,301046;301048
ESRS,E1,EFRAG ESRS Set 1 XBRL taxonomy 2024-08-30,E1 taxonomy roles 301047,1,10,DecarbonisationLever; GHGCategory; CurrentlyStatedBaselineMilestonesOrTargetYears; TypeOfIntensityValueDenominatorTyped,9; 9; 8; 1,10 x 9 x 9 x 8 x 1,6480,6480,TypeOfIntensityValueDenominatorTyped,period; perimeter; entity; site; location; company master data; ReportingScopeAxis current/previous-restatement axis,role-301047,E1 target/emissions pathway axis counted by explicit members only; abstract current/root member not duplicated; ReportingScopeAxis excluded from headline,301047
ESRS,E1,EFRAG ESRS Set 1 XBRL taxonomy 2024-08-30,E1 taxonomy roles 301099,1,1,EnergyEfficiencyClassTyped,1,1 x 1,1,1,EnergyEfficiencyClassTyped,period; perimeter; entity; site; location; company master data; ReportingScopeAxis current/previous-restatement axis,role-301099,ReportingScopeAxis excluded from headline,301099
ESRS,E1,EFRAG ESRS Set 1 XBRL taxonomy 2024-08-30,E1 taxonomy roles 301062,1,4,FinancialAndOperationalControl; CurrentlyStatedBaselineMilestonesOrTargetYears,3; 3,4 x 3 x 3,36,36,,period; perimeter; entity; site; location; company master data; ReportingScopeAxis current/previous-restatement axis,role-301062,ReportingScopeAxis excluded from headline,301062
ESRS,E1,EFRAG ESRS Set 1 XBRL taxonomy 2024-08-30,E1 taxonomy roles 301082,1,6,GHGEmissionsCoveredByInternalCarbonPricingScheme; TypeOfInternalCarbonPricingScheme; CurrentlyStatedBaselineMilestonesOrTargetYears,2; 6; 3,6 x 2 x 6 x 3,216,216,,period; perimeter; entity; site; location; company master data; ReportingScopeAxis current/previous-restatement axis,role-301082,ReportingScopeAxis excluded from headline,301082
ESRS,E1,EFRAG ESRS Set 1 XBRL taxonomy 2024-08-30,E1 taxonomy roles 301031,1,22,IdentifierOfActionPlanTyped,1,22 x 1,22,22,IdentifierOfActionPlanTyped,period; perimeter; entity; site; location; company master data; ReportingScopeAxis current/previous-restatement axis,role-301031,ReportingScopeAxis excluded from headline,301031
ESRS,E1,EFRAG ESRS Set 1 XBRL taxonomy 2024-08-30,E1 taxonomy roles 301032,1,9,IdentifierOfActionPlanTyped,1,9 x 1,9,9,IdentifierOfActionPlanTyped,period; perimeter; entity; site; location; company master data; ReportingScopeAxis current/previous-restatement axis,role-301032,,301032
ESRS,E1,EFRAG ESRS Set 1 XBRL taxonomy 2024-08-30,"E1 taxonomy roles 301003, 301004",2,10,IdentifierOfImpactRiskAndOpportunityTyped,1,10 x 1,10,10,IdentifierOfImpactRiskAndOpportunityTyped,period; perimeter; entity; site; location; company master data; ReportingScopeAxis current/previous-restatement axis,role-301003;role-301004,,301003;301004
ESRS,E1,EFRAG ESRS Set 1 XBRL taxonomy 2024-08-30,E1 taxonomy roles 301021,1,11,IdentifierOfPolicyTyped,1,11 x 1,11,11,IdentifierOfPolicyTyped,period; perimeter; entity; site; location; company master data; ReportingScopeAxis current/previous-restatement axis,role-301021,,301021
ESRS,E1,EFRAG ESRS Set 1 XBRL taxonomy 2024-08-30,E1 taxonomy roles 301097,1,20,Range; TimeHorizon,3; 4,20 x 3 x 4,240,240,,period; perimeter; entity; site; location; company master data; ReportingScopeAxis current/previous-restatement axis,role-301097,ReportingScopeAxis excluded from headline,301097
ESRS,E1,EFRAG ESRS Set 1 XBRL taxonomy 2024-08-30,E1 taxonomy roles 301098,1,6,Range; TimeHorizon; NACEEconomicActivities; OperatingSegmentTyped,3; 4; 1; 1,6 x 3 x 4 x 1 x 1,72,72,OperatingSegmentTyped,period; perimeter; entity; site; location; company master data; ReportingScopeAxis current/previous-restatement axis,role-301098,ReportingScopeAxis excluded from headline,301098
ESRS,E1,EFRAG ESRS Set 1 XBRL taxonomy 2024-08-30,E1 taxonomy roles 301044,1,1,Scope3GHGEmissionsCategoryGHGProtocol; CurrentlyStatedBaselineMilestonesOrTargetYears,17; 8,1 x 17 x 8,136,136,,period; perimeter; entity; site; location; company master data; ReportingScopeAxis current/previous-restatement axis,role-301044,E1 target/emissions pathway axis counted by explicit members only; abstract current/root member not duplicated; ReportingScopeAxis excluded from headline,301044
ESRS,E1,EFRAG ESRS Set 1 XBRL taxonomy 2024-08-30,E1 taxonomy roles 301065,1,2,Scope3GHGEmissionsCategoryGHGProtocol; CurrentlyStatedBaselineMilestonesOrTargetYears,18; 8,2 x 18 x 8,288,288,,period; perimeter; entity; site; location; company master data; ReportingScopeAxis current/previous-restatement axis,role-301065,E1 target/emissions pathway axis counted by explicit members only; abstract current/root member not duplicated; ReportingScopeAxis excluded from headline,301065
ESRS,E1,EFRAG ESRS Set 1 XBRL taxonomy 2024-08-30,"E1 taxonomy roles 301045, 301066",2,3,Scope3GHGEmissionsCategoryISO140641; CurrentlyStatedBaselineMilestonesOrTargetYears,8; 8,3 x 8 x 8,192,192,,period; perimeter; entity; site; location; company master data; ReportingScopeAxis current/previous-restatement axis,role-301045;role-301066,E1 target/emissions pathway axis counted by explicit members only; abstract current/root member not duplicated; ReportingScopeAxis excluded from headline,301045;301066
ESRS,E1,EFRAG ESRS Set 1 XBRL taxonomy 2024-08-30,E1 taxonomy roles 301033,1,3,TimeHorizon; IdentifierOfActionPlanTyped,4; 1,3 x 4 x 1,12,12,IdentifierOfActionPlanTyped,period; perimeter; entity; site; location; company master data; ReportingScopeAxis current/previous-restatement axis,role-301033,ReportingScopeAxis excluded from headline,301033
ESRS,E1,EFRAG ESRS Set 1 XBRL taxonomy 2024-08-30,E1 taxonomy roles 301005,1,2,TimeHorizon; IdentifierOfImpactRiskAndOpportunityTyped,4; 1,2 x 4 x 1,8,8,IdentifierOfImpactRiskAndOpportunityTyped,period; perimeter; entity; site; location; company master data; ReportingScopeAxis current/previous-restatement axis,role-301005,,301005
ESRS,E1,EFRAG ESRS Set 1 XBRL taxonomy 2024-08-30,"E1 taxonomy roles 301001, 301011",2,26,TopicalESRS,2,26 x 2,52,52,,period; perimeter; entity; site; location; company master data; ReportingScopeAxis current/previous-restatement axis,role-301001;role-301011,ReportingScopeAxis excluded from headline,301001;301011
ESRS,E1,EFRAG ESRS Set 1 XBRL taxonomy 2024-08-30,E1 taxonomy roles 301007,1,21,TopicalESRS,2,21 x 2,42,42,,period; perimeter; entity; site; location; company master data; ReportingScopeAxis current/previous-restatement axis,role-301007,,301007
ESRS,E1,EFRAG ESRS Set 1 XBRL taxonomy 2024-08-30,E1 taxonomy roles 301081,1,8,TypeOfInternalCarbonPricingScheme; CurrentlyStatedBaselineMilestonesOrTargetYears,6; 3,8 x 6 x 3,144,144,,period; perimeter; entity; site; location; company master data; ReportingScopeAxis current/previous-restatement axis,role-301081,ReportingScopeAxis excluded from headline,301081
ESRS,E1,EFRAG ESRS Set 1 XBRL taxonomy 2024-08-30,E1 taxonomy roles 301072,1,7,UndertakingScope; CurrentlyStatedBaselineMilestonesOrTargetYears; NameOfRemovalAndStorageActivityTyped,5; 3; 1,7 x 5 x 3 x 1,105,105,NameOfRemovalAndStorageActivityTyped,period; perimeter; entity; site; location; company master data; ReportingScopeAxis current/previous-restatement axis,role-301072,ReportingScopeAxis excluded from headline,301072
ESRS,E1,EFRAG ESRS Set 1 XBRL taxonomy 2024-08-30,E1 taxonomy roles 301068,1,6,ValueChain; CurrentlyStatedBaselineMilestonesOrTargetYears,5; 3,6 x 5 x 3,90,90,,period; perimeter; entity; site; location; company master data; ReportingScopeAxis current/previous-restatement axis,role-301068,ReportingScopeAxis excluded from headline,301068
ESRS,E1,EFRAG ESRS Set 1 XBRL taxonomy 2024-08-30,"E1 taxonomy roles 301095, 301096",2,41,none,1,41 x 1,41,41,,period; perimeter; entity; site; location; company master data; ReportingScopeAxis current/previous-restatement axis,role-301095;role-301096,ReportingScopeAxis excluded from headline,301095;301096
ESRS,E2,EFRAG ESRS Set 1 XBRL taxonomy 2024-08-30,E2 taxonomy roles 302041,1,18,CurrentlyStatedBaselineMilestonesOrTargetYears,3,18 x 3,54,54,,period; perimeter; entity; site; location; company master data; ReportingScopeAxis current/previous-restatement axis,role-302041,ReportingScopeAxis excluded from headline,302041
ESRS,E2,EFRAG ESRS Set 1 XBRL taxonomy 2024-08-30,E2 taxonomy roles 302031,1,37,CurrentlyStatedBaselineMilestonesOrTargetYears; IdentifierOfTargetTyped,3; 1,37 x 3 x 1,111,111,IdentifierOfTargetTyped,period; perimeter; entity; site; location; company master data; ReportingScopeAxis current/previous-restatement axis,role-302031,ReportingScopeAxis excluded from headline,302031
ESRS,E2,EFRAG ESRS Set 1 XBRL taxonomy 2024-08-30,E2 taxonomy roles 302021,1,20,IdentifierOfActionPlanTyped,1,20 x 1,20,20,IdentifierOfActionPlanTyped,period; perimeter; entity; site; location; company master data; ReportingScopeAxis current/previous-restatement axis,role-302021,ReportingScopeAxis excluded from headline,302021
ESRS,E2,EFRAG ESRS Set 1 XBRL taxonomy 2024-08-30,E2 taxonomy roles 302022,1,4,IdentifierOfActionPlanTyped,1,4 x 1,4,4,IdentifierOfActionPlanTyped,period; perimeter; entity; site; location; company master data; ReportingScopeAxis current/previous-restatement axis,role-302022,,302022
ESRS,E2,EFRAG ESRS Set 1 XBRL taxonomy 2024-08-30,E2 taxonomy roles 302011,1,14,IdentifierOfPolicyTyped,1,14 x 1,14,14,IdentifierOfPolicyTyped,period; perimeter; entity; site; location; company master data; ReportingScopeAxis current/previous-restatement axis,role-302011,,302011
ESRS,E2,EFRAG ESRS Set 1 XBRL taxonomy 2024-08-30,E2 taxonomy roles 302042,1,3,Pollutant; Range; CurrentlyStatedBaselineMilestonesOrTargetYears,92; 3; 3,3 x 92 x 3 x 3,2484,2484,,period; perimeter; entity; site; location; company master data; ReportingScopeAxis current/previous-restatement axis,role-302042,ReportingScopeAxis excluded from headline,302042
ESRS,E2,EFRAG ESRS Set 1 XBRL taxonomy 2024-08-30,E2 taxonomy roles 302043,1,3,Pollutant; Range; CurrentlyStatedBaselineMilestonesOrTargetYears; ESRSSEC1Sectors,92; 3; 3; 1,3 x 92 x 3 x 3 x 1,2484,2484,,period; perimeter; entity; site; location; company master data; ReportingScopeAxis current/previous-restatement axis,role-302043,ReportingScopeAxis excluded from headline,302043
ESRS,E2,EFRAG ESRS Set 1 XBRL taxonomy 2024-08-30,E2 taxonomy roles 302045,1,3,Range; CurrentlyStatedBaselineMilestonesOrTargetYears; ESRSSEC1Sectors,3; 3; 1,3 x 3 x 3 x 1,27,27,,period; perimeter; entity; site; location; company master data; ReportingScopeAxis current/previous-restatement axis,role-302045,ReportingScopeAxis excluded from headline,302045
ESRS,E2,EFRAG ESRS Set 1 XBRL taxonomy 2024-08-30,E2 taxonomy roles 302046,1,3,Range; CurrentlyStatedBaselineMilestonesOrTargetYears; ESRSSEC1Sectors; TypeOfSourceTyped; GeographicalAreaTyped; SiteLocationTyped,3; 3; 1; 1; 1; 1,3 x 3 x 3 x 1 x 1 x 1 x 1,27,27,TypeOfSourceTyped; GeographicalAreaTyped; SiteLocationTyped,period; perimeter; entity; site; location; company master data; ReportingScopeAxis current/previous-restatement axis,role-302046,ReportingScopeAxis excluded from headline,302046
ESRS,E2,EFRAG ESRS Set 1 XBRL taxonomy 2024-08-30,E2 taxonomy roles 302044,1,3,Range; Pollutant; CurrentlyStatedBaselineMilestonesOrTargetYears; ESRSSEC1Sectors; SiteLocationTyped; TypeOfSourceTyped; GeographicalAreaTyped,3; 92; 3; 1; 1; 1; 1,3 x 3 x 92 x 3 x 1 x 1 x 1 x 1,2484,2484,SiteLocationTyped; TypeOfSourceTyped; GeographicalAreaTyped,period; perimeter; entity; site; location; company master data; ReportingScopeAxis current/previous-restatement axis,role-302044,ReportingScopeAxis excluded from headline,302044
ESRS,E2,EFRAG ESRS Set 1 XBRL taxonomy 2024-08-30,E2 taxonomy roles 302063,1,10,Range; TimeHorizon; TopicalESRS,3; 4; 2,10 x 3 x 4 x 2,240,240,,period; perimeter; entity; site; location; company master data; ReportingScopeAxis current/previous-restatement axis,role-302063,ReportingScopeAxis excluded from headline,302063
ESRS,E2,EFRAG ESRS Set 1 XBRL taxonomy 2024-08-30,E2 taxonomy roles 302052,1,12,SubstancesProductionUseDistributionOrCommercialisationImportAndExport; HazardCategories; CurrentlyStatedBaselineMilestonesOrTargetYears; NameOfOtherHazardClassTyped,6; 9; 3; 1,12 x 6 x 9 x 3 x 1,1944,1944,NameOfOtherHazardClassTyped,period; perimeter; entity; site; location; company master data; ReportingScopeAxis current/previous-restatement axis,role-302052,ReportingScopeAxis excluded from headline,302052
ESRS,E2,EFRAG ESRS Set 1 XBRL taxonomy 2024-08-30,E2 taxonomy roles 302051,1,12,SubstancesProductionUseDistributionOrCommercialisationImportAndExport; HazardCategories; HazardClasses; CurrentlyStatedBaselineMilestonesOrTargetYears,6; 9; 18; 3,12 x 6 x 9 x 18 x 3,34992,34992,,period; perimeter; entity; site; location; company master data; ReportingScopeAxis current/previous-restatement axis,role-302051,ReportingScopeAxis excluded from headline,302051
ESRS,E2,EFRAG ESRS Set 1 XBRL taxonomy 2024-08-30,E2 taxonomy roles 302023,1,4,TimeHorizon; IdentifierOfActionPlanTyped,4; 1,4 x 4 x 1,16,16,IdentifierOfActionPlanTyped,period; perimeter; entity; site; location; company master data; ReportingScopeAxis current/previous-restatement axis,role-302023,ReportingScopeAxis excluded from headline,302023
ESRS,E2,EFRAG ESRS Set 1 XBRL taxonomy 2024-08-30,E2 taxonomy roles 302007,1,5,TopicalESRS,2,5 x 2,10,10,,period; perimeter; entity; site; location; company master data; ReportingScopeAxis current/previous-restatement axis,role-302007,,302007
ESRS,E2,EFRAG ESRS Set 1 XBRL taxonomy 2024-08-30,E2 taxonomy roles 302062,1,9,TopicalESRS,2,9 x 2,18,18,,period; perimeter; entity; site; location; company master data; ReportingScopeAxis current/previous-restatement axis,role-302062,ReportingScopeAxis excluded from headline,302062
ESRS,E3,EFRAG ESRS Set 1 XBRL taxonomy 2024-08-30,E3 taxonomy roles 303041,1,17,CurrentlyStatedBaselineMilestonesOrTargetYears,3,17 x 3,51,51,,period; perimeter; entity; site; location; company master data; ReportingScopeAxis current/previous-restatement axis,role-303041,ReportingScopeAxis excluded from headline,303041
ESRS,E3,EFRAG ESRS Set 1 XBRL taxonomy 2024-08-30,E3 taxonomy roles 303042,1,10,CurrentlyStatedBaselineMilestonesOrTargetYears; ESRSSEC1Sectors,3; 1,10 x 3 x 1,30,30,,period; perimeter; entity; site; location; company master data; ReportingScopeAxis current/previous-restatement axis,role-303042,ReportingScopeAxis excluded from headline,303042
ESRS,E3,EFRAG ESRS Set 1 XBRL taxonomy 2024-08-30,E3 taxonomy roles 303043,1,10,CurrentlyStatedBaselineMilestonesOrTargetYears; ESRSSEC1Sectors; OperatingSegmentTyped,3; 1; 1,10 x 3 x 1 x 1,30,30,OperatingSegmentTyped,period; perimeter; entity; site; location; company master data; ReportingScopeAxis current/previous-restatement axis,role-303043,ReportingScopeAxis excluded from headline,303043
ESRS,E3,EFRAG ESRS Set 1 XBRL taxonomy 2024-08-30,E3 taxonomy roles 303031,1,37,CurrentlyStatedBaselineMilestonesOrTargetYears; IdentifierOfTargetTyped,3; 1,37 x 3 x 1,111,111,IdentifierOfTargetTyped,period; perimeter; entity; site; location; company master data; ReportingScopeAxis current/previous-restatement axis,role-303031,ReportingScopeAxis excluded from headline,303031
ESRS,E3,EFRAG ESRS Set 1 XBRL taxonomy 2024-08-30,E3 taxonomy roles 303021,1,22,IdentifierOfActionPlanTyped,1,22 x 1,22,22,IdentifierOfActionPlanTyped,period; perimeter; entity; site; location; company master data; ReportingScopeAxis current/previous-restatement axis,role-303021,ReportingScopeAxis excluded from headline,303021
ESRS,E3,EFRAG ESRS Set 1 XBRL taxonomy 2024-08-30,E3 taxonomy roles 303022,1,4,IdentifierOfActionPlanTyped,1,4 x 1,4,4,IdentifierOfActionPlanTyped,period; perimeter; entity; site; location; company master data; ReportingScopeAxis current/previous-restatement axis,role-303022,,303022
ESRS,E3,EFRAG ESRS Set 1 XBRL taxonomy 2024-08-30,E3 taxonomy roles 303011,1,25,IdentifierOfPolicyTyped,1,25 x 1,25,25,IdentifierOfPolicyTyped,period; perimeter; entity; site; location; company master data; ReportingScopeAxis current/previous-restatement axis,role-303011,,303011
ESRS,E3,EFRAG ESRS Set 1 XBRL taxonomy 2024-08-30,E3 taxonomy roles 303053,1,4,Range; TimeHorizon; TopicalESRS,3; 4; 2,4 x 3 x 4 x 2,96,96,,period; perimeter; entity; site; location; company master data; ReportingScopeAxis current/previous-restatement axis,role-303053,,303053
ESRS,E3,EFRAG ESRS Set 1 XBRL taxonomy 2024-08-30,E3 taxonomy roles 303023,1,6,TimeHorizon; IdentifierOfActionPlanTyped,4; 1,6 x 4 x 1,24,24,IdentifierOfActionPlanTyped,period; perimeter; entity; site; location; company master data; ReportingScopeAxis current/previous-restatement axis,role-303023,ReportingScopeAxis excluded from headline,303023
ESRS,E3,EFRAG ESRS Set 1 XBRL taxonomy 2024-08-30,"E3 taxonomy roles 303007, 303052",2,9,TopicalESRS,2,9 x 2,18,18,,period; perimeter; entity; site; location; company master data; ReportingScopeAxis current/previous-restatement axis,role-303007;role-303052,,303007;303052
ESRS,E4,EFRAG ESRS Set 1 XBRL taxonomy 2024-08-30,E4 taxonomy roles 304051,1,26,CurrentlyStatedBaselineMilestonesOrTargetYears,3,26 x 3,78,78,,period; perimeter; entity; site; location; company master data; ReportingScopeAxis current/previous-restatement axis,role-304051,ReportingScopeAxis excluded from headline,304051
ESRS,E4,EFRAG ESRS Set 1 XBRL taxonomy 2024-08-30,E4 taxonomy roles 304041,1,36,CurrentlyStatedBaselineMilestonesOrTargetYears; IdentifierOfTargetTyped,3; 1,36 x 3 x 1,108,108,IdentifierOfTargetTyped,period; perimeter; entity; site; location; company master data; ReportingScopeAxis current/previous-restatement axis,role-304041,ReportingScopeAxis excluded from headline,304041
ESRS,E4,EFRAG ESRS Set 1 XBRL taxonomy 2024-08-30,E4 taxonomy roles 304005,1,3,EcologicalStatusOfAreasTyped,1,3 x 1,3,3,EcologicalStatusOfAreasTyped,period; perimeter; entity; site; location; company master data; ReportingScopeAxis current/previous-restatement axis,role-304005,,304005
ESRS,E4,EFRAG ESRS Set 1 XBRL taxonomy 2024-08-30,E4 taxonomy roles 304031,1,33,IdentifierOfActionPlanTyped,1,33 x 1,33,33,IdentifierOfActionPlanTyped,period; perimeter; entity; site; location; company master data; ReportingScopeAxis current/previous-restatement axis,role-304031,ReportingScopeAxis excluded from headline,304031
ESRS,E4,EFRAG ESRS Set 1 XBRL taxonomy 2024-08-30,E4 taxonomy roles 304032,1,7,IdentifierOfActionPlanTyped,1,7 x 1,7,7,IdentifierOfActionPlanTyped,period; perimeter; entity; site; location; company master data; ReportingScopeAxis current/previous-restatement axis,role-304032,,304032
ESRS,E4,EFRAG ESRS Set 1 XBRL taxonomy 2024-08-30,"E4 taxonomy roles 304004, 304012",2,15,IdentifierOfImpactRiskAndOpportunityTyped,1,15 x 1,15,15,IdentifierOfImpactRiskAndOpportunityTyped,period; perimeter; entity; site; location; company master data; ReportingScopeAxis current/previous-restatement axis,role-304004;role-304012,,304004;304012
ESRS,E4,EFRAG ESRS Set 1 XBRL taxonomy 2024-08-30,E4 taxonomy roles 304021,1,28,IdentifierOfPolicyTyped,1,28 x 1,28,28,IdentifierOfPolicyTyped,period; perimeter; entity; site; location; company master data; ReportingScopeAxis current/previous-restatement axis,role-304021,,304021
ESRS,E4,EFRAG ESRS Set 1 XBRL taxonomy 2024-08-30,E4 taxonomy roles 304052,1,16,NamesOfMetricsTyped,1,16 x 1,16,16,NamesOfMetricsTyped,period; perimeter; entity; site; location; company master data; ReportingScopeAxis current/previous-restatement axis,role-304052,ReportingScopeAxis excluded from headline,304052
ESRS,E4,EFRAG ESRS Set 1 XBRL taxonomy 2024-08-30,E4 taxonomy roles 304063,1,4,Range; TimeHorizon; TopicalESRS,3; 4; 2,4 x 3 x 4 x 2,96,96,,period; perimeter; entity; site; location; company master data; ReportingScopeAxis current/previous-restatement axis,role-304063,,304063
ESRS,E4,EFRAG ESRS Set 1 XBRL taxonomy 2024-08-30,E4 taxonomy roles 304033,1,4,TimeHorizon; IdentifierOfActionPlanTyped,4; 1,4 x 4 x 1,16,16,IdentifierOfActionPlanTyped,period; perimeter; entity; site; location; company master data; ReportingScopeAxis current/previous-restatement axis,role-304033,ReportingScopeAxis excluded from headline,304033
ESRS,E4,EFRAG ESRS Set 1 XBRL taxonomy 2024-08-30,"E4 taxonomy roles 304007, 304011, 304062",3,37,TopicalESRS,2,37 x 2,74,74,,period; perimeter; entity; site; location; company master data; ReportingScopeAxis current/previous-restatement axis,role-304007;role-304011;role-304062,,304007;304011;304062
ESRS,E4,EFRAG ESRS Set 1 XBRL taxonomy 2024-08-30,E4 taxonomy roles 304053,1,2,TopicalESRS; NamesOfMetricsTyped,5; 1,2 x 5 x 1,10,10,NamesOfMetricsTyped,period; perimeter; entity; site; location; company master data; ReportingScopeAxis current/previous-restatement axis,role-304053,,304053
ESRS,E4,EFRAG ESRS Set 1 XBRL taxonomy 2024-08-30,E4 taxonomy roles 304054,1,6,TypeOfEcosystemTyped,1,6 x 1,6,6,TypeOfEcosystemTyped,period; perimeter; entity; site; location; company master data; ReportingScopeAxis current/previous-restatement axis,role-304054,,304054
ESRS,E5,EFRAG ESRS Set 1 XBRL taxonomy 2024-08-30,"E5 taxonomy roles 305041, 305051",2,23,CurrentlyStatedBaselineMilestonesOrTargetYears,3,23 x 3,69,69,,period; perimeter; entity; site; location; company master data; ReportingScopeAxis current/previous-restatement axis,role-305041;role-305051,ReportingScopeAxis excluded from headline,305041;305051
ESRS,E5,EFRAG ESRS Set 1 XBRL taxonomy 2024-08-30,E5 taxonomy roles 305031,1,37,CurrentlyStatedBaselineMilestonesOrTargetYears; IdentifierOfTargetTyped,3; 1,37 x 3 x 1,111,111,IdentifierOfTargetTyped,period; perimeter; entity; site; location; company master data; ReportingScopeAxis current/previous-restatement axis,role-305031,ReportingScopeAxis excluded from headline,305031
ESRS,E5,EFRAG ESRS Set 1 XBRL taxonomy 2024-08-30,E5 taxonomy roles 305021,1,24,IdentifierOfActionPlanTyped,1,24 x 1,24,24,IdentifierOfActionPlanTyped,period; perimeter; entity; site; location; company master data; ReportingScopeAxis current/previous-restatement axis,role-305021,ReportingScopeAxis excluded from headline,305021
ESRS,E5,EFRAG ESRS Set 1 XBRL taxonomy 2024-08-30,E5 taxonomy roles 305022,1,10,IdentifierOfActionPlanTyped,1,10 x 1,10,10,IdentifierOfActionPlanTyped,period; perimeter; entity; site; location; company master data; ReportingScopeAxis current/previous-restatement axis,role-305022,,305022
ESRS,E5,EFRAG ESRS Set 1 XBRL taxonomy 2024-08-30,E5 taxonomy roles 305011,1,15,IdentifierOfPolicyTyped,1,15 x 1,15,15,IdentifierOfPolicyTyped,period; perimeter; entity; site; location; company master data; ReportingScopeAxis current/previous-restatement axis,role-305011,,305011
ESRS,E5,EFRAG ESRS Set 1 XBRL taxonomy 2024-08-30,E5 taxonomy roles 305052,1,3,NameOfProductTyped,1,3 x 1,3,3,NameOfProductTyped,period; perimeter; entity; site; location; company master data; ReportingScopeAxis current/previous-restatement axis,role-305052,,305052
ESRS,E5,EFRAG ESRS Set 1 XBRL taxonomy 2024-08-30,E5 taxonomy roles 305063,1,4,Range; TimeHorizon; TopicalESRS,3; 4; 2,4 x 3 x 4 x 2,96,96,,period; perimeter; entity; site; location; company master data; ReportingScopeAxis current/previous-restatement axis,role-305063,,305063
ESRS,E5,EFRAG ESRS Set 1 XBRL taxonomy 2024-08-30,E5 taxonomy roles 305023,1,3,TimeHorizon; IdentifierOfActionPlanTyped,4; 1,3 x 4 x 1,12,12,IdentifierOfActionPlanTyped,period; perimeter; entity; site; location; company master data; ReportingScopeAxis current/previous-restatement axis,role-305023,ReportingScopeAxis excluded from headline,305023
ESRS,E5,EFRAG ESRS Set 1 XBRL taxonomy 2024-08-30,"E5 taxonomy roles 305007, 305062",2,9,TopicalESRS,2,9 x 2,18,18,,period; perimeter; entity; site; location; company master data; ReportingScopeAxis current/previous-restatement axis,role-305007;role-305062,,305007;305062
ESRS,E5,EFRAG ESRS Set 1 XBRL taxonomy 2024-08-30,E5 taxonomy roles 305053,1,1,TypeOfWaste; TypeOfRecoveryOperations; CurrentlyStatedBaselineMilestonesOrTargetYears,3; 4; 3,1 x 3 x 4 x 3,36,36,,period; perimeter; entity; site; location; company master data; ReportingScopeAxis current/previous-restatement axis,role-305053,ReportingScopeAxis excluded from headline,305053
ESRS,E5,EFRAG ESRS Set 1 XBRL taxonomy 2024-08-30,E5 taxonomy roles 305054,1,1,TypeOfWaste; TypeOfWasteTreatment; CurrentlyStatedBaselineMilestonesOrTargetYears,3; 4; 3,1 x 3 x 4 x 3,36,36,,period; perimeter; entity; site; location; company master data; ReportingScopeAxis current/previous-restatement axis,role-305054,ReportingScopeAxis excluded from headline,305054
ESRS,ESRS 2,EFRAG ESRS Set 1 XBRL taxonomy 2024-08-30,ESRS 2 taxonomy roles 200615,1,1,AdministrativeManagementAndSupervisoryBodies,4,1 x 4,4,4,,period; perimeter; entity; site; location; company master data; ReportingScopeAxis current/previous-restatement axis,role-200615,,200615
ESRS,ESRS 2,EFRAG ESRS Set 1 XBRL taxonomy 2024-08-30,ESRS 2 taxonomy roles 201411,1,24,CurrentlyStatedBaselineMilestonesOrTargetYears; IdentifierOfTargetTyped,3; 1,24 x 3 x 1,72,72,IdentifierOfTargetTyped,period; perimeter; entity; site; location; company master data; ReportingScopeAxis current/previous-restatement axis,role-201411,ReportingScopeAxis excluded from headline,201411
ESRS,ESRS 2,EFRAG ESRS Set 1 XBRL taxonomy 2024-08-30,ESRS 2 taxonomy roles 201513,1,11,CurrentlyStatedBaselineMilestonesOrTargetYears; NamesOfMetricsTyped,3; 1,11 x 3 x 1,33,33,NamesOfMetricsTyped,period; perimeter; entity; site; location; company master data; ReportingScopeAxis current/previous-restatement axis,role-201513,ReportingScopeAxis excluded from headline,201513
ESRS,ESRS 2,EFRAG ESRS Set 1 XBRL taxonomy 2024-08-30,ESRS 2 taxonomy roles 200713,1,1,ESRSSEC1Sectors; OperatingSegmentTyped,1; 1,1 x 1 x 1,1,1,OperatingSegmentTyped,period; perimeter; entity; site; location; company master data; ReportingScopeAxis current/previous-restatement axis,role-200713,ReportingScopeAxis excluded from headline,200713
ESRS,ESRS 2,EFRAG ESRS Set 1 XBRL taxonomy 2024-08-30,ESRS 2 taxonomy roles 200612,1,1,Gender,5,1 x 5,5,5,,period; perimeter; entity; site; location; company master data; ReportingScopeAxis current/previous-restatement axis,role-200612,ReportingScopeAxis excluded from headline,200612
ESRS,ESRS 2,EFRAG ESRS Set 1 XBRL taxonomy 2024-08-30,ESRS 2 taxonomy roles 200712,1,2,GeographicalAreaTyped,1,2 x 1,2,2,GeographicalAreaTyped,period; perimeter; entity; site; location; company master data; ReportingScopeAxis current/previous-restatement axis,role-200712,ReportingScopeAxis excluded from headline,200712
ESRS,ESRS 2,EFRAG ESRS Set 1 XBRL taxonomy 2024-08-30,ESRS 2 taxonomy roles 201311,1,18,IdentifierOfActionPlanTyped,1,18 x 1,18,18,IdentifierOfActionPlanTyped,period; perimeter; entity; site; location; company master data; ReportingScopeAxis current/previous-restatement axis,role-201311,ReportingScopeAxis excluded from headline,201311
ESRS,ESRS 2,EFRAG ESRS Set 1 XBRL taxonomy 2024-08-30,ESRS 2 taxonomy roles 201321,1,4,IdentifierOfActionPlanTyped,1,4 x 1,4,4,IdentifierOfActionPlanTyped,period; perimeter; entity; site; location; company master data; ReportingScopeAxis current/previous-restatement axis,role-201321,,201321
ESRS,ESRS 2,EFRAG ESRS Set 1 XBRL taxonomy 2024-08-30,ESRS 2 taxonomy roles 200731,1,28,IdentifierOfImpactRiskAndOpportunityTyped,1,28 x 1,28,28,IdentifierOfImpactRiskAndOpportunityTyped,period; perimeter; entity; site; location; company master data; ReportingScopeAxis current/previous-restatement axis,role-200731,,200731
ESRS,ESRS 2,EFRAG ESRS Set 1 XBRL taxonomy 2024-08-30,ESRS 2 taxonomy roles 201211,1,11,IdentifierOfPolicyTyped,1,11 x 1,11,11,IdentifierOfPolicyTyped,period; perimeter; entity; site; location; company master data; ReportingScopeAxis current/previous-restatement axis,role-201211,,201211
ESRS,ESRS 2,EFRAG ESRS Set 1 XBRL taxonomy 2024-08-30,ESRS 2 taxonomy roles 201421,1,10,IdentifierOfTargetTyped,1,10 x 1,10,10,IdentifierOfTargetTyped,period; perimeter; entity; site; location; company master data; ReportingScopeAxis current/previous-restatement axis,role-201421,,201421
ESRS,ESRS 2,EFRAG ESRS Set 1 XBRL taxonomy 2024-08-30,ESRS 2 taxonomy roles 201422,1,13,IdentifierOfTargetTyped,1,13 x 1,13,13,IdentifierOfTargetTyped,period; perimeter; entity; site; location; company master data; ReportingScopeAxis current/previous-restatement axis,role-201422,ReportingScopeAxis excluded from headline,201422
ESRS,ESRS 2,EFRAG ESRS Set 1 XBRL taxonomy 2024-08-30,ESRS 2 taxonomy roles 200613,1,1,NameOfOtherThanGenderAspectOfDiversityTyped,1,1 x 1,1,1,NameOfOtherThanGenderAspectOfDiversityTyped,period; perimeter; entity; site; location; company master data; ReportingScopeAxis current/previous-restatement axis,role-200613,ReportingScopeAxis excluded from headline,200613
ESRS,ESRS 2,EFRAG ESRS Set 1 XBRL taxonomy 2024-08-30,"ESRS 2 taxonomy roles 200522, 200523, 201511",3,15,NamesOfMetricsTyped,1,15 x 1,15,15,NamesOfMetricsTyped,period; perimeter; entity; site; location; company master data; ReportingScopeAxis current/previous-restatement axis,role-200522;role-200523;role-201511,,200522;200523;201511
ESRS,ESRS 2,EFRAG ESRS Set 1 XBRL taxonomy 2024-08-30,ESRS 2 taxonomy roles 201322,1,3,TimeHorizon; IdentifierOfActionPlanTyped,4; 1,3 x 4 x 1,12,12,IdentifierOfActionPlanTyped,period; perimeter; entity; site; location; company master data; ReportingScopeAxis current/previous-restatement axis,role-201322,ReportingScopeAxis excluded from headline,201322
ESRS,ESRS 2,EFRAG ESRS Set 1 XBRL taxonomy 2024-08-30,ESRS 2 taxonomy roles 200811,1,23,TopicalESRS,11,23 x 11,253,253,,period; perimeter; entity; site; location; company master data; ReportingScopeAxis current/previous-restatement axis,role-200811,ReportingScopeAxis excluded from headline,200811
ESRS,ESRS 2,EFRAG ESRS Set 1 XBRL taxonomy 2024-08-30,ESRS 2 taxonomy roles 200614,1,9,TopicalESRS,2,9 x 2,18,18,,period; perimeter; entity; site; location; company master data; ReportingScopeAxis current/previous-restatement axis,role-200614,,200614
ESRS,ESRS 2,EFRAG ESRS Set 1 XBRL taxonomy 2024-08-30,ESRS 2 taxonomy roles 200631,1,9,TopicalESRS,2,9 x 2,18,18,,period; perimeter; entity; site; location; company master data; ReportingScopeAxis current/previous-restatement axis,role-200631,ReportingScopeAxis excluded from headline,200631
ESRS,ESRS 2,EFRAG ESRS Set 1 XBRL taxonomy 2024-08-30,ESRS 2 taxonomy roles 200721,1,9,TopicalESRS,5,9 x 5,45,45,,period; perimeter; entity; site; location; company master data; ReportingScopeAxis current/previous-restatement axis,role-200721,,200721
ESRS,ESRS 2,EFRAG ESRS Set 1 XBRL taxonomy 2024-08-30,ESRS 2 taxonomy roles 200524,1,8,TopicalESRS,6,8 x 6,48,48,,period; perimeter; entity; site; location; company master data; ReportingScopeAxis current/previous-restatement axis,role-200524,,200524
ESRS,ESRS 2,EFRAG ESRS Set 1 XBRL taxonomy 2024-08-30,ESRS 2 taxonomy roles 200722,1,6,TopicalESRS; NameOfStakeholderTyped,5; 1,6 x 5 x 1,30,30,NameOfStakeholderTyped,period; perimeter; entity; site; location; company master data; ReportingScopeAxis current/previous-restatement axis,role-200722,,200722
ESRS,ESRS 2,EFRAG ESRS Set 1 XBRL taxonomy 2024-08-30,"ESRS 2 taxonomy roles 200511, 200521, 200611, 200711",4,70,none,1,70 x 1,70,70,,period; perimeter; entity; site; location; company master data; ReportingScopeAxis current/previous-restatement axis,role-200511;role-200521;role-200611;role-200711,ReportingScopeAxis excluded from headline,200511;200521;200611;200711
ESRS,G1,EFRAG ESRS Set 1 XBRL taxonomy 2024-08-30,G1 taxonomy roles 501082,1,3,Country; CurrentlyStatedBaselineMilestonesOrTargetYears; TypeOfRecipientOrBeneficiaryTyped,1; 3; 1,3 x 1 x 3 x 1,9,9,TypeOfRecipientOrBeneficiaryTyped,period; perimeter; entity; site; location; company master data; ReportingScopeAxis current/previous-restatement axis,role-501082,ReportingScopeAxis excluded from headline,501082
ESRS,G1,EFRAG ESRS Set 1 XBRL taxonomy 2024-08-30,G1 taxonomy roles 501092,1,1,Country; SupplierCategoryTyped; GeographicalAreaTyped,1; 1; 1,1 x 1 x 1 x 1,1,1,SupplierCategoryTyped; GeographicalAreaTyped,period; perimeter; entity; site; location; company master data; ReportingScopeAxis current/previous-restatement axis,role-501092,,501092
ESRS,G1,EFRAG ESRS Set 1 XBRL taxonomy 2024-08-30,"G1 taxonomy roles 501031, 501071, 501081, 501091",4,36,CurrentlyStatedBaselineMilestonesOrTargetYears,3,36 x 3,108,108,,period; perimeter; entity; site; location; company master data; ReportingScopeAxis current/previous-restatement axis,role-501031;role-501071;role-501081;role-501091,ReportingScopeAxis excluded from headline,501031;501071;501081;501091
ESRS,G1,EFRAG ESRS Set 1 XBRL taxonomy 2024-08-30,G1 taxonomy roles 501061,1,23,CurrentlyStatedBaselineMilestonesOrTargetYears; IdentifierOfTargetTyped,3; 1,23 x 3 x 1,69,69,IdentifierOfTargetTyped,period; perimeter; entity; site; location; company master data; ReportingScopeAxis current/previous-restatement axis,role-501061,ReportingScopeAxis excluded from headline,501061
ESRS,G1,EFRAG ESRS Set 1 XBRL taxonomy 2024-08-30,G1 taxonomy roles 501083,1,3,CurrentlyStatedBaselineMilestonesOrTargetYears; TypeOfRecipientOrBeneficiaryTyped; GeographicalAreaTyped,3; 1; 1,3 x 3 x 1 x 1,9,9,TypeOfRecipientOrBeneficiaryTyped; GeographicalAreaTyped,period; perimeter; entity; site; location; company master data; ReportingScopeAxis current/previous-restatement axis,role-501083,ReportingScopeAxis excluded from headline,501083
ESRS,G1,EFRAG ESRS Set 1 XBRL taxonomy 2024-08-30,G1 taxonomy roles 501033,1,8,Employees; CurrentlyStatedBaselineMilestonesOrTargetYears,5; 3,8 x 5 x 3,120,120,,period; perimeter; entity; site; location; company master data; ReportingScopeAxis current/previous-restatement axis,role-501033,ReportingScopeAxis excluded from headline,501033
ESRS,G1,EFRAG ESRS Set 1 XBRL taxonomy 2024-08-30,G1 taxonomy roles 501032,1,8,Employees; CurrentlyStatedBaselineMilestonesOrTargetYears; RegionTyped,5; 3; 1,8 x 5 x 3 x 1,120,120,RegionTyped,period; perimeter; entity; site; location; company master data; ReportingScopeAxis current/previous-restatement axis,role-501032,ReportingScopeAxis excluded from headline,501032
ESRS,G1,EFRAG ESRS Set 1 XBRL taxonomy 2024-08-30,G1 taxonomy roles 501041,1,18,IdentifierOfActionPlanTyped,1,18 x 1,18,18,IdentifierOfActionPlanTyped,period; perimeter; entity; site; location; company master data; ReportingScopeAxis current/previous-restatement axis,role-501041,ReportingScopeAxis excluded from headline,501041
ESRS,G1,EFRAG ESRS Set 1 XBRL taxonomy 2024-08-30,G1 taxonomy roles 501051,1,4,IdentifierOfActionPlanTyped,1,4 x 1,4,4,IdentifierOfActionPlanTyped,period; perimeter; entity; site; location; company master data; ReportingScopeAxis current/previous-restatement axis,role-501051,,501051
ESRS,G1,EFRAG ESRS Set 1 XBRL taxonomy 2024-08-30,G1 taxonomy roles 501011,1,11,IdentifierOfPolicyTyped,1,11 x 1,11,11,IdentifierOfPolicyTyped,period; perimeter; entity; site; location; company master data; ReportingScopeAxis current/previous-restatement axis,role-501011,,501011
ESRS,G1,EFRAG ESRS Set 1 XBRL taxonomy 2024-08-30,G1 taxonomy roles 501052,1,3,TimeHorizon; IdentifierOfActionPlanTyped,4; 1,3 x 4 x 1,12,12,IdentifierOfActionPlanTyped,period; perimeter; entity; site; location; company master data; ReportingScopeAxis current/previous-restatement axis,role-501052,ReportingScopeAxis excluded from headline,501052
ESRS,G1,EFRAG ESRS Set 1 XBRL taxonomy 2024-08-30,"G1 taxonomy roles 501001, 501007",2,5,TopicalESRS,2,5 x 2,10,10,,period; perimeter; entity; site; location; company master data; ReportingScopeAxis current/previous-restatement axis,role-501001;role-501007,,501001;501007
ESRS,Other,EFRAG ESRS Set 1 XBRL taxonomy 2024-08-30,Other taxonomy roles 601011,1,4,IdentifierOfImpactRiskAndOpportunityTyped,1,4 x 1,4,4,IdentifierOfImpactRiskAndOpportunityTyped,period; perimeter; entity; site; location; company master data; ReportingScopeAxis current/previous-restatement axis,role-601011,,601011
ESRS,S1,EFRAG ESRS Set 1 XBRL taxonomy 2024-08-30,S1 taxonomy roles 401082,1,2,Country; CurrentlyStatedBaselineMilestonesOrTargetYears,1; 3,2 x 1 x 3,6,6,,period; perimeter; entity; site; location; company master data; ReportingScopeAxis current/previous-restatement axis,role-401082,ReportingScopeAxis excluded from headline,401082
ESRS,S1,EFRAG ESRS Set 1 XBRL taxonomy 2024-08-30,S1 taxonomy roles 401162,1,1,Country; CurrentlyStatedBaselineMilestonesOrTargetYears; OrdinaryBasicSalaryAndComplementaryOrVariableComponentsTyped; OperatingSegmentTyped; EmployeeCategoryTyped,1; 3; 1; 1; 1,1 x 1 x 3 x 1 x 1 x 1,3,3,OrdinaryBasicSalaryAndComplementaryOrVariableComponentsTyped; OperatingSegmentTyped; EmployeeCategoryTyped,period; perimeter; entity; site; location; company master data; ReportingScopeAxis current/previous-restatement axis,role-401162,ReportingScopeAxis excluded from headline,401162
ESRS,S1,EFRAG ESRS Set 1 XBRL taxonomy 2024-08-30,S1 taxonomy roles 401112,1,5,Country; EmployeesAndNonemployees,1; 3,5 x 1 x 3,15,15,,period; perimeter; entity; site; location; company master data; ReportingScopeAxis current/previous-restatement axis,role-401112,,401112
ESRS,S1,EFRAG ESRS Set 1 XBRL taxonomy 2024-08-30,S1 taxonomy roles 401102,1,1,Country; EmployeesAndNonemployees; CurrentlyStatedBaselineMilestonesOrTargetYears,1; 3; 3,1 x 1 x 3 x 3,9,9,,period; perimeter; entity; site; location; company master data; ReportingScopeAxis current/previous-restatement axis,role-401102,ReportingScopeAxis excluded from headline,401102
ESRS,S1,EFRAG ESRS Set 1 XBRL taxonomy 2024-08-30,"S1 taxonomy roles 401061, 401071, 401081, 401091, 401121, 401141, 401151, 401161, 401171",9,68,CurrentlyStatedBaselineMilestonesOrTargetYears,3,68 x 3,204,204,,period; perimeter; entity; site; location; company master data; ReportingScopeAxis current/previous-restatement axis,role-401061;role-401071;role-401081;role-401091;role-401121;role-401141;role-401151;role-401161;role-401171,ReportingScopeAxis excluded from headline,401061;401071;401081;401091;401121;401141;401151;401161;401171
ESRS,S1,EFRAG ESRS Set 1 XBRL taxonomy 2024-08-30,S1 taxonomy roles 401063,1,2,CurrentlyStatedBaselineMilestonesOrTargetYears; Country,3; 1,2 x 3 x 1,6,6,,period; perimeter; entity; site; location; company master data; ReportingScopeAxis current/previous-restatement axis,role-401063,ReportingScopeAxis excluded from headline,401063
ESRS,S1,EFRAG ESRS Set 1 XBRL taxonomy 2024-08-30,S1 taxonomy roles 401052,1,27,CurrentlyStatedBaselineMilestonesOrTargetYears; IdentifierOfTargetTyped,3; 1,27 x 3 x 1,81,81,IdentifierOfTargetTyped,period; perimeter; entity; site; location; company master data; ReportingScopeAxis current/previous-restatement axis,role-401052,ReportingScopeAxis excluded from headline,401052
ESRS,S1,EFRAG ESRS Set 1 XBRL taxonomy 2024-08-30,S1 taxonomy roles 401083,1,1,CurrentlyStatedBaselineMilestonesOrTargetYears; RegionTyped,3; 1,1 x 3 x 1,3,3,RegionTyped,period; perimeter; entity; site; location; company master data; ReportingScopeAxis current/previous-restatement axis,role-401083,ReportingScopeAxis excluded from headline,401083
ESRS,S1,EFRAG ESRS Set 1 XBRL taxonomy 2024-08-30,"S1 taxonomy roles 401101, 401111",2,4,EmployeesAndNonemployees,3,4 x 3,12,12,,period; perimeter; entity; site; location; company master data; ReportingScopeAxis current/previous-restatement axis,role-401101;role-401111,,401101;401111
ESRS,S1,EFRAG ESRS Set 1 XBRL taxonomy 2024-08-30,"S1 taxonomy roles 401131, 401142",2,13,EmployeesAndNonemployees; CurrentlyStatedBaselineMilestonesOrTargetYears,3; 3,13 x 3 x 3,117,117,,period; perimeter; entity; site; location; company master data; ReportingScopeAxis current/previous-restatement axis,role-401131;role-401142,ReportingScopeAxis excluded from headline,401131;401142
ESRS,S1,EFRAG ESRS Set 1 XBRL taxonomy 2024-08-30,"S1 taxonomy roles 401062, 401092, 401122, 401152",4,7,Gender; CurrentlyStatedBaselineMilestonesOrTargetYears,5; 3,7 x 5 x 3,105,105,,period; perimeter; entity; site; location; company master data; ReportingScopeAxis current/previous-restatement axis,role-401062;role-401092;role-401122;role-401152,ReportingScopeAxis excluded from headline,401062;401092;401122;401152
ESRS,S1,EFRAG ESRS Set 1 XBRL taxonomy 2024-08-30,S1 taxonomy roles 401132,1,2,Gender; EmployeesAndNonemployees; CurrentlyStatedBaselineMilestonesOrTargetYears; EmployeeCategoryTyped,5; 3; 3; 1,2 x 5 x 3 x 3 x 1,90,90,EmployeeCategoryTyped,period; perimeter; entity; site; location; company master data; ReportingScopeAxis current/previous-restatement axis,role-401132,ReportingScopeAxis excluded from headline,401132
ESRS,S1,EFRAG ESRS Set 1 XBRL taxonomy 2024-08-30,S1 taxonomy roles 401064,1,3,Gender; TypeOfEmployeeContract; CurrentlyStatedBaselineMilestonesOrTargetYears,5; 6; 3,3 x 5 x 6 x 3,270,270,,period; perimeter; entity; site; location; company master data; ReportingScopeAxis current/previous-restatement axis,role-401064,ReportingScopeAxis excluded from headline,401064
ESRS,S1,EFRAG ESRS Set 1 XBRL taxonomy 2024-08-30,"S1 taxonomy roles 401041, 401043",2,27,IdentifierOfActionPlanTyped,1,27 x 1,27,27,IdentifierOfActionPlanTyped,period; perimeter; entity; site; location; company master data; ReportingScopeAxis current/previous-restatement axis,role-401041;role-401043,,401041;401043
ESRS,S1,EFRAG ESRS Set 1 XBRL taxonomy 2024-08-30,S1 taxonomy roles 401042,1,19,IdentifierOfActionPlanTyped,1,19 x 1,19,19,IdentifierOfActionPlanTyped,period; perimeter; entity; site; location; company master data; ReportingScopeAxis current/previous-restatement axis,role-401042,ReportingScopeAxis excluded from headline,401042
ESRS,S1,EFRAG ESRS Set 1 XBRL taxonomy 2024-08-30,S1 taxonomy roles 401003,1,26,IdentifierOfImpactRiskAndOpportunityTyped,1,26 x 1,26,26,IdentifierOfImpactRiskAndOpportunityTyped,period; perimeter; entity; site; location; company master data; ReportingScopeAxis current/previous-restatement axis,role-401003,,401003
ESRS,S1,EFRAG ESRS Set 1 XBRL taxonomy 2024-08-30,"S1 taxonomy roles 401011, 401012",2,45,IdentifierOfPolicyTyped,1,45 x 1,45,45,IdentifierOfPolicyTyped,period; perimeter; entity; site; location; company master data; ReportingScopeAxis current/previous-restatement axis,role-401011;role-401012,,401011;401012
ESRS,S1,EFRAG ESRS Set 1 XBRL taxonomy 2024-08-30,S1 taxonomy roles 401051,1,9,IdentifierOfTargetTyped,1,9 x 1,9,9,IdentifierOfTargetTyped,period; perimeter; entity; site; location; company master data; ReportingScopeAxis current/previous-restatement axis,role-401051,,401051
ESRS,S1,EFRAG ESRS Set 1 XBRL taxonomy 2024-08-30,S1 taxonomy roles 401044,1,3,TimeHorizon; IdentifierOfActionPlanTyped,4; 1,3 x 4 x 1,12,12,IdentifierOfActionPlanTyped,period; perimeter; entity; site; location; company master data; ReportingScopeAxis current/previous-restatement axis,role-401044,ReportingScopeAxis excluded from headline,401044
ESRS,S1,EFRAG ESRS Set 1 XBRL taxonomy 2024-08-30,"S1 taxonomy roles 401021, 401031",2,36,TopicalESRS,2,36 x 2,72,72,,period; perimeter; entity; site; location; company master data; ReportingScopeAxis current/previous-restatement axis,role-401021;role-401031,,401021;401031
ESRS,S1,EFRAG ESRS Set 1 XBRL taxonomy 2024-08-30,S1 taxonomy roles 401065,1,3,TypeOfEmployeeContract; CurrentlyStatedBaselineMilestonesOrTargetYears; RegionTyped,6; 3; 1,3 x 6 x 3 x 1,54,54,RegionTyped,period; perimeter; entity; site; location; company master data; ReportingScopeAxis current/previous-restatement axis,role-401065,ReportingScopeAxis excluded from headline,401065
ESRS,S2,EFRAG ESRS Set 1 XBRL taxonomy 2024-08-30,S2 taxonomy roles 402052,1,27,CurrentlyStatedBaselineMilestonesOrTargetYears; IdentifierOfTargetTyped,3; 1,27 x 3 x 1,81,81,IdentifierOfTargetTyped,period; perimeter; entity; site; location; company master data; ReportingScopeAxis current/previous-restatement axis,role-402052,ReportingScopeAxis excluded from headline,402052
ESRS,S2,EFRAG ESRS Set 1 XBRL taxonomy 2024-08-30,"S2 taxonomy roles 402041, 402043",2,26,IdentifierOfActionPlanTyped,1,26 x 1,26,26,IdentifierOfActionPlanTyped,period; perimeter; entity; site; location; company master data; ReportingScopeAxis current/previous-restatement axis,role-402041;role-402043,,402041;402043
ESRS,S2,EFRAG ESRS Set 1 XBRL taxonomy 2024-08-30,S2 taxonomy roles 402042,1,19,IdentifierOfActionPlanTyped,1,19 x 1,19,19,IdentifierOfActionPlanTyped,period; perimeter; entity; site; location; company master data; ReportingScopeAxis current/previous-restatement axis,role-402042,ReportingScopeAxis excluded from headline,402042
ESRS,S2,EFRAG ESRS Set 1 XBRL taxonomy 2024-08-30,S2 taxonomy roles 402003,1,20,IdentifierOfImpactRiskAndOpportunityTyped,1,20 x 1,20,20,IdentifierOfImpactRiskAndOpportunityTyped,period; perimeter; entity; site; location; company master data; ReportingScopeAxis current/previous-restatement axis,role-402003,,402003
ESRS,S2,EFRAG ESRS Set 1 XBRL taxonomy 2024-08-30,"S2 taxonomy roles 402011, 402012",2,30,IdentifierOfPolicyTyped,1,30 x 1,30,30,IdentifierOfPolicyTyped,period; perimeter; entity; site; location; company master data; ReportingScopeAxis current/previous-restatement axis,role-402011;role-402012,,402011;402012
ESRS,S2,EFRAG ESRS Set 1 XBRL taxonomy 2024-08-30,S2 taxonomy roles 402051,1,9,IdentifierOfTargetTyped,1,9 x 1,9,9,IdentifierOfTargetTyped,period; perimeter; entity; site; location; company master data; ReportingScopeAxis current/previous-restatement axis,role-402051,,402051
ESRS,S2,EFRAG ESRS Set 1 XBRL taxonomy 2024-08-30,S2 taxonomy roles 402044,1,3,TimeHorizon; IdentifierOfActionPlanTyped,4; 1,3 x 4 x 1,12,12,IdentifierOfActionPlanTyped,period; perimeter; entity; site; location; company master data; ReportingScopeAxis current/previous-restatement axis,role-402044,ReportingScopeAxis excluded from headline,402044
ESRS,S2,EFRAG ESRS Set 1 XBRL taxonomy 2024-08-30,"S2 taxonomy roles 402021, 402031",2,31,TopicalESRS,2,31 x 2,62,62,,period; perimeter; entity; site; location; company master data; ReportingScopeAxis current/previous-restatement axis,role-402021;role-402031,,402021;402031
ESRS,S3,EFRAG ESRS Set 1 XBRL taxonomy 2024-08-30,S3 taxonomy roles 403052,1,27,CurrentlyStatedBaselineMilestonesOrTargetYears; IdentifierOfTargetTyped,3; 1,27 x 3 x 1,81,81,IdentifierOfTargetTyped,period; perimeter; entity; site; location; company master data; ReportingScopeAxis current/previous-restatement axis,role-403052,ReportingScopeAxis excluded from headline,403052
ESRS,S3,EFRAG ESRS Set 1 XBRL taxonomy 2024-08-30,"S3 taxonomy roles 403041, 403043",2,28,IdentifierOfActionPlanTyped,1,28 x 1,28,28,IdentifierOfActionPlanTyped,period; perimeter; entity; site; location; company master data; ReportingScopeAxis current/previous-restatement axis,role-403041;role-403043,,403041;403043
ESRS,S3,EFRAG ESRS Set 1 XBRL taxonomy 2024-08-30,S3 taxonomy roles 403042,1,19,IdentifierOfActionPlanTyped,1,19 x 1,19,19,IdentifierOfActionPlanTyped,period; perimeter; entity; site; location; company master data; ReportingScopeAxis current/previous-restatement axis,role-403042,ReportingScopeAxis excluded from headline,403042
ESRS,S3,EFRAG ESRS Set 1 XBRL taxonomy 2024-08-30,S3 taxonomy roles 403003,1,19,IdentifierOfImpactRiskAndOpportunityTyped,1,19 x 1,19,19,IdentifierOfImpactRiskAndOpportunityTyped,period; perimeter; entity; site; location; company master data; ReportingScopeAxis current/previous-restatement axis,role-403003,,403003
ESRS,S3,EFRAG ESRS Set 1 XBRL taxonomy 2024-08-30,"S3 taxonomy roles 403011, 403012",2,23,IdentifierOfPolicyTyped,1,23 x 1,23,23,IdentifierOfPolicyTyped,period; perimeter; entity; site; location; company master data; ReportingScopeAxis current/previous-restatement axis,role-403011;role-403012,,403011;403012
ESRS,S3,EFRAG ESRS Set 1 XBRL taxonomy 2024-08-30,S3 taxonomy roles 403051,1,9,IdentifierOfTargetTyped,1,9 x 1,9,9,IdentifierOfTargetTyped,period; perimeter; entity; site; location; company master data; ReportingScopeAxis current/previous-restatement axis,role-403051,,403051
ESRS,S3,EFRAG ESRS Set 1 XBRL taxonomy 2024-08-30,S3 taxonomy roles 403044,1,3,TimeHorizon; IdentifierOfActionPlanTyped,4; 1,3 x 4 x 1,12,12,IdentifierOfActionPlanTyped,period; perimeter; entity; site; location; company master data; ReportingScopeAxis current/previous-restatement axis,role-403044,ReportingScopeAxis excluded from headline,403044
ESRS,S3,EFRAG ESRS Set 1 XBRL taxonomy 2024-08-30,"S3 taxonomy roles 403021, 403031",2,36,TopicalESRS,2,36 x 2,72,72,,period; perimeter; entity; site; location; company master data; ReportingScopeAxis current/previous-restatement axis,role-403021;role-403031,,403021;403031
ESRS,S4,EFRAG ESRS Set 1 XBRL taxonomy 2024-08-30,S4 taxonomy roles 404052,1,27,CurrentlyStatedBaselineMilestonesOrTargetYears; IdentifierOfTargetTyped,3; 1,27 x 3 x 1,81,81,IdentifierOfTargetTyped,period; perimeter; entity; site; location; company master data; ReportingScopeAxis current/previous-restatement axis,role-404052,ReportingScopeAxis excluded from headline,404052
ESRS,S4,EFRAG ESRS Set 1 XBRL taxonomy 2024-08-30,"S4 taxonomy roles 404041, 404043",2,27,IdentifierOfActionPlanTyped,1,27 x 1,27,27,IdentifierOfActionPlanTyped,period; perimeter; entity; site; location; company master data; ReportingScopeAxis current/previous-restatement axis,role-404041;role-404043,,404041;404043
ESRS,S4,EFRAG ESRS Set 1 XBRL taxonomy 2024-08-30,S4 taxonomy roles 404042,1,19,IdentifierOfActionPlanTyped,1,19 x 1,19,19,IdentifierOfActionPlanTyped,period; perimeter; entity; site; location; company master data; ReportingScopeAxis current/previous-restatement axis,role-404042,ReportingScopeAxis excluded from headline,404042
ESRS,S4,EFRAG ESRS Set 1 XBRL taxonomy 2024-08-30,S4 taxonomy roles 404003,1,19,IdentifierOfImpactRiskAndOpportunityTyped,1,19 x 1,19,19,IdentifierOfImpactRiskAndOpportunityTyped,period; perimeter; entity; site; location; company master data; ReportingScopeAxis current/previous-restatement axis,role-404003,,404003
ESRS,S4,EFRAG ESRS Set 1 XBRL taxonomy 2024-08-30,"S4 taxonomy roles 404011, 404012",2,23,IdentifierOfPolicyTyped,1,23 x 1,23,23,IdentifierOfPolicyTyped,period; perimeter; entity; site; location; company master data; ReportingScopeAxis current/previous-restatement axis,role-404011;role-404012,,404011;404012
ESRS,S4,EFRAG ESRS Set 1 XBRL taxonomy 2024-08-30,S4 taxonomy roles 404051,1,9,IdentifierOfTargetTyped,1,9 x 1,9,9,IdentifierOfTargetTyped,period; perimeter; entity; site; location; company master data; ReportingScopeAxis current/previous-restatement axis,role-404051,,404051
ESRS,S4,EFRAG ESRS Set 1 XBRL taxonomy 2024-08-30,S4 taxonomy roles 404044,1,3,TimeHorizon; IdentifierOfActionPlanTyped,4; 1,3 x 4 x 1,12,12,IdentifierOfActionPlanTyped,period; perimeter; entity; site; location; company master data; ReportingScopeAxis current/previous-restatement axis,role-404044,ReportingScopeAxis excluded from headline,404044
ESRS,S4,EFRAG ESRS Set 1 XBRL taxonomy 2024-08-30,S4 taxonomy roles 404021,1,10,TopicalESRS,2,10 x 2,20,20,,period; perimeter; entity; site; location; company master data; ReportingScopeAxis current/previous-restatement axis,role-404021,,404021
ESRS,S4,EFRAG ESRS Set 1 XBRL taxonomy 2024-08-30,S4 taxonomy roles 404031,1,21,TopicalESRS,2,21 x 2,42,42,,period; perimeter; entity; site; location; company master data; ReportingScopeAxis current/previous-restatement axis,role-404031,ReportingScopeAxis excluded from headline,404031
GHG Protocol,GHG Protocol,SDS GHG controlled closed package 2026-05-22,technical nodes with dimensions [activity_type; factor_source] examples: ghg_scope3_cat13_leased_asset_emission_factor,1,1,activity_type; factor_source,1; 1,1 x 1 x 1,,1,activity_type; factor_source,period; perimeter; entity; site; location; company master data,ghg_full_controlled_closed_20260522T000000Z/sds_calculation_contract.json,technical-contract surface,ghg_scope3_cat13_leased_asset_emission_factor
GHG Protocol,GHG Protocol,SDS GHG controlled closed package 2026-05-22,technical nodes with dimensions [allocation_basis] examples: ghg_scope3_cat12_sold_product_packaging_allocation_basis,1,1,allocation_basis,1,1 x 1,,1,allocation_basis,period; perimeter; entity; site; location; company master data,ghg_full_controlled_closed_20260522T000000Z/sds_calculation_contract.json,technical-contract surface,ghg_scope3_cat12_sold_product_packaging_allocation_basis
GHG Protocol,GHG Protocol,SDS GHG controlled closed package 2026-05-22,technical nodes with dimensions [allocation_basis; intermediate_product; final_product] examples: cat11_intermediate_allocation_fraction,1,1,allocation_basis; intermediate_product; final_product,1; 1; 1,1 x 1 x 1 x 1,,1,allocation_basis; intermediate_product; final_product,period; perimeter; entity; site; location; company master data,ghg_full_controlled_closed_20260522T000000Z/sds_calculation_contract.json,technical-contract surface,cat11_intermediate_allocation_fraction
GHG Protocol,GHG Protocol,SDS GHG controlled closed package 2026-05-22,technical nodes with dimensions [allocation_basis; leased_asset_identifier] examples: scope3_category8_leased_asset_allocation_basis,1,1,allocation_basis; leased_asset_identifier,1; 1,1 x 1 x 1,,1,allocation_basis; leased_asset_identifier,period; perimeter; entity; site; location; company master data,ghg_full_controlled_closed_20260522T000000Z/sds_calculation_contract.json,technical-contract surface,scope3_category8_leased_asset_allocation_basis
GHG Protocol,GHG Protocol,SDS GHG controlled closed package 2026-05-22,technical nodes with dimensions [allocation_basis; lessor] examples: scope3_category8_total_lessor_allocation_basis,1,1,allocation_basis; lessor,1; 1,1 x 1 x 1,,1,allocation_basis; lessor,period; perimeter; entity; site; location; company master data,ghg_full_controlled_closed_20260522T000000Z/sds_calculation_contract.json,technical-contract surface,scope3_category8_total_lessor_allocation_basis
GHG Protocol,GHG Protocol,SDS GHG controlled closed package 2026-05-22,technical nodes with dimensions [allocation_basis; product_or_goods_type] examples: ghg_scope3_cat09_distribution_storage_allocation_share,1,1,allocation_basis; product_or_goods_type,1; 1,1 x 1 x 1,,1,allocation_basis; product_or_goods_type,period; perimeter; entity; site; location; company master data,ghg_full_controlled_closed_20260522T000000Z/sds_calculation_contract.json,technical-contract surface; scope3_category_ghg_protocol=fixed; scope3_category9_activity=fixed; calculation_method=fixed,ghg_scope3_cat09_distribution_storage_allocation_share
GHG Protocol,GHG Protocol,SDS GHG controlled closed package 2026-05-22,technical nodes with dimensions [building_type; asset_type] examples: ghg_scope3_cat14_building_or_asset_count,1,1,building_type; asset_type,1; 1,1 x 1 x 1,,1,building_type; asset_type,period; perimeter; entity; site; location; company master data,ghg_full_controlled_closed_20260522T000000Z/sds_calculation_contract.json,technical-contract surface,ghg_scope3_cat14_building_or_asset_count
GHG Protocol,GHG Protocol,SDS GHG controlled closed package 2026-05-22,technical nodes with dimensions [building_type; asset_type; factor_source] examples: ghg_scope3_cat14_average_emissions_per_building_or_asset,1,1,building_type; asset_type; factor_source,1; 1; 1,1 x 1 x 1 x 1,,1,building_type; asset_type; factor_source,period; perimeter; entity; site; location; company master data,ghg_full_controlled_closed_20260522T000000Z/sds_calculation_contract.json,technical-contract surface,ghg_scope3_cat14_average_emissions_per_building_or_asset
GHG Protocol,GHG Protocol,SDS GHG controlled closed package 2026-05-22,technical nodes with dimensions [building_type; country_or_region] examples: scope3_category8_average_building_emission_factor,1,1,building_type; country_or_region,1; 1,1 x 1 x 1,,1,building_type; country_or_region,period; perimeter; entity; site; location; company master data,ghg_full_controlled_closed_20260522T000000Z/sds_calculation_contract.json,technical-contract surface,scope3_category8_average_building_emission_factor
GHG Protocol,GHG Protocol,SDS GHG controlled closed package 2026-05-22,technical nodes with dimensions [building_type; geographical_area; factor_source] examples: ghg_scope3_cat14_average_floor_space_emission_factor,1,1,building_type; geographical_area; factor_source,1; 1; 1,1 x 1 x 1 x 1,,1,building_type; geographical_area; factor_source,period; perimeter; entity; site; location; company master data,ghg_full_controlled_closed_20260522T000000Z/sds_calculation_contract.json,technical-contract surface,ghg_scope3_cat14_average_floor_space_emission_factor
GHG Protocol,GHG Protocol,SDS GHG controlled closed package 2026-05-22,technical nodes with dimensions [building_type; leased_asset_identifier] examples: scope3_category8_leased_building_floor_space,1,1,building_type; leased_asset_identifier,1; 1,1 x 1 x 1,,1,building_type; leased_asset_identifier,period; perimeter; entity; site; location; company master data,ghg_full_controlled_closed_20260522T000000Z/sds_calculation_contract.json,technical-contract surface,scope3_category8_leased_building_floor_space
GHG Protocol,GHG Protocol,SDS GHG controlled closed package 2026-05-22,technical nodes with dimensions [downstream_process_stage; emission_factor_source] examples: GHG_SCOPE3_CATEGORY_10_AVG_PROCESSING_EF,1,1,downstream_process_stage; emission_factor_source,1; 1,1 x 1 x 1,,1,downstream_process_stage; emission_factor_source,period; perimeter; entity; site; location; company master data,ghg_full_controlled_closed_20260522T000000Z/sds_calculation_contract.json,technical-contract surface,GHG_SCOPE3_CATEGORY_10_AVG_PROCESSING_EF
GHG Protocol,GHG Protocol,SDS GHG controlled closed package 2026-05-22,technical nodes with dimensions [eeio_sector; geographical_area; emission_factor_source] examples: ghg_scope3_cat09_transport_spend_emission_factor,1,1,eeio_sector; geographical_area; emission_factor_source,1; 1; 1,1 x 1 x 1 x 1,,1,eeio_sector; geographical_area; emission_factor_source,period; perimeter; entity; site; location; company master data,ghg_full_controlled_closed_20260522T000000Z/sds_calculation_contract.json,technical-contract surface; scope3_category_ghg_protocol=fixed; scope3_category9_activity=fixed; calculation_method=fixed,ghg_scope3_cat09_transport_spend_emission_factor
GHG Protocol,GHG Protocol,SDS GHG controlled closed package 2026-05-22,technical nodes with dimensions [electricity_or_energy_source; downstream_process_stage] examples: GHG_SCOPE3_CATEGORY_10_SITE_ELECTRICITY_CONSUMED,1,1,electricity_or_energy_source; downstream_process_stage,1; 1,1 x 1 x 1,,1,electricity_or_energy_source; downstream_process_stage,period; perimeter; entity; site; location; company master data,ghg_full_controlled_closed_20260522T000000Z/sds_calculation_contract.json,technical-contract surface,GHG_SCOPE3_CATEGORY_10_SITE_ELECTRICITY_CONSUMED
GHG Protocol,GHG Protocol,SDS GHG controlled closed package 2026-05-22,technical nodes with dimensions [electricity_or_energy_source; emission_factor_source] examples: GHG_SCOPE3_CATEGORY_10_SITE_ELECTRICITY_LIFECYCLE_EF,1,1,electricity_or_energy_source; emission_factor_source,1; 1,1 x 1 x 1,,1,electricity_or_energy_source; emission_factor_source,period; perimeter; entity; site; location; company master data,ghg_full_controlled_closed_20260522T000000Z/sds_calculation_contract.json,technical-contract surface,GHG_SCOPE3_CATEGORY_10_SITE_ELECTRICITY_LIFECYCLE_EF
GHG Protocol,GHG Protocol,SDS GHG controlled closed package 2026-05-22,technical nodes with dimensions [electricity_source; factor_source; geographical_area] examples: cat11_direct_energy_electricity_emission_factor,1,1,electricity_source; factor_source; geographical_area,1; 1; 1,1 x 1 x 1 x 1,,1,electricity_source; factor_source; geographical_area,period; perimeter; entity; site; location; company master data,ghg_full_controlled_closed_20260522T000000Z/sds_calculation_contract.json,technical-contract surface,cat11_direct_energy_electricity_emission_factor
GHG Protocol,GHG Protocol,SDS GHG controlled closed package 2026-05-22,technical nodes with dimensions [electricity_source; geographical_area; factor_source] examples: cat11_indirect_electricity_emission_factor,1,1,electricity_source; geographical_area; factor_source,1; 1; 1,1 x 1 x 1 x 1,,1,electricity_source; geographical_area; factor_source,period; perimeter; entity; site; location; company master data,ghg_full_controlled_closed_20260522T000000Z/sds_calculation_contract.json,technical-contract surface,cat11_indirect_electricity_emission_factor
GHG Protocol,GHG Protocol,SDS GHG controlled closed package 2026-05-22,technical nodes with dimensions [employee_group] examples: cat07_distance_commuting_days_per_year,1,1,employee_group,1,1 x 1,,1,employee_group,period; perimeter; entity; site; location; company master data,ghg_full_controlled_closed_20260522T000000Z/sds_calculation_contract.json,technical-contract surface,cat07_distance_commuting_days_per_year
GHG Protocol,GHG Protocol,SDS GHG controlled closed package 2026-05-22,"technical nodes with dimensions [employee_group; country_or_region] examples: cat07_average_employee_count, cat07_average_working_days_per_year",2,2,employee_group; country_or_region,1; 1,2 x 1 x 1,,2,employee_group; country_or_region,period; perimeter; entity; site; location; company master data,ghg_full_controlled_closed_20260522T000000Z/sds_calculation_contract.json,technical-contract surface,cat07_average_employee_count;cat07_average_working_days_per_year
GHG Protocol,GHG Protocol,SDS GHG controlled closed package 2026-05-22,reportable nodes with dimensions [energy_carrier] examples: ghg_scope2_energy_consumption_by_carrier,1,1,energy_carrier,4,1 x 4,4,,,period; perimeter; entity; site; location; company master data,ghg_full_controlled_closed_20260522T000000Z/sds_calculation_contract.json,,ghg_scope2_energy_consumption_by_carrier
GHG Protocol,GHG Protocol,SDS GHG controlled closed package 2026-05-22,technical nodes with dimensions [energy_carrier] examples: ghg_scope2_energy_consumption_by_carrier,1,1,energy_carrier,4,1 x 4,,4,,period; perimeter; entity; site; location; company master data,ghg_full_controlled_closed_20260522T000000Z/sds_calculation_contract.json,technical-contract surface,ghg_scope2_energy_consumption_by_carrier
GHG Protocol,GHG Protocol,SDS GHG controlled closed package 2026-05-22,technical nodes with dimensions [energy_carrier; country_or_region] examples: scope3_category8_asset_energy_emission_factor,1,1,energy_carrier; country_or_region,4; 1,1 x 4 x 1,,4,country_or_region,period; perimeter; entity; site; location; company master data,ghg_full_controlled_closed_20260522T000000Z/sds_calculation_contract.json,technical-contract surface,scope3_category8_asset_energy_emission_factor
GHG Protocol,GHG Protocol,SDS GHG controlled closed package 2026-05-22,technical nodes with dimensions [energy_carrier; generation_unit_or_origin] examples: ghg_scope3_cat03_activity_d_energy_purchased_for_resale,1,1,energy_carrier; generation_unit_or_origin,4; 1,1 x 4 x 1,,4,generation_unit_or_origin,period; perimeter; entity; site; location; company master data,ghg_full_controlled_closed_20260522T000000Z/sds_calculation_contract.json,technical-contract surface; scope3_category3_activity=fixed,ghg_scope3_cat03_activity_d_energy_purchased_for_resale
GHG Protocol,GHG Protocol,SDS GHG controlled closed package 2026-05-22,"technical nodes with dimensions [energy_carrier; grid_region_or_country] examples: ghg_scope3_cat03_activity_c_energy_consumed, ghg_scope3_cat03_activity_c_energy_lifecycle_emission_factor, ghg_scope3_cat03_activity_c_td_loss_rate",3,3,energy_carrier; grid_region_or_country,4; 1,3 x 4 x 1,,12,grid_region_or_country,period; perimeter; entity; site; location; company master data,ghg_full_controlled_closed_20260522T000000Z/sds_calculation_contract.json,technical-contract surface; scope3_category3_activity=fixed,ghg_scope3_cat03_activity_c_energy_consumed;ghg_scope3_cat03_activity_c_energy_lifecycle_emission_factor;ghg_scope3_cat03_activity_c_td_loss_rate
GHG Protocol,GHG Protocol,SDS GHG controlled closed package 2026-05-22,"technical nodes with dimensions [energy_carrier; supplier_grid_region_or_country] examples: ghg_scope3_cat03_activity_b_energy_consumed, ghg_scope3_cat03_activity_b_upstream_energy_emission_factor, ghg_scope3_cat03_activity_b_energy_lifecycle_emission_factor, ghg_scope3_cat03_activity_b_energy_combustion_emission_factor, ghg_scope3_cat03_activity_b_td_losses_emission_factor_adjustment",5,5,energy_carrier; supplier_grid_region_or_country,4; 1,5 x 4 x 1,,20,supplier_grid_region_or_country,period; perimeter; entity; site; location; company master data,ghg_full_controlled_closed_20260522T000000Z/sds_calculation_contract.json,technical-contract surface; scope3_category3_activity=fixed,ghg_scope3_cat03_activity_b_energy_consumed;ghg_scope3_cat03_activity_b_upstream_energy_emission_factor;ghg_scope3_cat03_activity_b_energy_lifecycle_emission_factor;ghg_scope3_cat03_activity_b_energy_combustion_emission_factor;ghg_scope3_cat03_activity_b_td_losses_emission_factor_adjustment
GHG Protocol,GHG Protocol,SDS GHG controlled closed package 2026-05-22,technical nodes with dimensions [energy_carrier; supplier_region_or_country] examples: ghg_scope3_cat03_activity_d_energy_lifecycle_emission_factor,1,1,energy_carrier; supplier_region_or_country,4; 1,1 x 4 x 1,,4,supplier_region_or_country,period; perimeter; entity; site; location; company master data,ghg_full_controlled_closed_20260522T000000Z/sds_calculation_contract.json,technical-contract surface; scope3_category3_activity=fixed,ghg_scope3_cat03_activity_d_energy_lifecycle_emission_factor
GHG Protocol,GHG Protocol,SDS GHG controlled closed package 2026-05-22,technical nodes with dimensions [energy_source; employee_group] examples: cat07_distance_teleworking_energy_consumed,1,1,energy_source; employee_group,1; 1,1 x 1 x 1,,1,energy_source; employee_group,period; perimeter; entity; site; location; company master data,ghg_full_controlled_closed_20260522T000000Z/sds_calculation_contract.json,technical-contract surface,cat07_distance_teleworking_energy_consumed
GHG Protocol,GHG Protocol,SDS GHG controlled closed package 2026-05-22,technical nodes with dimensions [energy_source; factor_source] examples: cat07_distance_teleworking_energy_emission_factor,1,1,energy_source; factor_source,1; 1,1 x 1 x 1,,1,energy_source; factor_source,period; perimeter; entity; site; location; company master data,ghg_full_controlled_closed_20260522T000000Z/sds_calculation_contract.json,technical-contract surface,cat07_distance_teleworking_energy_emission_factor
GHG Protocol,GHG Protocol,SDS GHG controlled closed package 2026-05-22,technical nodes with dimensions [factor_source; fuel_or_energy_source; process_or_fugitive_source] examples: ghg_scope3_cat14_franchise_emission_factor,1,1,factor_source; fuel_or_energy_source; process_or_fugitive_source,1; 1; 1,1 x 1 x 1 x 1,,1,factor_source; fuel_or_energy_source; process_or_fugitive_source,period; perimeter; entity; site; location; company master data,ghg_full_controlled_closed_20260522T000000Z/sds_calculation_contract.json,technical-contract surface,ghg_scope3_cat14_franchise_emission_factor
GHG Protocol,GHG Protocol,SDS GHG controlled closed package 2026-05-22,technical nodes with dimensions [flight_type; factor_source] examples: cat6_air_travel_radiative_forcing_factor_used,1,1,flight_type; factor_source,1; 1,1 x 1 x 1,,1,flight_type; factor_source,period; perimeter; entity; site; location; company master data,ghg_full_controlled_closed_20260522T000000Z/sds_calculation_contract.json,technical-contract surface,cat6_air_travel_radiative_forcing_factor_used
GHG Protocol,GHG Protocol,SDS GHG controlled closed package 2026-05-22,technical nodes with dimensions [franchise; building_type] examples: ghg_scope3_cat14_floor_space_or_area,1,1,franchise; building_type,1; 1,1 x 1 x 1,,1,franchise; building_type,period; perimeter; entity; site; location; company master data,ghg_full_controlled_closed_20260522T000000Z/sds_calculation_contract.json,technical-contract surface,ghg_scope3_cat14_floor_space_or_area
GHG Protocol,GHG Protocol,SDS GHG controlled closed package 2026-05-22,technical nodes with dimensions [franchise; fuel_or_energy_source; process_or_fugitive_source] examples: ghg_scope3_cat14_franchise_activity_quantity,1,1,franchise; fuel_or_energy_source; process_or_fugitive_source,1; 1; 1,1 x 1 x 1 x 1,,1,franchise; fuel_or_energy_source; process_or_fugitive_source,period; perimeter; entity; site; location; company master data,ghg_full_controlled_closed_20260522T000000Z/sds_calculation_contract.json,technical-contract surface,ghg_scope3_cat14_franchise_activity_quantity
GHG Protocol,GHG Protocol,SDS GHG controlled closed package 2026-05-22,technical nodes with dimensions [franchise_group] examples: ghg_scope3_cat14_total_franchises_in_group,1,1,franchise_group,1,1 x 1,,1,franchise_group,period; perimeter; entity; site; location; company master data,ghg_full_controlled_closed_20260522T000000Z/sds_calculation_contract.json,technical-contract surface,ghg_scope3_cat14_total_franchises_in_group
GHG Protocol,GHG Protocol,SDS GHG controlled closed package 2026-05-22,"technical nodes with dimensions [franchise_group; sample_group] examples: ghg_scope3_cat14_sampled_franchise_emissions_tco2e, ghg_scope3_cat14_sampled_franchises_in_group",2,2,franchise_group; sample_group,1; 1,2 x 1 x 1,,2,franchise_group; sample_group,period; perimeter; entity; site; location; company master data,ghg_full_controlled_closed_20260522T000000Z/sds_calculation_contract.json,technical-contract surface,ghg_scope3_cat14_sampled_franchise_emissions_tco2e;ghg_scope3_cat14_sampled_franchises_in_group
GHG Protocol,GHG Protocol,SDS GHG controlled closed package 2026-05-22,technical nodes with dimensions [franchisee] examples: ghg_scope3_cat14_franchisee_scope12_emissions_tco2e,1,1,franchisee,1,1 x 1,,1,franchisee,period; perimeter; entity; site; location; company master data,ghg_full_controlled_closed_20260522T000000Z/sds_calculation_contract.json,technical-contract surface,ghg_scope3_cat14_franchisee_scope12_emissions_tco2e
GHG Protocol,GHG Protocol,SDS GHG controlled closed package 2026-05-22,technical nodes with dimensions [franchisee; allocation_basis] examples: ghg_scope3_cat14_franchise_allocation_basis,1,1,franchisee; allocation_basis,1; 1,1 x 1 x 1,,1,franchisee; allocation_basis,period; perimeter; entity; site; location; company master data,ghg_full_controlled_closed_20260522T000000Z/sds_calculation_contract.json,technical-contract surface,ghg_scope3_cat14_franchise_allocation_basis
GHG Protocol,GHG Protocol,SDS GHG controlled closed package 2026-05-22,technical nodes with dimensions [franchisee; upstream_emission_source] examples: ghg_scope3_cat14_franchisee_upstream_scope3_emissions_tco2e,1,1,franchisee; upstream_emission_source,1; 1,1 x 1 x 1,,1,franchisee; upstream_emission_source,period; perimeter; entity; site; location; company master data,ghg_full_controlled_closed_20260522T000000Z/sds_calculation_contract.json,technical-contract surface,ghg_scope3_cat14_franchisee_upstream_scope3_emissions_tco2e
GHG Protocol,GHG Protocol,SDS GHG controlled closed package 2026-05-22,technical nodes with dimensions [fuel_or_energy_source; country_or_region] examples: scope3_category8_asset_fuel_emission_factor,1,1,fuel_or_energy_source; country_or_region,1; 1,1 x 1 x 1,,1,fuel_or_energy_source; country_or_region,period; perimeter; entity; site; location; company master data,ghg_full_controlled_closed_20260522T000000Z/sds_calculation_contract.json,technical-contract surface,scope3_category8_asset_fuel_emission_factor
GHG Protocol,GHG Protocol,SDS GHG controlled closed package 2026-05-22,technical nodes with dimensions [fuel_or_energy_source; downstream_process_stage] examples: GHG_SCOPE3_CATEGORY_10_SITE_FUEL_CONSUMED,1,1,fuel_or_energy_source; downstream_process_stage,1; 1,1 x 1 x 1,,1,fuel_or_energy_source; downstream_process_stage,period; perimeter; entity; site; location; company master data,ghg_full_controlled_closed_20260522T000000Z/sds_calculation_contract.json,technical-contract surface,GHG_SCOPE3_CATEGORY_10_SITE_FUEL_CONSUMED
GHG Protocol,GHG Protocol,SDS GHG controlled closed package 2026-05-22,technical nodes with dimensions [fuel_or_energy_source; emission_factor_source] examples: GHG_SCOPE3_CATEGORY_10_SITE_FUEL_LIFECYCLE_EF,1,1,fuel_or_energy_source; emission_factor_source,1; 1,1 x 1 x 1,,1,fuel_or_energy_source; emission_factor_source,period; perimeter; entity; site; location; company master data,ghg_full_controlled_closed_20260522T000000Z/sds_calculation_contract.json,technical-contract surface,GHG_SCOPE3_CATEGORY_10_SITE_FUEL_LIFECYCLE_EF
GHG Protocol,GHG Protocol,SDS GHG controlled closed package 2026-05-22,technical nodes with dimensions [fuel_or_energy_source; emission_factor_source] examples: ghg_scope3_cat09_transport_fuel_energy_emission_factor,1,1,fuel_or_energy_source; emission_factor_source,1; 1,1 x 1 x 1,,1,fuel_or_energy_source; emission_factor_source,period; perimeter; entity; site; location; company master data,ghg_full_controlled_closed_20260522T000000Z/sds_calculation_contract.json,technical-contract surface; scope3_category_ghg_protocol=fixed; scope3_category9_activity=fixed; calculation_method=fixed,ghg_scope3_cat09_transport_fuel_energy_emission_factor
GHG Protocol,GHG Protocol,SDS GHG controlled closed package 2026-05-22,technical nodes with dimensions [fuel_or_energy_source; transport_mode; transport_leg] examples: ghg_scope3_cat09_transport_fuel_energy_consumed,1,1,fuel_or_energy_source; transport_mode; transport_leg,1; 1; 1,1 x 1 x 1 x 1,,1,fuel_or_energy_source; transport_mode; transport_leg,period; perimeter; entity; site; location; company master data,ghg_full_controlled_closed_20260522T000000Z/sds_calculation_contract.json,technical-contract surface; scope3_category_ghg_protocol=fixed; scope3_category9_activity=fixed; calculation_method=fixed,ghg_scope3_cat09_transport_fuel_energy_consumed
GHG Protocol,GHG Protocol,SDS GHG controlled closed package 2026-05-22,technical nodes with dimensions [fuel_or_feedstock_type; geographical_area] examples: cat11_fuel_feedstock_quantity_sold,1,1,fuel_or_feedstock_type; geographical_area,1; 1,1 x 1 x 1,,1,fuel_or_feedstock_type; geographical_area,period; perimeter; entity; site; location; company master data,ghg_full_controlled_closed_20260522T000000Z/sds_calculation_contract.json,technical-contract surface,cat11_fuel_feedstock_quantity_sold
GHG Protocol,GHG Protocol,SDS GHG controlled closed package 2026-05-22,technical nodes with dimensions [fuel_or_feedstock_type; technology_or_application; geographical_area; factor_source] examples: cat11_fuel_feedstock_combustion_emission_factor,1,1,fuel_or_feedstock_type; technology_or_application; geographical_area; factor_source,1; 1; 1; 1,1 x 1 x 1 x 1 x 1,,1,fuel_or_feedstock_type; technology_or_application; geographical_area; factor_source,period; perimeter; entity; site; location; company master data,ghg_full_controlled_closed_20260522T000000Z/sds_calculation_contract.json,technical-contract surface,cat11_fuel_feedstock_combustion_emission_factor
GHG Protocol,GHG Protocol,SDS GHG controlled closed package 2026-05-22,"technical nodes with dimensions [fuel_type; country_or_region] examples: ghg_scope3_cat03_activity_a_fuel_consumed, ghg_scope3_cat03_activity_a_upstream_fuel_emission_factor, ghg_scope3_cat03_activity_a_fuel_lifecycle_emission_factor, ghg_scope3_cat03_activity_a_fuel_combustion_emission_factor",4,4,fuel_type; country_or_region,1; 1,4 x 1 x 1,,4,fuel_type; country_or_region,period; perimeter; entity; site; location; company master data,ghg_full_controlled_closed_20260522T000000Z/sds_calculation_contract.json,technical-contract surface; scope3_category3_activity=fixed,ghg_scope3_cat03_activity_a_fuel_consumed;ghg_scope3_cat03_activity_a_upstream_fuel_emission_factor;ghg_scope3_cat03_activity_a_fuel_lifecycle_emission_factor;ghg_scope3_cat03_activity_a_fuel_combustion_emission_factor
GHG Protocol,GHG Protocol,SDS GHG controlled closed package 2026-05-22,"technical nodes with dimensions [fuel_type; factor_source] examples: ghg_scope3_cat04_transportation_fuel_based_fuel_emission_factor, cat6_fuel_emission_factor, cat07_fuel_emission_factor",3,3,fuel_type; factor_source,1; 1,3 x 1 x 1,,3,fuel_type; factor_source,period; perimeter; entity; site; location; company master data,ghg_full_controlled_closed_20260522T000000Z/sds_calculation_contract.json,technical-contract surface,ghg_scope3_cat04_transportation_fuel_based_fuel_emission_factor;cat6_fuel_emission_factor;cat07_fuel_emission_factor
GHG Protocol,GHG Protocol,SDS GHG controlled closed package 2026-05-22,technical nodes with dimensions [fuel_type; factor_source; geographical_area] examples: cat11_direct_energy_fuel_emission_factor,1,1,fuel_type; factor_source; geographical_area,1; 1; 1,1 x 1 x 1 x 1,,1,fuel_type; factor_source; geographical_area,period; perimeter; entity; site; location; company master data,ghg_full_controlled_closed_20260522T000000Z/sds_calculation_contract.json,technical-contract surface,cat11_direct_energy_fuel_emission_factor
GHG Protocol,GHG Protocol,SDS GHG controlled closed package 2026-05-22,technical nodes with dimensions [fuel_type; geographical_area; factor_source] examples: cat11_indirect_fuel_emission_factor,1,1,fuel_type; geographical_area; factor_source,1; 1; 1,1 x 1 x 1 x 1,,1,fuel_type; geographical_area; factor_source,period; perimeter; entity; site; location; company master data,ghg_full_controlled_closed_20260522T000000Z/sds_calculation_contract.json,technical-contract surface,cat11_indirect_fuel_emission_factor
GHG Protocol,GHG Protocol,SDS GHG controlled closed package 2026-05-22,technical nodes with dimensions [fuel_type; transport_mode; employee_group] examples: cat07_fuel_activity_quantity_or_cost,1,1,fuel_type; transport_mode; employee_group,1; 1; 1,1 x 1 x 1 x 1,,1,fuel_type; transport_mode; employee_group,period; perimeter; entity; site; location; company master data,ghg_full_controlled_closed_20260522T000000Z/sds_calculation_contract.json,technical-contract surface,cat07_fuel_activity_quantity_or_cost
GHG Protocol,GHG Protocol,SDS GHG controlled closed package 2026-05-22,technical nodes with dimensions [fuel_type; transport_mode; travel_provider] examples: cat6_fuel_consumed_during_business_travel,1,1,fuel_type; transport_mode; travel_provider,1; 1; 1,1 x 1 x 1 x 1,,1,fuel_type; transport_mode; travel_provider,period; perimeter; entity; site; location; company master data,ghg_full_controlled_closed_20260522T000000Z/sds_calculation_contract.json,technical-contract surface,cat6_fuel_consumed_during_business_travel
GHG Protocol,GHG Protocol,SDS GHG controlled closed package 2026-05-22,technical nodes with dimensions [fuel_type; transport_mode_or_vehicle_type; transport_leg] examples: ghg_scope3_cat04_transportation_fuel_based_fuel_quantity,1,1,fuel_type; transport_mode_or_vehicle_type; transport_leg,1; 1; 1,1 x 1 x 1 x 1,,1,fuel_type; transport_mode_or_vehicle_type; transport_leg,period; perimeter; entity; site; location; company master data,ghg_full_controlled_closed_20260522T000000Z/sds_calculation_contract.json,technical-contract surface,ghg_scope3_cat04_transportation_fuel_based_fuel_quantity
GHG Protocol,GHG Protocol,SDS GHG controlled closed package 2026-05-22,reportable nodes with dimensions [ghg_gas] examples: optional_other_ghg_emissions_outside_scopes,1,1,ghg_gas,1,1 x 1,1,,ghg_gas,period; perimeter; entity; site; location; company master data,ghg_full_controlled_closed_20260522T000000Z/sds_calculation_contract.json,inventory_scope_treatment=fixed,optional_other_ghg_emissions_outside_scopes
GHG Protocol,GHG Protocol,SDS GHG controlled closed package 2026-05-22,technical nodes with dimensions [ghg_gas] examples: optional_other_ghg_emissions_outside_scopes,1,1,ghg_gas,1,1 x 1,,1,ghg_gas,period; perimeter; entity; site; location; company master data,ghg_full_controlled_closed_20260522T000000Z/sds_calculation_contract.json,technical-contract surface; inventory_scope_treatment=fixed,optional_other_ghg_emissions_outside_scopes
GHG Protocol,GHG Protocol,SDS GHG controlled closed package 2026-05-22,reportable nodes with dimensions [ghg_gas] examples: ghg_required_gas_emissions,1,1,ghg_gas,7,1 x 7,7,,,period; perimeter; entity; site; location; company master data,ghg_full_controlled_closed_20260522T000000Z/sds_calculation_contract.json,,ghg_required_gas_emissions
GHG Protocol,GHG Protocol,SDS GHG controlled closed package 2026-05-22,technical nodes with dimensions [ghg_gas] examples: ghg_required_gas_emissions,1,1,ghg_gas,7,1 x 7,,7,,period; perimeter; entity; site; location; company master data,ghg_full_controlled_closed_20260522T000000Z/sds_calculation_contract.json,technical-contract surface,ghg_required_gas_emissions
GHG Protocol,GHG Protocol,SDS GHG controlled closed package 2026-05-22,reportable nodes with dimensions [ghg_gas; scope2_calculation_method] examples: ghg_scope2_ch4_n2o_emissions_or_availability_by_method,1,1,ghg_gas; scope2_calculation_method,2; 2,1 x 2 x 2,4,,,period; perimeter; entity; site; location; company master data,ghg_full_controlled_closed_20260522T000000Z/sds_calculation_contract.json,ghg_scope=fixed,ghg_scope2_ch4_n2o_emissions_or_availability_by_method
GHG Protocol,GHG Protocol,SDS GHG controlled closed package 2026-05-22,technical nodes with dimensions [ghg_gas; scope2_calculation_method] examples: ghg_scope2_ch4_n2o_emissions_or_availability_by_method,1,1,ghg_gas; scope2_calculation_method,2; 2,1 x 2 x 2,,4,,period; perimeter; entity; site; location; company master data,ghg_full_controlled_closed_20260522T000000Z/sds_calculation_contract.json,technical-contract surface; ghg_scope=fixed,ghg_scope2_ch4_n2o_emissions_or_availability_by_method
GHG Protocol,GHG Protocol,SDS GHG controlled closed package 2026-05-22,"reportable nodes with dimensions [ghg_scope; ghg_gas] examples: ghg_required_gas_emissions_mass_by_scope, ghg_required_gas_emissions_co2e_by_scope",2,2,ghg_scope; ghg_gas,2; 7,2 x 2 x 7,28,,,period; perimeter; entity; site; location; company master data,ghg_full_controlled_closed_20260522T000000Z/sds_calculation_contract.json,,ghg_required_gas_emissions_mass_by_scope;ghg_required_gas_emissions_co2e_by_scope
GHG Protocol,GHG Protocol,SDS GHG controlled closed package 2026-05-22,"technical nodes with dimensions [ghg_scope; ghg_gas] examples: ghg_required_gas_emissions_mass_by_scope, ghg_required_gas_emissions_co2e_by_scope",2,2,ghg_scope; ghg_gas,2; 7,2 x 2 x 7,,28,,period; perimeter; entity; site; location; company master data,ghg_full_controlled_closed_20260522T000000Z/sds_calculation_contract.json,technical-contract surface,ghg_required_gas_emissions_mass_by_scope;ghg_required_gas_emissions_co2e_by_scope
GHG Protocol,GHG Protocol,SDS GHG controlled closed package 2026-05-22,technical nodes with dimensions [grid_region; factor_source] examples: ghg_scope3_cat04_transportation_fuel_based_electricity_emission_factor,1,1,grid_region; factor_source,1; 1,1 x 1 x 1,,1,grid_region; factor_source,period; perimeter; entity; site; location; company master data,ghg_full_controlled_closed_20260522T000000Z/sds_calculation_contract.json,technical-contract surface,ghg_scope3_cat04_transportation_fuel_based_electricity_emission_factor
GHG Protocol,GHG Protocol,SDS GHG controlled closed package 2026-05-22,technical nodes with dimensions [grid_region; transport_leg] examples: ghg_scope3_cat04_transportation_fuel_based_electricity_quantity,1,1,grid_region; transport_leg,1; 1,1 x 1 x 1,,1,grid_region; transport_leg,period; perimeter; entity; site; location; company master data,ghg_full_controlled_closed_20260522T000000Z/sds_calculation_contract.json,technical-contract surface,ghg_scope3_cat04_transportation_fuel_based_electricity_quantity
GHG Protocol,GHG Protocol,SDS GHG controlled closed package 2026-05-22,technical nodes with dimensions [hotel_type] examples: cat6_hotel_nights,1,1,hotel_type,1,1 x 1,,1,hotel_type,period; perimeter; entity; site; location; company master data,ghg_full_controlled_closed_20260522T000000Z/sds_calculation_contract.json,technical-contract surface,cat6_hotel_nights
GHG Protocol,GHG Protocol,SDS GHG controlled closed package 2026-05-22,technical nodes with dimensions [hotel_type; factor_source] examples: cat6_hotel_emission_factor,1,1,hotel_type; factor_source,1; 1,1 x 1 x 1,,1,hotel_type; factor_source,period; perimeter; entity; site; location; company master data,ghg_full_controlled_closed_20260522T000000Z/sds_calculation_contract.json,technical-contract surface,cat6_hotel_emission_factor
GHG Protocol,GHG Protocol,SDS GHG controlled closed package 2026-05-22,technical nodes with dimensions [intermediate_product; downstream_process_stage] examples: GHG_SCOPE3_CATEGORY_10_AVG_INTERMEDIATE_PRODUCT_MASS,1,1,intermediate_product; downstream_process_stage,1; 1,1 x 1 x 1,,1,intermediate_product; downstream_process_stage,period; perimeter; entity; site; location; company master data,ghg_full_controlled_closed_20260522T000000Z/sds_calculation_contract.json,technical-contract surface,GHG_SCOPE3_CATEGORY_10_AVG_INTERMEDIATE_PRODUCT_MASS
GHG Protocol,GHG Protocol,SDS GHG controlled closed package 2026-05-22,"technical nodes with dimensions [intermediate_product; final_product] examples: cat11_intermediate_products_sold, cat11_intermediate_final_product_lifetime_uses",2,2,intermediate_product; final_product,1; 1,2 x 1 x 1,,2,intermediate_product; final_product,period; perimeter; entity; site; location; company master data,ghg_full_controlled_closed_20260522T000000Z/sds_calculation_contract.json,technical-contract surface,cat11_intermediate_products_sold;cat11_intermediate_final_product_lifetime_uses
GHG Protocol,GHG Protocol,SDS GHG controlled closed package 2026-05-22,technical nodes with dimensions [intermediate_product; final_product; use_profile] examples: cat11_intermediate_emissions_per_use,1,1,intermediate_product; final_product; use_profile,1; 1; 1,1 x 1 x 1 x 1,,1,intermediate_product; final_product; use_profile,period; perimeter; entity; site; location; company master data,ghg_full_controlled_closed_20260522T000000Z/sds_calculation_contract.json,technical-contract surface,cat11_intermediate_emissions_per_use
GHG Protocol,GHG Protocol,SDS GHG controlled closed package 2026-05-22,reportable nodes with dimensions [inventory_year; ghg_scope] examples: base_year_emissions_profile_over_time,1,1,inventory_year; ghg_scope,1; 2,1 x 1 x 2,2,,inventory_year,period; perimeter; entity; site; location; company master data,ghg_full_controlled_closed_20260522T000000Z/sds_calculation_contract.json,,base_year_emissions_profile_over_time
GHG Protocol,GHG Protocol,SDS GHG controlled closed package 2026-05-22,technical nodes with dimensions [inventory_year; ghg_scope] examples: base_year_emissions_profile_over_time,1,1,inventory_year; ghg_scope,1; 2,1 x 1 x 2,,2,inventory_year,period; perimeter; entity; site; location; company master data,ghg_full_controlled_closed_20260522T000000Z/sds_calculation_contract.json,technical-contract surface,base_year_emissions_profile_over_time
GHG Protocol,GHG Protocol,SDS GHG controlled closed package 2026-05-22,technical nodes with dimensions [investee] examples: ghg_scope3_cat15_investor_equity_share,1,1,investee,1,1 x 1,,1,investee,period; perimeter; entity; site; location; company master data,ghg_full_controlled_closed_20260522T000000Z/sds_calculation_contract.json,technical-contract surface,ghg_scope3_cat15_investor_equity_share
GHG Protocol,GHG Protocol,SDS GHG controlled closed package 2026-05-22,technical nodes with dimensions [investee; investee_sector] examples: ghg_scope3_cat15_investee_revenue,1,1,investee; investee_sector,1; 1,1 x 1 x 1,,1,investee; investee_sector,period; perimeter; entity; site; location; company master data,ghg_full_controlled_closed_20260522T000000Z/sds_calculation_contract.json,technical-contract surface,ghg_scope3_cat15_investee_revenue
GHG Protocol,GHG Protocol,SDS GHG controlled closed package 2026-05-22,technical nodes with dimensions [investee; source_ghg_scope] examples: ghg_scope3_cat15_investee_scope12_emissions_tco2e,1,1,investee; source_ghg_scope,1; 2,1 x 1 x 2,,2,investee,period; perimeter; entity; site; location; company master data,ghg_full_controlled_closed_20260522T000000Z/sds_calculation_contract.json,technical-contract surface,ghg_scope3_cat15_investee_scope12_emissions_tco2e
GHG Protocol,GHG Protocol,SDS GHG controlled closed package 2026-05-22,technical nodes with dimensions [investee_or_project] examples: ghg_scope3_cat15_investee_project_significant_scope3_emissions_tco2e,1,1,investee_or_project,1,1 x 1,,1,investee_or_project,period; perimeter; entity; site; location; company master data,ghg_full_controlled_closed_20260522T000000Z/sds_calculation_contract.json,technical-contract surface; ghg_scope=fixed,ghg_scope3_cat15_investee_project_significant_scope3_emissions_tco2e
GHG Protocol,GHG Protocol,SDS GHG controlled closed package 2026-05-22,technical nodes with dimensions [investee_sector; geographical_area] examples: ghg_scope3_cat15_eeio_sector_emission_factor,1,1,investee_sector; geographical_area,1; 1,1 x 1 x 1,,1,investee_sector; geographical_area,period; perimeter; entity; site; location; company master data,ghg_full_controlled_closed_20260522T000000Z/sds_calculation_contract.json,technical-contract surface,ghg_scope3_cat15_eeio_sector_emission_factor
GHG Protocol,GHG Protocol,SDS GHG controlled closed package 2026-05-22,technical nodes with dimensions [leased_asset] examples: ghg_scope3_cat13_lease_period_fraction,1,1,leased_asset,1,1 x 1,,1,leased_asset,period; perimeter; entity; site; location; company master data,ghg_full_controlled_closed_20260522T000000Z/sds_calculation_contract.json,technical-contract surface,ghg_scope3_cat13_lease_period_fraction
GHG Protocol,GHG Protocol,SDS GHG controlled closed package 2026-05-22,technical nodes with dimensions [leased_asset; activity_type] examples: ghg_scope3_cat13_leased_asset_activity_quantity,1,1,leased_asset; activity_type,1; 1,1 x 1 x 1,,1,leased_asset; activity_type,period; perimeter; entity; site; location; company master data,ghg_full_controlled_closed_20260522T000000Z/sds_calculation_contract.json,technical-contract surface,ghg_scope3_cat13_leased_asset_activity_quantity
GHG Protocol,GHG Protocol,SDS GHG controlled closed package 2026-05-22,technical nodes with dimensions [leased_asset; allocation_basis_type] examples: ghg_scope3_cat13_leased_asset_allocation_basis,1,1,leased_asset; allocation_basis_type,1; 1,1 x 1 x 1,,1,leased_asset; allocation_basis_type,period; perimeter; entity; site; location; company master data,ghg_full_controlled_closed_20260522T000000Z/sds_calculation_contract.json,technical-contract surface,ghg_scope3_cat13_leased_asset_allocation_basis
GHG Protocol,GHG Protocol,SDS GHG controlled closed package 2026-05-22,technical nodes with dimensions [leased_asset; lessee_or_customer] examples: ghg_scope3_cat13_leased_asset_scope12_emissions_tco2e,1,1,leased_asset; lessee_or_customer,1; 1,1 x 1 x 1,,1,leased_asset; lessee_or_customer,period; perimeter; entity; site; location; company master data,ghg_full_controlled_closed_20260522T000000Z/sds_calculation_contract.json,technical-contract surface,ghg_scope3_cat13_leased_asset_scope12_emissions_tco2e
GHG Protocol,GHG Protocol,SDS GHG controlled closed package 2026-05-22,technical nodes with dimensions [leased_asset_identifier] examples: scope3_category8_leased_asset_scope1_emissions,1,1,leased_asset_identifier,1,1 x 1,,1,leased_asset_identifier,period; perimeter; entity; site; location; company master data,ghg_full_controlled_closed_20260522T000000Z/sds_calculation_contract.json,technical-contract surface,scope3_category8_leased_asset_scope1_emissions
GHG Protocol,GHG Protocol,SDS GHG controlled closed package 2026-05-22,"technical nodes with dimensions [leased_asset_identifier; energy_carrier] examples: scope3_category8_leased_asset_scope2_emissions, scope3_category8_asset_energy_quantity",2,2,leased_asset_identifier; energy_carrier,1; 4,2 x 1 x 4,,8,leased_asset_identifier,period; perimeter; entity; site; location; company master data,ghg_full_controlled_closed_20260522T000000Z/sds_calculation_contract.json,technical-contract surface,scope3_category8_leased_asset_scope2_emissions;scope3_category8_asset_energy_quantity
GHG Protocol,GHG Protocol,SDS GHG controlled closed package 2026-05-22,technical nodes with dimensions [leased_asset_identifier; fuel_or_energy_source] examples: scope3_category8_asset_fuel_quantity,1,1,leased_asset_identifier; fuel_or_energy_source,1; 1,1 x 1 x 1,,1,leased_asset_identifier; fuel_or_energy_source,period; perimeter; entity; site; location; company master data,ghg_full_controlled_closed_20260522T000000Z/sds_calculation_contract.json,technical-contract surface,scope3_category8_asset_fuel_quantity
GHG Protocol,GHG Protocol,SDS GHG controlled closed package 2026-05-22,technical nodes with dimensions [leased_asset_identifier; process_emission_type] examples: scope3_category8_asset_process_emissions,1,1,leased_asset_identifier; process_emission_type,1; 1,1 x 1 x 1,,1,leased_asset_identifier; process_emission_type,period; perimeter; entity; site; location; company master data,ghg_full_controlled_closed_20260522T000000Z/sds_calculation_contract.json,technical-contract surface,scope3_category8_asset_process_emissions
GHG Protocol,GHG Protocol,SDS GHG controlled closed package 2026-05-22,technical nodes with dimensions [leased_asset_identifier; refrigerant] examples: scope3_category8_asset_refrigerant_leakage_quantity,1,1,leased_asset_identifier; refrigerant,1; 1,1 x 1 x 1,,1,leased_asset_identifier; refrigerant,period; perimeter; entity; site; location; company master data,ghg_full_controlled_closed_20260522T000000Z/sds_calculation_contract.json,technical-contract surface,scope3_category8_asset_refrigerant_leakage_quantity
GHG Protocol,GHG Protocol,SDS GHG controlled closed package 2026-05-22,"technical nodes with dimensions [leased_asset_type] examples: scope3_category8_leased_asset_count, ghg_scope3_cat13_average_leased_floor_space_or_asset_count",2,2,leased_asset_type,1,2 x 1,,2,leased_asset_type,period; perimeter; entity; site; location; company master data,ghg_full_controlled_closed_20260522T000000Z/sds_calculation_contract.json,technical-contract surface,scope3_category8_leased_asset_count;ghg_scope3_cat13_average_leased_floor_space_or_asset_count
GHG Protocol,GHG Protocol,SDS GHG controlled closed package 2026-05-22,technical nodes with dimensions [leased_asset_type; country_or_region] examples: scope3_category8_average_emissions_per_asset_type,1,1,leased_asset_type; country_or_region,1; 1,1 x 1 x 1,,1,leased_asset_type; country_or_region,period; perimeter; entity; site; location; company master data,ghg_full_controlled_closed_20260522T000000Z/sds_calculation_contract.json,technical-contract surface,scope3_category8_average_emissions_per_asset_type
GHG Protocol,GHG Protocol,SDS GHG controlled closed package 2026-05-22,technical nodes with dimensions [leased_asset_type; factor_source] examples: ghg_scope3_cat13_average_emission_factor,1,1,leased_asset_type; factor_source,1; 1,1 x 1 x 1,,1,leased_asset_type; factor_source,period; perimeter; entity; site; location; company master data,ghg_full_controlled_closed_20260522T000000Z/sds_calculation_contract.json,technical-contract surface,ghg_scope3_cat13_average_emission_factor
GHG Protocol,GHG Protocol,SDS GHG controlled closed package 2026-05-22,technical nodes with dimensions [lessee_or_customer] examples: ghg_scope3_cat13_lessee_scope12_emissions_tco2e,1,1,lessee_or_customer,1,1 x 1,,1,lessee_or_customer,period; perimeter; entity; site; location; company master data,ghg_full_controlled_closed_20260522T000000Z/sds_calculation_contract.json,technical-contract surface,ghg_scope3_cat13_lessee_scope12_emissions_tco2e
GHG Protocol,GHG Protocol,SDS GHG controlled closed package 2026-05-22,technical nodes with dimensions [lessee_or_customer; allocation_basis_type] examples: ghg_scope3_cat13_lessee_total_allocation_basis,1,1,lessee_or_customer; allocation_basis_type,1; 1,1 x 1 x 1,,1,lessee_or_customer; allocation_basis_type,period; perimeter; entity; site; location; company master data,ghg_full_controlled_closed_20260522T000000Z/sds_calculation_contract.json,technical-contract surface,ghg_scope3_cat13_lessee_total_allocation_basis
GHG Protocol,GHG Protocol,SDS GHG controlled closed package 2026-05-22,"technical nodes with dimensions [lessor] examples: scope3_category8_lessor_scope1_emissions, scope3_category8_lessor_scope2_emissions",2,2,lessor,1,2 x 1,,2,lessor,period; perimeter; entity; site; location; company master data,ghg_full_controlled_closed_20260522T000000Z/sds_calculation_contract.json,technical-contract surface,scope3_category8_lessor_scope1_emissions;scope3_category8_lessor_scope2_emissions
GHG Protocol,GHG Protocol,SDS GHG controlled closed package 2026-05-22,technical nodes with dimensions [material_input; supplier] examples: ghg_scope3_cat01_hybrid_material_input_emissions,1,1,material_input; supplier,1; 1,1 x 1 x 1,,1,material_input; supplier,period; perimeter; entity; site; location; company master data,ghg_full_controlled_closed_20260522T000000Z/sds_calculation_contract.json,technical-contract surface; ghg_scope=fixed; scope3_category_ghg_protocol=fixed; calculation_method=fixed,ghg_scope3_cat01_hybrid_material_input_emissions
GHG Protocol,GHG Protocol,SDS GHG controlled closed package 2026-05-22,technical nodes with dimensions [material_input; vehicle_type] examples: ghg_scope3_cat01_hybrid_material_transport_to_supplier_emissions,1,1,material_input; vehicle_type,1; 1,1 x 1 x 1,,1,material_input; vehicle_type,period; perimeter; entity; site; location; company master data,ghg_full_controlled_closed_20260522T000000Z/sds_calculation_contract.json,technical-contract surface; ghg_scope=fixed; scope3_category_ghg_protocol=fixed; calculation_method=fixed,ghg_scope3_cat01_hybrid_material_transport_to_supplier_emissions
GHG Protocol,GHG Protocol,SDS GHG controlled closed package 2026-05-22,reportable nodes with dimensions [none] examples: biogenic_co2_emissions_separate_from_scopes,1,1,none,1,1 x 1,1,,,period; perimeter; entity; site; location; company master data,ghg_full_controlled_closed_20260522T000000Z/sds_calculation_contract.json,ghg_gas=fixed; inventory_scope_treatment=fixed,biogenic_co2_emissions_separate_from_scopes
GHG Protocol,GHG Protocol,SDS GHG controlled closed package 2026-05-22,reportable nodes with dimensions [none] examples: ghg_scope2_biogenic_co2_emissions,1,1,none,1,1 x 1,1,,,period; perimeter; entity; site; location; company master data,ghg_full_controlled_closed_20260522T000000Z/sds_calculation_contract.json,ghg_gas=fixed,ghg_scope2_biogenic_co2_emissions
GHG Protocol,GHG Protocol,SDS GHG controlled closed package 2026-05-22,"reportable nodes with dimensions [none] examples: ghg_scope2_location_based_emissions, ghg_scope2_market_based_emissions",2,2,none,1,2 x 1,2,,,period; perimeter; entity; site; location; company master data,ghg_full_controlled_closed_20260522T000000Z/sds_calculation_contract.json,ghg_scope=fixed; scope2_calculation_method=fixed,ghg_scope2_location_based_emissions;ghg_scope2_market_based_emissions
GHG Protocol,GHG Protocol,SDS GHG controlled closed package 2026-05-22,"reportable nodes with dimensions [none] examples: ghg_scope2_market_based_contractual_percentage, ghg_scope2_market_based_instrument_factor_categories, ghg_scope2_procurement_new_projects_narrative",3,3,none,1,3 x 1,3,,,period; perimeter; entity; site; location; company master data,ghg_full_controlled_closed_20260522T000000Z/sds_calculation_contract.json,scope2_calculation_method=fixed,ghg_scope2_market_based_contractual_percentage;ghg_scope2_market_based_instrument_factor_categories;ghg_scope2_procurement_new_projects_narrative
GHG Protocol,GHG Protocol,SDS GHG controlled closed package 2026-05-22,"reportable nodes with dimensions [none] examples: ghg_scope3_cat01_supplier_specific_emissions, ghg_scope3_cat01_hybrid_emissions, ghg_scope3_cat01_average_data_emissions, ghg_scope3_cat01_spend_based_emissions, ghg_scope3_cat02_supplier_specific_emissions, ghg_scope3_cat02_hybrid_emissions, ghg_scope3_cat02_average_data_emissions, ghg_scope3_cat02_spend_based_emissions ...",35,35,none,1,35 x 1,35,,,period; perimeter; entity; site; location; company master data,ghg_full_controlled_closed_20260522T000000Z/sds_calculation_contract.json,ghg_scope=fixed; scope3_category_ghg_protocol=fixed; calculation_method=fixed,ghg_scope3_cat01_supplier_specific_emissions;ghg_scope3_cat01_hybrid_emissions;ghg_scope3_cat01_average_data_emissions;ghg_scope3_cat01_spend_based_emissions;ghg_scope3_cat02_supplier_specific_emissions;ghg_scope3_cat02_hybrid_emissions;ghg_scope3_cat02_average_data_emissions;ghg_scope3_cat02_spend_based_emissions;ghg_scope3_cat05_supplier_specific_emissions;ghg_scope3_cat05_waste_type_specific_emissions;ghg_scope3_cat05_average_data_emissions;ghg_scope3_category6_fuel_based_emissions;ghg_scope3_category6_distance_based_emissions;ghg_scope3_category6_spend_based_emissions;ghg_scope3_category07_fuel_based_emissions;ghg_scope3_category07_distance_based_emissions;ghg_scope3_category07_average_data_emissions;scope3_category8_asset_specific_emissions;scope3_category8_lessor_specific_emissions;scope3_category8_average_data_emissions;GHG_SCOPE3_CATEGORY_10_SITE_SPECIFIC_EMISSIONS;GHG_SCOPE3_CATEGORY_10_AVERAGE_DATA_EMISSIONS;ghg_scope3_cat11_direct_energy_consuming_products_emissions;ghg_scope3_cat11_fuel_feedstock_combustion_emissions;ghg_scope3_cat11_contained_ghg_release_emissions;ghg_scope3_cat11_sold_intermediate_products_emissions;ghg_scope3_cat11_indirect_use_phase_emissions;ghg_scope3_cat12_supplier_specific_emissions;ghg_scope3_cat12_waste_type_specific_emissions;ghg_scope3_cat12_average_data_emissions;ghg_scope3_cat13_asset_specific_emissions;ghg_scope3_cat13_lessee_specific_emissions;ghg_scope3_cat13_average_data_emissions;ghg_scope3_cat14_franchise_specific_emissions;ghg_scope3_cat14_average_data_emissions
GHG Protocol,GHG Protocol,SDS GHG controlled closed package 2026-05-22,"reportable nodes with dimensions [none] examples: ghg_scope3_cat03_activity_a_upstream_purchased_fuels_emissions, ghg_scope3_cat03_activity_b_upstream_purchased_energy_emissions, ghg_scope3_cat03_activity_c_td_losses_emissions, ghg_scope3_cat03_activity_d_purchased_energy_sold_emissions",4,4,none,1,4 x 1,4,,,period; perimeter; entity; site; location; company master data,ghg_full_controlled_closed_20260522T000000Z/sds_calculation_contract.json,ghg_scope=fixed; scope3_category_ghg_protocol=fixed; scope3_category3_activity=fixed,ghg_scope3_cat03_activity_a_upstream_purchased_fuels_emissions;ghg_scope3_cat03_activity_b_upstream_purchased_energy_emissions;ghg_scope3_cat03_activity_c_td_losses_emissions;ghg_scope3_cat03_activity_d_purchased_energy_sold_emissions
GHG Protocol,GHG Protocol,SDS GHG controlled closed package 2026-05-22,"reportable nodes with dimensions [none] examples: ghg_scope3_cat04_transportation_fuel_based_emissions, ghg_scope3_cat04_transportation_distance_based_emissions, ghg_scope3_cat04_transportation_spend_based_emissions, ghg_scope3_cat04_distribution_site_specific_emissions, ghg_scope3_cat04_distribution_average_data_emissions",5,5,none,1,5 x 1,5,,,period; perimeter; entity; site; location; company master data,ghg_full_controlled_closed_20260522T000000Z/sds_calculation_contract.json,ghg_scope=fixed; scope3_category_ghg_protocol=fixed; scope3_category4_activity=fixed; calculation_method=fixed,ghg_scope3_cat04_transportation_fuel_based_emissions;ghg_scope3_cat04_transportation_distance_based_emissions;ghg_scope3_cat04_transportation_spend_based_emissions;ghg_scope3_cat04_distribution_site_specific_emissions;ghg_scope3_cat04_distribution_average_data_emissions
GHG Protocol,GHG Protocol,SDS GHG controlled closed package 2026-05-22,"reportable nodes with dimensions [none] examples: ghg_scope3_cat09_downstream_transportation_fuel_based_emissions, ghg_scope3_cat09_downstream_transportation_distance_based_emissions, ghg_scope3_cat09_downstream_transportation_spend_based_emissions, ghg_scope3_cat09_downstream_distribution_storage_site_specific_emissions, ghg_scope3_cat09_downstream_distribution_storage_average_data_emissions",5,5,none,1,5 x 1,5,,,period; perimeter; entity; site; location; company master data,ghg_full_controlled_closed_20260522T000000Z/sds_calculation_contract.json,ghg_scope=fixed; scope3_category_ghg_protocol=fixed; scope3_category9_activity=fixed; calculation_method=fixed,ghg_scope3_cat09_downstream_transportation_fuel_based_emissions;ghg_scope3_cat09_downstream_transportation_distance_based_emissions;ghg_scope3_cat09_downstream_transportation_spend_based_emissions;ghg_scope3_cat09_downstream_distribution_storage_site_specific_emissions;ghg_scope3_cat09_downstream_distribution_storage_average_data_emissions
GHG Protocol,GHG Protocol,SDS GHG controlled closed package 2026-05-22,"reportable nodes with dimensions [none] examples: ghg_scope3_cat15_equity_investments_investment_specific_emissions, ghg_scope3_cat15_equity_investments_average_data_emissions, ghg_scope3_cat15_project_finance_debt_known_use_project_specific_emissions, ghg_scope3_cat15_project_finance_debt_known_use_average_data_emissions",4,4,none,1,4 x 1,4,,,period; perimeter; entity; site; location; company master data,ghg_full_controlled_closed_20260522T000000Z/sds_calculation_contract.json,ghg_scope=fixed; scope3_category_ghg_protocol=fixed; scope3_category15_investment_type=fixed; calculation_method=fixed,ghg_scope3_cat15_equity_investments_investment_specific_emissions;ghg_scope3_cat15_equity_investments_average_data_emissions;ghg_scope3_cat15_project_finance_debt_known_use_project_specific_emissions;ghg_scope3_cat15_project_finance_debt_known_use_average_data_emissions
GHG Protocol,GHG Protocol,SDS GHG controlled closed package 2026-05-22,"reportable nodes with dimensions [none] examples: ghg_scope3_category3_upstream_energy_methodology, ghg_scope3_cat03_total_emissions",2,2,none,1,2 x 1,2,,,period; perimeter; entity; site; location; company master data,ghg_full_controlled_closed_20260522T000000Z/sds_calculation_contract.json,ghg_scope=fixed; scope3_category_ghg_protocol=fixed,ghg_scope3_category3_upstream_energy_methodology;ghg_scope3_cat03_total_emissions
GHG Protocol,GHG Protocol,SDS GHG controlled closed package 2026-05-22,"reportable nodes with dimensions [none] examples: organizational_boundaries_outline, consolidation_approach_chosen, operational_boundaries_outline, reporting_period_covered, base_year_chosen, base_year_recalculation_policy_description, base_year_recalculation_trigger_context, emissions_calculation_or_measurement_methodologies ...",24,24,none,1,24 x 1,24,,,period; perimeter; entity; site; location; company master data,ghg_full_controlled_closed_20260522T000000Z/sds_calculation_contract.json,,organizational_boundaries_outline;consolidation_approach_chosen;operational_boundaries_outline;reporting_period_covered;base_year_chosen;base_year_recalculation_policy_description;base_year_recalculation_trigger_context;emissions_calculation_or_measurement_methodologies;calculation_tools_reference_or_link;specific_exclusions_sources_facilities_operations;gwp_values_source;multiple_ipcc_assessment_reports_used_indicator;optional_other_ghg_inventory_list;ghg_scope2_other_instrument_retirement;ghg_scope2_contractual_instrument_features;ghg_scope2_avoided_emissions_estimation;ghg_scope2_avoided_emissions_methodology_assumptions;ghg_scope2_avoided_emissions_program_gross_net_use;ghg_scope1_scope2_report_conformance;scope3_base_year;scope3_base_year_rationale;scope3_base_year_emissions_recalculation_policy;scope3_base_year_recalculation_context;gwp_values_source
GHG Protocol,GHG Protocol,SDS GHG controlled closed package 2026-05-22,"reportable nodes with dimensions [none] examples: scope3_activity_types_covered, ghg_scope1_gross_emissions_tco2e, ghg_scope2_gross_emissions_tco2e, ghg_scope2_methodology_description, ghg_scope2_base_year, ghg_scope2_base_year_calculation_method, ghg_scope2_base_year_historic_location_proxy, ghg_scope2_base_year_recalculation_context",8,8,none,1,8 x 1,8,,,period; perimeter; entity; site; location; company master data,ghg_full_controlled_closed_20260522T000000Z/sds_calculation_contract.json,ghg_scope=fixed,scope3_activity_types_covered;ghg_scope1_gross_emissions_tco2e;ghg_scope2_gross_emissions_tco2e;ghg_scope2_methodology_description;ghg_scope2_base_year;ghg_scope2_base_year_calculation_method;ghg_scope2_base_year_historic_location_proxy;ghg_scope2_base_year_recalculation_context
GHG Protocol,GHG Protocol,SDS GHG controlled closed package 2026-05-22,technical nodes with dimensions [none] examples: biogenic_co2_emissions_separate_from_scopes,1,1,none,1,1 x 1,,1,,period; perimeter; entity; site; location; company master data,ghg_full_controlled_closed_20260522T000000Z/sds_calculation_contract.json,technical-contract surface; ghg_gas=fixed; inventory_scope_treatment=fixed,biogenic_co2_emissions_separate_from_scopes
GHG Protocol,GHG Protocol,SDS GHG controlled closed package 2026-05-22,technical nodes with dimensions [none] examples: ghg_scope2_biogenic_co2_emissions,1,1,none,1,1 x 1,,1,,period; perimeter; entity; site; location; company master data,ghg_full_controlled_closed_20260522T000000Z/sds_calculation_contract.json,technical-contract surface; ghg_gas=fixed,ghg_scope2_biogenic_co2_emissions
GHG Protocol,GHG Protocol,SDS GHG controlled closed package 2026-05-22,"technical nodes with dimensions [none] examples: ghg_scope2_location_based_emissions, ghg_scope2_market_based_emissions",2,2,none,1,2 x 1,,2,,period; perimeter; entity; site; location; company master data,ghg_full_controlled_closed_20260522T000000Z/sds_calculation_contract.json,technical-contract surface; ghg_scope=fixed; scope2_calculation_method=fixed,ghg_scope2_location_based_emissions;ghg_scope2_market_based_emissions
GHG Protocol,GHG Protocol,SDS GHG controlled closed package 2026-05-22,"technical nodes with dimensions [none] examples: ghg_scope2_market_based_contractual_percentage, ghg_scope2_market_based_instrument_factor_categories, ghg_scope2_procurement_new_projects_narrative",3,3,none,1,3 x 1,,3,,period; perimeter; entity; site; location; company master data,ghg_full_controlled_closed_20260522T000000Z/sds_calculation_contract.json,technical-contract surface; scope2_calculation_method=fixed,ghg_scope2_market_based_contractual_percentage;ghg_scope2_market_based_instrument_factor_categories;ghg_scope2_procurement_new_projects_narrative
GHG Protocol,GHG Protocol,SDS GHG controlled closed package 2026-05-22,"technical nodes with dimensions [none] examples: ghg_scope3_cat01_supplier_specific_emissions, ghg_scope3_cat01_hybrid_emissions, ghg_scope3_cat01_average_data_emissions, ghg_scope3_cat01_spend_based_emissions, ghg_scope3_cat02_supplier_specific_emissions, ghg_scope3_cat02_hybrid_emissions, ghg_scope3_cat02_average_data_emissions, ghg_scope3_cat02_spend_based_emissions ...",35,35,none,1,35 x 1,,35,,period; perimeter; entity; site; location; company master data,ghg_full_controlled_closed_20260522T000000Z/sds_calculation_contract.json,technical-contract surface; ghg_scope=fixed; scope3_category_ghg_protocol=fixed; calculation_method=fixed,ghg_scope3_cat01_supplier_specific_emissions;ghg_scope3_cat01_hybrid_emissions;ghg_scope3_cat01_average_data_emissions;ghg_scope3_cat01_spend_based_emissions;ghg_scope3_cat02_supplier_specific_emissions;ghg_scope3_cat02_hybrid_emissions;ghg_scope3_cat02_average_data_emissions;ghg_scope3_cat02_spend_based_emissions;ghg_scope3_cat05_supplier_specific_emissions;ghg_scope3_cat05_waste_type_specific_emissions;ghg_scope3_cat05_average_data_emissions;ghg_scope3_category6_fuel_based_emissions;ghg_scope3_category6_distance_based_emissions;ghg_scope3_category6_spend_based_emissions;ghg_scope3_category07_fuel_based_emissions;ghg_scope3_category07_distance_based_emissions;ghg_scope3_category07_average_data_emissions;scope3_category8_asset_specific_emissions;scope3_category8_lessor_specific_emissions;scope3_category8_average_data_emissions;GHG_SCOPE3_CATEGORY_10_SITE_SPECIFIC_EMISSIONS;GHG_SCOPE3_CATEGORY_10_AVERAGE_DATA_EMISSIONS;ghg_scope3_cat11_direct_energy_consuming_products_emissions;ghg_scope3_cat11_fuel_feedstock_combustion_emissions;ghg_scope3_cat11_contained_ghg_release_emissions;ghg_scope3_cat11_sold_intermediate_products_emissions;ghg_scope3_cat11_indirect_use_phase_emissions;ghg_scope3_cat12_supplier_specific_emissions;ghg_scope3_cat12_waste_type_specific_emissions;ghg_scope3_cat12_average_data_emissions;ghg_scope3_cat13_asset_specific_emissions;ghg_scope3_cat13_lessee_specific_emissions;ghg_scope3_cat13_average_data_emissions;ghg_scope3_cat14_franchise_specific_emissions;ghg_scope3_cat14_average_data_emissions
GHG Protocol,GHG Protocol,SDS GHG controlled closed package 2026-05-22,"technical nodes with dimensions [none] examples: ghg_scope3_cat02_supplier_product_cradle_to_gate_inventory_tco2e, ghg_scope3_cat02_supplier_allocated_scope12_emissions_tco2e, ghg_scope3_cat02_material_input_emissions_tco2e, ghg_scope3_cat02_production_fuel_electricity_emissions_tco2e, ghg_scope3_cat02_material_transport_emissions_tco2e, ghg_scope3_cat02_supplier_waste_emissions_tco2e, ghg_scope3_cat02_secondary_data_gap_emissions_tco2e, ghg_scope3_cat02_goods_quantity_or_mass ...",11,11,none,1,11 x 1,,11,,period; perimeter; entity; site; location; company master data,ghg_full_controlled_closed_20260522T000000Z/sds_calculation_contract.json,technical-contract surface; scope3_category_ghg_protocol=fixed,ghg_scope3_cat02_supplier_product_cradle_to_gate_inventory_tco2e;ghg_scope3_cat02_supplier_allocated_scope12_emissions_tco2e;ghg_scope3_cat02_material_input_emissions_tco2e;ghg_scope3_cat02_production_fuel_electricity_emissions_tco2e;ghg_scope3_cat02_material_transport_emissions_tco2e;ghg_scope3_cat02_supplier_waste_emissions_tco2e;ghg_scope3_cat02_secondary_data_gap_emissions_tco2e;ghg_scope3_cat02_goods_quantity_or_mass;ghg_scope3_cat02_average_emission_factor_per_unit;ghg_scope3_cat02_goods_economic_value;ghg_scope3_cat02_spend_based_emission_factor_per_monetary_value
GHG Protocol,GHG Protocol,SDS GHG controlled closed package 2026-05-22,"technical nodes with dimensions [none] examples: ghg_scope3_cat03_activity_a_upstream_purchased_fuels_emissions, ghg_scope3_cat03_activity_b_upstream_purchased_energy_emissions, ghg_scope3_cat03_activity_c_td_losses_emissions, ghg_scope3_cat03_activity_d_purchased_energy_sold_emissions",4,4,none,1,4 x 1,,4,,period; perimeter; entity; site; location; company master data,ghg_full_controlled_closed_20260522T000000Z/sds_calculation_contract.json,technical-contract surface; ghg_scope=fixed; scope3_category_ghg_protocol=fixed; scope3_category3_activity=fixed,ghg_scope3_cat03_activity_a_upstream_purchased_fuels_emissions;ghg_scope3_cat03_activity_b_upstream_purchased_energy_emissions;ghg_scope3_cat03_activity_c_td_losses_emissions;ghg_scope3_cat03_activity_d_purchased_energy_sold_emissions
GHG Protocol,GHG Protocol,SDS GHG controlled closed package 2026-05-22,"technical nodes with dimensions [none] examples: ghg_scope3_cat04_transportation_fuel_based_emissions, ghg_scope3_cat04_transportation_distance_based_emissions, ghg_scope3_cat04_transportation_spend_based_emissions, ghg_scope3_cat04_distribution_site_specific_emissions, ghg_scope3_cat04_distribution_average_data_emissions",5,5,none,1,5 x 1,,5,,period; perimeter; entity; site; location; company master data,ghg_full_controlled_closed_20260522T000000Z/sds_calculation_contract.json,technical-contract surface; ghg_scope=fixed; scope3_category_ghg_protocol=fixed; scope3_category4_activity=fixed; calculation_method=fixed,ghg_scope3_cat04_transportation_fuel_based_emissions;ghg_scope3_cat04_transportation_distance_based_emissions;ghg_scope3_cat04_transportation_spend_based_emissions;ghg_scope3_cat04_distribution_site_specific_emissions;ghg_scope3_cat04_distribution_average_data_emissions
GHG Protocol,GHG Protocol,SDS GHG controlled closed package 2026-05-22,"technical nodes with dimensions [none] examples: ghg_scope3_cat09_downstream_transportation_fuel_based_emissions, ghg_scope3_cat09_downstream_transportation_distance_based_emissions, ghg_scope3_cat09_downstream_transportation_spend_based_emissions, ghg_scope3_cat09_downstream_distribution_storage_site_specific_emissions, ghg_scope3_cat09_downstream_distribution_storage_average_data_emissions",5,5,none,1,5 x 1,,5,,period; perimeter; entity; site; location; company master data,ghg_full_controlled_closed_20260522T000000Z/sds_calculation_contract.json,technical-contract surface; ghg_scope=fixed; scope3_category_ghg_protocol=fixed; scope3_category9_activity=fixed; calculation_method=fixed,ghg_scope3_cat09_downstream_transportation_fuel_based_emissions;ghg_scope3_cat09_downstream_transportation_distance_based_emissions;ghg_scope3_cat09_downstream_transportation_spend_based_emissions;ghg_scope3_cat09_downstream_distribution_storage_site_specific_emissions;ghg_scope3_cat09_downstream_distribution_storage_average_data_emissions
GHG Protocol,GHG Protocol,SDS GHG controlled closed package 2026-05-22,"technical nodes with dimensions [none] examples: ghg_scope3_cat15_equity_investments_investment_specific_emissions, ghg_scope3_cat15_equity_investments_average_data_emissions, ghg_scope3_cat15_project_finance_debt_known_use_project_specific_emissions, ghg_scope3_cat15_project_finance_debt_known_use_average_data_emissions",4,4,none,1,4 x 1,,4,,period; perimeter; entity; site; location; company master data,ghg_full_controlled_closed_20260522T000000Z/sds_calculation_contract.json,technical-contract surface; ghg_scope=fixed; scope3_category_ghg_protocol=fixed; scope3_category15_investment_type=fixed; calculation_method=fixed,ghg_scope3_cat15_equity_investments_investment_specific_emissions;ghg_scope3_cat15_equity_investments_average_data_emissions;ghg_scope3_cat15_project_finance_debt_known_use_project_specific_emissions;ghg_scope3_cat15_project_finance_debt_known_use_average_data_emissions
GHG Protocol,GHG Protocol,SDS GHG controlled closed package 2026-05-22,"technical nodes with dimensions [none] examples: ghg_scope3_category3_upstream_energy_methodology, ghg_scope3_cat01_methodology_assumptions_description, ghg_scope3_cat03_total_emissions",3,3,none,1,3 x 1,,3,,period; perimeter; entity; site; location; company master data,ghg_full_controlled_closed_20260522T000000Z/sds_calculation_contract.json,technical-contract surface; ghg_scope=fixed; scope3_category_ghg_protocol=fixed,ghg_scope3_category3_upstream_energy_methodology;ghg_scope3_cat01_methodology_assumptions_description;ghg_scope3_cat03_total_emissions
GHG Protocol,GHG Protocol,SDS GHG controlled closed package 2026-05-22,"technical nodes with dimensions [none] examples: organizational_boundaries_outline, consolidation_approach_chosen, operational_boundaries_outline, reporting_period_covered, base_year_chosen, base_year_recalculation_policy_description, base_year_recalculation_trigger_context, emissions_calculation_or_measurement_methodologies ...",30,30,none,1,30 x 1,,30,,period; perimeter; entity; site; location; company master data,ghg_full_controlled_closed_20260522T000000Z/sds_calculation_contract.json,technical-contract surface,organizational_boundaries_outline;consolidation_approach_chosen;operational_boundaries_outline;reporting_period_covered;base_year_chosen;base_year_recalculation_policy_description;base_year_recalculation_trigger_context;emissions_calculation_or_measurement_methodologies;calculation_tools_reference_or_link;specific_exclusions_sources_facilities_operations;gwp_values_source;multiple_ipcc_assessment_reports_used_indicator;optional_other_ghg_inventory_list;ghg_scope2_other_instrument_retirement;ghg_scope2_contractual_instrument_features;ghg_scope2_avoided_emissions_estimation;ghg_scope2_avoided_emissions_methodology_assumptions;ghg_scope2_avoided_emissions_program_gross_net_use;ghg_scope1_scope2_report_conformance;scope3_base_year;scope3_base_year_rationale;scope3_base_year_emissions_recalculation_policy;scope3_base_year_recalculation_context;gwp_values_source;ghg_scope3_cat05_total_waste_mass;cat07_distance_return_trip_multiplier;ghg_scope3_cat12_methodology_assumptions_description;ghg_scope3_cat13_methodology_assumptions_description;ghg_scope3_cat14_methodology_assumptions_description;ghg_scope3_cat15_methodology_assumptions_description
GHG Protocol,GHG Protocol,SDS GHG controlled closed package 2026-05-22,"technical nodes with dimensions [none] examples: scope3_activity_types_covered, ghg_scope1_gross_emissions_tco2e, ghg_scope2_gross_emissions_tco2e, ghg_scope2_methodology_description, ghg_scope2_base_year, ghg_scope2_base_year_calculation_method, ghg_scope2_base_year_historic_location_proxy, ghg_scope2_base_year_recalculation_context",8,8,none,1,8 x 1,,8,,period; perimeter; entity; site; location; company master data,ghg_full_controlled_closed_20260522T000000Z/sds_calculation_contract.json,technical-contract surface; ghg_scope=fixed,scope3_activity_types_covered;ghg_scope1_gross_emissions_tco2e;ghg_scope2_gross_emissions_tco2e;ghg_scope2_methodology_description;ghg_scope2_base_year;ghg_scope2_base_year_calculation_method;ghg_scope2_base_year_historic_location_proxy;ghg_scope2_base_year_recalculation_context
GHG Protocol,GHG Protocol,SDS GHG controlled closed package 2026-05-22,technical nodes with dimensions [process_emission_type; downstream_process_stage] examples: GHG_SCOPE3_CATEGORY_10_SITE_PROCESS_EMISSIONS,1,1,process_emission_type; downstream_process_stage,1; 1,1 x 1 x 1,,1,process_emission_type; downstream_process_stage,period; perimeter; entity; site; location; company master data,ghg_full_controlled_closed_20260522T000000Z/sds_calculation_contract.json,technical-contract surface,GHG_SCOPE3_CATEGORY_10_SITE_PROCESS_EMISSIONS
GHG Protocol,GHG Protocol,SDS GHG controlled closed package 2026-05-22,technical nodes with dimensions [product_or_goods_type; purchaser_or_customer] examples: ghg_scope3_cat09_transport_goods_quantity_tonnes,1,1,product_or_goods_type; purchaser_or_customer,1; 1,1 x 1 x 1,,1,product_or_goods_type; purchaser_or_customer,period; perimeter; entity; site; location; company master data,ghg_full_controlled_closed_20260522T000000Z/sds_calculation_contract.json,technical-contract surface; scope3_category_ghg_protocol=fixed; scope3_category9_activity=fixed; calculation_method=fixed,ghg_scope3_cat09_transport_goods_quantity_tonnes
GHG Protocol,GHG Protocol,SDS GHG controlled closed package 2026-05-22,technical nodes with dimensions [product_or_packaging; dataset_source] examples: ghg_scope3_cat12_average_sold_product_packaging_waste_mass_kg,1,1,product_or_packaging; dataset_source,1; 1,1 x 1 x 1,,1,product_or_packaging; dataset_source,period; perimeter; entity; site; location; company master data,ghg_full_controlled_closed_20260522T000000Z/sds_calculation_contract.json,technical-contract surface,ghg_scope3_cat12_average_sold_product_packaging_waste_mass_kg
GHG Protocol,GHG Protocol,SDS GHG controlled closed package 2026-05-22,technical nodes with dimensions [product_or_packaging; waste_type] examples: ghg_scope3_cat12_sold_product_packaging_eol_mass_kg,1,1,product_or_packaging; waste_type,1; 1,1 x 1 x 1,,1,product_or_packaging; waste_type,period; perimeter; entity; site; location; company master data,ghg_full_controlled_closed_20260522T000000Z/sds_calculation_contract.json,technical-contract surface,ghg_scope3_cat12_sold_product_packaging_eol_mass_kg
GHG Protocol,GHG Protocol,SDS GHG controlled closed package 2026-05-22,"technical nodes with dimensions [product_or_product_group] examples: cat11_direct_energy_lifetime_uses, cat11_direct_energy_products_sold, cat11_contained_ghg_products_sold",3,3,product_or_product_group,1,3 x 1,,3,product_or_product_group,period; perimeter; entity; site; location; company master data,ghg_full_controlled_closed_20260522T000000Z/sds_calculation_contract.json,technical-contract surface,cat11_direct_energy_lifetime_uses;cat11_direct_energy_products_sold;cat11_contained_ghg_products_sold
GHG Protocol,GHG Protocol,SDS GHG controlled closed package 2026-05-22,technical nodes with dimensions [product_or_product_group; electricity_source; geographical_area] examples: cat11_direct_energy_electricity_per_use,1,1,product_or_product_group; electricity_source; geographical_area,1; 1; 1,1 x 1 x 1 x 1,,1,product_or_product_group; electricity_source; geographical_area,period; perimeter; entity; site; location; company master data,ghg_full_controlled_closed_20260522T000000Z/sds_calculation_contract.json,technical-contract surface,cat11_direct_energy_electricity_per_use
GHG Protocol,GHG Protocol,SDS GHG controlled closed package 2026-05-22,technical nodes with dimensions [product_or_product_group; fuel_type; geographical_area] examples: cat11_direct_energy_fuel_per_use,1,1,product_or_product_group; fuel_type; geographical_area,1; 1; 1,1 x 1 x 1 x 1,,1,product_or_product_group; fuel_type; geographical_area,period; perimeter; entity; site; location; company master data,ghg_full_controlled_closed_20260522T000000Z/sds_calculation_contract.json,technical-contract surface,cat11_direct_energy_fuel_per_use
GHG Protocol,GHG Protocol,SDS GHG controlled closed package 2026-05-22,"technical nodes with dimensions [product_or_product_group; refrigerant_or_ghg] examples: cat11_direct_energy_refrigerant_leakage_per_use, cat11_contained_ghg_mass_per_product, cat11_contained_ghg_release_fraction",3,3,product_or_product_group; refrigerant_or_ghg,1; 1,3 x 1 x 1,,3,product_or_product_group; refrigerant_or_ghg,period; perimeter; entity; site; location; company master data,ghg_full_controlled_closed_20260522T000000Z/sds_calculation_contract.json,technical-contract surface,cat11_direct_energy_refrigerant_leakage_per_use;cat11_contained_ghg_mass_per_product;cat11_contained_ghg_release_fraction
GHG Protocol,GHG Protocol,SDS GHG controlled closed package 2026-05-22,"technical nodes with dimensions [product_or_product_group; use_scenario] examples: cat11_indirect_lifetime_uses, cat11_indirect_use_scenario_share, cat11_indirect_products_sold",3,3,product_or_product_group; use_scenario,1; 1,3 x 1 x 1,,3,product_or_product_group; use_scenario,period; perimeter; entity; site; location; company master data,ghg_full_controlled_closed_20260522T000000Z/sds_calculation_contract.json,technical-contract surface,cat11_indirect_lifetime_uses;cat11_indirect_use_scenario_share;cat11_indirect_products_sold
GHG Protocol,GHG Protocol,SDS GHG controlled closed package 2026-05-22,technical nodes with dimensions [product_or_product_group; use_scenario; electricity_source; geographical_area] examples: cat11_indirect_electricity_per_use,1,1,product_or_product_group; use_scenario; electricity_source; geographical_area,1; 1; 1; 1,1 x 1 x 1 x 1 x 1,,1,product_or_product_group; use_scenario; electricity_source; geographical_area,period; perimeter; entity; site; location; company master data,ghg_full_controlled_closed_20260522T000000Z/sds_calculation_contract.json,technical-contract surface,cat11_indirect_electricity_per_use
GHG Protocol,GHG Protocol,SDS GHG controlled closed package 2026-05-22,technical nodes with dimensions [product_or_product_group; use_scenario; fuel_type] examples: cat11_indirect_fuel_per_use,1,1,product_or_product_group; use_scenario; fuel_type,1; 1; 1,1 x 1 x 1 x 1,,1,product_or_product_group; use_scenario; fuel_type,period; perimeter; entity; site; location; company master data,ghg_full_controlled_closed_20260522T000000Z/sds_calculation_contract.json,technical-contract surface,cat11_indirect_fuel_per_use
GHG Protocol,GHG Protocol,SDS GHG controlled closed package 2026-05-22,"technical nodes with dimensions [product_or_product_group; use_scenario; refrigerant_or_ghg] examples: cat11_indirect_refrigerant_leakage_per_use, cat11_indirect_ghg_emitted_per_use",2,2,product_or_product_group; use_scenario; refrigerant_or_ghg,1; 1; 1,2 x 1 x 1 x 1,,2,product_or_product_group; use_scenario; refrigerant_or_ghg,period; perimeter; entity; site; location; company master data,ghg_full_controlled_closed_20260522T000000Z/sds_calculation_contract.json,technical-contract surface,cat11_indirect_refrigerant_leakage_per_use;cat11_indirect_ghg_emitted_per_use
GHG Protocol,GHG Protocol,SDS GHG controlled closed package 2026-05-22,technical nodes with dimensions [product_type; currency] examples: ghg_scope3_cat01_spend_based_purchase_value,1,1,product_type; currency,1; 1,1 x 1 x 1,,1,product_type; currency,period; perimeter; entity; site; location; company master data,ghg_full_controlled_closed_20260522T000000Z/sds_calculation_contract.json,technical-contract surface; ghg_scope=fixed; scope3_category_ghg_protocol=fixed; calculation_method=fixed,ghg_scope3_cat01_spend_based_purchase_value
GHG Protocol,GHG Protocol,SDS GHG controlled closed package 2026-05-22,technical nodes with dimensions [product_type; data_source] examples: ghg_scope3_cat01_spend_based_eeio_emission_factor,1,1,product_type; data_source,1; 1,1 x 1 x 1,,1,product_type; data_source,period; perimeter; entity; site; location; company master data,ghg_full_controlled_closed_20260522T000000Z/sds_calculation_contract.json,technical-contract surface; ghg_scope=fixed; scope3_category_ghg_protocol=fixed; calculation_method=fixed,ghg_scope3_cat01_spend_based_eeio_emission_factor
GHG Protocol,GHG Protocol,SDS GHG controlled closed package 2026-05-22,"technical nodes with dimensions [project] examples: ghg_scope3_cat15_investor_share_total_project_costs, ghg_scope3_cat15_projected_lifetime_years",2,2,project,1,2 x 1,,2,project,period; perimeter; entity; site; location; company master data,ghg_full_controlled_closed_20260522T000000Z/sds_calculation_contract.json,technical-contract surface,ghg_scope3_cat15_investor_share_total_project_costs;ghg_scope3_cat15_projected_lifetime_years
GHG Protocol,GHG Protocol,SDS GHG controlled closed package 2026-05-22,technical nodes with dimensions [project] examples: ghg_scope3_cat15_projected_lifetime_emissions_tco2e,1,1,project,1,1 x 1,,1,project,period; perimeter; entity; site; location; company master data,ghg_full_controlled_closed_20260522T000000Z/sds_calculation_contract.json,technical-contract surface; reporting_boundary=fixed,ghg_scope3_cat15_projected_lifetime_emissions_tco2e
GHG Protocol,GHG Protocol,SDS GHG controlled closed package 2026-05-22,technical nodes with dimensions [project; project_phase] examples: ghg_scope3_cat15_project_cost_or_revenue,1,1,project; project_phase,1; 2,1 x 1 x 2,,2,project,period; perimeter; entity; site; location; company master data,ghg_full_controlled_closed_20260522T000000Z/sds_calculation_contract.json,technical-contract surface,ghg_scope3_cat15_project_cost_or_revenue
GHG Protocol,GHG Protocol,SDS GHG controlled closed package 2026-05-22,technical nodes with dimensions [project; projected_emissions_scope] examples: ghg_scope3_cat15_projected_annual_emissions_tco2e,1,1,project; projected_emissions_scope,1; 2,1 x 1 x 2,,2,project,period; perimeter; entity; site; location; company master data,ghg_full_controlled_closed_20260522T000000Z/sds_calculation_contract.json,technical-contract surface,ghg_scope3_cat15_projected_annual_emissions_tco2e
GHG Protocol,GHG Protocol,SDS GHG controlled closed package 2026-05-22,technical nodes with dimensions [project; source_ghg_scope] examples: ghg_scope3_cat15_project_scope12_emissions_tco2e,1,1,project; source_ghg_scope,1; 2,1 x 1 x 2,,2,project,period; perimeter; entity; site; location; company master data,ghg_full_controlled_closed_20260522T000000Z/sds_calculation_contract.json,technical-contract surface,ghg_scope3_cat15_project_scope12_emissions_tco2e
GHG Protocol,GHG Protocol,SDS GHG controlled closed package 2026-05-22,technical nodes with dimensions [project_sector; project_phase; geographical_area] examples: ghg_scope3_cat15_project_eeio_emission_factor,1,1,project_sector; project_phase; geographical_area,1; 2; 1,1 x 1 x 2 x 1,,2,project_sector; geographical_area,period; perimeter; entity; site; location; company master data,ghg_full_controlled_closed_20260522T000000Z/sds_calculation_contract.json,technical-contract surface,ghg_scope3_cat15_project_eeio_emission_factor
GHG Protocol,GHG Protocol,SDS GHG controlled closed package 2026-05-22,technical nodes with dimensions [purchased_good_or_service] examples: ghg_scope3_cat01_average_data_quantity_purchased,1,1,purchased_good_or_service,1,1 x 1,,1,purchased_good_or_service,period; perimeter; entity; site; location; company master data,ghg_full_controlled_closed_20260522T000000Z/sds_calculation_contract.json,technical-contract surface; ghg_scope=fixed; scope3_category_ghg_protocol=fixed; calculation_method=fixed,ghg_scope3_cat01_average_data_quantity_purchased
GHG Protocol,GHG Protocol,SDS GHG controlled closed package 2026-05-22,technical nodes with dimensions [purchased_good_or_service; data_source] examples: ghg_scope3_cat01_average_data_emission_factor,1,1,purchased_good_or_service; data_source,1; 1,1 x 1 x 1,,1,purchased_good_or_service; data_source,period; perimeter; entity; site; location; company master data,ghg_full_controlled_closed_20260522T000000Z/sds_calculation_contract.json,technical-contract surface; ghg_scope=fixed; scope3_category_ghg_protocol=fixed; calculation_method=fixed,ghg_scope3_cat01_average_data_emission_factor
GHG Protocol,GHG Protocol,SDS GHG controlled closed package 2026-05-22,"technical nodes with dimensions [purchased_good_or_service; supplier] examples: ghg_scope3_cat01_supplier_specific_quantity_purchased, ghg_scope3_cat01_supplier_specific_product_emission_factor",2,2,purchased_good_or_service; supplier,1; 1,2 x 1 x 1,,2,purchased_good_or_service; supplier,period; perimeter; entity; site; location; company master data,ghg_full_controlled_closed_20260522T000000Z/sds_calculation_contract.json,technical-contract surface; ghg_scope=fixed; scope3_category_ghg_protocol=fixed; calculation_method=fixed,ghg_scope3_cat01_supplier_specific_quantity_purchased;ghg_scope3_cat01_supplier_specific_product_emission_factor
GHG Protocol,GHG Protocol,SDS GHG controlled closed package 2026-05-22,technical nodes with dimensions [quantity_basis; transport_leg; transport_mode_or_vehicle_type] examples: ghg_scope3_cat04_transportation_distance_based_goods_quantity,1,1,quantity_basis; transport_leg; transport_mode_or_vehicle_type,1; 1; 1,1 x 1 x 1 x 1,,1,quantity_basis; transport_leg; transport_mode_or_vehicle_type,period; perimeter; entity; site; location; company master data,ghg_full_controlled_closed_20260522T000000Z/sds_calculation_contract.json,technical-contract surface,ghg_scope3_cat04_transportation_distance_based_goods_quantity
GHG Protocol,GHG Protocol,SDS GHG controlled closed package 2026-05-22,technical nodes with dimensions [refrigerant] examples: scope3_category8_asset_refrigerant_emission_factor,1,1,refrigerant,1,1 x 1,,1,refrigerant,period; perimeter; entity; site; location; company master data,ghg_full_controlled_closed_20260522T000000Z/sds_calculation_contract.json,technical-contract surface,scope3_category8_asset_refrigerant_emission_factor
GHG Protocol,GHG Protocol,SDS GHG controlled closed package 2026-05-22,technical nodes with dimensions [refrigerant_or_ghg; downstream_process_stage] examples: GHG_SCOPE3_CATEGORY_10_SITE_REFRIGERANT_LEAKAGE,1,1,refrigerant_or_ghg; downstream_process_stage,1; 1,1 x 1 x 1,,1,refrigerant_or_ghg; downstream_process_stage,period; perimeter; entity; site; location; company master data,ghg_full_controlled_closed_20260522T000000Z/sds_calculation_contract.json,technical-contract surface,GHG_SCOPE3_CATEGORY_10_SITE_REFRIGERANT_LEAKAGE
GHG Protocol,GHG Protocol,SDS GHG controlled closed package 2026-05-22,"technical nodes with dimensions [refrigerant_or_ghg; factor_source] examples: GHG_SCOPE3_CATEGORY_10_SITE_REFRIGERANT_GWP, cat11_direct_energy_refrigerant_gwp, cat11_contained_ghg_gwp, cat11_indirect_refrigerant_emission_factor, cat11_indirect_ghg_gwp",5,5,refrigerant_or_ghg; factor_source,1; 1,5 x 1 x 1,,5,refrigerant_or_ghg; factor_source,period; perimeter; entity; site; location; company master data,ghg_full_controlled_closed_20260522T000000Z/sds_calculation_contract.json,technical-contract surface,GHG_SCOPE3_CATEGORY_10_SITE_REFRIGERANT_GWP;cat11_direct_energy_refrigerant_gwp;cat11_contained_ghg_gwp;cat11_indirect_refrigerant_emission_factor;cat11_indirect_ghg_gwp
GHG Protocol,GHG Protocol,SDS GHG controlled closed package 2026-05-22,technical nodes with dimensions [refrigerant_type] examples: ghg_scope3_cat04_transportation_fuel_based_refrigerant_emission_factor,1,1,refrigerant_type,1,1 x 1,,1,refrigerant_type,period; perimeter; entity; site; location; company master data,ghg_full_controlled_closed_20260522T000000Z/sds_calculation_contract.json,technical-contract surface,ghg_scope3_cat04_transportation_fuel_based_refrigerant_emission_factor
GHG Protocol,GHG Protocol,SDS GHG controlled closed package 2026-05-22,technical nodes with dimensions [refrigerant_type; transport_leg] examples: ghg_scope3_cat04_transportation_fuel_based_refrigerant_leakage_quantity,1,1,refrigerant_type; transport_leg,1; 1,1 x 1 x 1,,1,refrigerant_type; transport_leg,period; perimeter; entity; site; location; company master data,ghg_full_controlled_closed_20260522T000000Z/sds_calculation_contract.json,technical-contract surface,ghg_scope3_cat04_transportation_fuel_based_refrigerant_leakage_quantity
GHG Protocol,GHG Protocol,SDS GHG controlled closed package 2026-05-22,"reportable nodes with dimensions [scope2_calculation_method] examples: ghg_scope2_inventory_total_method_choice, ghg_scope2_goal_setting_basis",2,2,scope2_calculation_method,2,2 x 2,4,,,period; perimeter; entity; site; location; company master data,ghg_full_controlled_closed_20260522T000000Z/sds_calculation_contract.json,,ghg_scope2_inventory_total_method_choice;ghg_scope2_goal_setting_basis
GHG Protocol,GHG Protocol,SDS GHG controlled closed package 2026-05-22,"technical nodes with dimensions [scope2_calculation_method] examples: ghg_scope2_inventory_total_method_choice, ghg_scope2_goal_setting_basis",2,2,scope2_calculation_method,2,2 x 2,,4,,period; perimeter; entity; site; location; company master data,ghg_full_controlled_closed_20260522T000000Z/sds_calculation_contract.json,technical-contract surface,ghg_scope2_inventory_total_method_choice;ghg_scope2_goal_setting_basis
GHG Protocol,GHG Protocol,SDS GHG controlled closed package 2026-05-22,reportable nodes with dimensions [scope2_calculation_method; country] examples: ghg_scope2_country_disaggregation,1,1,scope2_calculation_method; country,2; 1,1 x 2 x 1,2,,country,period; perimeter; entity; site; location; company master data,ghg_full_controlled_closed_20260522T000000Z/sds_calculation_contract.json,ghg_scope=fixed,ghg_scope2_country_disaggregation
GHG Protocol,GHG Protocol,SDS GHG controlled closed package 2026-05-22,technical nodes with dimensions [scope2_calculation_method; country] examples: ghg_scope2_country_disaggregation,1,1,scope2_calculation_method; country,2; 1,1 x 2 x 1,,2,country,period; perimeter; entity; site; location; company master data,ghg_full_controlled_closed_20260522T000000Z/sds_calculation_contract.json,technical-contract surface; ghg_scope=fixed,ghg_scope2_country_disaggregation
GHG Protocol,GHG Protocol,SDS GHG controlled closed package 2026-05-22,reportable nodes with dimensions [scope3_category_ghg_protocol] examples: scope3_biogenic_co2_by_category,1,1,scope3_category_ghg_protocol,16,1 x 16,16,,,period; perimeter; entity; site; location; company master data,ghg_full_controlled_closed_20260522T000000Z/sds_calculation_contract.json,ghg_gas=fixed,scope3_biogenic_co2_by_category
GHG Protocol,GHG Protocol,SDS GHG controlled closed package 2026-05-22,"reportable nodes with dimensions [scope3_category_ghg_protocol] examples: scope3_included_category_or_activity_flag, scope3_excluded_category_or_activity_flag, scope3_exclusion_justification, scope3_data_types_and_sources_by_category, scope3_data_quality_description_by_category, scope3_methodologies_allocation_assumptions_by_category",6,6,scope3_category_ghg_protocol,16,6 x 16,96,,,period; perimeter; entity; site; location; company master data,ghg_full_controlled_closed_20260522T000000Z/sds_calculation_contract.json,,scope3_included_category_or_activity_flag;scope3_excluded_category_or_activity_flag;scope3_exclusion_justification;scope3_data_types_and_sources_by_category;scope3_data_quality_description_by_category;scope3_methodologies_allocation_assumptions_by_category
GHG Protocol,GHG Protocol,SDS GHG controlled closed package 2026-05-22,"reportable nodes with dimensions [scope3_category_ghg_protocol] examples: scope3_total_emissions_by_category, scope3_base_year_emissions_by_category",2,2,scope3_category_ghg_protocol,16,2 x 16,32,,,period; perimeter; entity; site; location; company master data,ghg_full_controlled_closed_20260522T000000Z/sds_calculation_contract.json,ghg_scope=fixed,scope3_total_emissions_by_category;scope3_base_year_emissions_by_category
GHG Protocol,GHG Protocol,SDS GHG controlled closed package 2026-05-22,technical nodes with dimensions [scope3_category_ghg_protocol] examples: scope3_biogenic_co2_by_category,1,1,scope3_category_ghg_protocol,16,1 x 16,,16,,period; perimeter; entity; site; location; company master data,ghg_full_controlled_closed_20260522T000000Z/sds_calculation_contract.json,technical-contract surface; ghg_gas=fixed,scope3_biogenic_co2_by_category
GHG Protocol,GHG Protocol,SDS GHG controlled closed package 2026-05-22,"technical nodes with dimensions [scope3_category_ghg_protocol] examples: scope3_included_category_or_activity_flag, scope3_excluded_category_or_activity_flag, scope3_exclusion_justification, scope3_data_types_and_sources_by_category, scope3_data_quality_description_by_category, scope3_methodologies_allocation_assumptions_by_category, scope3_supplier_or_partner_data_percentage_by_category",7,7,scope3_category_ghg_protocol,16,7 x 16,,112,,period; perimeter; entity; site; location; company master data,ghg_full_controlled_closed_20260522T000000Z/sds_calculation_contract.json,technical-contract surface,scope3_included_category_or_activity_flag;scope3_excluded_category_or_activity_flag;scope3_exclusion_justification;scope3_data_types_and_sources_by_category;scope3_data_quality_description_by_category;scope3_methodologies_allocation_assumptions_by_category;scope3_supplier_or_partner_data_percentage_by_category
GHG Protocol,GHG Protocol,SDS GHG controlled closed package 2026-05-22,"technical nodes with dimensions [scope3_category_ghg_protocol] examples: scope3_total_emissions_by_category, scope3_base_year_emissions_by_category",2,2,scope3_category_ghg_protocol,16,2 x 16,,32,,period; perimeter; entity; site; location; company master data,ghg_full_controlled_closed_20260522T000000Z/sds_calculation_contract.json,technical-contract surface; ghg_scope=fixed,scope3_total_emissions_by_category;scope3_base_year_emissions_by_category
GHG Protocol,GHG Protocol,SDS GHG controlled closed package 2026-05-22,technical nodes with dimensions [source_emissions_scope; downstream_partner; facility_type] examples: ghg_scope3_cat09_distribution_storage_facility_scope1_scope2_emissions,1,1,source_emissions_scope; downstream_partner; facility_type,2; 1; 1,1 x 2 x 1 x 1,,2,downstream_partner; facility_type,period; perimeter; entity; site; location; company master data,ghg_full_controlled_closed_20260522T000000Z/sds_calculation_contract.json,technical-contract surface; scope3_category_ghg_protocol=fixed; scope3_category9_activity=fixed; calculation_method=fixed,ghg_scope3_cat09_distribution_storage_facility_scope1_scope2_emissions
GHG Protocol,GHG Protocol,SDS GHG controlled closed package 2026-05-22,technical nodes with dimensions [spend_category; transport_provider; geographical_area] examples: ghg_scope3_cat09_transport_spend,1,1,spend_category; transport_provider; geographical_area,1; 1; 1,1 x 1 x 1 x 1,,1,spend_category; transport_provider; geographical_area,period; perimeter; entity; site; location; company master data,ghg_full_controlled_closed_20260522T000000Z/sds_calculation_contract.json,technical-contract surface; scope3_category_ghg_protocol=fixed; scope3_category9_activity=fixed; calculation_method=fixed,ghg_scope3_cat09_transport_spend
GHG Protocol,GHG Protocol,SDS GHG controlled closed package 2026-05-22,technical nodes with dimensions [storage_basis; geographical_area; emission_factor_source] examples: ghg_scope3_cat09_distribution_storage_average_emission_factor,1,1,storage_basis; geographical_area; emission_factor_source,1; 1; 1,1 x 1 x 1 x 1,,1,storage_basis; geographical_area; emission_factor_source,period; perimeter; entity; site; location; company master data,ghg_full_controlled_closed_20260522T000000Z/sds_calculation_contract.json,technical-contract surface; scope3_category_ghg_protocol=fixed; scope3_category9_activity=fixed; calculation_method=fixed,ghg_scope3_cat09_distribution_storage_average_emission_factor
GHG Protocol,GHG Protocol,SDS GHG controlled closed package 2026-05-22,technical nodes with dimensions [storage_basis; storage_method; facility_type] examples: ghg_scope3_cat09_distribution_storage_basis_quantity,1,1,storage_basis; storage_method; facility_type,1; 1; 1,1 x 1 x 1 x 1,,1,storage_basis; storage_method; facility_type,period; perimeter; entity; site; location; company master data,ghg_full_controlled_closed_20260522T000000Z/sds_calculation_contract.json,technical-contract surface; scope3_category_ghg_protocol=fixed; scope3_category9_activity=fixed; calculation_method=fixed,ghg_scope3_cat09_distribution_storage_basis_quantity
GHG Protocol,GHG Protocol,SDS GHG controlled closed package 2026-05-22,technical nodes with dimensions [storage_facility] examples: ghg_scope3_cat04_distribution_site_specific_electricity_consumed,1,1,storage_facility,1,1 x 1,,1,storage_facility,period; perimeter; entity; site; location; company master data,ghg_full_controlled_closed_20260522T000000Z/sds_calculation_contract.json,technical-contract surface,ghg_scope3_cat04_distribution_site_specific_electricity_consumed
GHG Protocol,GHG Protocol,SDS GHG controlled closed package 2026-05-22,"technical nodes with dimensions [storage_facility; fuel_or_energy_source] examples: ghg_scope3_cat04_distribution_site_specific_fuel_energy_consumed, ghg_scope3_cat04_distribution_site_specific_fuel_emission_factor",2,2,storage_facility; fuel_or_energy_source,1; 1,2 x 1 x 1,,2,storage_facility; fuel_or_energy_source,period; perimeter; entity; site; location; company master data,ghg_full_controlled_closed_20260522T000000Z/sds_calculation_contract.json,technical-contract surface,ghg_scope3_cat04_distribution_site_specific_fuel_energy_consumed;ghg_scope3_cat04_distribution_site_specific_fuel_emission_factor
GHG Protocol,GHG Protocol,SDS GHG controlled closed package 2026-05-22,technical nodes with dimensions [storage_facility; grid_region] examples: ghg_scope3_cat04_distribution_site_specific_electricity_emission_factor,1,1,storage_facility; grid_region,1; 1,1 x 1 x 1,,1,storage_facility; grid_region,period; perimeter; entity; site; location; company master data,ghg_full_controlled_closed_20260522T000000Z/sds_calculation_contract.json,technical-contract surface,ghg_scope3_cat04_distribution_site_specific_electricity_emission_factor
GHG Protocol,GHG Protocol,SDS GHG controlled closed package 2026-05-22,"technical nodes with dimensions [storage_facility; refrigerant_type] examples: ghg_scope3_cat04_distribution_site_specific_refrigerant_leakage_quantity, ghg_scope3_cat04_distribution_site_specific_refrigerant_emission_factor",2,2,storage_facility; refrigerant_type,1; 1,2 x 1 x 1,,2,storage_facility; refrigerant_type,period; perimeter; entity; site; location; company master data,ghg_full_controlled_closed_20260522T000000Z/sds_calculation_contract.json,technical-contract surface,ghg_scope3_cat04_distribution_site_specific_refrigerant_leakage_quantity;ghg_scope3_cat04_distribution_site_specific_refrigerant_emission_factor
GHG Protocol,GHG Protocol,SDS GHG controlled closed package 2026-05-22,"technical nodes with dimensions [storage_facility; storage_method] examples: ghg_scope3_cat04_distribution_site_specific_company_goods_volume, ghg_scope3_cat04_distribution_site_specific_total_goods_volume",2,2,storage_facility; storage_method,1; 1,2 x 1 x 1,,2,storage_facility; storage_method,period; perimeter; entity; site; location; company master data,ghg_full_controlled_closed_20260522T000000Z/sds_calculation_contract.json,technical-contract surface,ghg_scope3_cat04_distribution_site_specific_company_goods_volume;ghg_scope3_cat04_distribution_site_specific_total_goods_volume
GHG Protocol,GHG Protocol,SDS GHG controlled closed package 2026-05-22,technical nodes with dimensions [storage_facility_type] examples: ghg_scope3_cat04_distribution_average_data_days_stored,1,1,storage_facility_type,1,1 x 1,,1,storage_facility_type,period; perimeter; entity; site; location; company master data,ghg_full_controlled_closed_20260522T000000Z/sds_calculation_contract.json,technical-contract surface,ghg_scope3_cat04_distribution_average_data_days_stored
GHG Protocol,GHG Protocol,SDS GHG controlled closed package 2026-05-22,technical nodes with dimensions [storage_facility_type; storage_quantity_basis] examples: ghg_scope3_cat04_distribution_average_data_stored_goods_quantity,1,1,storage_facility_type; storage_quantity_basis,1; 1,1 x 1 x 1,,1,storage_facility_type; storage_quantity_basis,period; perimeter; entity; site; location; company master data,ghg_full_controlled_closed_20260522T000000Z/sds_calculation_contract.json,technical-contract surface,ghg_scope3_cat04_distribution_average_data_stored_goods_quantity
GHG Protocol,GHG Protocol,SDS GHG controlled closed package 2026-05-22,technical nodes with dimensions [storage_facility_type; storage_quantity_basis; factor_source] examples: ghg_scope3_cat04_distribution_average_data_storage_emission_factor,1,1,storage_facility_type; storage_quantity_basis; factor_source,1; 1; 1,1 x 1 x 1 x 1,,1,storage_facility_type; storage_quantity_basis; factor_source,period; perimeter; entity; site; location; company master data,ghg_full_controlled_closed_20260522T000000Z/sds_calculation_contract.json,technical-contract surface,ghg_scope3_cat04_distribution_average_data_storage_emission_factor
GHG Protocol,GHG Protocol,SDS GHG controlled closed package 2026-05-22,technical nodes with dimensions [supplier; purchased_good_or_service] examples: ghg_scope3_cat01_hybrid_allocated_supplier_scope12_emissions,1,1,supplier; purchased_good_or_service,1; 1,1 x 1 x 1,,1,supplier; purchased_good_or_service,period; perimeter; entity; site; location; company master data,ghg_full_controlled_closed_20260522T000000Z/sds_calculation_contract.json,technical-contract surface; ghg_scope=fixed; scope3_category_ghg_protocol=fixed; calculation_method=fixed,ghg_scope3_cat01_hybrid_allocated_supplier_scope12_emissions
GHG Protocol,GHG Protocol,SDS GHG controlled closed package 2026-05-22,technical nodes with dimensions [transport_leg; distance_source] examples: ghg_scope3_cat04_transportation_distance_based_distance_travelled,1,1,transport_leg; distance_source,1; 1,1 x 1 x 1,,1,transport_leg; distance_source,period; perimeter; entity; site; location; company master data,ghg_full_controlled_closed_20260522T000000Z/sds_calculation_contract.json,technical-contract surface,ghg_scope3_cat04_transportation_distance_based_distance_travelled
GHG Protocol,GHG Protocol,SDS GHG controlled closed package 2026-05-22,technical nodes with dimensions [transport_leg; route; distance_source] examples: ghg_scope3_cat09_transport_downstream_distance_km,1,1,transport_leg; route; distance_source,1; 1; 1,1 x 1 x 1 x 1,,1,transport_leg; route; distance_source,period; perimeter; entity; site; location; company master data,ghg_full_controlled_closed_20260522T000000Z/sds_calculation_contract.json,technical-contract surface; scope3_category_ghg_protocol=fixed; scope3_category9_activity=fixed; calculation_method=fixed,ghg_scope3_cat09_transport_downstream_distance_km
GHG Protocol,GHG Protocol,SDS GHG controlled closed package 2026-05-22,technical nodes with dimensions [transport_mode; carpool_occupancy] examples: cat07_employee_transport_allocation_factor,1,1,transport_mode; carpool_occupancy,1; 1,1 x 1 x 1,,1,transport_mode; carpool_occupancy,period; perimeter; entity; site; location; company master data,ghg_full_controlled_closed_20260522T000000Z/sds_calculation_contract.json,technical-contract surface,cat07_employee_transport_allocation_factor
GHG Protocol,GHG Protocol,SDS GHG controlled closed package 2026-05-22,technical nodes with dimensions [transport_mode; country_or_region; factor_source] examples: cat07_average_mode_emission_factor,1,1,transport_mode; country_or_region; factor_source,1; 1; 1,1 x 1 x 1 x 1,,1,transport_mode; country_or_region; factor_source,period; perimeter; entity; site; location; company master data,ghg_full_controlled_closed_20260522T000000Z/sds_calculation_contract.json,technical-contract surface,cat07_average_mode_emission_factor
GHG Protocol,GHG Protocol,SDS GHG controlled closed package 2026-05-22,"technical nodes with dimensions [transport_mode; employee_group; country_or_region] examples: cat07_average_mode_share, cat07_average_one_way_commute_distance",2,2,transport_mode; employee_group; country_or_region,1; 1; 1,2 x 1 x 1 x 1,,2,transport_mode; employee_group; country_or_region,period; perimeter; entity; site; location; company master data,ghg_full_controlled_closed_20260522T000000Z/sds_calculation_contract.json,technical-contract surface,cat07_average_mode_share;cat07_average_one_way_commute_distance
GHG Protocol,GHG Protocol,SDS GHG controlled closed package 2026-05-22,technical nodes with dimensions [transport_mode; spend_category; factor_source] examples: cat6_business_travel_eeio_emission_factor,1,1,transport_mode; spend_category; factor_source,1; 1; 1,1 x 1 x 1 x 1,,1,transport_mode; spend_category; factor_source,period; perimeter; entity; site; location; company master data,ghg_full_controlled_closed_20260522T000000Z/sds_calculation_contract.json,technical-contract surface,cat6_business_travel_eeio_emission_factor
GHG Protocol,GHG Protocol,SDS GHG controlled closed package 2026-05-22,technical nodes with dimensions [transport_mode; spend_category; travel_provider] examples: cat6_business_travel_spend_by_type_or_mode,1,1,transport_mode; spend_category; travel_provider,1; 1; 1,1 x 1 x 1 x 1,,1,transport_mode; spend_category; travel_provider,period; perimeter; entity; site; location; company master data,ghg_full_controlled_closed_20260522T000000Z/sds_calculation_contract.json,technical-contract surface,cat6_business_travel_spend_by_type_or_mode
GHG Protocol,GHG Protocol,SDS GHG controlled closed package 2026-05-22,technical nodes with dimensions [transport_mode; vehicle_type; country_or_region; employee_group] examples: cat6_distance_travelled_by_vehicle_type,1,1,transport_mode; vehicle_type; country_or_region; employee_group,1; 1; 1; 1,1 x 1 x 1 x 1 x 1,,1,transport_mode; vehicle_type; country_or_region; employee_group,period; perimeter; entity; site; location; company master data,ghg_full_controlled_closed_20260522T000000Z/sds_calculation_contract.json,technical-contract surface,cat6_distance_travelled_by_vehicle_type
GHG Protocol,GHG Protocol,SDS GHG controlled closed package 2026-05-22,"technical nodes with dimensions [transport_mode; vehicle_type; country_or_region; factor_source] examples: cat6_vehicle_specific_emission_factor, cat07_distance_mode_emission_factor",2,2,transport_mode; vehicle_type; country_or_region; factor_source,1; 1; 1; 1,2 x 1 x 1 x 1 x 1,,2,transport_mode; vehicle_type; country_or_region; factor_source,period; perimeter; entity; site; location; company master data,ghg_full_controlled_closed_20260522T000000Z/sds_calculation_contract.json,technical-contract surface,cat6_vehicle_specific_emission_factor;cat07_distance_mode_emission_factor
GHG Protocol,GHG Protocol,SDS GHG controlled closed package 2026-05-22,technical nodes with dimensions [transport_mode; vehicle_type; emission_factor_source] examples: ghg_scope3_cat09_transport_mode_vehicle_emission_factor,1,1,transport_mode; vehicle_type; emission_factor_source,1; 1; 1,1 x 1 x 1 x 1,,1,transport_mode; vehicle_type; emission_factor_source,period; perimeter; entity; site; location; company master data,ghg_full_controlled_closed_20260522T000000Z/sds_calculation_contract.json,technical-contract surface; scope3_category_ghg_protocol=fixed; scope3_category9_activity=fixed; calculation_method=fixed,ghg_scope3_cat09_transport_mode_vehicle_emission_factor
GHG Protocol,GHG Protocol,SDS GHG controlled closed package 2026-05-22,technical nodes with dimensions [transport_mode; vehicle_type; employee_group; country_or_region] examples: cat07_distance_one_way_commute_distance,1,1,transport_mode; vehicle_type; employee_group; country_or_region,1; 1; 1; 1,1 x 1 x 1 x 1 x 1,,1,transport_mode; vehicle_type; employee_group; country_or_region,period; perimeter; entity; site; location; company master data,ghg_full_controlled_closed_20260522T000000Z/sds_calculation_contract.json,technical-contract surface,cat07_distance_one_way_commute_distance
GHG Protocol,GHG Protocol,SDS GHG controlled closed package 2026-05-22,technical nodes with dimensions [transport_mode_or_vehicle_type] examples: ghg_scope3_cat04_transportation_spend_based_amount_spent,1,1,transport_mode_or_vehicle_type,1,1 x 1,,1,transport_mode_or_vehicle_type,period; perimeter; entity; site; location; company master data,ghg_full_controlled_closed_20260522T000000Z/sds_calculation_contract.json,technical-contract surface,ghg_scope3_cat04_transportation_spend_based_amount_spent
GHG Protocol,GHG Protocol,SDS GHG controlled closed package 2026-05-22,"technical nodes with dimensions [transport_mode_or_vehicle_type; factor_source] examples: ghg_scope3_cat04_transportation_distance_based_emission_factor, ghg_scope3_cat04_transportation_spend_based_eeio_emission_factor",2,2,transport_mode_or_vehicle_type; factor_source,1; 1,2 x 1 x 1,,2,transport_mode_or_vehicle_type; factor_source,period; perimeter; entity; site; location; company master data,ghg_full_controlled_closed_20260522T000000Z/sds_calculation_contract.json,technical-contract surface,ghg_scope3_cat04_transportation_distance_based_emission_factor;ghg_scope3_cat04_transportation_spend_based_eeio_emission_factor
GHG Protocol,GHG Protocol,SDS GHG controlled closed package 2026-05-22,technical nodes with dimensions [travel_provider; transport_mode] examples: cat6_transport_provider_scope1_2_emissions_source_data,1,1,travel_provider; transport_mode,1; 1,1 x 1 x 1,,1,travel_provider; transport_mode,period; perimeter; entity; site; location; company master data,ghg_full_controlled_closed_20260522T000000Z/sds_calculation_contract.json,technical-contract surface,cat6_transport_provider_scope1_2_emissions_source_data
GHG Protocol,GHG Protocol,SDS GHG controlled closed package 2026-05-22,technical nodes with dimensions [upstream_activity_or_gap; data_source] examples: ghg_scope3_cat01_hybrid_other_upstream_source_emissions,1,1,upstream_activity_or_gap; data_source,1; 1,1 x 1 x 1,,1,upstream_activity_or_gap; data_source,period; perimeter; entity; site; location; company master data,ghg_full_controlled_closed_20260522T000000Z/sds_calculation_contract.json,technical-contract surface; ghg_scope=fixed; scope3_category_ghg_protocol=fixed; calculation_method=fixed,ghg_scope3_cat01_hybrid_other_upstream_source_emissions
GHG Protocol,GHG Protocol,SDS GHG controlled closed package 2026-05-22,technical nodes with dimensions [waste_output; downstream_process_stage] examples: GHG_SCOPE3_CATEGORY_10_SITE_WASTE_OUTPUT_MASS,1,1,waste_output; downstream_process_stage,1; 1,1 x 1 x 1,,1,waste_output; downstream_process_stage,period; perimeter; entity; site; location; company master data,ghg_full_controlled_closed_20260522T000000Z/sds_calculation_contract.json,technical-contract surface,GHG_SCOPE3_CATEGORY_10_SITE_WASTE_OUTPUT_MASS
GHG Protocol,GHG Protocol,SDS GHG controlled closed package 2026-05-22,technical nodes with dimensions [waste_output; emission_factor_source] examples: GHG_SCOPE3_CATEGORY_10_SITE_WASTE_ACTIVITY_EF,1,1,waste_output; emission_factor_source,1; 1,1 x 1 x 1,,1,waste_output; emission_factor_source,period; perimeter; entity; site; location; company master data,ghg_full_controlled_closed_20260522T000000Z/sds_calculation_contract.json,technical-contract surface,GHG_SCOPE3_CATEGORY_10_SITE_WASTE_ACTIVITY_EF
GHG Protocol,GHG Protocol,SDS GHG controlled closed package 2026-05-22,technical nodes with dimensions [waste_output; supplier] examples: ghg_scope3_cat01_hybrid_supplier_waste_emissions,1,1,waste_output; supplier,1; 1,1 x 1 x 1,,1,waste_output; supplier,period; perimeter; entity; site; location; company master data,ghg_full_controlled_closed_20260522T000000Z/sds_calculation_contract.json,technical-contract surface; ghg_scope=fixed; scope3_category_ghg_protocol=fixed; calculation_method=fixed,ghg_scope3_cat01_hybrid_supplier_waste_emissions
GHG Protocol,GHG Protocol,SDS GHG controlled closed package 2026-05-22,"technical nodes with dimensions [waste_treatment_method] examples: ghg_scope3_cat05_average_waste_treatment_method_share, ghg_scope3_cat05_average_treatment_method_emission_factor",2,2,waste_treatment_method,1,2 x 1,,2,waste_treatment_method,period; perimeter; entity; site; location; company master data,ghg_full_controlled_closed_20260522T000000Z/sds_calculation_contract.json,technical-contract surface,ghg_scope3_cat05_average_waste_treatment_method_share;ghg_scope3_cat05_average_treatment_method_emission_factor
GHG Protocol,GHG Protocol,SDS GHG controlled closed package 2026-05-22,technical nodes with dimensions [waste_treatment_method; consumer_disposal_scenario] examples: ghg_scope3_cat12_estimated_waste_treatment_share,1,1,waste_treatment_method; consumer_disposal_scenario,1; 1,1 x 1 x 1,,1,waste_treatment_method; consumer_disposal_scenario,period; perimeter; entity; site; location; company master data,ghg_full_controlled_closed_20260522T000000Z/sds_calculation_contract.json,technical-contract surface,ghg_scope3_cat12_estimated_waste_treatment_share
GHG Protocol,GHG Protocol,SDS GHG controlled closed package 2026-05-22,technical nodes with dimensions [waste_treatment_method; dataset_source] examples: ghg_scope3_cat12_average_waste_treatment_emission_factor_kgco2e_per_kg,1,1,waste_treatment_method; dataset_source,1; 1,1 x 1 x 1,,1,waste_treatment_method; dataset_source,period; perimeter; entity; site; location; company master data,ghg_full_controlled_closed_20260522T000000Z/sds_calculation_contract.json,technical-contract surface,ghg_scope3_cat12_average_waste_treatment_emission_factor_kgco2e_per_kg
GHG Protocol,GHG Protocol,SDS GHG controlled closed package 2026-05-22,technical nodes with dimensions [waste_treatment_method; emission_factor_source] examples: ghg_scope3_cat12_waste_treatment_emission_factor_kgco2e_per_kg,1,1,waste_treatment_method; emission_factor_source,1; 1,1 x 1 x 1,,1,waste_treatment_method; emission_factor_source,period; perimeter; entity; site; location; company master data,ghg_full_controlled_closed_20260522T000000Z/sds_calculation_contract.json,technical-contract surface,ghg_scope3_cat12_waste_treatment_emission_factor_kgco2e_per_kg
GHG Protocol,GHG Protocol,SDS GHG controlled closed package 2026-05-22,technical nodes with dimensions [waste_treatment_method; geographical_area] examples: ghg_scope3_cat12_waste_treatment_share,1,1,waste_treatment_method; geographical_area,1; 1,1 x 1 x 1,,1,waste_treatment_method; geographical_area,period; perimeter; entity; site; location; company master data,ghg_full_controlled_closed_20260522T000000Z/sds_calculation_contract.json,technical-contract surface,ghg_scope3_cat12_waste_treatment_share
GHG Protocol,GHG Protocol,SDS GHG controlled closed package 2026-05-22,technical nodes with dimensions [waste_treatment_provider] examples: ghg_scope3_cat05_provider_allocated_scope12_emissions_tco2e,1,1,waste_treatment_provider,1,1 x 1,,1,waste_treatment_provider,period; perimeter; entity; site; location; company master data,ghg_full_controlled_closed_20260522T000000Z/sds_calculation_contract.json,technical-contract surface,ghg_scope3_cat05_provider_allocated_scope12_emissions_tco2e
GHG Protocol,GHG Protocol,SDS GHG controlled closed package 2026-05-22,technical nodes with dimensions [waste_treatment_provider_or_facility; waste_treatment_method] examples: ghg_scope3_cat12_provider_waste_treatment_emissions_tco2e,1,1,waste_treatment_provider_or_facility; waste_treatment_method,1; 1,1 x 1 x 1,,1,waste_treatment_provider_or_facility; waste_treatment_method,period; perimeter; entity; site; location; company master data,ghg_full_controlled_closed_20260522T000000Z/sds_calculation_contract.json,technical-contract surface,ghg_scope3_cat12_provider_waste_treatment_emissions_tco2e
GHG Protocol,GHG Protocol,SDS GHG controlled closed package 2026-05-22,"technical nodes with dimensions [waste_type; waste_treatment_method] examples: ghg_scope3_cat05_waste_generated_mass, ghg_scope3_cat05_waste_treatment_method_share, ghg_scope3_cat05_waste_treatment_emission_factor",3,3,waste_type; waste_treatment_method,1; 1,3 x 1 x 1,,3,waste_type; waste_treatment_method,period; perimeter; entity; site; location; company master data,ghg_full_controlled_closed_20260522T000000Z/sds_calculation_contract.json,technical-contract surface,ghg_scope3_cat05_waste_generated_mass;ghg_scope3_cat05_waste_treatment_method_share;ghg_scope3_cat05_waste_treatment_emission_factor
GRI,GRI,SDS GRI controlled closed package 2026-05-22,"reportable nodes with dimensions [affected_status] examples: GRI 101-8.b, GRI 101-8.b.ecosystem_service_effect_explanation, GRI 101-8.b.beneficiary_effect_explanation",3,3,affected_status,2,3 x 2,6,,,period; perimeter; entity; site; location; company master data,gri_full_controlled_closed_20260522T000000Z/sds_calculation_contract.json,,GRI 101-8.b;GRI 101-8.b.ecosystem_service_effect_explanation;GRI 101-8.b.beneficiary_effect_explanation
GRI,GRI,SDS GRI controlled closed package 2026-05-22,"technical nodes with dimensions [affected_status] examples: GRI 101-8.b, GRI 101-8.b.ecosystem_service_effect_explanation, GRI 101-8.b.beneficiary_effect_explanation",3,3,affected_status,2,3 x 2,,6,,period; perimeter; entity; site; location; company master data,gri_full_controlled_closed_20260522T000000Z/sds_calculation_contract.json,technical-contract surface,GRI 101-8.b;GRI 101-8.b.ecosystem_service_effect_explanation;GRI 101-8.b.beneficiary_effect_explanation
GRI,GRI,SDS GRI controlled closed package 2026-05-22,"reportable nodes with dimensions [age_group] examples: GRI-SF-11.11.5_405-1-a-ii, GRI-SF-12.19.6_405-1-a-ii, GRI-SF-13.15.2_405-1-a-ii, GRI-SF-14.21.5_405-1-a-ii, GRI 405-1.a.ii",5,5,age_group,3,5 x 3,15,,,period; perimeter; entity; site; location; company master data,gri_full_controlled_closed_20260522T000000Z/sds_calculation_contract.json,,GRI-SF-11.11.5_405-1-a-ii;GRI-SF-12.19.6_405-1-a-ii;GRI-SF-13.15.2_405-1-a-ii;GRI-SF-14.21.5_405-1-a-ii;GRI 405-1.a.ii
GRI,GRI,SDS GRI controlled closed package 2026-05-22,"technical nodes with dimensions [age_group] examples: GRI-SF-11.11.5_405-1-a-ii, GRI-SF-12.19.6_405-1-a-ii, GRI-SF-13.15.2_405-1-a-ii, GRI-SF-14.21.5_405-1-a-ii, GRI 405-1.a.ii",5,5,age_group,3,5 x 3,,15,,period; perimeter; entity; site; location; company master data,gri_full_controlled_closed_20260522T000000Z/sds_calculation_contract.json,technical-contract surface,GRI-SF-11.11.5_405-1-a-ii;GRI-SF-12.19.6_405-1-a-ii;GRI-SF-13.15.2_405-1-a-ii;GRI-SF-14.21.5_405-1-a-ii;GRI 405-1.a.ii
GRI,GRI,SDS GRI controlled closed package 2026-05-22,"reportable nodes with dimensions [age_group; gender; geographical_area] examples: GRI 401-1.a, GRI 401-1.a.rate, GRI 401-1.b, GRI 401-1.b.rate",4,4,age_group; gender; geographical_area,1; 4; 1,4 x 1 x 4 x 1,16,,age_group; geographical_area,period; perimeter; entity; site; location; company master data,gri_full_controlled_closed_20260522T000000Z/sds_calculation_contract.json,,GRI 401-1.a;GRI 401-1.a.rate;GRI 401-1.b;GRI 401-1.b.rate
GRI,GRI,SDS GRI controlled closed package 2026-05-22,"technical nodes with dimensions [age_group; gender; geographical_area] examples: GRI 401-1.a, GRI 401-1.a.rate, GRI 401-1.b, GRI 401-1.b.rate",4,4,age_group; gender; geographical_area,1; 4; 1,4 x 1 x 4 x 1,,16,age_group; geographical_area,period; perimeter; entity; site; location; company master data,gri_full_controlled_closed_20260522T000000Z/sds_calculation_contract.json,technical-contract surface,GRI 401-1.a;GRI 401-1.a.rate;GRI 401-1.b;GRI 401-1.b.rate
GRI,GRI,SDS GRI controlled closed package 2026-05-22,"reportable nodes with dimensions [business_partner_type; geographical_area] examples: GRI 205-2.c.total_number_business_partners_communicated, GRI 205-2.c.percentage_business_partners_communicated",2,2,business_partner_type; geographical_area,1; 1,2 x 1 x 1,2,,business_partner_type; geographical_area,period; perimeter; entity; site; location; company master data,gri_full_controlled_closed_20260522T000000Z/sds_calculation_contract.json,,GRI 205-2.c.total_number_business_partners_communicated;GRI 205-2.c.percentage_business_partners_communicated
GRI,GRI,SDS GRI controlled closed package 2026-05-22,"technical nodes with dimensions [business_partner_type; geographical_area] examples: GRI 205-2.c.total_number_business_partners_communicated, GRI 205-2.c.percentage_business_partners_communicated",2,2,business_partner_type; geographical_area,1; 1,2 x 1 x 1,,2,business_partner_type; geographical_area,period; perimeter; entity; site; location; company master data,gri_full_controlled_closed_20260522T000000Z/sds_calculation_contract.json,technical-contract surface,GRI 205-2.c.total_number_business_partners_communicated;GRI 205-2.c.percentage_business_partners_communicated
GRI,GRI,SDS GRI controlled closed package 2026-05-22,"reportable nodes with dimensions [climate_risk_opportunity_classification] examples: GRI-SF-11.2.2_201-2-a-i, GRI-SF-12.2.2_201-2-a-i, GRI-SF-13.2.2_201-2-a-i, GRI-SF-14.2.2_201-2-a-i",4,4,climate_risk_opportunity_classification,3,4 x 3,12,,,period; perimeter; entity; site; location; company master data,gri_full_controlled_closed_20260522T000000Z/sds_calculation_contract.json,,GRI-SF-11.2.2_201-2-a-i;GRI-SF-12.2.2_201-2-a-i;GRI-SF-13.2.2_201-2-a-i;GRI-SF-14.2.2_201-2-a-i
GRI,GRI,SDS GRI controlled closed package 2026-05-22,"technical nodes with dimensions [climate_risk_opportunity_classification] examples: GRI-SF-11.2.2_201-2-a-i, GRI-SF-12.2.2_201-2-a-i, GRI-SF-13.2.2_201-2-a-i, GRI-SF-14.2.2_201-2-a-i",4,4,climate_risk_opportunity_classification,3,4 x 3,,12,,period; perimeter; entity; site; location; company master data,gri_full_controlled_closed_20260522T000000Z/sds_calculation_contract.json,technical-contract surface,GRI-SF-11.2.2_201-2-a-i;GRI-SF-12.2.2_201-2-a-i;GRI-SF-13.2.2_201-2-a-i;GRI-SF-14.2.2_201-2-a-i
GRI,GRI,SDS GRI controlled closed package 2026-05-22,"reportable nodes with dimensions [consolidation_approach] examples: GRI-SF-11.1.5_305-1-f, GRI-SF-11.1.6_305-2-f, GRI-SF-12.1.5_305-1-f, GRI-SF-12.1.6_305-2-f, GRI-SF-13.1.2_305-1-f, GRI-SF-13.1.3_305-2-f, GRI-SF-14.1.5_305-1-f, GRI-SF-14.1.6_305-2-f",8,8,consolidation_approach,3,8 x 3,24,,,period; perimeter; entity; site; location; company master data,gri_full_controlled_closed_20260522T000000Z/sds_calculation_contract.json,,GRI-SF-11.1.5_305-1-f;GRI-SF-11.1.6_305-2-f;GRI-SF-12.1.5_305-1-f;GRI-SF-12.1.6_305-2-f;GRI-SF-13.1.2_305-1-f;GRI-SF-13.1.3_305-2-f;GRI-SF-14.1.5_305-1-f;GRI-SF-14.1.6_305-2-f
GRI,GRI,SDS GRI controlled closed package 2026-05-22,"technical nodes with dimensions [consolidation_approach] examples: GRI-SF-11.1.5_305-1-f, GRI-SF-11.1.6_305-2-f, GRI-SF-12.1.5_305-1-f, GRI-SF-12.1.6_305-2-f, GRI-SF-13.1.2_305-1-f, GRI-SF-13.1.3_305-2-f, GRI-SF-14.1.5_305-1-f, GRI-SF-14.1.6_305-2-f",8,8,consolidation_approach,3,8 x 3,,24,,period; perimeter; entity; site; location; company master data,gri_full_controlled_closed_20260522T000000Z/sds_calculation_contract.json,technical-contract surface,GRI-SF-11.1.5_305-1-f;GRI-SF-11.1.6_305-2-f;GRI-SF-12.1.5_305-1-f;GRI-SF-12.1.6_305-2-f;GRI-SF-13.1.2_305-1-f;GRI-SF-13.1.3_305-2-f;GRI-SF-14.1.5_305-1-f;GRI-SF-14.1.6_305-2-f
GRI,GRI,SDS GRI controlled closed package 2026-05-22,reportable nodes with dimensions [contributor_type] examples: GRI 201-3.d,1,1,contributor_type,2,1 x 2,2,,,period; perimeter; entity; site; location; company master data,gri_full_controlled_closed_20260522T000000Z/sds_calculation_contract.json,,GRI 201-3.d
GRI,GRI,SDS GRI controlled closed package 2026-05-22,technical nodes with dimensions [contributor_type] examples: GRI 201-3.d,1,1,contributor_type,2,1 x 2,,2,,period; perimeter; entity; site; location; company master data,gri_full_controlled_closed_20260522T000000Z/sds_calculation_contract.json,technical-contract surface,GRI 201-3.d
GRI,GRI,SDS GRI controlled closed package 2026-05-22,"reportable nodes with dimensions [country] examples: GRI 201-4.a, GRI 201-4.a.i, GRI 201-4.a.ii, GRI 201-4.a.iii, GRI 201-4.a.iv, GRI 201-4.a.v, GRI 201-4.a.vi, GRI 201-4.a.vii ...",36,36,country,1,36 x 1,36,,country,period; perimeter; entity; site; location; company master data,gri_full_controlled_closed_20260522T000000Z/sds_calculation_contract.json,,GRI 201-4.a;GRI 201-4.a.i;GRI 201-4.a.ii;GRI 201-4.a.iii;GRI 201-4.a.iv;GRI 201-4.a.v;GRI 201-4.a.vi;GRI 201-4.a.vii;GRI 201-4.a.viii;GRI-SF-11.21.3_201-4-a;GRI-SF-11.21.3_201-4-a-i;GRI-SF-11.21.3_201-4-a-ii;GRI-SF-11.21.3_201-4-a-iii;GRI-SF-11.21.3_201-4-a-iv;GRI-SF-11.21.3_201-4-a-v;GRI-SF-11.21.3_201-4-a-vi;GRI-SF-11.21.3_201-4-a-vii;GRI-SF-11.21.3_201-4-a-viii;GRI-SF-12.21.3_201-4-a;GRI-SF-12.21.3_201-4-a-i;GRI-SF-12.21.3_201-4-a-ii;GRI-SF-12.21.3_201-4-a-iii;GRI-SF-12.21.3_201-4-a-iv;GRI-SF-12.21.3_201-4-a-v;GRI-SF-12.21.3_201-4-a-vi;GRI-SF-12.21.3_201-4-a-vii;GRI-SF-12.21.3_201-4-a-viii;GRI-SF-14.23.3_201-4-a;GRI-SF-14.23.3_201-4-a-i;GRI-SF-14.23.3_201-4-a-ii;GRI-SF-14.23.3_201-4-a-iii;GRI-SF-14.23.3_201-4-a-iv;GRI-SF-14.23.3_201-4-a-v;GRI-SF-14.23.3_201-4-a-vi;GRI-SF-14.23.3_201-4-a-vii;GRI-SF-14.23.3_201-4-a-viii
GRI,GRI,SDS GRI controlled closed package 2026-05-22,"technical nodes with dimensions [country] examples: GRI 201-4.a, GRI 201-4.a.i, GRI 201-4.a.ii, GRI 201-4.a.iii, GRI 201-4.a.iv, GRI 201-4.a.v, GRI 201-4.a.vi, GRI 201-4.a.vii ...",36,36,country,1,36 x 1,,36,country,period; perimeter; entity; site; location; company master data,gri_full_controlled_closed_20260522T000000Z/sds_calculation_contract.json,technical-contract surface,GRI 201-4.a;GRI 201-4.a.i;GRI 201-4.a.ii;GRI 201-4.a.iii;GRI 201-4.a.iv;GRI 201-4.a.v;GRI 201-4.a.vi;GRI 201-4.a.vii;GRI 201-4.a.viii;GRI-SF-11.21.3_201-4-a;GRI-SF-11.21.3_201-4-a-i;GRI-SF-11.21.3_201-4-a-ii;GRI-SF-11.21.3_201-4-a-iii;GRI-SF-11.21.3_201-4-a-iv;GRI-SF-11.21.3_201-4-a-v;GRI-SF-11.21.3_201-4-a-vi;GRI-SF-11.21.3_201-4-a-vii;GRI-SF-11.21.3_201-4-a-viii;GRI-SF-12.21.3_201-4-a;GRI-SF-12.21.3_201-4-a-i;GRI-SF-12.21.3_201-4-a-ii;GRI-SF-12.21.3_201-4-a-iii;GRI-SF-12.21.3_201-4-a-iv;GRI-SF-12.21.3_201-4-a-v;GRI-SF-12.21.3_201-4-a-vi;GRI-SF-12.21.3_201-4-a-vii;GRI-SF-12.21.3_201-4-a-viii;GRI-SF-14.23.3_201-4-a;GRI-SF-14.23.3_201-4-a-i;GRI-SF-14.23.3_201-4-a-ii;GRI-SF-14.23.3_201-4-a-iii;GRI-SF-14.23.3_201-4-a-iv;GRI-SF-14.23.3_201-4-a-v;GRI-SF-14.23.3_201-4-a-vi;GRI-SF-14.23.3_201-4-a-vii;GRI-SF-14.23.3_201-4-a-viii
GRI,GRI,SDS GRI controlled closed package 2026-05-22,reportable nodes with dimensions [country; recipient_beneficiary] examples: GRI 415-1.a,1,1,country; recipient_beneficiary,1; 1,1 x 1 x 1,1,,country; recipient_beneficiary,period; perimeter; entity; site; location; company master data,gri_full_controlled_closed_20260522T000000Z/sds_calculation_contract.json,,GRI 415-1.a
GRI,GRI,SDS GRI controlled closed package 2026-05-22,technical nodes with dimensions [country; recipient_beneficiary] examples: GRI 415-1.a,1,1,country; recipient_beneficiary,1; 1,1 x 1 x 1,,1,country; recipient_beneficiary,period; perimeter; entity; site; location; company master data,gri_full_controlled_closed_20260522T000000Z/sds_calculation_contract.json,technical-contract surface,GRI 415-1.a
GRI,GRI,SDS GRI controlled closed package 2026-05-22,"reportable nodes with dimensions [employee_category] examples: GRI-SF-11.10.6_404-1-a-ii, GRI-SF-11.11.4_404-1-a-ii, GRI-SF-12.15.6_404-1-a-ii, GRI-SF-12.19.5_404-1-a-ii, GRI-SF-14.17.7_404-1-a-ii, GRI-SF-14.21.4_404-1-a-ii, GRI 404-1.a.ii",7,7,employee_category,1,7 x 1,7,,employee_category,period; perimeter; entity; site; location; company master data,gri_full_controlled_closed_20260522T000000Z/sds_calculation_contract.json,,GRI-SF-11.10.6_404-1-a-ii;GRI-SF-11.11.4_404-1-a-ii;GRI-SF-12.15.6_404-1-a-ii;GRI-SF-12.19.5_404-1-a-ii;GRI-SF-14.17.7_404-1-a-ii;GRI-SF-14.21.4_404-1-a-ii;GRI 404-1.a.ii
GRI,GRI,SDS GRI controlled closed package 2026-05-22,"technical nodes with dimensions [employee_category] examples: GRI-SF-11.10.6_404-1-a-ii, GRI-SF-11.11.4_404-1-a-ii, GRI-SF-12.15.6_404-1-a-ii, GRI-SF-12.19.5_404-1-a-ii, GRI-SF-14.17.7_404-1-a-ii, GRI-SF-14.21.4_404-1-a-ii, GRI 404-1.a.ii",7,7,employee_category,1,7 x 1,,7,employee_category,period; perimeter; entity; site; location; company master data,gri_full_controlled_closed_20260522T000000Z/sds_calculation_contract.json,technical-contract surface,GRI-SF-11.10.6_404-1-a-ii;GRI-SF-11.11.4_404-1-a-ii;GRI-SF-12.15.6_404-1-a-ii;GRI-SF-12.19.5_404-1-a-ii;GRI-SF-14.17.7_404-1-a-ii;GRI-SF-14.21.4_404-1-a-ii;GRI 404-1.a.ii
GRI,GRI,SDS GRI controlled closed package 2026-05-22,"reportable nodes with dimensions [employee_category; age_group] examples: GRI-SF-11.11.5_405-1-b-ii, GRI-SF-12.19.6_405-1-b-ii, GRI-SF-13.15.2_405-1-b-ii, GRI-SF-14.21.5_405-1-b-ii, GRI 405-1.b.ii",5,5,employee_category; age_group,1; 3,5 x 1 x 3,15,,employee_category,period; perimeter; entity; site; location; company master data,gri_full_controlled_closed_20260522T000000Z/sds_calculation_contract.json,,GRI-SF-11.11.5_405-1-b-ii;GRI-SF-12.19.6_405-1-b-ii;GRI-SF-13.15.2_405-1-b-ii;GRI-SF-14.21.5_405-1-b-ii;GRI 405-1.b.ii
GRI,GRI,SDS GRI controlled closed package 2026-05-22,"technical nodes with dimensions [employee_category; age_group] examples: GRI-SF-11.11.5_405-1-b-ii, GRI-SF-12.19.6_405-1-b-ii, GRI-SF-13.15.2_405-1-b-ii, GRI-SF-14.21.5_405-1-b-ii, GRI 405-1.b.ii",5,5,employee_category; age_group,1; 3,5 x 1 x 3,,15,employee_category,period; perimeter; entity; site; location; company master data,gri_full_controlled_closed_20260522T000000Z/sds_calculation_contract.json,technical-contract surface,GRI-SF-11.11.5_405-1-b-ii;GRI-SF-12.19.6_405-1-b-ii;GRI-SF-13.15.2_405-1-b-ii;GRI-SF-14.21.5_405-1-b-ii;GRI 405-1.b.ii
GRI,GRI,SDS GRI controlled closed package 2026-05-22,"reportable nodes with dimensions [employee_category; gender] examples: GRI-SF-11.11.5_405-1-b-i, GRI-SF-12.19.6_405-1-b-i, GRI-SF-13.15.2_405-1-b-i, GRI-SF-14.21.5_405-1-b-i, GRI 405-1.b.i",5,5,employee_category; gender,1; 4,5 x 1 x 4,20,,employee_category,period; perimeter; entity; site; location; company master data,gri_full_controlled_closed_20260522T000000Z/sds_calculation_contract.json,,GRI-SF-11.11.5_405-1-b-i;GRI-SF-12.19.6_405-1-b-i;GRI-SF-13.15.2_405-1-b-i;GRI-SF-14.21.5_405-1-b-i;GRI 405-1.b.i
GRI,GRI,SDS GRI controlled closed package 2026-05-22,"technical nodes with dimensions [employee_category; gender] examples: GRI-SF-11.11.5_405-1-b-i, GRI-SF-12.19.6_405-1-b-i, GRI-SF-13.15.2_405-1-b-i, GRI-SF-14.21.5_405-1-b-i, GRI 405-1.b.i",5,5,employee_category; gender,1; 4,5 x 1 x 4,,20,employee_category,period; perimeter; entity; site; location; company master data,gri_full_controlled_closed_20260522T000000Z/sds_calculation_contract.json,technical-contract surface,GRI-SF-11.11.5_405-1-b-i;GRI-SF-12.19.6_405-1-b-i;GRI-SF-13.15.2_405-1-b-i;GRI-SF-14.21.5_405-1-b-i;GRI 405-1.b.i
GRI,GRI,SDS GRI controlled closed package 2026-05-22,"reportable nodes with dimensions [employee_category; geographical_area] examples: GRI 205-2.b.total_number_communicated, GRI 205-2.b.percentage_communicated, GRI 205-2.e.total_number_trained, GRI 205-2.e.percentage_trained",4,4,employee_category; geographical_area,1; 1,4 x 1 x 1,4,,employee_category; geographical_area,period; perimeter; entity; site; location; company master data,gri_full_controlled_closed_20260522T000000Z/sds_calculation_contract.json,,GRI 205-2.b.total_number_communicated;GRI 205-2.b.percentage_communicated;GRI 205-2.e.total_number_trained;GRI 205-2.e.percentage_trained
GRI,GRI,SDS GRI controlled closed package 2026-05-22,"technical nodes with dimensions [employee_category; geographical_area] examples: GRI 205-2.b.total_number_communicated, GRI 205-2.b.percentage_communicated, GRI 205-2.e.total_number_trained, GRI 205-2.e.percentage_trained",4,4,employee_category; geographical_area,1; 1,4 x 1 x 1,,4,employee_category; geographical_area,period; perimeter; entity; site; location; company master data,gri_full_controlled_closed_20260522T000000Z/sds_calculation_contract.json,technical-contract surface,GRI 205-2.b.total_number_communicated;GRI 205-2.b.percentage_communicated;GRI 205-2.e.total_number_trained;GRI 205-2.e.percentage_trained
GRI,GRI,SDS GRI controlled closed package 2026-05-22,"reportable nodes with dimensions [employee_category; other_diversity_indicator] examples: GRI-SF-11.11.5_405-1-b-iii, GRI-SF-12.19.6_405-1-b-iii, GRI-SF-13.15.2_405-1-b-iii, GRI-SF-14.21.5_405-1-b-iii, GRI 405-1.b.iii",5,5,employee_category; other_diversity_indicator,1; 1,5 x 1 x 1,5,,employee_category; other_diversity_indicator,period; perimeter; entity; site; location; company master data,gri_full_controlled_closed_20260522T000000Z/sds_calculation_contract.json,,GRI-SF-11.11.5_405-1-b-iii;GRI-SF-12.19.6_405-1-b-iii;GRI-SF-13.15.2_405-1-b-iii;GRI-SF-14.21.5_405-1-b-iii;GRI 405-1.b.iii
GRI,GRI,SDS GRI controlled closed package 2026-05-22,"technical nodes with dimensions [employee_category; other_diversity_indicator] examples: GRI-SF-11.11.5_405-1-b-iii, GRI-SF-12.19.6_405-1-b-iii, GRI-SF-13.15.2_405-1-b-iii, GRI-SF-14.21.5_405-1-b-iii, GRI 405-1.b.iii",5,5,employee_category; other_diversity_indicator,1; 1,5 x 1 x 1,,5,employee_category; other_diversity_indicator,period; perimeter; entity; site; location; company master data,gri_full_controlled_closed_20260522T000000Z/sds_calculation_contract.json,technical-contract surface,GRI-SF-11.11.5_405-1-b-iii;GRI-SF-12.19.6_405-1-b-iii;GRI-SF-13.15.2_405-1-b-iii;GRI-SF-14.21.5_405-1-b-iii;GRI 405-1.b.iii
GRI,GRI,SDS GRI controlled closed package 2026-05-22,"reportable nodes with dimensions [employee_category; significant_location_of_operation] examples: GRI-SF-11.11.6_405-2-a-basic_salary_ratio, GRI-SF-11.11.6_405-2-a-remuneration_ratio, GRI-SF-12.19.7_405-2-a, GRI-SF-13.15.3_405-2-a, GRI-SF-14.21.6_405-2-a, GRI 405-2.a.basic_salary_ratio, GRI 405-2.a.remuneration_ratio",7,7,employee_category; significant_location_of_operation,1; 1,7 x 1 x 1,7,,employee_category; significant_location_of_operation,period; perimeter; entity; site; location; company master data,gri_full_controlled_closed_20260522T000000Z/sds_calculation_contract.json,,GRI-SF-11.11.6_405-2-a-basic_salary_ratio;GRI-SF-11.11.6_405-2-a-remuneration_ratio;GRI-SF-12.19.7_405-2-a;GRI-SF-13.15.3_405-2-a;GRI-SF-14.21.6_405-2-a;GRI 405-2.a.basic_salary_ratio;GRI 405-2.a.remuneration_ratio
GRI,GRI,SDS GRI controlled closed package 2026-05-22,"technical nodes with dimensions [employee_category; significant_location_of_operation] examples: GRI-SF-11.11.6_405-2-a-basic_salary_ratio, GRI-SF-11.11.6_405-2-a-remuneration_ratio, GRI-SF-12.19.7_405-2-a, GRI-SF-13.15.3_405-2-a, GRI-SF-14.21.6_405-2-a, GRI 405-2.a.basic_salary_ratio, GRI 405-2.a.remuneration_ratio",7,7,employee_category; significant_location_of_operation,1; 1,7 x 1 x 1,,7,employee_category; significant_location_of_operation,period; perimeter; entity; site; location; company master data,gri_full_controlled_closed_20260522T000000Z/sds_calculation_contract.json,technical-contract surface,GRI-SF-11.11.6_405-2-a-basic_salary_ratio;GRI-SF-11.11.6_405-2-a-remuneration_ratio;GRI-SF-12.19.7_405-2-a;GRI-SF-13.15.3_405-2-a;GRI-SF-14.21.6_405-2-a;GRI 405-2.a.basic_salary_ratio;GRI 405-2.a.remuneration_ratio
GRI,GRI,SDS GRI controlled closed package 2026-05-22,"reportable nodes with dimensions [employee_count_method; employee_count_period_basis] examples: GRI 2-7.a, GRI 2-7.b.i, GRI 2-7.b.ii, GRI 2-7.b.iii, GRI 2-7.b.iv, GRI 2-7.b.v",6,6,employee_count_method; employee_count_period_basis,3; 3,6 x 3 x 3,54,,,period; perimeter; entity; site; location; company master data,gri_full_controlled_closed_20260522T000000Z/sds_calculation_contract.json,,GRI 2-7.a;GRI 2-7.b.i;GRI 2-7.b.ii;GRI 2-7.b.iii;GRI 2-7.b.iv;GRI 2-7.b.v
GRI,GRI,SDS GRI controlled closed package 2026-05-22,"technical nodes with dimensions [employee_count_method; employee_count_period_basis] examples: GRI 2-7.a, GRI 2-7.b.i, GRI 2-7.b.ii, GRI 2-7.b.iii, GRI 2-7.b.iv, GRI 2-7.b.v",6,6,employee_count_method; employee_count_period_basis,3; 3,6 x 3 x 3,,54,,period; perimeter; entity; site; location; company master data,gri_full_controlled_closed_20260522T000000Z/sds_calculation_contract.json,technical-contract surface,GRI 2-7.a;GRI 2-7.b.i;GRI 2-7.b.ii;GRI 2-7.b.iii;GRI 2-7.b.iv;GRI 2-7.b.v
GRI,GRI,SDS GRI controlled closed package 2026-05-22,reportable nodes with dimensions [energy_intensity_denominator] examples: GRI_302_3_a_energy_intensity_ratio,1,1,energy_intensity_denominator,1,1 x 1,1,,energy_intensity_denominator,period; perimeter; entity; site; location; company master data,gri_full_controlled_closed_20260522T000000Z/sds_calculation_contract.json,,GRI_302_3_a_energy_intensity_ratio
GRI,GRI,SDS GRI controlled closed package 2026-05-22,technical nodes with dimensions [energy_intensity_denominator] examples: GRI_302_3_a_energy_intensity_ratio,1,1,energy_intensity_denominator,1,1 x 1,,1,energy_intensity_denominator,period; perimeter; entity; site; location; company master data,gri_full_controlled_closed_20260522T000000Z/sds_calculation_contract.json,technical-contract surface,GRI_302_3_a_energy_intensity_ratio
GRI,GRI,SDS GRI controlled closed package 2026-05-22,"reportable nodes with dimensions [evgd_reporting_level] examples: GRI 201-1.a.i, GRI 201-1.a.ii, GRI 201-1.a.iii",3,3,evgd_reporting_level,4,3 x 4,12,,,period; perimeter; entity; site; location; company master data,gri_full_controlled_closed_20260522T000000Z/sds_calculation_contract.json,,GRI 201-1.a.i;GRI 201-1.a.ii;GRI 201-1.a.iii
GRI,GRI,SDS GRI controlled closed package 2026-05-22,"reportable nodes with dimensions [evgd_reporting_level] examples: GRI 201-1.a.ii.operating_costs, GRI 201-1.a.ii.employee_wages_and_benefits, GRI 201-1.a.ii.payments_to_providers_of_capital, GRI 201-1.a.ii.payments_to_governments, GRI 201-1.a.ii.community_investments",5,5,evgd_reporting_level,4,5 x 4,20,,,period; perimeter; entity; site; location; company master data,gri_full_controlled_closed_20260522T000000Z/sds_calculation_contract.json,economic_value_distributed_component=fixed,GRI 201-1.a.ii.operating_costs;GRI 201-1.a.ii.employee_wages_and_benefits;GRI 201-1.a.ii.payments_to_providers_of_capital;GRI 201-1.a.ii.payments_to_governments;GRI 201-1.a.ii.community_investments
GRI,GRI,SDS GRI controlled closed package 2026-05-22,"technical nodes with dimensions [evgd_reporting_level] examples: GRI 201-1.a.i, GRI 201-1.a.ii, GRI 201-1.a.iii",3,3,evgd_reporting_level,4,3 x 4,,12,,period; perimeter; entity; site; location; company master data,gri_full_controlled_closed_20260522T000000Z/sds_calculation_contract.json,technical-contract surface,GRI 201-1.a.i;GRI 201-1.a.ii;GRI 201-1.a.iii
GRI,GRI,SDS GRI controlled closed package 2026-05-22,"technical nodes with dimensions [evgd_reporting_level] examples: GRI 201-1.a.ii.operating_costs, GRI 201-1.a.ii.employee_wages_and_benefits, GRI 201-1.a.ii.payments_to_providers_of_capital, GRI 201-1.a.ii.payments_to_governments, GRI 201-1.a.ii.community_investments",5,5,evgd_reporting_level,4,5 x 4,,20,,period; perimeter; entity; site; location; company master data,gri_full_controlled_closed_20260522T000000Z/sds_calculation_contract.json,technical-contract surface; economic_value_distributed_component=fixed,GRI 201-1.a.ii.operating_costs;GRI 201-1.a.ii.employee_wages_and_benefits;GRI 201-1.a.ii.payments_to_providers_of_capital;GRI 201-1.a.ii.payments_to_governments;GRI 201-1.a.ii.community_investments
GRI,GRI,SDS GRI controlled closed package 2026-05-22,"reportable nodes with dimensions [extinction_risk_level] examples: GRI-SF-11.4.5_304-4-a-i, GRI-SF-11.4.5_304-4-a-ii, GRI-SF-11.4.5_304-4-a-iii, GRI-SF-11.4.5_304-4-a-iv, GRI-SF-11.4.5_304-4-a-v, GRI-SF-12.5.5_304-4-a-i, GRI-SF-12.5.5_304-4-a-ii, GRI-SF-12.5.5_304-4-a-iii ...",15,15,extinction_risk_level,1,15 x 1,15,,,period; perimeter; entity; site; location; company master data,gri_full_controlled_closed_20260522T000000Z/sds_calculation_contract.json,,GRI-SF-11.4.5_304-4-a-i;GRI-SF-11.4.5_304-4-a-ii;GRI-SF-11.4.5_304-4-a-iii;GRI-SF-11.4.5_304-4-a-iv;GRI-SF-11.4.5_304-4-a-v;GRI-SF-12.5.5_304-4-a-i;GRI-SF-12.5.5_304-4-a-ii;GRI-SF-12.5.5_304-4-a-iii;GRI-SF-12.5.5_304-4-a-iv;GRI-SF-12.5.5_304-4-a-v;GRI-SF-13.3.5_304-4-a-i;GRI-SF-13.3.5_304-4-a-ii;GRI-SF-13.3.5_304-4-a-iii;GRI-SF-13.3.5_304-4-a-iv;GRI-SF-13.3.5_304-4-a-v
GRI,GRI,SDS GRI controlled closed package 2026-05-22,"technical nodes with dimensions [extinction_risk_level] examples: GRI-SF-11.4.5_304-4-a-i, GRI-SF-11.4.5_304-4-a-ii, GRI-SF-11.4.5_304-4-a-iii, GRI-SF-11.4.5_304-4-a-iv, GRI-SF-11.4.5_304-4-a-v, GRI-SF-12.5.5_304-4-a-i, GRI-SF-12.5.5_304-4-a-ii, GRI-SF-12.5.5_304-4-a-iii ...",15,15,extinction_risk_level,1,15 x 1,,15,,period; perimeter; entity; site; location; company master data,gri_full_controlled_closed_20260522T000000Z/sds_calculation_contract.json,technical-contract surface,GRI-SF-11.4.5_304-4-a-i;GRI-SF-11.4.5_304-4-a-ii;GRI-SF-11.4.5_304-4-a-iii;GRI-SF-11.4.5_304-4-a-iv;GRI-SF-11.4.5_304-4-a-v;GRI-SF-12.5.5_304-4-a-i;GRI-SF-12.5.5_304-4-a-ii;GRI-SF-12.5.5_304-4-a-iii;GRI-SF-12.5.5_304-4-a-iv;GRI-SF-12.5.5_304-4-a-v;GRI-SF-13.3.5_304-4-a-i;GRI-SF-13.3.5_304-4-a-ii;GRI-SF-13.3.5_304-4-a-iii;GRI-SF-13.3.5_304-4-a-iv;GRI-SF-13.3.5_304-4-a-v
GRI,GRI,SDS GRI controlled closed package 2026-05-22,"reportable nodes with dimensions [gender] examples: GRI-SF-11.10.6_404-1-a-i, GRI-SF-11.11.4_404-1-a-i, GRI-SF-11.11.5_405-1-a-i, GRI-SF-12.15.6_404-1-a-i, GRI-SF-12.19.5_404-1-a-i, GRI-SF-12.19.6_405-1-a-i, GRI-SF-13.15.2_405-1-a-i, GRI-SF-14.17.7_404-1-a-i ...",18,18,gender,4,18 x 4,72,,,period; perimeter; entity; site; location; company master data,gri_full_controlled_closed_20260522T000000Z/sds_calculation_contract.json,,GRI-SF-11.10.6_404-1-a-i;GRI-SF-11.11.4_404-1-a-i;GRI-SF-11.11.5_405-1-a-i;GRI-SF-12.15.6_404-1-a-i;GRI-SF-12.19.5_404-1-a-i;GRI-SF-12.19.6_405-1-a-i;GRI-SF-13.15.2_405-1-a-i;GRI-SF-14.17.7_404-1-a-i;GRI-SF-14.21.4_404-1-a-i;GRI-SF-14.21.5_405-1-a-i;GRI 401-3.a;GRI 401-3.b;GRI 401-3.c;GRI 401-3.d;GRI 401-3.e.return_to_work_rate;GRI 401-3.e.retention_rate;GRI 404-1.a.i;GRI 405-1.a.i
GRI,GRI,SDS GRI controlled closed package 2026-05-22,"technical nodes with dimensions [gender] examples: GRI-SF-11.10.6_404-1-a-i, GRI-SF-11.11.4_404-1-a-i, GRI-SF-11.11.5_405-1-a-i, GRI-SF-12.15.6_404-1-a-i, GRI-SF-12.19.5_404-1-a-i, GRI-SF-12.19.6_405-1-a-i, GRI-SF-13.15.2_405-1-a-i, GRI-SF-14.17.7_404-1-a-i ...",18,18,gender,4,18 x 4,,72,,period; perimeter; entity; site; location; company master data,gri_full_controlled_closed_20260522T000000Z/sds_calculation_contract.json,technical-contract surface,GRI-SF-11.10.6_404-1-a-i;GRI-SF-11.11.4_404-1-a-i;GRI-SF-11.11.5_405-1-a-i;GRI-SF-12.15.6_404-1-a-i;GRI-SF-12.19.5_404-1-a-i;GRI-SF-12.19.6_405-1-a-i;GRI-SF-13.15.2_405-1-a-i;GRI-SF-14.17.7_404-1-a-i;GRI-SF-14.21.4_404-1-a-i;GRI-SF-14.21.5_405-1-a-i;GRI 401-3.a;GRI 401-3.b;GRI 401-3.c;GRI 401-3.d;GRI 401-3.e.return_to_work_rate;GRI 401-3.e.retention_rate;GRI 404-1.a.i;GRI 405-1.a.i
GRI,GRI,SDS GRI controlled closed package 2026-05-22,reportable nodes with dimensions [gender; employee_category] examples: GRI 404-3.a,1,1,gender; employee_category,4; 1,1 x 4 x 1,4,,employee_category,period; perimeter; entity; site; location; company master data,gri_full_controlled_closed_20260522T000000Z/sds_calculation_contract.json,,GRI 404-3.a
GRI,GRI,SDS GRI controlled closed package 2026-05-22,technical nodes with dimensions [gender; employee_category] examples: GRI 404-3.a,1,1,gender; employee_category,4; 1,1 x 4 x 1,,4,employee_category,period; perimeter; entity; site; location; company master data,gri_full_controlled_closed_20260522T000000Z/sds_calculation_contract.json,technical-contract surface,GRI 404-3.a
GRI,GRI,SDS GRI controlled closed package 2026-05-22,"reportable nodes with dimensions [gender; employee_count_method; employee_count_period_basis] examples: GRI_2_7_a_by_gender, GRI_2_7_b_i_by_gender, GRI_2_7_b_ii_by_gender, GRI_2_7_b_iii_by_gender, GRI_2_7_b_iv_by_gender, GRI_2_7_b_v_by_gender",6,6,gender; employee_count_method; employee_count_period_basis,4; 3; 3,6 x 4 x 3 x 3,216,,,period; perimeter; entity; site; location; company master data,gri_full_controlled_closed_20260522T000000Z/sds_calculation_contract.json,,GRI_2_7_a_by_gender;GRI_2_7_b_i_by_gender;GRI_2_7_b_ii_by_gender;GRI_2_7_b_iii_by_gender;GRI_2_7_b_iv_by_gender;GRI_2_7_b_v_by_gender
GRI,GRI,SDS GRI controlled closed package 2026-05-22,"technical nodes with dimensions [gender; employee_count_method; employee_count_period_basis] examples: GRI_2_7_a_by_gender, GRI_2_7_b_i_by_gender, GRI_2_7_b_ii_by_gender, GRI_2_7_b_iii_by_gender, GRI_2_7_b_iv_by_gender, GRI_2_7_b_v_by_gender",6,6,gender; employee_count_method; employee_count_period_basis,4; 3; 3,6 x 4 x 3 x 3,,216,,period; perimeter; entity; site; location; company master data,gri_full_controlled_closed_20260522T000000Z/sds_calculation_contract.json,technical-contract surface,GRI_2_7_a_by_gender;GRI_2_7_b_i_by_gender;GRI_2_7_b_ii_by_gender;GRI_2_7_b_iii_by_gender;GRI_2_7_b_iv_by_gender;GRI_2_7_b_v_by_gender
GRI,GRI,SDS GRI controlled closed package 2026-05-22,"reportable nodes with dimensions [gender; significant_location_of_operation] examples: GRI-SF-12.19.2_202-1-a, GRI-SF-12.19.2_202-1-c, GRI-SF-12.8.3_202-2-a, GRI-SF-12.8.3_202-2-c, GRI-SF-14.17.2_202-1-a, GRI-SF-14.17.2_202-1-c",6,6,gender; significant_location_of_operation,1; 1,6 x 1 x 1,6,,gender; significant_location_of_operation,period; perimeter; entity; site; location; company master data,gri_full_controlled_closed_20260522T000000Z/sds_calculation_contract.json,,GRI-SF-12.19.2_202-1-a;GRI-SF-12.19.2_202-1-c;GRI-SF-12.8.3_202-2-a;GRI-SF-12.8.3_202-2-c;GRI-SF-14.17.2_202-1-a;GRI-SF-14.17.2_202-1-c
GRI,GRI,SDS GRI controlled closed package 2026-05-22,"technical nodes with dimensions [gender; significant_location_of_operation] examples: GRI-SF-12.19.2_202-1-a, GRI-SF-12.19.2_202-1-c, GRI-SF-12.8.3_202-2-a, GRI-SF-12.8.3_202-2-c, GRI-SF-14.17.2_202-1-a, GRI-SF-14.17.2_202-1-c",6,6,gender; significant_location_of_operation,1; 1,6 x 1 x 1,,6,gender; significant_location_of_operation,period; perimeter; entity; site; location; company master data,gri_full_controlled_closed_20260522T000000Z/sds_calculation_contract.json,technical-contract surface,GRI-SF-12.19.2_202-1-a;GRI-SF-12.19.2_202-1-c;GRI-SF-12.8.3_202-2-a;GRI-SF-12.8.3_202-2-c;GRI-SF-14.17.2_202-1-a;GRI-SF-14.17.2_202-1-c
GRI,GRI,SDS GRI controlled closed package 2026-05-22,"reportable nodes with dimensions [gender; significant_location_of_operation] examples: GRI 202-1.a, GRI 202-1.c",2,2,gender; significant_location_of_operation,4; 1,2 x 4 x 1,8,,significant_location_of_operation,period; perimeter; entity; site; location; company master data,gri_full_controlled_closed_20260522T000000Z/sds_calculation_contract.json,,GRI 202-1.a;GRI 202-1.c
GRI,GRI,SDS GRI controlled closed package 2026-05-22,"technical nodes with dimensions [gender; significant_location_of_operation] examples: GRI 202-1.a, GRI 202-1.c",2,2,gender; significant_location_of_operation,4; 1,2 x 4 x 1,,8,significant_location_of_operation,period; perimeter; entity; site; location; company master data,gri_full_controlled_closed_20260522T000000Z/sds_calculation_contract.json,technical-contract surface,GRI 202-1.a;GRI 202-1.c
GRI,GRI,SDS GRI controlled closed package 2026-05-22,"reportable nodes with dimensions [geographical_area] examples: GRI 205-2.a.total_number_communicated, GRI 205-2.a.percentage_communicated, GRI 205-2.d.total_number_trained, GRI 205-2.d.percentage_trained",4,4,geographical_area,1,4 x 1,4,,geographical_area,period; perimeter; entity; site; location; company master data,gri_full_controlled_closed_20260522T000000Z/sds_calculation_contract.json,,GRI 205-2.a.total_number_communicated;GRI 205-2.a.percentage_communicated;GRI 205-2.d.total_number_trained;GRI 205-2.d.percentage_trained
GRI,GRI,SDS GRI controlled closed package 2026-05-22,"technical nodes with dimensions [geographical_area] examples: GRI 205-2.a.total_number_communicated, GRI 205-2.a.percentage_communicated, GRI 205-2.d.total_number_trained, GRI 205-2.d.percentage_trained",4,4,geographical_area,1,4 x 1,,4,geographical_area,period; perimeter; entity; site; location; company master data,gri_full_controlled_closed_20260522T000000Z/sds_calculation_contract.json,technical-contract surface,GRI 205-2.a.total_number_communicated;GRI 205-2.a.percentage_communicated;GRI 205-2.d.total_number_trained;GRI 205-2.d.percentage_trained
GRI,GRI,SDS GRI controlled closed package 2026-05-22,"reportable nodes with dimensions [geographical_area; employee_count_method; employee_count_period_basis] examples: GRI_2_7_a_by_region, GRI_2_7_b_i_by_region, GRI_2_7_b_ii_by_region, GRI_2_7_b_iii_by_region, GRI_2_7_b_iv_by_region, GRI_2_7_b_v_by_region",6,6,geographical_area; employee_count_method; employee_count_period_basis,1; 3; 3,6 x 1 x 3 x 3,54,,geographical_area,period; perimeter; entity; site; location; company master data,gri_full_controlled_closed_20260522T000000Z/sds_calculation_contract.json,,GRI_2_7_a_by_region;GRI_2_7_b_i_by_region;GRI_2_7_b_ii_by_region;GRI_2_7_b_iii_by_region;GRI_2_7_b_iv_by_region;GRI_2_7_b_v_by_region
GRI,GRI,SDS GRI controlled closed package 2026-05-22,"technical nodes with dimensions [geographical_area; employee_count_method; employee_count_period_basis] examples: GRI_2_7_a_by_region, GRI_2_7_b_i_by_region, GRI_2_7_b_ii_by_region, GRI_2_7_b_iii_by_region, GRI_2_7_b_iv_by_region, GRI_2_7_b_v_by_region",6,6,geographical_area; employee_count_method; employee_count_period_basis,1; 3; 3,6 x 1 x 3 x 3,,54,geographical_area,period; perimeter; entity; site; location; company master data,gri_full_controlled_closed_20260522T000000Z/sds_calculation_contract.json,technical-contract surface,GRI_2_7_a_by_region;GRI_2_7_b_i_by_region;GRI_2_7_b_ii_by_region;GRI_2_7_b_iii_by_region;GRI_2_7_b_iv_by_region;GRI_2_7_b_v_by_region
GRI,GRI,SDS GRI controlled closed package 2026-05-22,reportable nodes with dimensions [ghg_gas] examples: GRI 305-3.b,1,1,ghg_gas,7,1 x 7,7,,,period; perimeter; entity; site; location; company master data,gri_full_controlled_closed_20260522T000000Z/sds_calculation_contract.json,ghg_scope=fixed,GRI 305-3.b
GRI,GRI,SDS GRI controlled closed package 2026-05-22,"reportable nodes with dimensions [ghg_gas] examples: GRI-SF-11.1.8_305-4-d, GRI-SF-11.2.3_305-5-b, GRI-SF-12.1.5_305-1-b, GRI-SF-12.1.6_305-2-c, GRI-SF-12.1.7_305-3-b, GRI-SF-12.1.8_305-4-d, GRI-SF-12.2.3_305-5-b, GRI-SF-13.1.2_305-1-b ...",17,17,ghg_gas,7,17 x 7,119,,,period; perimeter; entity; site; location; company master data,gri_full_controlled_closed_20260522T000000Z/sds_calculation_contract.json,,GRI-SF-11.1.8_305-4-d;GRI-SF-11.2.3_305-5-b;GRI-SF-12.1.5_305-1-b;GRI-SF-12.1.6_305-2-c;GRI-SF-12.1.7_305-3-b;GRI-SF-12.1.8_305-4-d;GRI-SF-12.2.3_305-5-b;GRI-SF-13.1.2_305-1-b;GRI-SF-13.1.3_305-2-c;GRI-SF-13.1.4_305-3-b;GRI-SF-13.1.5_305-4-d;GRI-SF-13.1.6_305-5-b;GRI-SF-14.1.5_305-1-b;GRI-SF-14.1.6_305-2- c;GRI-SF-14.1.7_305-3-b;GRI-SF-14.1.8_305-4-d;GRI-SF-14.1.9_305-5-b
GRI,GRI,SDS GRI controlled closed package 2026-05-22,technical nodes with dimensions [ghg_gas] examples: GRI 305-3.b,1,1,ghg_gas,7,1 x 7,,7,,period; perimeter; entity; site; location; company master data,gri_full_controlled_closed_20260522T000000Z/sds_calculation_contract.json,technical-contract surface; ghg_scope=fixed,GRI 305-3.b
GRI,GRI,SDS GRI controlled closed package 2026-05-22,"technical nodes with dimensions [ghg_gas] examples: GRI-SF-11.1.8_305-4-d, GRI-SF-11.2.3_305-5-b, GRI-SF-12.1.5_305-1-b, GRI-SF-12.1.6_305-2-c, GRI-SF-12.1.7_305-3-b, GRI-SF-12.1.8_305-4-d, GRI-SF-12.2.3_305-5-b, GRI-SF-13.1.2_305-1-b ...",17,17,ghg_gas,7,17 x 7,,119,,period; perimeter; entity; site; location; company master data,gri_full_controlled_closed_20260522T000000Z/sds_calculation_contract.json,technical-contract surface,GRI-SF-11.1.8_305-4-d;GRI-SF-11.2.3_305-5-b;GRI-SF-12.1.5_305-1-b;GRI-SF-12.1.6_305-2-c;GRI-SF-12.1.7_305-3-b;GRI-SF-12.1.8_305-4-d;GRI-SF-12.2.3_305-5-b;GRI-SF-13.1.2_305-1-b;GRI-SF-13.1.3_305-2-c;GRI-SF-13.1.4_305-3-b;GRI-SF-13.1.5_305-4-d;GRI-SF-13.1.6_305-5-b;GRI-SF-14.1.5_305-1-b;GRI-SF-14.1.6_305-2- c;GRI-SF-14.1.7_305-3-b;GRI-SF-14.1.8_305-4-d;GRI-SF-14.1.9_305-5-b
GRI,GRI,SDS GRI controlled closed package 2026-05-22,"reportable nodes with dimensions [ghg_gas_species] examples: GRI-SF-11.1.5_305-1-b, GRI-SF-11.1.6_305-2-c, GRI-SF-11.1.7_305-3-b",3,3,ghg_gas_species,7,3 x 7,21,,,period; perimeter; entity; site; location; company master data,gri_full_controlled_closed_20260522T000000Z/sds_calculation_contract.json,,GRI-SF-11.1.5_305-1-b;GRI-SF-11.1.6_305-2-c;GRI-SF-11.1.7_305-3-b
GRI,GRI,SDS GRI controlled closed package 2026-05-22,"technical nodes with dimensions [ghg_gas_species] examples: GRI-SF-11.1.5_305-1-b, GRI-SF-11.1.6_305-2-c, GRI-SF-11.1.7_305-3-b",3,3,ghg_gas_species,7,3 x 7,,21,,period; perimeter; entity; site; location; company master data,gri_full_controlled_closed_20260522T000000Z/sds_calculation_contract.json,technical-contract surface,GRI-SF-11.1.5_305-1-b;GRI-SF-11.1.6_305-2-c;GRI-SF-11.1.7_305-3-b
GRI,GRI,SDS GRI controlled closed package 2026-05-22,"reportable nodes with dimensions [ghg_intensity_denominator] examples: gri_305_4_b_denominator_value_scope1, gri_305_4_b_denominator_value_scope3",2,2,ghg_intensity_denominator,1,2 x 1,2,,ghg_intensity_denominator,period; perimeter; entity; site; location; company master data,gri_full_controlled_closed_20260522T000000Z/sds_calculation_contract.json,ghg_scope=fixed,gri_305_4_b_denominator_value_scope1;gri_305_4_b_denominator_value_scope3
GRI,GRI,SDS GRI controlled closed package 2026-05-22,"reportable nodes with dimensions [ghg_intensity_denominator] examples: gri_305_4_b_denominator_value_scope2_location_based, gri_305_4_b_denominator_value_scope2_market_based",2,2,ghg_intensity_denominator,1,2 x 1,2,,ghg_intensity_denominator,period; perimeter; entity; site; location; company master data,gri_full_controlled_closed_20260522T000000Z/sds_calculation_contract.json,ghg_scope=fixed; scope2_calculation_method=fixed,gri_305_4_b_denominator_value_scope2_location_based;gri_305_4_b_denominator_value_scope2_market_based
GRI,GRI,SDS GRI controlled closed package 2026-05-22,"technical nodes with dimensions [ghg_intensity_denominator] examples: gri_305_4_b_denominator_value_scope1, gri_305_4_b_denominator_value_scope3",2,2,ghg_intensity_denominator,1,2 x 1,,2,ghg_intensity_denominator,period; perimeter; entity; site; location; company master data,gri_full_controlled_closed_20260522T000000Z/sds_calculation_contract.json,technical-contract surface; ghg_scope=fixed,gri_305_4_b_denominator_value_scope1;gri_305_4_b_denominator_value_scope3
GRI,GRI,SDS GRI controlled closed package 2026-05-22,"technical nodes with dimensions [ghg_intensity_denominator] examples: gri_305_4_b_denominator_value_scope2_location_based, gri_305_4_b_denominator_value_scope2_market_based",2,2,ghg_intensity_denominator,1,2 x 1,,2,ghg_intensity_denominator,period; perimeter; entity; site; location; company master data,gri_full_controlled_closed_20260522T000000Z/sds_calculation_contract.json,technical-contract surface; ghg_scope=fixed; scope2_calculation_method=fixed,gri_305_4_b_denominator_value_scope2_location_based;gri_305_4_b_denominator_value_scope2_market_based
GRI,GRI,SDS GRI controlled closed package 2026-05-22,"reportable nodes with dimensions [ghg_intensity_denominator; business_unit_or_facility; country; source_type; activity_type] examples: gri_305_4_a_intensity_ratio_scope1, gri_305_4_a_intensity_ratio_scope3",2,2,ghg_intensity_denominator; business_unit_or_facility; country; source_type; activity_type,1; 1; 1; 1; 1,2 x 1 x 1 x 1 x 1 x 1,2,,ghg_intensity_denominator; business_unit_or_facility; country; source_type; activity_type,period; perimeter; entity; site; location; company master data,gri_full_controlled_closed_20260522T000000Z/sds_calculation_contract.json,ghg_scope=fixed,gri_305_4_a_intensity_ratio_scope1;gri_305_4_a_intensity_ratio_scope3
GRI,GRI,SDS GRI controlled closed package 2026-05-22,"reportable nodes with dimensions [ghg_intensity_denominator; business_unit_or_facility; country; source_type; activity_type] examples: gri_305_4_a_intensity_ratio_scope2_location_based, gri_305_4_a_intensity_ratio_scope2_market_based",2,2,ghg_intensity_denominator; business_unit_or_facility; country; source_type; activity_type,1; 1; 1; 1; 1,2 x 1 x 1 x 1 x 1 x 1,2,,ghg_intensity_denominator; business_unit_or_facility; country; source_type; activity_type,period; perimeter; entity; site; location; company master data,gri_full_controlled_closed_20260522T000000Z/sds_calculation_contract.json,ghg_scope=fixed; scope2_calculation_method=fixed,gri_305_4_a_intensity_ratio_scope2_location_based;gri_305_4_a_intensity_ratio_scope2_market_based
GRI,GRI,SDS GRI controlled closed package 2026-05-22,"technical nodes with dimensions [ghg_intensity_denominator; business_unit_or_facility; country; source_type; activity_type] examples: gri_305_4_a_intensity_ratio_scope1, gri_305_4_a_intensity_ratio_scope3",2,2,ghg_intensity_denominator; business_unit_or_facility; country; source_type; activity_type,1; 1; 1; 1; 1,2 x 1 x 1 x 1 x 1 x 1,,2,ghg_intensity_denominator; business_unit_or_facility; country; source_type; activity_type,period; perimeter; entity; site; location; company master data,gri_full_controlled_closed_20260522T000000Z/sds_calculation_contract.json,technical-contract surface; ghg_scope=fixed,gri_305_4_a_intensity_ratio_scope1;gri_305_4_a_intensity_ratio_scope3
GRI,GRI,SDS GRI controlled closed package 2026-05-22,"technical nodes with dimensions [ghg_intensity_denominator; business_unit_or_facility; country; source_type; activity_type] examples: gri_305_4_a_intensity_ratio_scope2_location_based, gri_305_4_a_intensity_ratio_scope2_market_based",2,2,ghg_intensity_denominator; business_unit_or_facility; country; source_type; activity_type,1; 1; 1; 1; 1,2 x 1 x 1 x 1 x 1 x 1,,2,ghg_intensity_denominator; business_unit_or_facility; country; source_type; activity_type,period; perimeter; entity; site; location; company master data,gri_full_controlled_closed_20260522T000000Z/sds_calculation_contract.json,technical-contract surface; ghg_scope=fixed; scope2_calculation_method=fixed,gri_305_4_a_intensity_ratio_scope2_location_based;gri_305_4_a_intensity_ratio_scope2_market_based
GRI,GRI,SDS GRI controlled closed package 2026-05-22,"reportable nodes with dimensions [ghg_scope] examples: GRI-SF-11.1.8_305-4-c, GRI-SF-11.2.3_305-5-d, GRI-SF-12.1.8_305-4-c, GRI-SF-12.2.3_305-5-d, GRI-SF-13.1.5_305-4-c, GRI-SF-13.1.6_305-5-d, GRI-SF-14.1.8_305-4-c, GRI-SF-14.1.9_305-5-d",8,8,ghg_scope,3,8 x 3,24,,,period; perimeter; entity; site; location; company master data,gri_full_controlled_closed_20260522T000000Z/sds_calculation_contract.json,,GRI-SF-11.1.8_305-4-c;GRI-SF-11.2.3_305-5-d;GRI-SF-12.1.8_305-4-c;GRI-SF-12.2.3_305-5-d;GRI-SF-13.1.5_305-4-c;GRI-SF-13.1.6_305-5-d;GRI-SF-14.1.8_305-4-c;GRI-SF-14.1.9_305-5-d
GRI,GRI,SDS GRI controlled closed package 2026-05-22,"technical nodes with dimensions [ghg_scope] examples: GRI-SF-11.1.8_305-4-c, GRI-SF-11.2.3_305-5-d, GRI-SF-12.1.8_305-4-c, GRI-SF-12.2.3_305-5-d, GRI-SF-13.1.5_305-4-c, GRI-SF-13.1.6_305-5-d, GRI-SF-14.1.8_305-4-c, GRI-SF-14.1.9_305-5-d",8,8,ghg_scope,3,8 x 3,,24,,period; perimeter; entity; site; location; company master data,gri_full_controlled_closed_20260522T000000Z/sds_calculation_contract.json,technical-contract surface,GRI-SF-11.1.8_305-4-c;GRI-SF-11.2.3_305-5-d;GRI-SF-12.1.8_305-4-c;GRI-SF-12.2.3_305-5-d;GRI-SF-13.1.5_305-4-c;GRI-SF-13.1.6_305-5-d;GRI-SF-14.1.8_305-4-c;GRI-SF-14.1.9_305-5-d
GRI,GRI,SDS GRI controlled closed package 2026-05-22,"reportable nodes with dimensions [habitat_area] examples: GRI 304-3.a, GRI 304-3.a.size, GRI 304-3.a.location, GRI 304-3.a.success_approved, GRI 304-3.c",5,5,habitat_area,1,5 x 1,5,,habitat_area,period; perimeter; entity; site; location; company master data,gri_full_controlled_closed_20260522T000000Z/sds_calculation_contract.json,,GRI 304-3.a;GRI 304-3.a.size;GRI 304-3.a.location;GRI 304-3.a.success_approved;GRI 304-3.c
GRI,GRI,SDS GRI controlled closed package 2026-05-22,"technical nodes with dimensions [habitat_area] examples: GRI 304-3.a, GRI 304-3.a.size, GRI 304-3.a.location, GRI 304-3.a.success_approved, GRI 304-3.c",5,5,habitat_area,1,5 x 1,,5,habitat_area,period; perimeter; entity; site; location; company master data,gri_full_controlled_closed_20260522T000000Z/sds_calculation_contract.json,technical-contract surface,GRI 304-3.a;GRI 304-3.a.size;GRI 304-3.a.location;GRI 304-3.a.success_approved;GRI 304-3.c
GRI,GRI,SDS GRI controlled closed package 2026-05-22,"reportable nodes with dimensions [material_topic] examples: GRI 3-3.a, GRI 3-3.b, GRI 3-3.c, GRI 3-3.d, GRI 3-3.d.i, GRI 3-3.d.ii, GRI 3-3.d.iii, GRI 3-3.e ...",13,13,material_topic,1,13 x 1,13,,material_topic,period; perimeter; entity; site; location; company master data,gri_full_controlled_closed_20260522T000000Z/sds_calculation_contract.json,,GRI 3-3.a;GRI 3-3.b;GRI 3-3.c;GRI 3-3.d;GRI 3-3.d.i;GRI 3-3.d.ii;GRI 3-3.d.iii;GRI 3-3.e;GRI 3-3.e.i;GRI 3-3.e.ii;GRI 3-3.e.iii;GRI 3-3.e.iv;GRI 3-3.f
GRI,GRI,SDS GRI controlled closed package 2026-05-22,"technical nodes with dimensions [material_topic] examples: GRI 3-3.a, GRI 3-3.b, GRI 3-3.c, GRI 3-3.d, GRI 3-3.d.i, GRI 3-3.d.ii, GRI 3-3.d.iii, GRI 3-3.e ...",13,13,material_topic,1,13 x 1,,13,material_topic,period; perimeter; entity; site; location; company master data,gri_full_controlled_closed_20260522T000000Z/sds_calculation_contract.json,technical-contract surface,GRI 3-3.a;GRI 3-3.b;GRI 3-3.c;GRI 3-3.d;GRI 3-3.d.i;GRI 3-3.d.ii;GRI 3-3.d.iii;GRI 3-3.e;GRI 3-3.e.i;GRI 3-3.e.ii;GRI 3-3.e.iii;GRI 3-3.e.iv;GRI 3-3.f
GRI,GRI,SDS GRI controlled closed package 2026-05-22,"reportable nodes with dimensions [none] examples: DP_GRI_306_5_b_i_hazardous_incineration_with_energy_recovery, DP_GRI_306_5_b_ii_hazardous_incineration_without_energy_recovery, DP_GRI_306_5_b_iii_hazardous_landfilling, DP_GRI_306_5_b_iv_hazardous_other_disposal_operations, DP_GRI_306_5_c_i_non_hazardous_incineration_with_energy_recovery, DP_GRI_306_5_c_ii_non_hazardous_incineration_without_energy_recovery, DP_GRI_306_5_c_iii_non_hazardous_landfilling, DP_GRI_306_5_c_iv_non_hazardous_other_disposal_operations",8,8,none,1,8 x 1,8,,,period; perimeter; entity; site; location; company master data,gri_full_controlled_closed_20260522T000000Z/sds_calculation_contract.json,waste_hazard_class=fixed; waste_operation_disposal=fixed,DP_GRI_306_5_b_i_hazardous_incineration_with_energy_recovery;DP_GRI_306_5_b_ii_hazardous_incineration_without_energy_recovery;DP_GRI_306_5_b_iii_hazardous_landfilling;DP_GRI_306_5_b_iv_hazardous_other_disposal_operations;DP_GRI_306_5_c_i_non_hazardous_incineration_with_energy_recovery;DP_GRI_306_5_c_ii_non_hazardous_incineration_without_energy_recovery;DP_GRI_306_5_c_iii_non_hazardous_landfilling;DP_GRI_306_5_c_iv_non_hazardous_other_disposal_operations
GRI,GRI,SDS GRI controlled closed package 2026-05-22,"reportable nodes with dimensions [none] examples: DP_GRI_306_5_d_hazardous_incineration_with_energy_recovery_onsite, DP_GRI_306_5_d_hazardous_incineration_with_energy_recovery_offsite, DP_GRI_306_5_d_hazardous_incineration_without_energy_recovery_onsite, DP_GRI_306_5_d_hazardous_incineration_without_energy_recovery_offsite, DP_GRI_306_5_d_hazardous_landfilling_onsite, DP_GRI_306_5_d_hazardous_landfilling_offsite, DP_GRI_306_5_d_hazardous_other_disposal_onsite, DP_GRI_306_5_d_hazardous_other_disposal_offsite ...",16,16,none,1,16 x 1,16,,,period; perimeter; entity; site; location; company master data,gri_full_controlled_closed_20260522T000000Z/sds_calculation_contract.json,waste_hazard_class=fixed; waste_operation_disposal=fixed; waste_site_location=fixed,DP_GRI_306_5_d_hazardous_incineration_with_energy_recovery_onsite;DP_GRI_306_5_d_hazardous_incineration_with_energy_recovery_offsite;DP_GRI_306_5_d_hazardous_incineration_without_energy_recovery_onsite;DP_GRI_306_5_d_hazardous_incineration_without_energy_recovery_offsite;DP_GRI_306_5_d_hazardous_landfilling_onsite;DP_GRI_306_5_d_hazardous_landfilling_offsite;DP_GRI_306_5_d_hazardous_other_disposal_onsite;DP_GRI_306_5_d_hazardous_other_disposal_offsite;DP_GRI_306_5_d_non_hazardous_incineration_with_energy_recovery_onsite;DP_GRI_306_5_d_non_hazardous_incineration_with_energy_recovery_offsite;DP_GRI_306_5_d_non_hazardous_incineration_without_energy_recovery_onsite;DP_GRI_306_5_d_non_hazardous_incineration_without_energy_recovery_offsite;DP_GRI_306_5_d_non_hazardous_landfilling_onsite;DP_GRI_306_5_d_non_hazardous_landfilling_offsite;DP_GRI_306_5_d_non_hazardous_other_disposal_onsite;DP_GRI_306_5_d_non_hazardous_other_disposal_offsite
GRI,GRI,SDS GRI controlled closed package 2026-05-22,"reportable nodes with dimensions [none] examples: GRI 201-1.a, GRI 201-1.b, GRI 201-2.a, GRI 201-2.a.i, GRI 201-2.a.ii, GRI 201-2.a.iii, GRI 201-2.a.iv, GRI 201-2.a.v ...",2993,2993,none,1,2993 x 1,2993,,,period; perimeter; entity; site; location; company master data,gri_full_controlled_closed_20260522T000000Z/sds_calculation_contract.json,,GRI 201-1.a;GRI 201-1.b;GRI 201-2.a;GRI 201-2.a.i;GRI 201-2.a.ii;GRI 201-2.a.iii;GRI 201-2.a.iv;GRI 201-2.a.v;GRI_301_2_a_percentage_recycled_input_materials_used;GRI 201-3.a;GRI 201-3.b;GRI 201-3.b.i;GRI 201-3.b.ii;GRI 201-3.b.iii;GRI 201-3.c;GRI 201-3.e;GRI_301_3_b_data_collection_method;GRI 201-4.b;GRI 201-4.c;GRI 202-1.b;GRI 202-1.d;GRI 2-1.a;GRI 2-1.b;GRI 2-1.c;GRI 2-1.d;GRI_302_1_f_standards_methodologies_assumptions_tools;GRI_302_1_g_conversion_factor_source;GRI 202-2.a;GRI 202-2.b;GRI 202-2.c;GRI 202-2.d;GRI 2-2.a;GRI 2-2.b;GRI 2-2.c;GRI 2-2.c.i;GRI 2-2.c.ii;GRI 2-2.c.iii;GRI_302_2_b_standards_methodologies_assumptions_tools;GRI_302_2_c_conversion_factor_sources;GRI 2-3.a;GRI 2-3.a.reporting_period;GRI 2-3.a.reporting_frequency;GRI 2-3.b;GRI 2-3.b.financial_reporting_period;GRI 2-3.b.period_misalignment_reason;GRI 2-3.c;GRI 2-3.d;GRI_302_3_b_denominator_chosen;GRI 2-4.a;GRI 2-4.a.i;GRI 2-4.a.ii;GRI_302_4_a_energy_reduction_amount;GRI_302_4_c_calculation_basis;GRI_302_4_d_standards_methodologies_assumptions_tools;GRI_302_4_2_7_2_measurement_basis;GRI 2-5.a;GRI 2-5.b;GRI 2-5.b.i;GRI 2-5.b.ii;GRI 2-5.b.iii;GRI_302_5_a;GRI_302_5_b;GRI_302_5_c;GRI 2-6.a;GRI 2-6.b;GRI 2-6.b.i;GRI 2-6.b.ii;GRI 2-6.b.iii;GRI 2-6.c;GRI 2-6.d;GRI 2-7.c;GRI 2-7.c.i;GRI 2-7.c.ii;GRI 2-7.d;GRI 2-7.e;GRI 2-8.a.i;GRI 2-8.a.ii;GRI 2-8.b;GRI 2-8.b.i;GRI 2-8.b.ii;GRI 2-8.c;GRI 2-9.a;GRI 2-9.b;GRI 2-9.c;GRI 2-9.c.i;GRI 2-9.c.ii;GRI 2-9.c.iii;GRI 2-9.c.iv;GRI 2-9.c.v;GRI 2-9.c.vi;GRI 2-9.c.vii;GRI 2-9.c.viii;GRI 2-10.a;GRI 2-10.b;GRI 2-10.b.whether_considerations_taken_into_account;GRI 2-10.b.how_considerations_taken_into_account;GRI 2-10.b.i;GRI 2-10.b.ii;GRI 2-10.b.iii;GRI 2-10.b.iv;GRI 203-1.a;GRI 203-1.b;GRI 203-1.c;GRI 2-11.a;GRI 2-11.b;GRI 2-11.b.function_within_management;GRI 2-11.b.reasons_for_arrangement;GRI 2-11.b.conflicts_prevented_mitigated;GRI 303-1.a;GRI 303-1.b;GRI 303-1.c;GRI 303-1.d;GRI 3-1.a;GRI 3-1.a.i;GRI 3-1.a.ii;GRI 3-1.b;GRI 203-2.a;GRI 203-2.b;GRI 2-12.a;GRI 2-12.b;GRI 2-12.b.i;GRI 2-12.b.i.whether_engages_with_stakeholders;GRI 2-12.b.i.how_engages_with_stakeholders;GRI 2-12.b.ii;GRI 2-12.c;GRI 2-12.c.frequency_of_review;GRI 303-2.a;GRI 303-2.a.i;GRI 303-2.a.ii;GRI 303-2.a.iii;GRI 303-2.a.iv;GRI 3-2.a;GRI 3-2.b;GRI 2-13.a;GRI 2-13.a.i;GRI 2-13.a.ii;GRI 2-13.b;GRI_303_3_d_contextual_information;GRI 2-14.a;GRI 2-14.a.responsibility_flag;GRI 2-14.a.review_approval_process;GRI 2-14.b;GRI_303_4_d_priority_substances_treated;GRI_303_4_d_i_priority_substances_definition;GRI_303_4_d_ii_discharge_limits_approach;GRI_303_4_d_iii_non_compliance_incidents;GRI_303_4_e_context_methodology;GRI 2-15.a;GRI 2-15.b;GRI 2-15.b.i;GRI 2-15.b.ii;GRI 2-15.b.iii;GRI 2-15.b.iv;GRI_303_5_c_change_in_water_storage;GRI_303_5_d_contextual_information;GRI 2-16.a;GRI 2-16.a.whether_communicated;GRI 2-16.a.how_communicated;GRI 2-16.b;GRI 2-16.b.total_number;GRI 2-16.b.nature;GRI 2-17.a;GRI 2-18.a;GRI 2-18.b;GRI 2-18.b.independent;GRI 2-18.b.frequency;GRI 2-18.c;GRI 2-19.a;GRI 2-19.a.i;GRI 2-19.a.ii;GRI 2-19.a.iii;GRI 2-19.a.iv;GRI 2-19.a.v;GRI 2-19.b;GRI 2-20.a;GRI 2-20.a.i;GRI 2-20.a.ii;GRI 2-20.a.iii;GRI 2-20.b;GRI 204-1.b;GRI 204-1.c;GRI 2-21.a;GRI 2-21.b;GRI 2-21.c;GRI 2-22.a;GRI 304-2.a.i;GRI 304-2.a.ii;GRI 304-2.a.iii;GRI 304-2.a.iv;GRI 304-2.a.v;GRI 304-2.a.vi;GRI 304-2.b.i;GRI 304-2.b.ii;GRI 304-2.b.iii;GRI 304-2.b.iv;GRI 2-23.a;GRI 2-23.a.i;GRI 2-23.a.ii;GRI 2-23.a.iii;GRI 2-23.a.iv;GRI 2-23.b;GRI 2-23.b.i;GRI 2-23.b.ii;GRI 2-23.c;GRI 2-23.d;GRI 2-23.e;GRI 2-23.f;GRI 304-3.b;GRI 304-3.d;GRI 2-24.a;GRI 2-24.a.i;GRI 2-24.a.ii;GRI 2-24.a.iii;GRI 2-24.a.iv;GRI 304-4.a;GRI 2-25.a;GRI 2-25.b;GRI 2-25.c;GRI 2-25.d;GRI 2-25.e;GRI 2-26.a;GRI 2-26.a.i;GRI 2-26.a.ii;GRI 2-27.a;GRI 2-27.a.i;GRI 2-27.a.ii;GRI 2-27.b.total_number_of_fines_paid;GRI 2-27.b.total_monetary_value_of_fines_paid;GRI 2-27.b.i.number_of_fines_paid_current_period;GRI 2-27.b.i.monetary_value_of_fines_paid_current_period;GRI 2-27.b.ii.number_of_fines_paid_previous_periods;GRI 2-27.b.ii.monetary_value_of_fines_paid_previous_periods;GRI 2-27.c;GRI 2-27.d;GRI 2-28.a;GRI 2-29.a;GRI 2-29.a.i;GRI 2-29.a.ii;GRI 2-29.a.iii;GRI 2-30.a;GRI 2-30.b;GRI 2-30.b.terms_based_on_other_agreements;GRI 2-30.b.basis_agreements_covering_other_employees;GRI 2-30.b.basis_agreements_from_other_organizations;GRI 205-1.a.total_number_of_operations_assessed;GRI 205-1.a.percentage_of_operations_assessed;GRI 205-1.b;GRI_305_1_d_base_year;GRI_305_1_d_i_base_year_rationale;GRI_305_1_d_iii_recalculation_context;GRI_305_1_e_emission_factor_gwp_source;GRI_305_1_f_consolidation_approach;GRI_305_1_g_standards_methodologies_assumptions_tools;GRI 205-2.c.other_persons_or_organizations_description;GRI_305_2_d_base_year_for_calculation;GRI_305_2_d_i_base_year_rationale;GRI_305_2_d_iii_base_year_recalculation_context;GRI_305_2_e_emission_factors_gwp_source;GRI_305_2_f_consolidation_approach;GRI_305_2_g_standards_methodologies_assumptions_tools;GRI 205-3.a;GRI 205-3.a.total_number;GRI 205-3.b;GRI 205-3.c;GRI 205-3.d;GRI 305-3.d;GRI 305-3.e;GRI_305_3_e_base_year_information;GRI 305-3.e.i;GRI 305-3.e.iii;GRI 305-3.f;GRI 305-3.g;GRI_305_5_e_methodology_tools;GRI 305-6.b;GRI 305-6.c;GRI 305-6.d;GRI 305-7.a.i;GRI 305-7.a.ii;GRI 305-7.a.iii;GRI 305-7.a.iv;GRI 305-7.a.v;GRI 305-7.a.vi;GRI 305-7.a.vii;GRI 305-7.b;GRI 305-7.c;GRI 206-1.a;GRI 206-1.b;GRI_306_1_a_i_inputs;GRI_306_1_a_i_activities;GRI_306_1_a_i_outputs;GRI_306_1_a_ii_own_activities;GRI_306_1_a_ii_upstream_value_chain;GRI_306_1_a_ii_downstream_value_chain;GRI_306_2_a_prevention_actions;GRI_306_2_a_management_actions;GRI_306_2_b_third_party_managed_flag;GRI_306_2_b_third_party_processes;GRI_306_2_c_data_collection_monitoring_processes;GRI_306_3_a_total_weight_waste_generated;GRI_306_3_a_composition_breakdown;GRI_306_3_b_contextual_information;GRI_306_4_a_total_waste_diverted;GRI_306_4_a_composition;GRI_306_4_e_contextual_information;DP_GRI_306_5_a_total_waste_directed_to_disposal;DP_GRI_306_5_a_waste_composition_breakdown;DP_GRI_306_5_e_contextual_information;GRI 207-1.a;GRI 207-1.a.i;GRI 207-1.a.ii;GRI 207-1.a.iii;GRI 207-1.a.iv;GRI 207-2.a;GRI 207-2.a.i;GRI 207-2.a.ii;GRI 207-2.a.iii;GRI 207-2.a.iv;GRI 207-2.b;GRI 207-2.c;GRI 207-3.a;GRI 207-3.a.i;GRI 207-3.a.ii;GRI 207-3.a.iii;GRI 207-4.c;GRI 308-1.a;GRI 308-2.a;GRI 308-2.b;GRI 308-2.c;GRI 308-2.d;GRI 308-2.e;GRI-SF-11.10.2_401-1-a;GRI-SF-11.10.2_401-1-b;GRI-SF-11.10.5_402-1-a;GRI-SF-11.10.5_402-1-b;GRI-SF-11.10.6_404-1-a;GRI-SF-11.10.8_414-1-a;GRI-SF-11.11.4_404-1-a;GRI-SF-11.11.7_406-1-a;GRI-SF-11.11.7_406-1-b-i;GRI-SF-11.11.7_406-1-b-ii;GRI-SF-11.11.7_406-1-b-iii;GRI-SF-11.11.7_406-1-b-iv;GRI-SF-11.12.2_409-1-a-i;GRI-SF-11.12.2_409-1-a-ii;GRI-SF-11.12.2_409-1-b;GRI-SF-11.12.3_414-1-a;GRI-SF-11.13.2_407-1-a-i;GRI-SF-11.13.2_407-1-a-ii;GRI-SF-11.13.2_407-1-b;GRI-SF-11.14.2_201-1-a;GRI-SF-11.14.2_201-1-b;GRI-SF-11.14.4_203-1-a;GRI-SF-11.14.4_203-1-b;GRI-SF-11.14.4_203-1-c;GRI-SF-11.14.6_204-1-a;GRI-SF-11.14.6_204-1-b;GRI-SF-11.14.6_204-1-c;GRI-SF-11.15.2_413-1-a-i;GRI-SF-11.15.2_413-1-a-ii;GRI-SF-11.15.2_413-1-a-iii;GRI-SF-11.15.2_413-1-a-iv;GRI-SF-11.15.2_413-1-a-v;GRI-SF-11.15.2_413-1-a-vi;GRI-SF-11.15.2_413-1-a-vii;GRI-SF-11.15.2_413-1-a-viii;GRI-SF-11.17.2_411-1-a;GRI-SF-11.17.2_411-1-b-i;GRI-SF-11.17.2_411-1-b-ii;GRI-SF-11.17.2_411-1-b-iii;GRI-SF-11.17.2_411-1-b-iv;GRI-SF-11.18.2_410-1-a;GRI-SF-11.18.2_410-1-b;GRI-SF-11.19.2_206-1-a;GRI-SF-11.19.2_206-1-b;GRI-SF-11.1.2_302-1-a;GRI-SF-11.1.2_302-1-b;GRI-SF-11.1.2_302-1-e;GRI-SF-11.1.2_302-1-f;GRI-SF-11.1.2_302-1-g;GRI-SF-11.1.2_302-1-c-i;GRI-SF-11.1.2_302-1-c-ii;GRI-SF-11.1.2_302-1-c-iii;GRI-SF-11.1.2_302-1-c-iv;GRI-SF-11.1.2_302-1-d-i;GRI-SF-11.1.2_302-1-d-ii;GRI-SF-11.1.2_302-1-d-iii;GRI-SF-11.1.2_302-1-d-iv;GRI-SF-11.1.5_305-1-a;GRI-SF-11.1.5_305-1-c;GRI-SF-11.1.5_305-1-e;GRI-SF-11.1.5_305-1-g;GRI-SF-11.1.5_305-1-d-i;GRI-SF-11.1.5_305-1-d-ii;GRI-SF-11.1.5_305-1-d-iii;GRI-SF-11.20.2_205-1-a;GRI-SF-11.20.2_205-1-b;GRI-SF-11.21.2_201-1-b;GRI-SF-11.21.2_201-1-a-i;GRI-SF-11.21.2_201-1-a-ii;GRI-SF-11.21.2_201-1-a-iii;GRI-SF-11.21.4_207-1-a-i;GRI-SF-11.21.4_207-1-a-ii;GRI-SF-11.21.4_207-1-a-iii;GRI-SF-11.21.4_207-1-a-iv;GRI-SF-11.22.2_415-1-a;GRI-SF-11.22.2_415-1-b;GRI-SF-11.3.3_416-1-a;GRI-SF-11.4.2_304-1-a-i;GRI-SF-11.4.2_304-1-a-ii;GRI-SF-11.4.2_304-1-a-iii;GRI-SF-11.4.2_304-1-a-iv;GRI-SF-11.4.2_304-1-a-v;GRI-SF-11.4.2_304-1-a-vi;GRI-SF-11.4.2_304-1-a-vii;GRI-SF-11.5.2_306-1-a-i;GRI-SF-11.5.2_306-1-a-ii;GRI-SF-11.6.2_303-1-a;GRI-SF-11.6.2_303-1-b;GRI-SF-11.6.2_303-1-c;GRI-SF-11.6.2_303-1-d;GRI-SF-11.7.2_402-1-a;GRI-SF-11.7.2_402-1-b;GRI-SF-11.9.2_403-1-a-i;GRI-SF-11.9.2_403-1-a-ii;GRI-SF-11.9.2_403-1-b;GRI-SF-11.10.3_401-2-b;GRI-SF-11.10.3_401-2-a-i;GRI-SF-11.10.3_401-2-a-ii;GRI-SF-11.10.3_401-2-a-iii;GRI-SF-11.10.3_401-2-a-iv;GRI-SF-11.10.3_401-2-a-v;GRI-SF-11.10.3_401-2-a-vi;GRI-SF-11.10.3_401-2-a-vii;GRI-SF-11.10.7_404-2-a;GRI-SF-11.10.7_404-2-b;GRI-SF-11.10.9_414-2-a;GRI-SF-11.10.9_414-2-b;GRI-SF-11.10.9_414-2-c;GRI-SF-11.10.9_414-2-d;GRI-SF-11.10.9_414-2-e;GRI-SF-11.11.2_202-2-a;GRI-SF-11.11.2_202-2-b;GRI-SF-11.11.2_202-2-c;GRI-SF-11.11.2_202-2-d;GRI-SF-11.11.6_405-2-b;GRI-SF-11.14.3_202-2-a;GRI-SF-11.14.3_202-2-b;GRI-SF-11.14.3_202-2-c;GRI-SF-11.14.3_202-2-d;GRI-SF-11.14.5_203-2-a;GRI-SF-11.14.5_203-2-b;GRI-SF-11.15.3_413-2-a-i;GRI-SF-11.15.3_413-2-a-ii;GRI-SF-11.16.2_3-3-a;GRI-SF-11.16.2_3-3-b;GRI-SF-11.16.2_3-3-c;GRI-SF-11.16.2_3-3-d;GRI-SF-11.16.2_3-3-d-i;GRI-SF-11.16.2_3-3-d-ii;GRI-SF-11.16.2_3-3-d-iii;GRI-SF-11.16.2_3-3-e;GRI-SF-11.16.2_3-3-e-i;GRI-SF-11.16.2_3-3-e-ii;GRI-SF-11.16.2_3-3-e-iii;GRI-SF-11.16.2_3-3-e-iv;GRI-SF-11.16.2_3-3-f;GRI-SF-11.1.3_302-2-a;GRI-SF-11.1.3_302-2-b;GRI-SF-11.1.3_302-2-c;GRI-SF-11.1.6_305-2-a;GRI-SF-11.1.6_305-2-e;GRI-SF-11.1.6_305-2-g;GRI-SF-11.1.6_305-2-d-i;GRI-SF-11.1.6_305-2-d-ii;GRI-SF-11.1.6_305-2-d-iii;GRI-SF-11.20.3_205-2-a;GRI-SF-11.20.3_205-2-b;GRI-SF-11.20.3_205-2-c;GRI-SF-11.20.3_205-2-d;GRI-SF-11.20.3_205-2-e;GRI-SF-11.21.5_207-2-a-i;GRI-SF-11.21.5_207-2-a-ii;GRI-SF-11.21.5_207-2-a-iii;GRI-SF-11.21.5_207-2-a-iv;GRI-SF-11.21.5_207-2-b;GRI-SF-11.21.5_207-2-c;GRI-SF-11.2.2_201-2-a-ii;GRI-SF-11.2.2_201-2-a-iii;GRI-SF-11.2.2_201-2-a-iv;GRI-SF-11.2.2_201-2-a-v;GRI-SF-11.4.3_304-2-a-i;GRI-SF-11.4.3_304-2-a-ii;GRI-SF-11.4.3_304-2-a-iii;GRI-SF-11.4.3_304-2-a-iv;GRI-SF-11.4.3_304-2-a-v;GRI-SF-11.4.3_304-2-a-vi;GRI-SF-11.4.3_304-2-b-i;GRI-SF-11.4.3_304-2-b-ii;GRI-SF-11.4.3_304-2-b-iii;GRI-SF-11.4.3_304-2-b-iv;GRI-SF-11.5.3_306-2-a;GRI-SF-11.5.3_306-2-b;GRI-SF-11.5.3_306-2-c;GRI-SF-11.6.3_303-2-a-i;GRI-SF-11.6.3_303-2-a-ii;GRI-SF-11.6.3_303-2-a-iii;GRI-SF-11.6.3_303-2-a-iv;GRI-SF-11.7.3_404-2-a;GRI-SF-11.7.3_404-2-b;GRI-SF-11.9.3_403-2-a-i;GRI-SF-11.9.3_403-2-a-ii;GRI-SF-11.9.3_403-2-b;GRI-SF-11.9.3_403-2-c;GRI-SF-11.9.3_403-2-d;GRI-SF-11.10.1_3-3-a;GRI-SF-11.10.1_3-3-b;GRI-SF-11.10.1_3-3-c;GRI-SF-11.10.1_3-3-d;GRI-SF-11.10.1_3-3-d-i;GRI-SF-11.10.1_3-3-d-ii;GRI-SF-11.10.1_3-3-d-iii;GRI-SF-11.10.1_3-3-e;GRI-SF-11.10.1_3-3-e-i;GRI-SF-11.10.1_3-3-e-ii;GRI-SF-11.10.1_3-3-e-iii;GRI-SF-11.10.1_3-3-e-iv;GRI-SF-11.10.1_3-3-f;GRI-SF-11.10.4_401-3-a;GRI-SF-11.10.4_401-3-b;GRI-SF-11.10.4_401-3-c;GRI-SF-11.10.4_401-3-d;GRI-SF-11.10.4_401-3-e;GRI-SF-11.11.1_3-3-a;GRI-SF-11.11.1_3-3-b;GRI-SF-11.11.1_3-3-c;GRI-SF-11.11.1_3-3-d;GRI-SF-11.11.1_3-3-d-i;GRI-SF-11.11.1_3-3-d-ii;GRI-SF-11.11.1_3-3-d-iii;GRI-SF-11.11.1_3-3-e;GRI-SF-11.11.1_3-3-e-i;GRI-SF-11.11.1_3-3-e-ii;GRI-SF-11.11.1_3-3-e-iii;GRI-SF-11.11.1_3-3-e-iv;GRI-SF-11.11.1_3-3-f;GRI-SF-11.11.3_401-3-a;GRI-SF-11.11.3_401-3-b;GRI-SF-11.11.3_401-3-c;GRI-SF-11.11.3_401-3-d;GRI-SF-11.11.3_401-3-e;GRI-SF-11.12.1_3-3-a;GRI-SF-11.12.1_3-3-b;GRI-SF-11.12.1_3-3-c;GRI-SF-11.12.1_3-3-d;GRI-SF-11.12.1_3-3-d-i;GRI-SF-11.12.1_3-3-d-ii;GRI-SF-11.12.1_3-3-d-iii;GRI-SF-11.12.1_3-3-e;GRI-SF-11.12.1_3-3-e-i;GRI-SF-11.12.1_3-3-e-ii;GRI-SF-11.12.1_3-3-e-iii;GRI-SF-11.12.1_3-3-e-iv;GRI-SF-11.12.1_3-3-f;GRI-SF-11.13.1_3-3-a;GRI-SF-11.13.1_3-3-b;GRI-SF-11.13.1_3-3-c;GRI-SF-11.13.1_3-3-d;GRI-SF-11.13.1_3-3-d-i;GRI-SF-11.13.1_3-3-d-ii;GRI-SF-11.13.1_3-3-d-iii;GRI-SF-11.13.1_3-3-e;GRI-SF-11.13.1_3-3-e-i;GRI-SF-11.13.1_3-3-e-ii;GRI-SF-11.13.1_3-3-e-iii;GRI-SF-11.13.1_3-3-e-iv;GRI-SF-11.13.1_3-3-f;GRI-SF-11.14.1_3-3-a;GRI-SF-11.14.1_3-3-b;GRI-SF-11.14.1_3-3-c;GRI-SF-11.14.1_3-3-d;GRI-SF-11.14.1_3-3-d-i;GRI-SF-11.14.1_3-3-d-ii;GRI-SF-11.14.1_3-3-d-iii;GRI-SF-11.14.1_3-3-e;GRI-SF-11.14.1_3-3-e-i;GRI-SF-11.14.1_3-3-e-ii;GRI-SF-11.14.1_3-3-e-iii;GRI-SF-11.14.1_3-3-e-iv;GRI-SF-11.14.1_3-3-f;GRI-SF-11.15.1_3-3-a;GRI-SF-11.15.1_3-3-b;GRI-SF-11.15.1_3-3-c;GRI-SF-11.15.1_3-3-d;GRI-SF-11.15.1_3-3-d-i;GRI-SF-11.15.1_3-3-d-ii;GRI-SF-11.15.1_3-3-d-iii;GRI-SF-11.15.1_3-3-e;GRI-SF-11.15.1_3-3-e-i;GRI-SF-11.15.1_3-3-e-ii;GRI-SF-11.15.1_3-3-e-iii;GRI-SF-11.15.1_3-3-e-iv;GRI-SF-11.15.1_3-3-f;GRI-SF-11.16.1_3-3-a;GRI-SF-11.16.1_3-3-b;GRI-SF-11.16.1_3-3-c;GRI-SF-11.16.1_3-3-d;GRI-SF-11.16.1_3-3-d-i;GRI-SF-11.16.1_3-3-d-ii;GRI-SF-11.16.1_3-3-d-iii;GRI-SF-11.16.1_3-3-e;GRI-SF-11.16.1_3-3-e-i;GRI-SF-11.16.1_3-3-e-ii;GRI-SF-11.16.1_3-3-e-iii;GRI-SF-11.16.1_3-3-e-iv;GRI-SF-11.16.1_3-3-f;GRI-SF-11.17.1_3-3-a;GRI-SF-11.17.1_3-3-b;GRI-SF-11.17.1_3-3-c;GRI-SF-11.17.1_3-3-d;GRI-SF-11.17.1_3-3-d-i;GRI-SF-11.17.1_3-3-d-ii;GRI-SF-11.17.1_3-3-d-iii;GRI-SF-11.17.1_3-3-e;GRI-SF-11.17.1_3-3-e-i;GRI-SF-11.17.1_3-3-e-ii;GRI-SF-11.17.1_3-3-e-iii;GRI-SF-11.17.1_3-3-e-iv;GRI-SF-11.17.1_3-3-f;GRI-SF-11.17.3_411-1;GRI-SF-11.18.1_3-3-a;GRI-SF-11.18.1_3-3-b;GRI-SF-11.18.1_3-3-c;GRI-SF-11.18.1_3-3-d;GRI-SF-11.18.1_3-3-d-i;GRI-SF-11.18.1_3-3-d-ii;GRI-SF-11.18.1_3-3-d-iii;GRI-SF-11.18.1_3-3-e;GRI-SF-11.18.1_3-3-e-i;GRI-SF-11.18.1_3-3-e-ii;GRI-SF-11.18.1_3-3-e-iii;GRI-SF-11.18.1_3-3-e-iv;GRI-SF-11.18.1_3-3-f;GRI-SF-11.19.1_3-3-a;GRI-SF-11.19.1_3-3-b;GRI-SF-11.19.1_3-3-c;GRI-SF-11.19.1_3-3-d;GRI-SF-11.19.1_3-3-d-i;GRI-SF-11.19.1_3-3-d-ii;GRI-SF-11.19.1_3-3-d-iii;GRI-SF-11.19.1_3-3-e;GRI-SF-11.19.1_3-3-e-i;GRI-SF-11.19.1_3-3-e-ii;GRI-SF-11.19.1_3-3-e-iii;GRI-SF-11.19.1_3-3-e-iv;GRI-SF-11.19.1_3-3-f;GRI-SF-11.1.1_3-3-a;GRI-SF-11.1.1_3-3-b;GRI-SF-11.1.1_3-3-c;GRI-SF-11.1.1_3-3-d;GRI-SF-11.1.1_3-3-d-i;GRI-SF-11.1.1_3-3-d-ii;GRI-SF-11.1.1_3-3-d-iii;GRI-SF-11.1.1_3-3-e;GRI-SF-11.1.1_3-3-e-i;GRI-SF-11.1.1_3-3-e-ii;GRI-SF-11.1.1_3-3-e-iii;GRI-SF-11.1.1_3-3-e-iv;GRI-SF-11.1.1_3-3-f;GRI-SF-11.1.4_302-3-a;GRI-SF-11.1.4_302-3-b;GRI-SF-11.1.4_302-3-c-fuel;GRI-SF-11.1.4_302-3-c-electricity;GRI-SF-11.1.4_302-3-c-heating;GRI-SF-11.1.4_302-3-c-cooling;GRI-SF-11.1.4_302-3-c-steam;GRI-SF-11.1.4_302-3-d-within_organization;GRI-SF-11.1.4_302-3-d-outside_organization;GRI-SF-11.1.7_305-3-a;GRI-SF-11.1.7_305-3-c;GRI-SF-11.1.7_305-3-d;GRI-SF-11.1.7_305-3-f;GRI-SF-11.1.7_305-3-g;GRI-SF-11.1.7_305-3-e-i;GRI-SF-11.1.7_305-3-e-ii;GRI-SF-11.1.7_305-3-e-iii;GRI-SF-11.20.1_3-3-a;GRI-SF-11.20.1_3-3-b;GRI-SF-11.20.1_3-3-c;GRI-SF-11.20.1_3-3-d;GRI-SF-11.20.1_3-3-d-i;GRI-SF-11.20.1_3-3-d-ii;GRI-SF-11.20.1_3-3-d-iii;GRI-SF-11.20.1_3-3-e;GRI-SF-11.20.1_3-3-e-i;GRI-SF-11.20.1_3-3-e-ii;GRI-SF-11.20.1_3-3-e-iii;GRI-SF-11.20.1_3-3-e-iv;GRI-SF-11.20.1_3-3-f;GRI-SF-11.20.4_205-3-a;GRI-SF-11.20.4_205-3-b;GRI-SF-11.20.4_205-3-c;GRI-SF-11.20.4_205-3-d;GRI-SF-11.21.1_3-3-a;GRI-SF-11.21.1_3-3-b;GRI-SF-11.21.1_3-3-c;GRI-SF-11.21.1_3-3-d;GRI-SF-11.21.1_3-3-d-i;GRI-SF-11.21.1_3-3-d-ii;GRI-SF-11.21.1_3-3-d-iii;GRI-SF-11.21.1_3-3-e;GRI-SF-11.21.1_3-3-e-i;GRI-SF-11.21.1_3-3-e-ii;GRI-SF-11.21.1_3-3-e-iii;GRI-SF-11.21.1_3-3-e-iv;GRI-SF-11.21.1_3-3-f;GRI-SF-11.21.6_207-3-a-i;GRI-SF-11.21.6_207-3-a-ii;GRI-SF-11.21.6_207-3-a-iii;GRI-SF-11.22.1_3-3-a;GRI-SF-11.22.1_3-3-b;GRI-SF-11.22.1_3-3-c;GRI-SF-11.22.1_3-3-d;GRI-SF-11.22.1_3-3-d-i;GRI-SF-11.22.1_3-3-d-ii;GRI-SF-11.22.1_3-3-d-iii;GRI-SF-11.22.1_3-3-e;GRI-SF-11.22.1_3-3-e-i;GRI-SF-11.22.1_3-3-e-ii;GRI-SF-11.22.1_3-3-e-iii;GRI-SF-11.22.1_3-3-e-iv;GRI-SF-11.22.1_3-3-f;GRI-SF-11.2.1_3-3-a;GRI-SF-11.2.1_3-3-b;GRI-SF-11.2.1_3-3-c;GRI-SF-11.2.1_3-3-d;GRI-SF-11.2.1_3-3-d-i;GRI-SF-11.2.1_3-3-d-ii;GRI-SF-11.2.1_3-3-d-iii;GRI-SF-11.2.1_3-3-e;GRI-SF-11.2.1_3-3-e-i;GRI-SF-11.2.1_3-3-e-ii;GRI-SF-11.2.1_3-3-e-iii;GRI-SF-11.2.1_3-3-e-iv;GRI-SF-11.2.1_3-3-f;GRI-SF-11.3.1_3-3-a;GRI-SF-11.3.1_3-3-b;GRI-SF-11.3.1_3-3-c;GRI-SF-11.3.1_3-3-d;GRI-SF-11.3.1_3-3-d-i;GRI-SF-11.3.1_3-3-d-ii;GRI-SF-11.3.1_3-3-d-iii;GRI-SF-11.3.1_3-3-e;GRI-SF-11.3.1_3-3-e-i;GRI-SF-11.3.1_3-3-e-ii;GRI-SF-11.3.1_3-3-e-iii;GRI-SF-11.3.1_3-3-e-iv;GRI-SF-11.3.1_3-3-f;GRI-SF-11.4.1_3-3-a;GRI-SF-11.4.1_3-3-b;GRI-SF-11.4.1_3-3-c;GRI-SF-11.4.1_3-3-d;GRI-SF-11.4.1_3-3-d-i;GRI-SF-11.4.1_3-3-d-ii;GRI-SF-11.4.1_3-3-d-iii;GRI-SF-11.4.1_3-3-e;GRI-SF-11.4.1_3-3-e-i;GRI-SF-11.4.1_3-3-e-ii;GRI-SF-11.4.1_3-3-e-iii;GRI-SF-11.4.1_3-3-e-iv;GRI-SF-11.4.1_3-3-f;GRI-SF-11.4.4_304-3-a;GRI-SF-11.4.4_304-3-b;GRI-SF-11.4.4_304-3-c;GRI-SF-11.4.4_304-3-d;GRI-SF-11.5.1_3-3-a;GRI-SF-11.5.1_3-3-b;GRI-SF-11.5.1_3-3-c;GRI-SF-11.5.1_3-3-d;GRI-SF-11.5.1_3-3-d-i;GRI-SF-11.5.1_3-3-d-ii;GRI-SF-11.5.1_3-3-d-iii;GRI-SF-11.5.1_3-3-e;GRI-SF-11.5.1_3-3-e-i;GRI-SF-11.5.1_3-3-e-ii;GRI-SF-11.5.1_3-3-e-iii;GRI-SF-11.5.1_3-3-e-iv;GRI-SF-11.5.1_3-3-f;GRI-SF-11.5.4_306-3-a;GRI-SF-11.5.4_306-3-b;GRI-SF-11.6.1_3-3-a;GRI-SF-11.6.1_3-3-b;GRI-SF-11.6.1_3-3-c;GRI-SF-11.6.1_3-3-d;GRI-SF-11.6.1_3-3-d-i;GRI-SF-11.6.1_3-3-d-ii;GRI-SF-11.6.1_3-3-d-iii;GRI-SF-11.6.1_3-3-e;GRI-SF-11.6.1_3-3-e-i;GRI-SF-11.6.1_3-3-e-ii;GRI-SF-11.6.1_3-3-e-iii;GRI-SF-11.6.1_3-3-e-iv;GRI-SF-11.6.1_3-3-f;GRI-SF-11.6.4_303-3-d;GRI-SF-11.7.1_3-3-a;GRI-SF-11.7.1_3-3-b;GRI-SF-11.7.1_3-3-c;GRI-SF-11.7.1_3-3-d;GRI-SF-11.7.1_3-3-d-i;GRI-SF-11.7.1_3-3-d-ii;GRI-SF-11.7.1_3-3-d-iii;GRI-SF-11.7.1_3-3-e;GRI-SF-11.7.1_3-3-e-i;GRI-SF-11.7.1_3-3-e-ii;GRI-SF-11.7.1_3-3-e-iii;GRI-SF-11.7.1_3-3-e-iv;GRI-SF-11.7.1_3-3-f;GRI-SF-11.8.1_3-3-a;GRI-SF-11.8.1_3-3-b;GRI-SF-11.8.1_3-3-c;GRI-SF-11.8.1_3-3-d;GRI-SF-11.8.1_3-3-d-i;GRI-SF-11.8.1_3-3-d-ii;GRI-SF-11.8.1_3-3-d-iii;GRI-SF-11.8.1_3-3-e;GRI-SF-11.8.1_3-3-e-i;GRI-SF-11.8.1_3-3-e-ii;GRI-SF-11.8.1_3-3-e-iii;GRI-SF-11.8.1_3-3-e-iv;GRI-SF-11.8.1_3-3-f;GRI-SF-11.8.2_306-3-a;GRI-SF-11.8.2_306-3-c;GRI-SF-11.8.2_306-3-b-i;GRI-SF-11.8.2_306-3-b-ii;GRI-SF-11.8.2_306-3-b-iii;GRI-SF-11.8.3_306-3;GRI-SF-11.9.1_3-3-a;GRI-SF-11.9.1_3-3-b;GRI-SF-11.9.1_3-3-c;GRI-SF-11.9.1_3-3-d;GRI-SF-11.9.1_3-3-d-i;GRI-SF-11.9.1_3-3-d-ii;GRI-SF-11.9.1_3-3-d-iii;GRI-SF-11.9.1_3-3-e;GRI-SF-11.9.1_3-3-e-i;GRI-SF-11.9.1_3-3-e-ii;GRI-SF-11.9.1_3-3-e-iii;GRI-SF-11.9.1_3-3-e-iv;GRI-SF-11.9.1_3-3-f;GRI-SF-11.9.4_403-3-a;GRI-SF-11.15.4_413-2;GRI-SF-11.17.4_411-1;GRI-SF-11.1.8_305-4-a;GRI-SF-11.1.8_305-4-b;GRI-SF-11.21.3_201-4-b;GRI-SF-11.21.3_201-4-c;GRI-SF-11.21.7_207-4-c;GRI-SF-11.2.4_305-5;GRI-SF-11.4.5_304-4-a;GRI-SF-11.5.5_306-4-a;GRI-SF-11.5.5_306-4-b;GRI-SF-11.5.5_306-4-c;GRI-SF-11.5.5_306-4-d;GRI-SF-11.5.5_306-4-e;GRI-SF-11.6.5_303-4-d;GRI-SF-11.6.5_303-4-d-i;GRI-SF-11.6.5_303-4-d-ii;GRI-SF-11.6.5_303-4-d-iii;GRI-SF-11.6.5_303-4-e;GRI-SF-11.7.4_404-2;GRI-SF-11.8.4_306-3;GRI-SF-11.9.5_403-4-a;GRI-SF-11.9.5_403-4-b;GRI-SF-11.20.5_205-3;GRI-SF-11.2.3_305-5-a;GRI-SF-11.2.3_305-5-c;GRI-SF-11.2.3_305-5-e;GRI-SF-11.5.6_306-5-a;GRI-SF-11.5.6_306-5-b;GRI-SF-11.5.6_306-5-c;GRI-SF-11.5.6_306-5-d;GRI-SF-11.5.6_306-5-e;GRI-SF-11.6.6_303-5-a;GRI-SF-11.6.6_303-5-b;GRI-SF-11.6.6_303-5-c;GRI-SF-11.6.6_303-5-d;GRI-SF-11.7.5_404-2;GRI-SF-11.9.6_403-5-a;GRI-SF-11.20.6_205-3;GRI-SF-11.7.6_404-2;GRI-SF-11.9.7_403-6-a;GRI-SF-11.9.7_403-6-b;GRI-SF-11.3.2_305-7-b;GRI-SF-11.3.2_305-7-c;GRI-SF-11.3.2_305-7-a-i;GRI-SF-11.3.2_305-7-a-ii;GRI-SF-11.3.2_305-7-a-iii;GRI-SF-11.3.2_305-7-a-iv;GRI-SF-11.3.2_305-7-a-v;GRI-SF-11.3.2_305-7-a-vi;GRI-SF-11.3.2_305-7-a-vii;GRI-SF-11.9.8_403-7-a;GRI-SF-11.21.8_207-4;GRI-SF-11.9.9_403-8-a-i-number_covered;GRI-SF-11.9.9_403-8-a-i-percentage_covered;GRI-SF-11.9.9_403-8-a-ii-number_internally_audited;GRI-SF-11.9.9_403-8-a-ii-percentage_internally_audited;GRI-SF-11.9.9_403-8-a-iii-number_externally_audited;GRI-SF-11.9.9_403-8-a-iii-percentage_externally_audited;GRI-SF-11.9.9_403-8-b;GRI-SF-11.9.9_403-8-c;GRI-SF-11.9.10_403-9-a-i;GRI-SF-11.9.10_403-9-a-i-rate;GRI-SF-11.9.10_403-9-a-ii;GRI-SF-11.9.10_403-9-a-ii-rate;GRI-SF-11.9.10_403-9-a-iii;GRI-SF-11.9.10_403-9-a-iii-rate;GRI-SF-11.9.10_403-9-a-iv;GRI-SF-11.9.10_403-9-a-v;GRI-SF-11.9.10_403-9-b-i;GRI-SF-11.9.10_403-9-b-i-rate;GRI-SF-11.9.10_403-9-b-ii;GRI-SF-11.9.10_403-9-b-ii-rate;GRI-SF-11.9.10_403-9-b-iii;GRI-SF-11.9.10_403-9-b-iii-rate;GRI-SF-11.9.10_403-9-b-iv;GRI-SF-11.9.10_403-9-b-v;GRI-SF-11.9.10_403-9-c;GRI-SF-11.9.10_403-9-c-i;GRI-SF-11.9.10_403-9-c-ii;GRI-SF-11.9.10_403-9-c-iii;GRI-SF-11.9.10_403-9-d;GRI-SF-11.9.10_403-9-e;GRI-SF-11.9.10_403-9-f;GRI-SF-11.9.10_403-9-g;GRI-SF-11.9.11_403-10-a-i;GRI-SF-11.9.11_403-10-a-ii;GRI-SF-11.9.11_403-10-a-iii;GRI-SF-11.9.11_403-10-b-i;GRI-SF-11.9.11_403-10-b-ii;GRI-SF-11.9.11_403-10-b-iii;GRI-SF-11.9.11_403-10-c;GRI-SF-11.9.11_403-10-c-i;GRI-SF-11.9.11_403-10-c-ii;GRI-SF-11.9.11_403-10-c-iii;GRI-SF-11.9.11_403-10-d;GRI-SF-11.9.11_403-10-e;GRI-SF-12.11.2_411-1-a;GRI-SF-12.11.2_411-1-b-i;GRI-SF-12.11.2_411-1-b-ii;GRI-SF-12.11.2_411-1-b-iii;GRI-SF-12.11.2_411-1-b-iv;GRI-SF-12.12.2_410-1-a;GRI-SF-12.12.2_410-1-b;GRI-SF-12.14.2_403-1-a-i;GRI-SF-12.14.2_403-1-a-ii;GRI-SF-12.14.2_403-1-b;GRI-SF-12.15.2_401-1-a;GRI-SF-12.15.2_401-1-b;GRI-SF-12.15.5_402-1-a;GRI-SF-12.15.5_402-1-b;GRI-SF-12.15.6_404-1-a;GRI-SF-12.15.8_414-1-a;GRI-SF-12.16.2_408-1-a-i;GRI-SF-12.16.2_408-1-a-ii;GRI-SF-12.16.2_408-1-b-i;GRI-SF-12.16.2_408-1-b-ii;GRI-SF-12.16.2_408-1-c;GRI-SF-12.16.3_414-1-a;GRI-SF-12.17.2_409-1-a-i;GRI-SF-12.17.2_409-1-a-ii;GRI-SF-12.17.2_409-1-b;GRI-SF-12.17.3_414-1-a;GRI-SF-12.18.2_407-1-a-i;GRI-SF-12.18.2_407-1-a-ii;GRI-SF-12.18.2_407-1-b;GRI-SF-12.19.2_202-1-b;GRI-SF-12.19.2_202-1-d;GRI-SF-12.19.5_404-1-a;GRI-SF-12.19.8_406-1-a;GRI-SF-12.19.8_406-1-b-i;GRI-SF-12.19.8_406-1-b-ii;GRI-SF-12.19.8_406-1-b-iii;GRI-SF-12.19.8_406-1-b-iv;GRI-SF-12.1.2_302-1-a;GRI-SF-12.1.2_302-1-b;GRI-SF-12.1.2_302-1-e;GRI-SF-12.1.2_302-1-f;GRI-SF-12.1.2_302-1-g;GRI-SF-12.1.2_302-1-c-i;GRI-SF-12.1.2_302-1-c-ii;GRI-SF-12.1.2_302-1-c-iii;GRI-SF-12.1.2_302-1-c-iv;GRI-SF-12.1.2_302-1-d-i;GRI-SF-12.1.2_302-1-d-ii;GRI-SF-12.1.2_302-1-d-iii;GRI-SF-12.1.2_302-1-d-iv;GRI-SF-12.1.5_305-1-a;GRI-SF-12.1.5_305-1-c;GRI-SF-12.1.5_305-1-e;GRI-SF-12.1.5_305-1-g;GRI-SF-12.1.5_305-1-d-i;GRI-SF-12.1.5_305-1-d-ii;GRI-SF-12.1.5_305-1-d-iii;GRI-SF-12.20.2_205-1-a;GRI-SF-12.20.2_205-1-b;GRI-SF-12.21.2_201-1-b;GRI-SF-12.21.2_201-1-a-i;GRI-SF-12.21.2_201-1-a-ii;GRI-SF-12.21.2_201-1-a-iii;GRI-SF-12.21.4_207-1-a-i;GRI-SF-12.21.4_207-1-a-ii;GRI-SF-12.21.4_207-1-a-iii;GRI-SF-12.21.4_207-1-a-iv;GRI-SF-12.22.2_415-1-a;GRI-SF-12.22.2_415-1-b;GRI-SF-12.3.2_402-1-a;GRI-SF-12.3.2_402-1-b;GRI-SF-12.5.2_304-1-a-i;GRI-SF-12.5.2_304-1-a-ii;GRI-SF-12.5.2_304-1-a-iii;GRI-SF-12.5.2_304-1-a-iv;GRI-SF-12.5.2_304-1-a-v;GRI-SF-12.5.2_304-1-a-vi;GRI-SF-12.5.2_304-1-a-vii;GRI-SF-12.6.2_306-1-a-i;GRI-SF-12.6.2_306-1-a-ii;GRI-SF-12.7.2_303-1-a;GRI-SF-12.7.2_303-1-b;GRI-SF-12.7.2_303-1-c;GRI-SF-12.7.2_303-1-d;GRI-SF-12.8.2_201-1-b;GRI-SF-12.8.2_201-1-a-i;GRI-SF-12.8.2_201-1-a-ii;GRI-SF-12.8.2_201-1-a-iii;GRI-SF-12.8.3_202-2-b;GRI-SF-12.8.3_202-2-d;GRI-SF-12.8.4_203-1-a;GRI-SF-12.8.4_203-1-b;GRI-SF-12.8.4_203-1-c;GRI-SF-12.8.6_204-1-a;GRI-SF-12.8.6_204-1-b;GRI-SF-12.8.6_204-1-c;GRI-SF-12.9.2_413-1-a-i;GRI-SF-12.9.2_413-1-a-ii;GRI-SF-12.9.2_413-1-a-iii;GRI-SF-12.9.2_413-1-a-iv;GRI-SF-12.9.2_413-1-a-v;GRI-SF-12.9.2_413-1-a-vi;GRI-SF-12.9.2_413-1-a-vii;GRI-SF-12.9.2_413-1-a-viii;GRI-SF-12.10.2_3-3-a;GRI-SF-12.10.2_3-3-b;GRI-SF-12.10.2_3-3-c;GRI-SF-12.10.2_3-3-d;GRI-SF-12.10.2_3-3-d-i;GRI-SF-12.10.2_3-3-d-ii;GRI-SF-12.10.2_3-3-d-iii;GRI-SF-12.10.2_3-3-e;GRI-SF-12.10.2_3-3-e-i;GRI-SF-12.10.2_3-3-e-ii;GRI-SF-12.10.2_3-3-e-iii;GRI-SF-12.10.2_3-3-e-iv;GRI-SF-12.10.2_3-3-f;GRI-SF-12.14.3_403-2-a-i;GRI-SF-12.14.3_403-2-a-ii;GRI-SF-12.14.3_403-2-b;GRI-SF-12.14.3_403-2-c;GRI-SF-12.14.3_403-2-d;GRI-SF-12.15.3_401-2-b;GRI-SF-12.15.3_401-2-a-i;GRI-SF-12.15.3_401-2-a-ii;GRI-SF-12.15.3_401-2-a-iii;GRI-SF-12.15.3_401-2-a-iv;GRI-SF-12.15.3_401-2-a-v;GRI-SF-12.15.3_401-2-a-vi;GRI-SF-12.15.3_401-2-a-vii;GRI-SF-12.15.7_404-2-a;GRI-SF-12.15.7_404-2-b;GRI-SF-12.15.9_414-2-a;GRI-SF-12.15.9_414-2-b;GRI-SF-12.15.9_414-2-c;GRI-SF-12.15.9_414-2-d;GRI-SF-12.15.9_414-2-e;GRI-SF-12.19.3_202-2-a;GRI-SF-12.19.3_202-2-b;GRI-SF-12.19.3_202-2-c;GRI-SF-12.19.3_202-2-d;GRI-SF-12.19.7_405-2-b;GRI-SF-12.1.3_302-2-a;GRI-SF-12.1.3_302-2-b;GRI-SF-12.1.3_302-2-c;GRI-SF-12.1.6_305-2-a;GRI-SF-12.1.6_305-2-e;GRI-SF-12.1.6_305-2-g;GRI-SF-12.1.6_305-2-d-i;GRI-SF-12.1.6_305-2-d-ii;GRI-SF-12.1.6_305-2-d-iii;GRI-SF-12.20.3_205-2-a;GRI-SF-12.20.3_205-2-b;GRI-SF-12.20.3_205-2-c;GRI-SF-12.20.3_205-2-d;GRI-SF-12.20.3_205-2-e;GRI-SF-12.21.5_207-2-a-i;GRI-SF-12.21.5_207-2-a-ii;GRI-SF-12.21.5_207-2-a-iii;GRI-SF-12.21.5_207-2-a-iv;GRI-SF-12.21.5_207-2-b;GRI-SF-12.21.5_207-2-c;GRI-SF-12.2.2_201-2-a-ii;GRI-SF-12.2.2_201-2-a-iii;GRI-SF-12.2.2_201-2-a-iv;GRI-SF-12.2.2_201-2-a-v;GRI-SF-12.3.3_404-2-a;GRI-SF-12.3.3_404-2-b;GRI-SF-12.5.3_304-2-a-i;GRI-SF-12.5.3_304-2-a-ii;GRI-SF-12.5.3_304-2-a-iii;GRI-SF-12.5.3_304-2-a-iv;GRI-SF-12.5.3_304-2-a-v;GRI-SF-12.5.3_304-2-a-vi;GRI-SF-12.5.3_304-2-b-i;GRI-SF-12.5.3_304-2-b-ii;GRI-SF-12.5.3_304-2-b-iii;GRI-SF-12.5.3_304-2-b-iv;GRI-SF-12.6.3_306-2-a;GRI-SF-12.6.3_306-2-b;GRI-SF-12.6.3_306-2-c;GRI-SF-12.7.3_303-2-a-i;GRI-SF-12.7.3_303-2-a-ii;GRI-SF-12.7.3_303-2-a-iii;GRI-SF-12.7.3_303-2-a-iv;GRI-SF-12.8.5_203-2-a;GRI-SF-12.8.5_203-2-b;GRI-SF-12.9.3_413-2-a-i;GRI-SF-12.9.3_413-2-a-ii;GRI-SF-12.10.1_3-3-a;GRI-SF-12.10.1_3-3-b;GRI-SF-12.10.1_3-3-c;GRI-SF-12.10.1_3-3-d;GRI-SF-12.10.1_3-3-d-i;GRI-SF-12.10.1_3-3-d-ii;GRI-SF-12.10.1_3-3-d-iii;GRI-SF-12.10.1_3-3-e;GRI-SF-12.10.1_3-3-e-i;GRI-SF-12.10.1_3-3-e-ii;GRI-SF-12.10.1_3-3-e-iii;GRI-SF-12.10.1_3-3-e-iv;GRI-SF-12.10.1_3-3-f;GRI-SF-12.11.1_3-3-a;GRI-SF-12.11.1_3-3-b;GRI-SF-12.11.1_3-3-c;GRI-SF-12.11.1_3-3-d;GRI-SF-12.11.1_3-3-d-i;GRI-SF-12.11.1_3-3-d-ii;GRI-SF-12.11.1_3-3-d-iii;GRI-SF-12.11.1_3-3-e;GRI-SF-12.11.1_3-3-e-i;GRI-SF-12.11.1_3-3-e-ii;GRI-SF-12.11.1_3-3-e-iii;GRI-SF-12.11.1_3-3-e-iv;GRI-SF-12.11.1_3-3-f;GRI-SF-12.11.3_411-1;GRI-SF-12.12.1_3-3-a;GRI-SF-12.12.1_3-3-b;GRI-SF-12.12.1_3-3-c;GRI-SF-12.12.1_3-3-d;GRI-SF-12.12.1_3-3-d-i;GRI-SF-12.12.1_3-3-d-ii;GRI-SF-12.12.1_3-3-d-iii;GRI-SF-12.12.1_3-3-e;GRI-SF-12.12.1_3-3-e-i;GRI-SF-12.12.1_3-3-e-ii;GRI-SF-12.12.1_3-3-e-iii;GRI-SF-12.12.1_3-3-e-iv;GRI-SF-12.12.1_3-3-f;GRI-SF-12.13.1_3-3-a;GRI-SF-12.13.1_3-3-b;GRI-SF-12.13.1_3-3-c;GRI-SF-12.13.1_3-3-d;GRI-SF-12.13.1_3-3-d-i;GRI-SF-12.13.1_3-3-d-ii;GRI-SF-12.13.1_3-3-d-iii;GRI-SF-12.13.1_3-3-e;GRI-SF-12.13.1_3-3-e-i;GRI-SF-12.13.1_3-3-e-ii;GRI-SF-12.13.1_3-3-e-iii;GRI-SF-12.13.1_3-3-e-iv;GRI-SF-12.13.1_3-3-f;GRI-SF-12.13.2_306-3-a;GRI-SF-12.13.2_306-3-c;GRI-SF-12.13.2_306-3-b-i;GRI-SF-12.13.2_306-3-b-ii;GRI-SF-12.13.2_306-3-b-iii;GRI-SF-12.13.3_306-3;GRI-SF-12.14.1_3-3-a;GRI-SF-12.14.1_3-3-b;GRI-SF-12.14.1_3-3-c;GRI-SF-12.14.1_3-3-d;GRI-SF-12.14.1_3-3-d-i;GRI-SF-12.14.1_3-3-d-ii;GRI-SF-12.14.1_3-3-d-iii;GRI-SF-12.14.1_3-3-e;GRI-SF-12.14.1_3-3-e-i;GRI-SF-12.14.1_3-3-e-ii;GRI-SF-12.14.1_3-3-e-iii;GRI-SF-12.14.1_3-3-e-iv;GRI-SF-12.14.1_3-3-f;GRI-SF-12.14.4_403-3-a;GRI-SF-12.15.1_3-3-a;GRI-SF-12.15.1_3-3-b;GRI-SF-12.15.1_3-3-c;GRI-SF-12.15.1_3-3-d;GRI-SF-12.15.1_3-3-d-i;GRI-SF-12.15.1_3-3-d-ii;GRI-SF-12.15.1_3-3-d-iii;GRI-SF-12.15.1_3-3-e;GRI-SF-12.15.1_3-3-e-i;GRI-SF-12.15.1_3-3-e-ii;GRI-SF-12.15.1_3-3-e-iii;GRI-SF-12.15.1_3-3-e-iv;GRI-SF-12.15.1_3-3-f;GRI-SF-12.15.4_401-3-a;GRI-SF-12.15.4_401-3-b;GRI-SF-12.15.4_401-3-c;GRI-SF-12.15.4_401-3-d;GRI-SF-12.15.4_401-3-e;GRI-SF-12.16.1_3-3-a;GRI-SF-12.16.1_3-3-b;GRI-SF-12.16.1_3-3-c;GRI-SF-12.16.1_3-3-d;GRI-SF-12.16.1_3-3-d-i;GRI-SF-12.16.1_3-3-d-ii;GRI-SF-12.16.1_3-3-d-iii;GRI-SF-12.16.1_3-3-e;GRI-SF-12.16.1_3-3-e-i;GRI-SF-12.16.1_3-3-e-ii;GRI-SF-12.16.1_3-3-e-iii;GRI-SF-12.16.1_3-3-e-iv;GRI-SF-12.16.1_3-3-f;GRI-SF-12.17.1_3-3-a;GRI-SF-12.17.1_3-3-b;GRI-SF-12.17.1_3-3-c;GRI-SF-12.17.1_3-3-d;GRI-SF-12.17.1_3-3-d-i;GRI-SF-12.17.1_3-3-d-ii;GRI-SF-12.17.1_3-3-d-iii;GRI-SF-12.17.1_3-3-e;GRI-SF-12.17.1_3-3-e-i;GRI-SF-12.17.1_3-3-e-ii;GRI-SF-12.17.1_3-3-e-iii;GRI-SF-12.17.1_3-3-e-iv;GRI-SF-12.17.1_3-3-f;GRI-SF-12.18.1_3-3-a;GRI-SF-12.18.1_3-3-b;GRI-SF-12.18.1_3-3-c;GRI-SF-12.18.1_3-3-d;GRI-SF-12.18.1_3-3-d-i;GRI-SF-12.18.1_3-3-d-ii;GRI-SF-12.18.1_3-3-d-iii;GRI-SF-12.18.1_3-3-e;GRI-SF-12.18.1_3-3-e-i;GRI-SF-12.18.1_3-3-e-ii;GRI-SF-12.18.1_3-3-e-iii;GRI-SF-12.18.1_3-3-e-iv;GRI-SF-12.18.1_3-3-f;GRI-SF-12.19.1_3-3-a;GRI-SF-12.19.1_3-3-b;GRI-SF-12.19.1_3-3-c;GRI-SF-12.19.1_3-3-d;GRI-SF-12.19.1_3-3-d-i;GRI-SF-12.19.1_3-3-d-ii;GRI-SF-12.19.1_3-3-d-iii;GRI-SF-12.19.1_3-3-e;GRI-SF-12.19.1_3-3-e-i;GRI-SF-12.19.1_3-3-e-ii;GRI-SF-12.19.1_3-3-e-iii;GRI-SF-12.19.1_3-3-e-iv;GRI-SF-12.19.1_3-3-f;GRI-SF-12.19.4_401-3-a;GRI-SF-12.19.4_401-3-b;GRI-SF-12.19.4_401-3-c;GRI-SF-12.19.4_401-3-d;GRI-SF-12.19.4_401-3-e;GRI-SF-12.1.1_3-3-a;GRI-SF-12.1.1_3-3-b;GRI-SF-12.1.1_3-3-c;GRI-SF-12.1.1_3-3-d;GRI-SF-12.1.1_3-3-d-i;GRI-SF-12.1.1_3-3-d-ii;GRI-SF-12.1.1_3-3-d-iii;GRI-SF-12.1.1_3-3-e;GRI-SF-12.1.1_3-3-e-i;GRI-SF-12.1.1_3-3-e-ii;GRI-SF-12.1.1_3-3-e-iii;GRI-SF-12.1.1_3-3-e-iv;GRI-SF-12.1.1_3-3-f;GRI-SF-12.1.4_302-3-a;GRI-SF-12.1.4_302-3-b;GRI-SF-12.1.4_302-3-c;GRI-SF-12.1.4_302-3-d;GRI-SF-12.1.7_305-3-a;GRI-SF-12.1.7_305-3-c;GRI-SF-12.1.7_305-3-d;GRI-SF-12.1.7_305-3-f;GRI-SF-12.1.7_305-3-g;GRI-SF-12.1.7_305-3-e-i;GRI-SF-12.1.7_305-3-e-ii;GRI-SF-12.1.7_305-3-e-iii;GRI-SF-12.20.1_3-3-a;GRI-SF-12.20.1_3-3-b;GRI-SF-12.20.1_3-3-c;GRI-SF-12.20.1_3-3-d;GRI-SF-12.20.1_3-3-d-i;GRI-SF-12.20.1_3-3-d-ii;GRI-SF-12.20.1_3-3-d-iii;GRI-SF-12.20.1_3-3-e;GRI-SF-12.20.1_3-3-e-i;GRI-SF-12.20.1_3-3-e-ii;GRI-SF-12.20.1_3-3-e-iii;GRI-SF-12.20.1_3-3-e-iv;GRI-SF-12.20.1_3-3-f;GRI-SF-12.20.4_205-3-a;GRI-SF-12.20.4_205-3-b;GRI-SF-12.20.4_205-3-c;GRI-SF-12.20.4_205-3-d;GRI-SF-12.21.1_3-3-a;GRI-SF-12.21.1_3-3-b;GRI-SF-12.21.1_3-3-c;GRI-SF-12.21.1_3-3-d;GRI-SF-12.21.1_3-3-d-i;GRI-SF-12.21.1_3-3-d-ii;GRI-SF-12.21.1_3-3-d-iii;GRI-SF-12.21.1_3-3-e;GRI-SF-12.21.1_3-3-e-i;GRI-SF-12.21.1_3-3-e-ii;GRI-SF-12.21.1_3-3-e-iii;GRI-SF-12.21.1_3-3-e-iv;GRI-SF-12.21.1_3-3-f;GRI-SF-12.21.6_207-3-a-i;GRI-SF-12.21.6_207-3-a-ii;GRI-SF-12.21.6_207-3-a-iii;GRI-SF-12.22.1_3-3-a;GRI-SF-12.22.1_3-3-b;GRI-SF-12.22.1_3-3-c;GRI-SF-12.22.1_3-3-d;GRI-SF-12.22.1_3-3-d-i;GRI-SF-12.22.1_3-3-d-ii;GRI-SF-12.22.1_3-3-d-iii;GRI-SF-12.22.1_3-3-e;GRI-SF-12.22.1_3-3-e-i;GRI-SF-12.22.1_3-3-e-ii;GRI-SF-12.22.1_3-3-e-iii;GRI-SF-12.22.1_3-3-e-iv;GRI-SF-12.22.1_3-3-f;GRI-SF-12.2.1_3-3-a;GRI-SF-12.2.1_3-3-b;GRI-SF-12.2.1_3-3-c;GRI-SF-12.2.1_3-3-d;GRI-SF-12.2.1_3-3-d-i;GRI-SF-12.2.1_3-3-d-ii;GRI-SF-12.2.1_3-3-d-iii;GRI-SF-12.2.1_3-3-e;GRI-SF-12.2.1_3-3-e-i;GRI-SF-12.2.1_3-3-e-ii;GRI-SF-12.2.1_3-3-e-iii;GRI-SF-12.2.1_3-3-e-iv;GRI-SF-12.2.1_3-3-f;GRI-SF-12.3.1_3-3-a;GRI-SF-12.3.1_3-3-b;GRI-SF-12.3.1_3-3-c;GRI-SF-12.3.1_3-3-d;GRI-SF-12.3.1_3-3-d-i;GRI-SF-12.3.1_3-3-d-ii;GRI-SF-12.3.1_3-3-d-iii;GRI-SF-12.3.1_3-3-e;GRI-SF-12.3.1_3-3-e-i;GRI-SF-12.3.1_3-3-e-ii;GRI-SF-12.3.1_3-3-e-iii;GRI-SF-12.3.1_3-3-e-iv;GRI-SF-12.3.1_3-3-f;GRI-SF-12.4.1_3-3-a;GRI-SF-12.4.1_3-3-b;GRI-SF-12.4.1_3-3-c;GRI-SF-12.4.1_3-3-d;GRI-SF-12.4.1_3-3-d-i;GRI-SF-12.4.1_3-3-d-ii;GRI-SF-12.4.1_3-3-d-iii;GRI-SF-12.4.1_3-3-e;GRI-SF-12.4.1_3-3-e-i;GRI-SF-12.4.1_3-3-e-ii;GRI-SF-12.4.1_3-3-e-iii;GRI-SF-12.4.1_3-3-e-iv;GRI-SF-12.4.1_3-3-f;GRI-SF-12.5.1_3-3-a;GRI-SF-12.5.1_3-3-b;GRI-SF-12.5.1_3-3-c;GRI-SF-12.5.1_3-3-d;GRI-SF-12.5.1_3-3-d-i;GRI-SF-12.5.1_3-3-d-ii;GRI-SF-12.5.1_3-3-d-iii;GRI-SF-12.5.1_3-3-e;GRI-SF-12.5.1_3-3-e-i;GRI-SF-12.5.1_3-3-e-ii;GRI-SF-12.5.1_3-3-e-iii;GRI-SF-12.5.1_3-3-e-iv;GRI-SF-12.5.1_3-3-f;GRI-SF-12.5.4_304-3-a;GRI-SF-12.5.4_304-3-b;GRI-SF-12.5.4_304-3-c;GRI-SF-12.5.4_304-3-d;GRI-SF-12.6.1_3-3-a;GRI-SF-12.6.1_3-3-b;GRI-SF-12.6.1_3-3-c;GRI-SF-12.6.1_3-3-d;GRI-SF-12.6.1_3-3-d-i;GRI-SF-12.6.1_3-3-d-ii;GRI-SF-12.6.1_3-3-d-iii;GRI-SF-12.6.1_3-3-e;GRI-SF-12.6.1_3-3-e-i;GRI-SF-12.6.1_3-3-e-ii;GRI-SF-12.6.1_3-3-e-iii;GRI-SF-12.6.1_3-3-e-iv;GRI-SF-12.6.1_3-3-f;GRI-SF-12.6.4_306-3-a;GRI-SF-12.6.4_306-3-b;GRI-SF-12.7.1_3-3-a;GRI-SF-12.7.1_3-3-b;GRI-SF-12.7.1_3-3-c;GRI-SF-12.7.1_3-3-d;GRI-SF-12.7.1_3-3-d-i;GRI-SF-12.7.1_3-3-d-ii;GRI-SF-12.7.1_3-3-d-iii;GRI-SF-12.7.1_3-3-e;GRI-SF-12.7.1_3-3-e-i;GRI-SF-12.7.1_3-3-e-ii;GRI-SF-12.7.1_3-3-e-iii;GRI-SF-12.7.1_3-3-e-iv;GRI-SF-12.7.1_3-3-f;GRI-SF-12.7.4_303-3-d;GRI-SF-12.8.1_3-3-a;GRI-SF-12.8.1_3-3-b;GRI-SF-12.8.1_3-3-c;GRI-SF-12.8.1_3-3-d;GRI-SF-12.8.1_3-3-d-i;GRI-SF-12.8.1_3-3-d-ii;GRI-SF-12.8.1_3-3-d-iii;GRI-SF-12.8.1_3-3-e;GRI-SF-12.8.1_3-3-e-i;GRI-SF-12.8.1_3-3-e-ii;GRI-SF-12.8.1_3-3-e-iii;GRI-SF-12.8.1_3-3-e-iv;GRI-SF-12.8.1_3-3-f;GRI-SF-12.9.1_3-3-a;GRI-SF-12.9.1_3-3-b;GRI-SF-12.9.1_3-3-c;GRI-SF-12.9.1_3-3-d;GRI-SF-12.9.1_3-3-d-i;GRI-SF-12.9.1_3-3-d-ii;GRI-SF-12.9.1_3-3-d-iii;GRI-SF-12.9.1_3-3-e;GRI-SF-12.9.1_3-3-e-i;GRI-SF-12.9.1_3-3-e-ii;GRI-SF-12.9.1_3-3-e-iii;GRI-SF-12.9.1_3-3-e-iv;GRI-SF-12.9.1_3-3-f;GRI-SF-12.11.4_411-1;GRI-SF-12.13.4_306-3;GRI-SF-12.14.5_403-4-a;GRI-SF-12.14.5_403-4-b;GRI-SF-12.1.8_305-4-a;GRI-SF-12.1.8_305-4-b;GRI-SF-12.21.3_201-4-b;GRI-SF-12.21.3_201-4-c;GRI-SF-12.21.7_207-4-a;GRI-SF-12.21.7_207-4-c;GRI-SF-12.3.4;GRI-SF-12.5.5_304-4-a;GRI-SF-12.6.5_306-4-a;GRI-SF-12.6.5_306-4-b-i;GRI-SF-12.6.5_306-4-b-ii;GRI-SF-12.6.5_306-4-b-iii;GRI-SF-12.6.5_306-4-c-i;GRI-SF-12.6.5_306-4-c-ii;GRI-SF-12.6.5_306-4-c-iii;GRI-SF-12.6.5_306-4-d-i;GRI-SF-12.6.5_306-4-d-ii;GRI-SF-12.6.5_306-4-e;GRI-SF-12.7.5_303-4-d;GRI-SF-12.7.5_303-4-d-i;GRI-SF-12.7.5_303-4-d-ii;GRI-SF-12.7.5_303-4-d-iii;GRI-SF-12.7.5_303-4-e;GRI-SF-12.9.4_413-2;GRI-SF-12.14.6_403-5-a;GRI-SF-12.20.5_205-3;GRI-SF-12.2.3_305-5-a;GRI-SF-12.2.3_305-5-c;GRI-SF-12.2.3_305-5-e;GRI-SF-12.3.5;GRI-SF-12.6.6_306-5-a;GRI-SF-12.6.6_306-5-b-i;GRI-SF-12.6.6_306-5-b-ii;GRI-SF-12.6.6_306-5-b-iii;GRI-SF-12.6.6_306-5-b-iv;GRI-SF-12.6.6_306-5-c-i;GRI-SF-12.6.6_306-5-c-ii;GRI-SF-12.6.6_306-5-c-iii;GRI-SF-12.6.6_306-5-c-iv;GRI-SF-12.6.6_306-5-d-i;GRI-SF-12.6.6_306-5-d-ii;GRI-SF-12.6.6_306-5-e;GRI-SF-12.7.6_303-5-a;GRI-SF-12.7.6_303-5-b;GRI-SF-12.7.6_303-5-c;GRI-SF-12.7.6_303-5-d;GRI-SF-12.14.7_403-6-a;GRI-SF-12.14.7_403-6-b;GRI-SF-12.20.6_205-3;GRI-SF-12.3.6;GRI-SF-12.14.8_403-7-a;GRI-SF-12.4.2_305-7-b;GRI-SF-12.4.2_305-7-c;GRI-SF-12.4.2_305-7-a-i;GRI-SF-12.4.2_305-7-a-ii;GRI-SF-12.4.2_305-7-a-iii;GRI-SF-12.4.2_305-7-a-iv;GRI-SF-12.4.2_305-7-a-v;GRI-SF-12.4.2_305-7-a-vi;GRI-SF-12.4.2_305-7-a-vii;GRI-SF-12.14.9_403-8-a-i;GRI-SF-12.14.9_403-8-a-ii;GRI-SF-12.14.9_403-8-a-iii;GRI-SF-12.14.9_403-8-b;GRI-SF-12.14.9_403-8-c;GRI-SF-12.21.8;GRI-SF-12.14.10_403-9-a-i;GRI-SF-12.14.10_403-9-a-ii;GRI-SF-12.14.10_403-9-a-iii;GRI-SF-12.14.10_403-9-a-iv;GRI-SF-12.14.10_403-9-a-v;GRI-SF-12.14.10_403-9-b-i;GRI-SF-12.14.10_403-9-b-ii;GRI-SF-12.14.10_403-9-b-iii;GRI-SF-12.14.10_403-9-b-iv;GRI-SF-12.14.10_403-9-b-v;GRI-SF-12.14.10_403-9-c-i;GRI-SF-12.14.10_403-9-c-ii;GRI-SF-12.14.10_403-9-c-iii;GRI-SF-12.14.10_403-9-d;GRI-SF-12.14.10_403-9-e;GRI-SF-12.14.10_403-9-f;GRI-SF-12.14.10_403-9-g;GRI-SF-12.14.11_403-10-a-i;GRI-SF-12.14.11_403-10-a-ii;GRI-SF-12.14.11_403-10-a-iii;GRI-SF-12.14.11_403-10-b-i;GRI-SF-12.14.11_403-10-b-ii;GRI-SF-12.14.11_403-10-b-iii;GRI-SF-12.14.11_403-10-c;GRI-SF-12.14.11_403-10-c-i;GRI-SF-12.14.11_403-10-c-ii;GRI-SF-12.14.11_403-10-c-iii;GRI-SF-12.14.11_403-10-d;GRI-SF-12.14.11_403-10-e;GRI-SF-13.10.2_416-1-a;GRI-SF-13.12.2_413-1-a-i;GRI-SF-13.12.2_413-1-a-ii;GRI-SF-13.12.2_413-1-a-iii;GRI-SF-13.12.2_413-1-a-iv;GRI-SF-13.12.2_413-1-a-v;GRI-SF-13.12.2_413-1-a-vi;GRI-SF-13.12.2_413-1-a-vii;GRI-SF-13.12.2_413-1-a-viii;GRI-SF-13.14.2_411-1-a;GRI-SF-13.14.2_411-1-b-i;GRI-SF-13.14.2_411-1-b-ii;GRI-SF-13.14.2_411-1-b-iii;GRI-SF-13.14.2_411-1-b-iv;GRI-SF-13.15.4_406-1-a;GRI-SF-13.15.4_406-1-b-i;GRI-SF-13.15.4_406-1-b-ii;GRI-SF-13.15.4_406-1-b-iii;GRI-SF-13.15.4_406-1-b-iv;GRI-SF-13.16.2_409-1-a-i;GRI-SF-13.16.2_409-1-a-ii;GRI-SF-13.16.2_409-1-b;GRI-SF-13.17.2_408-1-a-i;GRI-SF-13.17.2_408-1-a-ii;GRI-SF-13.17.2_408-1-b-i;GRI-SF-13.17.2_408-1-b-ii;GRI-SF-13.17.2_408-1-c;GRI-SF-13.18.2_407-1-a-i;GRI-SF-13.18.2_407-1-a-ii;GRI-SF-13.18.2_407-1-b;GRI-SF-13.19.2_403-1-a-i;GRI-SF-13.19.2_403-1-a-ii;GRI-SF-13.19.2_403-1-b;GRI-SF-13.1.2_305-1-a;GRI-SF-13.1.2_305-1-c;GRI-SF-13.1.2_305-1-e;GRI-SF-13.1.2_305-1-g;GRI-SF-13.1.2_305-1-d-i;GRI-SF-13.1.2_305-1-d-ii;GRI-SF-13.1.2_305-1-d-iii;GRI-SF-13.22.2_201-1-b;GRI-SF-13.22.2_201-1-a-i;GRI-SF-13.22.2_201-1-a-ii;GRI-SF-13.22.2_201-1-a-iii;GRI-SF-13.22.3_203-1-a;GRI-SF-13.22.3_203-1-b;GRI-SF-13.22.3_203-1-c;GRI-SF-13.24.2_415-1-a;GRI-SF-13.24.2_415-1-b;GRI-SF-13.25.2_206-1-a;GRI-SF-13.25.2_206-1-b;GRI-SF-13.26.2_205-1-a;GRI-SF-13.26.2_205-1-b;GRI-SF-13.3.2_304-1-a-i;GRI-SF-13.3.2_304-1-a-ii;GRI-SF-13.3.2_304-1-a-iii;GRI-SF-13.3.2_304-1-a-iv;GRI-SF-13.3.2_304-1-a-v;GRI-SF-13.3.2_304-1-a-vi;GRI-SF-13.3.2_304-1-a-vii;GRI-SF-13.7.2_303-1-a;GRI-SF-13.7.2_303-1-b;GRI-SF-13.7.2_303-1-c;GRI-SF-13.7.2_303-1-d;GRI-SF-13.8.2_306-1-a-i;GRI-SF-13.8.2_306-1-a-ii;GRI-SF-13.10.3_416-2-a;GRI-SF-13.10.3_416-2-a-i;GRI-SF-13.10.3_416-2-a-ii;GRI-SF-13.10.3_416-2-a-iii;GRI-SF-13.10.3_416-2-b;GRI-SF-13.11.2;GRI-SF-13.12.3_413-2-a-i;GRI-SF-13.12.3_413-2-a-ii;GRI-SF-13.13.2_3-3;GRI-SF-13.15.3_405-2-b;GRI-SF-13.19.3_403-2-a-i;GRI-SF-13.19.3_403-2-a-ii;GRI-SF-13.19.3_403-2-b;GRI-SF-13.19.3_403-2-c;GRI-SF-13.19.3_403-2-d;GRI-SF-13.1.3_305-2-a;GRI-SF-13.1.3_305-2-e;GRI-SF-13.1.3_305-2-g;GRI-SF-13.1.3_305-2-d-i;GRI-SF-13.1.3_305-2-d-ii;GRI-SF-13.1.3_305-2-d-iii;GRI-SF-13.21.2;GRI-SF-13.22.4_203-2-a;GRI-SF-13.22.4_203-2-b;GRI-SF-13.23.2_3-3;GRI-SF-13.26.3_205-2-a;GRI-SF-13.26.3_205-2-b;GRI-SF-13.26.3_205-2-c;GRI-SF-13.26.3_205-2-d;GRI-SF-13.26.3_205-2-e;GRI-SF-13.2.2_201-2-a-ii;GRI-SF-13.2.2_201-2-a-iii;GRI-SF-13.2.2_201-2-a-iv;GRI-SF-13.2.2_201-2-a-v;GRI-SF-13.3.3_304-2-a-i;GRI-SF-13.3.3_304-2-a-ii;GRI-SF-13.3.3_304-2-a-iii;GRI-SF-13.3.3_304-2-a-iv;GRI-SF-13.3.3_304-2-a-v;GRI-SF-13.3.3_304-2-a-vi;GRI-SF-13.3.3_304-2-b-i;GRI-SF-13.3.3_304-2-b-ii;GRI-SF-13.3.3_304-2-b-iii;GRI-SF-13.3.3_304-2-b-iv;GRI-SF-13.4.2;GRI-SF-13.6.2;GRI-SF-13.7.3_303-2-a-i;GRI-SF-13.7.3_303-2-a-ii;GRI-SF-13.7.3_303-2-a-iii;GRI-SF-13.7.3_303-2-a-iv;GRI-SF-13.8.3_306-2-a;GRI-SF-13.8.3_306-2-b;GRI-SF-13.8.3_306-2-c;GRI-SF-13.9.2;GRI-SF-13.10.1_3-3-a;GRI-SF-13.10.1_3-3-b;GRI-SF-13.10.1_3-3-c;GRI-SF-13.10.1_3-3-d;GRI-SF-13.10.1_3-3-d-i;GRI-SF-13.10.1_3-3-d-ii;GRI-SF-13.10.1_3-3-d-iii;GRI-SF-13.10.1_3-3-e;GRI-SF-13.10.1_3-3-e-i;GRI-SF-13.10.1_3-3-e-ii;GRI-SF-13.10.1_3-3-e-iii;GRI-SF-13.10.1_3-3-e-iv;GRI-SF-13.10.1_3-3-f;GRI-SF-13.11.1_3-3-a;GRI-SF-13.11.1_3-3-b;GRI-SF-13.11.1_3-3-c;GRI-SF-13.11.1_3-3-d;GRI-SF-13.11.1_3-3-d-i;GRI-SF-13.11.1_3-3-d-ii;GRI-SF-13.11.1_3-3-d-iii;GRI-SF-13.11.1_3-3-e;GRI-SF-13.11.1_3-3-e-i;GRI-SF-13.11.1_3-3-e-ii;GRI-SF-13.11.1_3-3-e-iii;GRI-SF-13.11.1_3-3-e-iv;GRI-SF-13.11.1_3-3-f;GRI-SF-13.11.3;GRI-SF-13.12.1_3-3-a;GRI-SF-13.12.1_3-3-b;GRI-SF-13.12.1_3-3-c;GRI-SF-13.12.1_3-3-d;GRI-SF-13.12.1_3-3-d-i;GRI-SF-13.12.1_3-3-d-ii;GRI-SF-13.12.1_3-3-d-iii;GRI-SF-13.12.1_3-3-e;GRI-SF-13.12.1_3-3-e-i;GRI-SF-13.12.1_3-3-e-ii;GRI-SF-13.12.1_3-3-e-iii;GRI-SF-13.12.1_3-3-e-iv;GRI-SF-13.12.1_3-3-f;GRI-SF-13.13.1_3-3-a;GRI-SF-13.13.1_3-3-b;GRI-SF-13.13.1_3-3-c;GRI-SF-13.13.1_3-3-d;GRI-SF-13.13.1_3-3-d-i;GRI-SF-13.13.1_3-3-d-ii;GRI-SF-13.13.1_3-3-d-iii;GRI-SF-13.13.1_3-3-e;GRI-SF-13.13.1_3-3-e-i;GRI-SF-13.13.1_3-3-e-ii;GRI-SF-13.13.1_3-3-e-iii;GRI-SF-13.13.1_3-3-e-iv;GRI-SF-13.13.1_3-3-f;GRI-SF-13.13.3;GRI-SF-13.14.1_3-3-a;GRI-SF-13.14.1_3-3-b;GRI-SF-13.14.1_3-3-c;GRI-SF-13.14.1_3-3-d;GRI-SF-13.14.1_3-3-d-i;GRI-SF-13.14.1_3-3-d-ii;GRI-SF-13.14.1_3-3-d-iii;GRI-SF-13.14.1_3-3-e;GRI-SF-13.14.1_3-3-e-i;GRI-SF-13.14.1_3-3-e-ii;GRI-SF-13.14.1_3-3-e-iii;GRI-SF-13.14.1_3-3-e-iv;GRI-SF-13.14.1_3-3-f;GRI-SF-13.14.3_411-1;GRI-SF-13.15.1_3-3-a;GRI-SF-13.15.1_3-3-b;GRI-SF-13.15.1_3-3-c;GRI-SF-13.15.1_3-3-d;GRI-SF-13.15.1_3-3-d-i;GRI-SF-13.15.1_3-3-d-ii;GRI-SF-13.15.1_3-3-d-iii;GRI-SF-13.15.1_3-3-e;GRI-SF-13.15.1_3-3-e-i;GRI-SF-13.15.1_3-3-e-ii;GRI-SF-13.15.1_3-3-e-iii;GRI-SF-13.15.1_3-3-e-iv;GRI-SF-13.15.1_3-3-f;GRI-SF-13.16.1_3-3-a;GRI-SF-13.16.1_3-3-b;GRI-SF-13.16.1_3-3-c;GRI-SF-13.16.1_3-3-d;GRI-SF-13.16.1_3-3-d-i;GRI-SF-13.16.1_3-3-d-ii;GRI-SF-13.16.1_3-3-d-iii;GRI-SF-13.16.1_3-3-e;GRI-SF-13.16.1_3-3-e-i;GRI-SF-13.16.1_3-3-e-ii;GRI-SF-13.16.1_3-3-e-iii;GRI-SF-13.16.1_3-3-e-iv;GRI-SF-13.16.1_3-3-f;GRI-SF-13.17.1_3-3-a;GRI-SF-13.17.1_3-3-b;GRI-SF-13.17.1_3-3-c;GRI-SF-13.17.1_3-3-d;GRI-SF-13.17.1_3-3-d-i;GRI-SF-13.17.1_3-3-d-ii;GRI-SF-13.17.1_3-3-d-iii;GRI-SF-13.17.1_3-3-e;GRI-SF-13.17.1_3-3-e-i;GRI-SF-13.17.1_3-3-e-ii;GRI-SF-13.17.1_3-3-e-iii;GRI-SF-13.17.1_3-3-e-iv;GRI-SF-13.17.1_3-3-f;GRI-SF-13.18.1_3-3-a;GRI-SF-13.18.1_3-3-b;GRI-SF-13.18.1_3-3-c;GRI-SF-13.18.1_3-3-d;GRI-SF-13.18.1_3-3-d-i;GRI-SF-13.18.1_3-3-d-ii;GRI-SF-13.18.1_3-3-d-iii;GRI-SF-13.18.1_3-3-e;GRI-SF-13.18.1_3-3-e-i;GRI-SF-13.18.1_3-3-e-ii;GRI-SF-13.18.1_3-3-e-iii;GRI-SF-13.18.1_3-3-e-iv;GRI-SF-13.18.1_3-3-f;GRI-SF-13.19.1_3-3-a;GRI-SF-13.19.1_3-3-b;GRI-SF-13.19.1_3-3-c;GRI-SF-13.19.1_3-3-d;GRI-SF-13.19.1_3-3-d-i;GRI-SF-13.19.1_3-3-d-ii;GRI-SF-13.19.1_3-3-d-iii;GRI-SF-13.19.1_3-3-e;GRI-SF-13.19.1_3-3-e-i;GRI-SF-13.19.1_3-3-e-ii;GRI-SF-13.19.1_3-3-e-iii;GRI-SF-13.19.1_3-3-e-iv;GRI-SF-13.19.1_3-3-f;GRI-SF-13.19.4_403-3-a;GRI-SF-13.1.1_3-3-a;GRI-SF-13.1.1_3-3-b;GRI-SF-13.1.1_3-3-c;GRI-SF-13.1.1_3-3-d;GRI-SF-13.1.1_3-3-d-i;GRI-SF-13.1.1_3-3-d-ii;GRI-SF-13.1.1_3-3-d-iii;GRI-SF-13.1.1_3-3-e;GRI-SF-13.1.1_3-3-e-i;GRI-SF-13.1.1_3-3-e-ii;GRI-SF-13.1.1_3-3-e-iii;GRI-SF-13.1.1_3-3-e-iv;GRI-SF-13.1.1_3-3-f;GRI-SF-13.1.4_305-3-a;GRI-SF-13.1.4_305-3-c;GRI-SF-13.1.4_305-3-d;GRI-SF-13.1.4_305-3-f;GRI-SF-13.1.4_305-3-g;GRI-SF-13.1.4_305-3-e-i;GRI-SF-13.1.4_305-3-e-ii;GRI-SF-13.1.4_305-3-e-iii;GRI-SF-13.20.1_3-3-a;GRI-SF-13.20.1_3-3-b;GRI-SF-13.20.1_3-3-c;GRI-SF-13.20.1_3-3-d;GRI-SF-13.20.1_3-3-d-i;GRI-SF-13.20.1_3-3-d-ii;GRI-SF-13.20.1_3-3-d-iii;GRI-SF-13.20.1_3-3-e;GRI-SF-13.20.1_3-3-e-i;GRI-SF-13.20.1_3-3-e-ii;GRI-SF-13.20.1_3-3-e-iii;GRI-SF-13.20.1_3-3-e-iv;GRI-SF-13.20.1_3-3-f;GRI-SF-13.21.1_3-3-a;GRI-SF-13.21.1_3-3-b;GRI-SF-13.21.1_3-3-c;GRI-SF-13.21.1_3-3-d;GRI-SF-13.21.1_3-3-d-i;GRI-SF-13.21.1_3-3-d-ii;GRI-SF-13.21.1_3-3-d-iii;GRI-SF-13.21.1_3-3-e;GRI-SF-13.21.1_3-3-e-i;GRI-SF-13.21.1_3-3-e-ii;GRI-SF-13.21.1_3-3-e-iii;GRI-SF-13.21.1_3-3-e-iv;GRI-SF-13.21.1_3-3-f;GRI-SF-13.21.3;GRI-SF-13.22.1_3-3-a;GRI-SF-13.22.1_3-3-b;GRI-SF-13.22.1_3-3-c;GRI-SF-13.22.1_3-3-d;GRI-SF-13.22.1_3-3-d-i;GRI-SF-13.22.1_3-3-d-ii;GRI-SF-13.22.1_3-3-d-iii;GRI-SF-13.22.1_3-3-e;GRI-SF-13.22.1_3-3-e-i;GRI-SF-13.22.1_3-3-e-ii;GRI-SF-13.22.1_3-3-e-iii;GRI-SF-13.22.1_3-3-e-iv;GRI-SF-13.22.1_3-3-f;GRI-SF-13.23.1_3-3-a;GRI-SF-13.23.1_3-3-b;GRI-SF-13.23.1_3-3-c;GRI-SF-13.23.1_3-3-d;GRI-SF-13.23.1_3-3-d-i;GRI-SF-13.23.1_3-3-d-ii;GRI-SF-13.23.1_3-3-d-iii;GRI-SF-13.23.1_3-3-e;GRI-SF-13.23.1_3-3-e-i;GRI-SF-13.23.1_3-3-e-ii;GRI-SF-13.23.1_3-3-e-iii;GRI-SF-13.23.1_3-3-e-iv;GRI-SF-13.23.1_3-3-f;GRI-SF-13.23.3;GRI-SF-13.24.1_3-3-a;GRI-SF-13.24.1_3-3-b;GRI-SF-13.24.1_3-3-c;GRI-SF-13.24.1_3-3-d;GRI-SF-13.24.1_3-3-d-i;GRI-SF-13.24.1_3-3-d-ii;GRI-SF-13.24.1_3-3-d-iii;GRI-SF-13.24.1_3-3-e;GRI-SF-13.24.1_3-3-e-i;GRI-SF-13.24.1_3-3-e-ii;GRI-SF-13.24.1_3-3-e-iii;GRI-SF-13.24.1_3-3-e-iv;GRI-SF-13.24.1_3-3-f;GRI-SF-13.25.1_3-3-a;GRI-SF-13.25.1_3-3-b;GRI-SF-13.25.1_3-3-c;GRI-SF-13.25.1_3-3-d;GRI-SF-13.25.1_3-3-d-i;GRI-SF-13.25.1_3-3-d-ii;GRI-SF-13.25.1_3-3-d-iii;GRI-SF-13.25.1_3-3-e;GRI-SF-13.25.1_3-3-e-i;GRI-SF-13.25.1_3-3-e-ii;GRI-SF-13.25.1_3-3-e-iii;GRI-SF-13.25.1_3-3-e-iv;GRI-SF-13.25.1_3-3-f;GRI-SF-13.26.1_3-3-a;GRI-SF-13.26.1_3-3-b;GRI-SF-13.26.1_3-3-c;GRI-SF-13.26.1_3-3-d;GRI-SF-13.26.1_3-3-d-i;GRI-SF-13.26.1_3-3-d-ii;GRI-SF-13.26.1_3-3-d-iii;GRI-SF-13.26.1_3-3-e;GRI-SF-13.26.1_3-3-e-i;GRI-SF-13.26.1_3-3-e-ii;GRI-SF-13.26.1_3-3-e-iii;GRI-SF-13.26.1_3-3-e-iv;GRI-SF-13.26.1_3-3-f;GRI-SF-13.26.4_205-3-a;GRI-SF-13.26.4_205-3-b;GRI-SF-13.26.4_205-3-c;GRI-SF-13.26.4_205-3-d;GRI-SF-13.2.1_3-3-a;GRI-SF-13.2.1_3-3-b;GRI-SF-13.2.1_3-3-c;GRI-SF-13.2.1_3-3-d;GRI-SF-13.2.1_3-3-d-i;GRI-SF-13.2.1_3-3-d-ii;GRI-SF-13.2.1_3-3-d-iii;GRI-SF-13.2.1_3-3-e;GRI-SF-13.2.1_3-3-e-i;GRI-SF-13.2.1_3-3-e-ii;GRI-SF-13.2.1_3-3-e-iii;GRI-SF-13.2.1_3-3-e-iv;GRI-SF-13.2.1_3-3-f;GRI-SF-13.3.1_3-3-a;GRI-SF-13.3.1_3-3-b;GRI-SF-13.3.1_3-3-c;GRI-SF-13.3.1_3-3-d;GRI-SF-13.3.1_3-3-d-i;GRI-SF-13.3.1_3-3-d-ii;GRI-SF-13.3.1_3-3-d-iii;GRI-SF-13.3.1_3-3-e;GRI-SF-13.3.1_3-3-e-i;GRI-SF-13.3.1_3-3-e-ii;GRI-SF-13.3.1_3-3-e-iii;GRI-SF-13.3.1_3-3-e-iv;GRI-SF-13.3.1_3-3-f;GRI-SF-13.3.4_304-3-a;GRI-SF-13.3.4_304-3-b;GRI-SF-13.3.4_304-3-c;GRI-SF-13.3.4_304-3-d;GRI-SF-13.4.1_3-3-a;GRI-SF-13.4.1_3-3-b;GRI-SF-13.4.1_3-3-c;GRI-SF-13.4.1_3-3-d;GRI-SF-13.4.1_3-3-d-i;GRI-SF-13.4.1_3-3-d-ii;GRI-SF-13.4.1_3-3-d-iii;GRI-SF-13.4.1_3-3-e;GRI-SF-13.4.1_3-3-e-i;GRI-SF-13.4.1_3-3-e-ii;GRI-SF-13.4.1_3-3-e-iii;GRI-SF-13.4.1_3-3-e-iv;GRI-SF-13.4.1_3-3-f;GRI-SF-13.4.3;GRI-SF-13.5.1_3-3-a;GRI-SF-13.5.1_3-3-b;GRI-SF-13.5.1_3-3-c;GRI-SF-13.5.1_3-3-d;GRI-SF-13.5.1_3-3-d-i;GRI-SF-13.5.1_3-3-d-ii;GRI-SF-13.5.1_3-3-d-iii;GRI-SF-13.5.1_3-3-e;GRI-SF-13.5.1_3-3-e-i;GRI-SF-13.5.1_3-3-e-ii;GRI-SF-13.5.1_3-3-e-iii;GRI-SF-13.5.1_3-3-e-iv;GRI-SF-13.5.1_3-3-f;GRI-SF-13.6.1_3-3-a;GRI-SF-13.6.1_3-3-b;GRI-SF-13.6.1_3-3-c;GRI-SF-13.6.1_3-3-d;GRI-SF-13.6.1_3-3-d-i;GRI-SF-13.6.1_3-3-d-ii;GRI-SF-13.6.1_3-3-d-iii;GRI-SF-13.6.1_3-3-e;GRI-SF-13.6.1_3-3-e-i;GRI-SF-13.6.1_3-3-e-ii;GRI-SF-13.6.1_3-3-e-iii;GRI-SF-13.6.1_3-3-e-iv;GRI-SF-13.6.1_3-3-f;GRI-SF-13.7.1_3-3-a;GRI-SF-13.7.1_3-3-b;GRI-SF-13.7.1_3-3-c;GRI-SF-13.7.1_3-3-d;GRI-SF-13.7.1_3-3-d-i;GRI-SF-13.7.1_3-3-d-ii;GRI-SF-13.7.1_3-3-d-iii;GRI-SF-13.7.1_3-3-e;GRI-SF-13.7.1_3-3-e-i;GRI-SF-13.7.1_3-3-e-ii;GRI-SF-13.7.1_3-3-e-iii;GRI-SF-13.7.1_3-3-e-iv;GRI-SF-13.7.1_3-3-f;GRI-SF-13.7.4_303-3-d;GRI-SF-13.8.1_3-3-a;GRI-SF-13.8.1_3-3-b;GRI-SF-13.8.1_3-3-c;GRI-SF-13.8.1_3-3-d;GRI-SF-13.8.1_3-3-d-i;GRI-SF-13.8.1_3-3-d-ii;GRI-SF-13.8.1_3-3-d-iii;GRI-SF-13.8.1_3-3-e;GRI-SF-13.8.1_3-3-e-i;GRI-SF-13.8.1_3-3-e-ii;GRI-SF-13.8.1_3-3-e-iii;GRI-SF-13.8.1_3-3-e-iv;GRI-SF-13.8.1_3-3-f;GRI-SF-13.8.4_306-3-a;GRI-SF-13.8.4_306-3-b;GRI-SF-13.9.1_3-3-a;GRI-SF-13.9.1_3-3-b;GRI-SF-13.9.1_3-3-c;GRI-SF-13.9.1_3-3-d;GRI-SF-13.9.1_3-3-d-i;GRI-SF-13.9.1_3-3-d-ii;GRI-SF-13.9.1_3-3-d-iii;GRI-SF-13.9.1_3-3-e;GRI-SF-13.9.1_3-3-e-i;GRI-SF-13.9.1_3-3-e-ii;GRI-SF-13.9.1_3-3-e-iii;GRI-SF-13.9.1_3-3-e-iv;GRI-SF-13.9.1_3-3-f;GRI-SF-13.10.4_416-2;GRI-SF-13.14.4_411-1;GRI-SF-13.19.5_403-4-a;GRI-SF-13.19.5_403-4-b;GRI-SF-13.1.5_305-4-a;GRI-SF-13.1.5_305-4-b;GRI-SF-13.23.4_3-3;GRI-SF-13.3.5_304-4-a;GRI-SF-13.4.4;GRI-SF-13.7.5_303-4-d;GRI-SF-13.7.5_303-4-d-i;GRI-SF-13.7.5_303-4-d-ii;GRI-SF-13.7.5_303-4-d-iii;GRI-SF-13.7.5_303-4-e;GRI-SF-13.8.5_306-4-a;GRI-SF-13.8.5_306-4-b-i;GRI-SF-13.8.5_306-4-b-ii;GRI-SF-13.8.5_306-4-b-iii;GRI-SF-13.8.5_306-4-c-i;GRI-SF-13.8.5_306-4-c-ii;GRI-SF-13.8.5_306-4-c-iii;GRI-SF-13.8.5_306-4-d-i;GRI-SF-13.8.5_306-4-d-ii;GRI-SF-13.8.5_306-4-e;GRI-SF-13.10.5.number_of_recalls;GRI-SF-13.10.5.total_products_recalled;GRI-SF-13.15.5_406-1;GRI-SF-13.19.6_403-5-a;GRI-SF-13.1.6_305-5-a;GRI-SF-13.1.6_305-5-c;GRI-SF-13.1.6_305-5-e;GRI-SF-13.4.5;GRI-SF-13.7.6_303-5-a;GRI-SF-13.7.6_303-5-b;GRI-SF-13.7.6_303-5-c;GRI-SF-13.7.6_303-5-d;GRI-SF-13.8.6_306-5-a;GRI-SF-13.8.6_306-5-b-i;GRI-SF-13.8.6_306-5-b-ii;GRI-SF-13.8.6_306-5-b-iii;GRI-SF-13.8.6_306-5-b-iv;GRI-SF-13.8.6_306-5-c-i;GRI-SF-13.8.6_306-5-c-ii;GRI-SF-13.8.6_306-5-c-iii;GRI-SF-13.8.6_306-5-c-iv;GRI-SF-13.8.6_306-5-d-i;GRI-SF-13.8.6_306-5-d-ii;GRI-SF-13.8.6_306-5-e;GRI-SF-13.19.7_403-6-a;GRI-SF-13.19.7_403-6-b;GRI-SF-13.1.7_305-6-b;GRI-SF-13.1.7_305-6-c;GRI-SF-13.1.7_305-6-d;GRI-SF-13.3.6;GRI-SF-13.19.8_403-7-a;GRI-SF-13.1.8_305-7-b;GRI-SF-13.1.8_305-7-c;GRI-SF-13.1.8_305-7-a-i;GRI-SF-13.1.8_305-7-a-ii;GRI-SF-13.1.8_305-7-a-iii;GRI-SF-13.1.8_305-7-a-iv;GRI-SF-13.1.8_305-7-a-v;GRI-SF-13.1.8_305-7-a-vi;GRI-SF-13.1.8_305-7-a-vii;GRI-SF-13.3.7;GRI-SF-13.19.9_403-8-a-i;GRI-SF-13.19.9_403-8-a-ii;GRI-SF-13.19.9_403-8-a-iii;GRI-SF-13.19.9_403-8-b;GRI-SF-13.19.9_403-8-c;GRI-SF-13.19.10_403-9-a-i;GRI-SF-13.19.10_403-9-a-i-rate;GRI-SF-13.19.10_403-9-a-ii;GRI-SF-13.19.10_403-9-a-ii-rate;GRI-SF-13.19.10_403-9-a-iii;GRI-SF-13.19.10_403-9-a-iii-rate;GRI-SF-13.19.10_403-9-a-iv;GRI-SF-13.19.10_403-9-a-v;GRI-SF-13.19.10_403-9-b-i;GRI-SF-13.19.10_403-9-b-i-rate;GRI-SF-13.19.10_403-9-b-ii;GRI-SF-13.19.10_403-9-b-ii-rate;GRI-SF-13.19.10_403-9-b-iii;GRI-SF-13.19.10_403-9-b-iii-rate;GRI-SF-13.19.10_403-9-b-iv;GRI-SF-13.19.10_403-9-b-v;GRI-SF-13.19.10_403-9-c;GRI-SF-13.19.10_403-9-c-i;GRI-SF-13.19.10_403-9-c-ii;GRI-SF-13.19.10_403-9-c-iii;GRI-SF-13.19.10_403-9-d;GRI-SF-13.19.10_403-9-e;GRI-SF-13.19.10_403-9-f;GRI-SF-13.19.10_403-9-g;GRI-SF-13.19.11_403-10-a-i;GRI-SF-13.19.11_403-10-a-ii;GRI-SF-13.19.11_403-10-a-iii;GRI-SF-13.19.11_403-10-b-i;GRI-SF-13.19.11_403-10-b-ii;GRI-SF-13.19.11_403-10-b-iii;GRI-SF-13.19.11_403-10-c;GRI-SF-13.19.11_403-10-c-i;GRI-SF-13.19.11_403-10-c-ii;GRI-SF-13.19.11_403-10-c-iii;GRI-SF-13.19.11_403-10-d;GRI-SF-13.19.11_403-10-e;GRI-SF-14.0.1;GRI-SF-14.10.2_413-1-a-i;GRI-SF-14.10.2_413-1-a-ii;GRI-SF-14.10.2_413-1-a-iii;GRI-SF-14.10.2_413-1-a-iv;GRI-SF-14.10.2_413-1-a-v;GRI-SF-14.10.2_413-1-a-vi;GRI-SF-14.10.2_413-1-a-vii;GRI-SF-14.10.2_413-1-a-viii;GRI-SF-14.11.2_411-1-a;GRI-SF-14.11.2_411-1-b-i;GRI-SF-14.11.2_411-1-b-ii;GRI-SF-14.11.2_411-1-b-iii;GRI-SF-14.11.2_411-1-b-iv;GRI-SF-14.14.2_410-1-a;GRI-SF-14.14.2_410-1-b;GRI-SF-14.16.2_403-1-a-i;GRI-SF-14.16.2_403-1-a-ii;GRI-SF-14.16.2_403-1-b;GRI-SF-14.17.2_202-1-b;GRI-SF-14.17.2_202-1-d;GRI-SF-14.17.3_401-1-a;GRI-SF-14.17.3_401-1-b;GRI-SF-14.17.6_402-1-a;GRI-SF-14.17.6_402-1-b;GRI-SF-14.17.7_404-1-a;GRI-SF-14.17.9_414-1-a;GRI-SF-14.18.2_408-1-a-i;GRI-SF-14.18.2_408-1-a-ii;GRI-SF-14.18.2_408-1-b-i;GRI-SF-14.18.2_408-1-b-ii;GRI-SF-14.18.2_408-1-c;GRI-SF-14.18.3_414-1-a;GRI-SF-14.19.2_409-1-a-i;GRI-SF-14.19.2_409-1-a-ii;GRI-SF-14.19.2_409-1-b;GRI-SF-14.19.3_414-1-a;GRI-SF-14.1.2_302-1-a;GRI-SF-14.1.2_302-1-b;GRI-SF-14.1.2_302-1-e;GRI-SF-14.1.2_302-1-f;GRI-SF-14.1.2_302-1-g;GRI-SF-14.1.2_302-1-c-i;GRI-SF-14.1.2_302-1-c-ii;GRI-SF-14.1.2_302-1-c-iii;GRI-SF-14.1.2_302-1 c-iv;GRI-SF-14.1.2_302-1-d-i;GRI-SF-14.1.2_302-1-d-ii;GRI-SF-14.1.2_302-1-d-iii;GRI-SF-14.1.2_302-1-d-iv;GRI-SF-14.1.5_305-1-a;GRI-SF-14.1.5_305-1-c;GRI-SF-14.1.5_305-1-e;GRI-SF-14.1.5_305-1-g;GRI-SF-14.1.5_305-1-d-i;GRI-SF-14.1.5_305-1-d-ii;GRI-SF-14.1.5_305-1-d-iii;GRI-SF-14.20.2_407-1-a-i;GRI-SF-14.20.2_407-1-a-ii;GRI-SF-14.20.2_407-1-b;GRI-SF-14.21.4_404-1-a;GRI-SF-14.21.7_406-1-a;GRI-SF-14.21.7_406-1-b-i;GRI-SF-14.21.7_406-1-b-ii;GRI-SF-14.21.7_406-1-b-iii;GRI-SF-14.21.7_406-1-b-iv;GRI-SF-14.22.2_205-1-a;GRI-SF-14.22.2_205-1-b;GRI-SF-14.23.2_201-1-b;GRI-SF-14.23.2_201-1-a-i;GRI-SF-14.23.2_201-1-a-ii;GRI-SF-14.23.2_201-1-a-iii;GRI-SF-14.23.4_207-1-a-i;GRI-SF-14.23.4_207-1-a-ii;GRI-SF-14.23.4_207-1-a-iii;GRI-SF-14.23.4_207-1-a-iv;GRI-SF-14.24.2_415-1-a;GRI-SF-14.24.2_415-1-b;GRI-SF-14.4.2_101-1-a;GRI-SF-14.4.2_101-1-b;GRI-SF-14.4.2_101-1-c;GRI-SF-14.5.2_306-1-a-i;GRI-SF-14.5.2_306-1-a-ii;GRI-SF-14.7.2_303-1-a;GRI-SF-14.7.2_303-1-b;GRI-SF-14.7.2_303-1-c;GRI-SF-14.7.2_303-1-d;GRI-SF-14.8.2_402-1-a;GRI-SF-14.8.2_402-1-b;GRI-SF-14.9.2_201-1-b;GRI-SF-14.9.2_201-1-a-i;GRI-SF-14.9.2_201-1-a-ii;GRI-SF-14.9.2_201-1-a-iii;GRI-SF-14.9.3_203-1-a;GRI-SF-14.9.3_203-1-b;GRI-SF-14.9.3_203-1-c;GRI-SF-14.9.5_204-1-a;GRI-SF-14.9.5_204-1-b;GRI-SF-14.9.5_204-1-c;GRI-SF-14.10.3_413-2-a-i;GRI-SF-14.10.3_413-2-a-ii;GRI-SF-14.12.2;GRI-SF-14.13.2;GRI-SF-14.16.3_403-2-a-i;GRI-SF-14.16.3_403-2-a-ii;GRI-SF-14.16.3_403-2-b;GRI-SF-14.16.3_403-2-c;GRI-SF-14.16.3_403-2-d;GRI-SF-14.17.10_414-2-a;GRI-SF-14.17.10_414-2-b;GRI-SF-14.17.10_414-2-c;GRI-SF-14.17.10_414-2-d;GRI-SF-14.17.10_414-2-e;GRI-SF-14.17.4_401-2-b;GRI-SF-14.17.4_401-2-a-i;GRI-SF-14.17.4_401-2-a-ii;GRI-SF-14.17.4_401-2-a-iii;GRI-SF-14.17.4_401-2-a-iv;GRI-SF-14.17.4_401-2-a-v;GRI-SF-14.17.4_401-2-a-vi;GRI-SF-14.17.4_401-2-a-vii;GRI-SF-14.17.8_404-2-a;GRI-SF-14.17.8_404-2-b;GRI-SF-14.1.3_302-2-a;GRI-SF-14.1.3_302-2-b;GRI-SF-14.1.3_302-2-c;GRI-SF-14.1.6_305-2-a;GRI-SF-14.1.6_305-2-e;GRI-SF-14.1.6_305-2-g;GRI-SF-14.1.6_305-2-d-i;GRI-SF-14.1.6_305-2-d-ii;GRI-SF-14.1.6_305-2-d-iii;GRI-SF-14.21.2_202-2-a;GRI-SF-14.21.2_202-2-b;GRI-SF-14.21.2_202-2-c;GRI-SF-14.21.2_202-2-d;GRI-SF-14.21.6_405-2-b;GRI-SF-14.22.3_205-2-a;GRI-SF-14.22.3_205-2-b;GRI-SF-14.22.3_205-2-c;GRI-SF-14.22.3_205-2-d;GRI-SF-14.22.3_205-2-e;GRI-SF-14.23.5_207-2-a-i;GRI-SF-14.23.5_207-2-a-ii;GRI-SF-14.23.5_207-2-a-iii;GRI-SF-14.23.5_207-2-a-iv;GRI-SF-14.23.5_207-2-b;GRI-SF-14.23.5_207-2-c;GRI-SF-14.25.2;GRI-SF-14.2.2_201-2-a-ii;GRI-SF-14.2.2_201-2-a-iii;GRI-SF-14.2.2_201-2-a-iv;GRI-SF-14.2.2_201-2-a-v;GRI-SF-14.4.3_101-2-a;GRI-SF-14.4.3_101-2-a-i;GRI-SF-14.4.3_101-2-a-ii;GRI-SF-14.4.3_101-2-a-iii;GRI-SF-14.4.3_101-2-a-iv;GRI-SF-14.4.3_101-2-a-v;GRI-SF-14.4.3_101-2-e;GRI-SF-14.4.3_101-2-f;GRI-SF-14.5.3_306-2-a;GRI-SF-14.5.3_306-2-b;GRI-SF-14.5.3_306-2-c;GRI-SF-14.6.2;GRI-SF-14.7.3_303-2-a-i;GRI-SF-14.7.3_303-2-a-ii;GRI-SF-14.7.3_303-2-a-iii;GRI-SF-14.7.3_303-2-a-iv;GRI-SF-14.8.3_404-2-a;GRI-SF-14.8.3_404-2-b;GRI-SF-14.9.4_203-2-a;GRI-SF-14.9.4_203-2-b;GRI-SF-14.10.1_3-3-a;GRI-SF-14.10.1_3-3-b;GRI-SF-14.10.1_3-3-c;GRI-SF-14.10.1_3-3-d;GRI-SF-14.10.1_3-3-d-i;GRI-SF-14.10.1_3-3-d-ii;GRI-SF-14.10.1_3-3-d-iii;GRI-SF-14.10.1_3-3-e;GRI-SF-14.10.1_3-3-e-i;GRI-SF-14.10.1_3-3-e-ii;GRI-SF-14.10.1_3-3-e-iii;GRI-SF-14.10.1_3-3-e-iv;GRI-SF-14.10.1_3-3-f;GRI-SF-14.11.1_3-3-a;GRI-SF-14.11.1_3-3-b;GRI-SF-14.11.1_3-3-c;GRI-SF-14.11.1_3-3-d;GRI-SF-14.11.1_3-3-d-i;GRI-SF-14.11.1_3-3-d-ii;GRI-SF-14.11.1_3-3-d-iii;GRI-SF-14.11.1_3-3-e;GRI-SF-14.11.1_3-3-e-i;GRI-SF-14.11.1_3-3-e-ii;GRI-SF-14.11.1_3-3-e-iii;GRI-SF-14.11.1_3-3-e-iv;GRI-SF-14.11.1_3-3-f;GRI-SF-14.11.3;GRI-SF-14.12.1_3-3-a;GRI-SF-14.12.1_3-3-b;GRI-SF-14.12.1_3-3-c;GRI-SF-14.12.1_3-3-d;GRI-SF-14.12.1_3-3-d-i;GRI-SF-14.12.1_3-3-d-ii;GRI-SF-14.12.1_3-3-d-iii;GRI-SF-14.12.1_3-3-e;GRI-SF-14.12.1_3-3-e-i;GRI-SF-14.12.1_3-3-e-ii;GRI-SF-14.12.1_3-3-e-iii;GRI-SF-14.12.1_3-3-e-iv;GRI-SF-14.12.1_3-3-f;GRI-SF-14.12.3;GRI-SF-14.13.1_3-3-a;GRI-SF-14.13.1_3-3-b;GRI-SF-14.13.1_3-3-c;GRI-SF-14.13.1_3-3-d;GRI-SF-14.13.1_3-3-d-i;GRI-SF-14.13.1_3-3-d-ii;GRI-SF-14.13.1_3-3-d-iii;GRI-SF-14.13.1_3-3-e;GRI-SF-14.13.1_3-3-e-i;GRI-SF-14.13.1_3-3-e-ii;GRI-SF-14.13.1_3-3-e-iii;GRI-SF-14.13.1_3-3-e-iv;GRI-SF-14.13.1_3-3-f;GRI-SF-14.13.3;GRI-SF-14.14.1_3-3-a;GRI-SF-14.14.1_3-3-b;GRI-SF-14.14.1_3-3-c;GRI-SF-14.14.1_3-3-d;GRI-SF-14.14.1_3-3-d-i;GRI-SF-14.14.1_3-3-d-ii;GRI-SF-14.14.1_3-3-d-iii;GRI-SF-14.14.1_3-3-e;GRI-SF-14.14.1_3-3-e-i;GRI-SF-14.14.1_3-3-e-ii;GRI-SF-14.14.1_3-3-e-iii;GRI-SF-14.14.1_3-3-e-iv;GRI-SF-14.14.1_3-3-f;GRI-SF-14.15.1_3-3-a;GRI-SF-14.15.1_3-3-b;GRI-SF-14.15.1_3-3-c;GRI-SF-14.15.1_3-3-d;GRI-SF-14.15.1_3-3-d-i;GRI-SF-14.15.1_3-3-d-ii;GRI-SF-14.15.1_3-3-d-iii;GRI-SF-14.15.1_3-3-e;GRI-SF-14.15.1_3-3-e-i;GRI-SF-14.15.1_3-3-e-ii;GRI-SF-14.15.1_3-3-e-iii;GRI-SF-14.15.1_3-3-e-iv;GRI-SF-14.15.1_3-3-f;GRI-SF-14.15.2_306-3-a;GRI-SF-14.15.2_306-3-c;GRI-SF-14.15.2_306-3-b-i;GRI-SF-14.15.2_306-3-b-ii;GRI-SF-14.15.2_306-3-b-iii;GRI-SF-14.15.3;GRI-SF-14.16.1_3-3-a;GRI-SF-14.16.1_3-3-b;GRI-SF-14.16.1_3-3-c;GRI-SF-14.16.1_3-3-d;GRI-SF-14.16.1_3-3-d-i;GRI-SF-14.16.1_3-3-d-ii;GRI-SF-14.16.1_3-3-d-iii;GRI-SF-14.16.1_3-3-e;GRI-SF-14.16.1_3-3-e-i;GRI-SF-14.16.1_3-3-e-ii;GRI-SF-14.16.1_3-3-e-iii;GRI-SF-14.16.1_3-3-e-iv;GRI-SF-14.16.1_3-3-f;GRI-SF-14.16.4_403-3-a;GRI-SF-14.17.1_3-3-a;GRI-SF-14.17.1_3-3-b;GRI-SF-14.17.1_3-3-c;GRI-SF-14.17.1_3-3-d;GRI-SF-14.17.1_3-3-d-i;GRI-SF-14.17.1_3-3-d-ii;GRI-SF-14.17.1_3-3-d-iii;GRI-SF-14.17.1_3-3-e;GRI-SF-14.17.1_3-3-e-i;GRI-SF-14.17.1_3-3-e-ii;GRI-SF-14.17.1_3-3-e-iii;GRI-SF-14.17.1_3-3-e-iv;GRI-SF-14.17.1_3-3-f;GRI-SF-14.17.5_401-3-a;GRI-SF-14.17.5_401-3-b;GRI-SF-14.17.5_401-3-c;GRI-SF-14.17.5_401-3-d;GRI-SF-14.17.5_401-3-e;GRI-SF-14.18.1_3-3-a;GRI-SF-14.18.1_3-3-b;GRI-SF-14.18.1_3-3-c;GRI-SF-14.18.1_3-3-d;GRI-SF-14.18.1_3-3-d-i;GRI-SF-14.18.1_3-3-d-ii;GRI-SF-14.18.1_3-3-d-iii;GRI-SF-14.18.1_3-3-e;GRI-SF-14.18.1_3-3-e-i;GRI-SF-14.18.1_3-3-e-ii;GRI-SF-14.18.1_3-3-e-iii;GRI-SF-14.18.1_3-3-e-iv;GRI-SF-14.18.1_3-3-f;GRI-SF-14.19.1_3-3-a;GRI-SF-14.19.1_3-3-b;GRI-SF-14.19.1_3-3-c;GRI-SF-14.19.1_3-3-d;GRI-SF-14.19.1_3-3-d-i;GRI-SF-14.19.1_3-3-d-ii;GRI-SF-14.19.1_3-3-d-iii;GRI-SF-14.19.1_3-3-e;GRI-SF-14.19.1_3-3-e-i;GRI-SF-14.19.1_3-3-e-ii;GRI-SF-14.19.1_3-3-e-iii;GRI-SF-14.19.1_3-3-e-iv;GRI-SF-14.19.1_3-3-f;GRI-SF-14.1.1_3-3-a;GRI-SF-14.1.1_3-3-b;GRI-SF-14.1.1_3-3-c;GRI-SF-14.1.1_3-3-d;GRI-SF-14.1.1_3-3-d-i;GRI-SF-14.1.1_3-3-d-ii;GRI-SF-14.1.1_3-3-d-iii;GRI-SF-14.1.1_3-3-e;GRI-SF-14.1.1_3-3-e-i;GRI-SF-14.1.1_3-3-e-ii;GRI-SF-14.1.1_3-3-e-iii;GRI-SF-14.1.1_3-3-e-iv;GRI-SF-14.1.1_3-3-f;GRI-SF-14.1.4_302-3-a;GRI-SF-14.1.4_302-3-b;GRI-SF-14.1.4_302-3-c;GRI-SF-14.1.4_302-3-d;GRI-SF-14.1.7_305-3-a;GRI-SF-14.1.7_305-3-c;GRI-SF-14.1.7_305-3-d;GRI-SF-14.1.7_305-3-f;GRI-SF-14.1.7_305-3-g;GRI-SF-14.1.7_305-3-e-i;GRI-SF-14.1.7_305-3-e-ii;GRI-SF-14.1.7_305-3-e-iii;GRI-SF-14.20.1_3-3-a;GRI-SF-14.20.1_3-3-b;GRI-SF-14.20.1_3-3-c;GRI-SF-14.20.1_3-3-d;GRI-SF-14.20.1_3-3-d-i;GRI-SF-14.20.1_3-3-d-ii;GRI-SF-14.20.1_3-3-d-iii;GRI-SF-14.20.1_3-3-e;GRI-SF-14.20.1_3-3-e-i;GRI-SF-14.20.1_3-3-e-ii;GRI-SF-14.20.1_3-3-e-iii;GRI-SF-14.20.1_3-3-e-iv;GRI-SF-14.20.1_3-3-f;GRI-SF-14.20.3;GRI-SF-14.21.1_3-3-a;GRI-SF-14.21.1_3-3-b;GRI-SF-14.21.1_3-3-c;GRI-SF-14.21.1_3-3-d;GRI-SF-14.21.1_3-3-d-i;GRI-SF-14.21.1_3-3-d-ii;GRI-SF-14.21.1_3-3-d-iii;GRI-SF-14.21.1_3-3-e;GRI-SF-14.21.1_3-3-e-i;GRI-SF-14.21.1_3-3-e-ii;GRI-SF-14.21.1_3-3-e-iii;GRI-SF-14.21.1_3-3-e-iv;GRI-SF-14.21.1_3-3-f;GRI-SF-14.21.3_401-3-a;GRI-SF-14.21.3_401-3-b;GRI-SF-14.21.3_401-3-c;GRI-SF-14.21.3_401-3-d;GRI-SF-14.21.3_401-3-e;GRI-SF-14.22.1_3-3-a;GRI-SF-14.22.1_3-3-b;GRI-SF-14.22.1_3-3-c;GRI-SF-14.22.1_3-3-d;GRI-SF-14.22.1_3-3-d-i;GRI-SF-14.22.1_3-3-d-ii;GRI-SF-14.22.1_3-3-d-iii;GRI-SF-14.22.1_3-3-e;GRI-SF-14.22.1_3-3-e-i;GRI-SF-14.22.1_3-3-e-ii;GRI-SF-14.22.1_3-3-e-iii;GRI-SF-14.22.1_3-3-e-iv;GRI-SF-14.22.1_3-3-f;GRI-SF-14.22.4_205-3-a;GRI-SF-14.22.4_205-3-b;GRI-SF-14.22.4_205-3-c;GRI-SF-14.22.4_205-3-d;GRI-SF-14.23.1_3-3-a;GRI-SF-14.23.1_3-3-b;GRI-SF-14.23.1_3-3-c;GRI-SF-14.23.1_3-3-d;GRI-SF-14.23.1_3-3-d-i;GRI-SF-14.23.1_3-3-d-ii;GRI-SF-14.23.1_3-3-d-iii;GRI-SF-14.23.1_3-3-e;GRI-SF-14.23.1_3-3-e-i;GRI-SF-14.23.1_3-3-e-ii;GRI-SF-14.23.1_3-3-e-iii;GRI-SF-14.23.1_3-3-e-iv;GRI-SF-14.23.1_3-3-f;GRI-SF-14.23.6_207-3-a-i;GRI-SF-14.23.6_207-3-a-ii;GRI-SF-14.23.6_207-3-a-iii;GRI-SF-14.24.1_3-3-a;GRI-SF-14.24.1_3-3-b;GRI-SF-14.24.1_3-3-c;GRI-SF-14.24.1_3-3-d;GRI-SF-14.24.1_3-3-d-i;GRI-SF-14.24.1_3-3-d-ii;GRI-SF-14.24.1_3-3-d-iii;GRI-SF-14.24.1_3-3-e;GRI-SF-14.24.1_3-3-e-i;GRI-SF-14.24.1_3-3-e-ii;GRI-SF-14.24.1_3-3-e-iii;GRI-SF-14.24.1_3-3-e-iv;GRI-SF-14.24.1_3-3-f;GRI-SF-14.25.1_3-3-a;GRI-SF-14.25.1_3-3-b;GRI-SF-14.25.1_3-3-c;GRI-SF-14.25.1_3-3-d;GRI-SF-14.25.1_3-3-d-i;GRI-SF-14.25.1_3-3-d-ii;GRI-SF-14.25.1_3-3-d-iii;GRI-SF-14.25.1_3-3-e;GRI-SF-14.25.1_3-3-e-i;GRI-SF-14.25.1_3-3-e-ii;GRI-SF-14.25.1_3-3-e-iii;GRI-SF-14.25.1_3-3-e-iv;GRI-SF-14.25.1_3-3-f;GRI-SF-14.25.3;GRI-SF-14.2.1_3-3-a;GRI-SF-14.2.1_3-3-b;GRI-SF-14.2.1_3-3-c;GRI-SF-14.2.1_3-3-d;GRI-SF-14.2.1_3-3-d-i;GRI-SF-14.2.1_3-3-d-ii;GRI-SF-14.2.1_3-3-d-iii;GRI-SF-14.2.1_3-3-e;GRI-SF-14.2.1_3-3-e-i;GRI-SF-14.2.1_3-3-e-ii;GRI-SF-14.2.1_3-3-e-iii;GRI-SF-14.2.1_3-3-e-iv;GRI-SF-14.2.1_3-3-f;GRI-SF-14.3.1_3-3-a;GRI-SF-14.3.1_3-3-b;GRI-SF-14.3.1_3-3-c;GRI-SF-14.3.1_3-3-d;GRI-SF-14.3.1_3-3-d-i;GRI-SF-14.3.1_3-3-d-ii;GRI-SF-14.3.1_3-3-d-iii;GRI-SF-14.3.1_3-3-e;GRI-SF-14.3.1_3-3-e-i;GRI-SF-14.3.1_3-3-e-ii;GRI-SF-14.3.1_3-3-e-iii;GRI-SF-14.3.1_3-3-e-iv;GRI-SF-14.3.1_3-3-f;GRI-SF-14.4.1_3-3-a;GRI-SF-14.4.1_3-3-b;GRI-SF-14.4.1_3-3-c;GRI-SF-14.4.1_3-3-d;GRI-SF-14.4.1_3-3-d-i;GRI-SF-14.4.1_3-3-d-ii;GRI-SF-14.4.1_3-3-d-iii;GRI-SF-14.4.1_3-3-e;GRI-SF-14.4.1_3-3-e-i;GRI-SF-14.4.1_3-3-e-ii;GRI-SF-14.4.1_3-3-e-iii;GRI-SF-14.4.1_3-3-e-iv;GRI-SF-14.4.1_3-3-f;GRI-SF-14.5.1_3-3-a;GRI-SF-14.5.1_3-3-b;GRI-SF-14.5.1_3-3-c;GRI-SF-14.5.1_3-3-d;GRI-SF-14.5.1_3-3-d-i;GRI-SF-14.5.1_3-3-d-ii;GRI-SF-14.5.1_3-3-d-iii;GRI-SF-14.5.1_3-3-e;GRI-SF-14.5.1_3-3-e-i;GRI-SF-14.5.1_3-3-e-ii;GRI-SF-14.5.1_3-3-e-iii;GRI-SF-14.5.1_3-3-e-iv;GRI-SF-14.5.1_3-3-f;GRI-SF-14.5.4_306-3-a;GRI-SF-14.5.4_306-3-b;GRI-SF-14.6.1_3-3-a;GRI-SF-14.6.1_3-3-b;GRI-SF-14.6.1_3-3-c;GRI-SF-14.6.1_3-3-d;GRI-SF-14.6.1_3-3-d-i;GRI-SF-14.6.1_3-3-d-ii;GRI-SF-14.6.1_3-3-d-iii;GRI-SF-14.6.1_3-3-e;GRI-SF-14.6.1_3-3-e-i;GRI-SF-14.6.1_3-3-e-ii;GRI-SF-14.6.1_3-3-e-iii;GRI-SF-14.6.1_3-3-e-iv;GRI-SF-14.6.1_3-3-f;GRI-SF-14.6.3;GRI-SF-14.7.1_3-3-a;GRI-SF-14.7.1_3-3-b;GRI-SF-14.7.1_3-3-c;GRI-SF-14.7.1_3-3-d;GRI-SF-14.7.1_3-3-d-i;GRI-SF-14.7.1_3-3-d-ii;GRI-SF-14.7.1_3-3-d-iii;GRI-SF-14.7.1_3-3-e;GRI-SF-14.7.1_3-3-e-i;GRI-SF-14.7.1_3-3-e-ii;GRI-SF-14.7.1_3-3-e-iii;GRI-SF-14.7.1_3-3-e-iv;GRI-SF-14.7.1_3-3-f;GRI-SF-14.7.4_303-3-d;GRI-SF-14.8.1_3-3-a;GRI-SF-14.8.1_3-3-b;GRI-SF-14.8.1_3-3-c;GRI-SF-14.8.1_3-3-d;GRI-SF-14.8.1_3-3-d-i;GRI-SF-14.8.1_3-3-d-ii;GRI-SF-14.8.1_3-3-d-iii;GRI-SF-14.8.1_3-3-e;GRI-SF-14.8.1_3-3-e-i;GRI-SF-14.8.1_3-3-e-ii;GRI-SF-14.8.1_3-3-e-iii;GRI-SF-14.8.1_3-3-e-iv;GRI-SF-14.8.1_3-3-f;GRI-SF-14.9.1_3-3-a;GRI-SF-14.9.1_3-3-b;GRI-SF-14.9.1_3-3-c;GRI-SF-14.9.1_3-3-d;GRI-SF-14.9.1_3-3-d-i;GRI-SF-14.9.1_3-3-d-ii;GRI-SF-14.9.1_3-3-d-iii;GRI-SF-14.9.1_3-3-e;GRI-SF-14.9.1_3-3-e-i;GRI-SF-14.9.1_3-3-e-ii;GRI-SF-14.9.1_3-3-e-iii;GRI-SF-14.9.1_3-3-e-iv;GRI-SF-14.9.1_3-3-f;GRI-SF-14.10.4_413-2;GRI-SF-14.11.4;GRI-SF-14.15.4;GRI-SF-14.16.5_403-4-a;GRI-SF-14.16.5_403-4-b;GRI-SF-14.1.8_305-4-a;GRI-SF-14.1.8_305-4-b;GRI-SF-14.23.3_201-4-b;GRI-SF-14.23.3_201-4-c;GRI-SF-14.23.7_207-4-a;GRI-SF-14.23.7_207-4-c;GRI-SF-14.25.4;GRI-SF-14.4.4_101-4-a;GRI-SF-14.5.5_306-4-a;GRI-SF-14.5.5_306-4-b-i;GRI-SF-14.5.5_306-4-b-ii;GRI-SF-14.5.5_306-4-b-iii;GRI-SF-14.5.5_306-4-c-i;GRI-SF-14.5.5_306-4-c-ii;GRI-SF-14.5.5_306-4-c-iii;GRI-SF-14.5.5_306-4-d-i;GRI-SF-14.5.5_306-4-d-ii;GRI-SF-14.5.5_306-4-e;GRI-SF-14.7.5_303-4-d;GRI-SF-14.7.5_303-4-d-i;GRI-SF-14.7.5_303-4-d-ii;GRI-SF-14.7.5_303-4-d-iii;GRI-SF-14.7.5_303-4-e;GRI-SF-14.8.4;GRI-SF-14.16.6_403-5-a;GRI-SF-14.1.9_305-5-a;GRI-SF-14.1.9_305-5-c;GRI-SF-14.1.9_305-5-e;GRI-SF-14.22.5;GRI-SF-14.5.6_306-5-a;GRI-SF-14.5.6_306-5-b-i;GRI-SF-14.5.6_306-5-b-ii;GRI-SF-14.5.6_306-5-b-iii;GRI-SF-14.5.6_306-5-b-iv;GRI-SF-14.5.6_306-5-c-i;GRI-SF-14.5.6_306-5-c-ii;GRI-SF-14.5.6_306-5-c-iii;GRI-SF-14.5.6_306-5-c-iv;GRI-SF-14.5.6_306-5-d-i;GRI-SF-14.5.6_306-5-d-ii;GRI-SF-14.5.6_306-5-e;GRI-SF-14.7.6_303-5-a;GRI-SF-14.7.6_303-5-b;GRI-SF-14.7.6_303-5-c;GRI-SF-14.7.6_303-5-d;GRI-SF-14.8.5;GRI-SF-14.16.7_403-6-a;GRI-SF-14.16.7_403-6-b;GRI-SF-14.22.6;GRI-SF-14.4.6_101-6-f;GRI-SF-14.8.6;GRI-SF-14.9.6;GRI-SF-14.16.8_403-7-a;GRI-SF-14.3.2_305-7-b;GRI-SF-14.3.2_305-7-c;GRI-SF-14.3.2_305-7-a-i;GRI-SF-14.3.2_305-7-a-ii;GRI-SF-14.3.2_305-7-a-iii;GRI-SF-14.3.2_305-7-a-iv;GRI-SF-14.3.2_305-7-a-v;GRI-SF-14.3.2_305-7-a-vi;GRI-SF-14.3.2_305-7-a-vii;GRI-SF-14.8.7;GRI-SF-14.16.9_403-8-a-i;GRI-SF-14.16.9_403-8-a-ii;GRI-SF-14.16.9_403-8-a-iii;GRI-SF-14.16.9_403-8-b;GRI-SF-14.16.9_403-8-c;GRI-SF-14.23.8;GRI-SF-14.4.8_101-8-a;GRI-SF-14.4.8_101-8-b;GRI-SF-14.8.8;GRI-SF-14.16.10_403-9-a-i;GRI-SF-14.16.10_403-9-a-i-rate;GRI-SF-14.16.10_403-9-a-ii;GRI-SF-14.16.10_403-9-a-ii-rate;GRI-SF-14.16.10_403-9-a-iii;GRI-SF-14.16.10_403-9-a-iii-rate;GRI-SF-14.16.10_403-9-a-iv;GRI-SF-14.16.10_403-9-a-v;GRI-SF-14.16.10_403-9-b-i;GRI-SF-14.16.10_403-9-b-i-rate;GRI-SF-14.16.10_403-9-b-ii;GRI-SF-14.16.10_403-9-b-ii-rate;GRI-SF-14.16.10_403-9-b-iii;GRI-SF-14.16.10_403-9-b-iii-rate;GRI-SF-14.16.10_403-9-b-iv;GRI-SF-14.16.10_403-9-b-v;GRI-SF-14.16.10_403-9-c;GRI-SF-14.16.10_403-9-c-i;GRI-SF-14.16.10_403-9-c-ii;GRI-SF-14.16.10_403-9-c-iii;GRI-SF-14.16.10_403-9-d;GRI-SF-14.16.10_403-9-e;GRI-SF-14.16.10_403-9-f;GRI-SF-14.16.10_403-9-g;GRI-SF-14.8.9;GRI-SF-14.16.11_403-10-a-i;GRI-SF-14.16.11_403-10-a-ii;GRI-SF-14.16.11_403-10-a-iii;GRI-SF-14.16.11_403-10-b-i;GRI-SF-14.16.11_403-10-b-ii;GRI-SF-14.16.11_403-10-b-iii;GRI-SF-14.16.11_403-10-c;GRI-SF-14.16.11_403-10-c-i;GRI-SF-14.16.11_403-10-c-ii;GRI-SF-14.16.11_403-10-c-iii;GRI-SF-14.16.11_403-10-d;GRI-SF-14.16.11_403-10-e;GRI 101-1.a;GRI 101-1.a.policies_commitments_description;GRI 101-1.a.gbf_alignment;GRI 101-1.b;GRI 101-1.b.activities_application_extent;GRI 101-1.b.business_relationships_application_extent;GRI 101-1.b.business_relationship_obligation_or_encouragement;GRI 101-1.c;GRI 101-1.c.goals_targets_description;GRI 101-1.c.scientific_consensus_whether;GRI 101-1.c.scientific_consensus_how;GRI 101-1.c.base_year_or_baseline;GRI 101-1.c.indicators_used_to_evaluate_progress;GRI 101-1.c.timeline_for_achieving_goals_targets;GRI 101-2.a;GRI 101-2.a.i;GRI 101-2.a.ii;GRI 101-2.a.iii;GRI 101-2.a.iv;GRI 101-2.a.v;GRI 101-2.e;GRI 101-2.f;GRI 401-2.b;GRI 101-3.a;GRI 101-3.a.responsibility_allocation;GRI 101-3.a.provider_country_identification;GRI 101-3.a.strategy_policy_procedure_integration;GRI 101-3.a.abs_training;GRI 101-3.b;GRI 101-3.b.voluntary_action_types;GRI 101-3.b.stakeholder_engagement;GRI 101-3.b.no_voluntary_actions_statement;GRI 101-4.a;GRI 101-4.a.methods_assumptions;GRI 101-4.a.threshold;GRI 101-4.a.limitations_exclusions;GRI 101-4.a.sources_evidence;GRI 101-4.a.stakeholder_engagement_whether;GRI 101-4.a.stakeholder_engagement_how;GRI 101-4.a.data_basis;GRI 101-4.a.secondary_modeled_datasets;GRI 101-4.a.data_accuracy_improvement_plan;GRI 101-6.f;GRI 402-1.a;GRI 402-1.b;GRI 403-1.a;GRI 403-1.a.i;GRI 403-1.a.ii;GRI 403-1.b;GRI 403-2.a;GRI 403-2.a.i;GRI 403-2.a.ii;GRI 403-2.b;GRI 403-2.c;GRI 403-2.d;GRI 403-3.a;GRI 403-4.a;GRI 403-4.b;GRI 403-5.a;GRI 403-6.a;GRI 403-6.b;GRI 403-7.a;GRI 403-8.a;GRI 403-8.a.i.number_covered;GRI 403-8.a.i.percentage_covered;GRI 403-8.a.ii.number_internally_audited;GRI 403-8.a.ii.percentage_internally_audited;GRI 403-8.a.iii.number_externally_audited;GRI 403-8.a.iii.percentage_externally_audited;GRI 403-8.b;GRI 403-8.c;GRI 403-9.a.i;GRI_403_9_a_i_rate;GRI 403-9.a.ii;GRI_403_9_a_ii_rate;GRI 403-9.a.iii;GRI_403_9_a_iii_rate;GRI 403-9.a.iv;GRI 403-9.a.v;GRI 403-9.b.i;GRI_403_9_b_i_rate;GRI 403-9.b.ii;GRI_403_9_b_ii_rate;GRI 403-9.b.iii;GRI_403_9_b_iii_rate;GRI 403-9.b.iv;GRI 403-9.b.v;GRI 403-9.c;GRI 403-9.c.i;GRI 403-9.c.ii;GRI 403-9.c.iii;GRI 403-9.d;GRI 403-9.e;GRI 403-9.f;GRI 403-9.g;GRI 403-10.a.i;GRI 403-10.a.ii;GRI 403-10.a.iii;GRI 403-10.b.i;GRI 403-10.b.ii;GRI 403-10.b.iii;GRI 403-10.c;GRI 403-10.c.i;GRI 403-10.c.ii;GRI 403-10.c.iii;GRI 403-10.d;GRI 403-10.e;GRI 404-1.a;GRI 404-2.a;GRI 404-2.b;GRI 405-2.b;GRI 406-1.a;GRI 406-1.b;GRI 406-1.b.i;GRI 406-1.b.ii;GRI 406-1.b.iii;GRI 406-1.b.iv;GRI 407-1.a.i;GRI 407-1.a.ii;GRI 407-1.b;GRI 408-1.a.i;GRI 408-1.a.ii;GRI 408-1.b.i;GRI 408-1.b.ii;GRI 408-1.c;GRI 409-1.a.i;GRI 409-1.a.ii;GRI 409-1.b;GRI 410-1.a;GRI 410-1.b;GRI 411-1.a;GRI 411-1.b;GRI 411-1.b.i;GRI 411-1.b.ii;GRI 411-1.b.iii;GRI 411-1.b.iv;GRI 413-1.a;GRI 413-1.a.i;GRI 413-1.a.ii;GRI 413-1.a.iii;GRI 413-1.a.iv;GRI 413-1.a.v;GRI 413-1.a.vi;GRI 413-1.a.vii;GRI 413-1.a.viii;GRI 413-2.a;GRI 413-2.a.i;GRI 413-2.a.ii;GRI 414-1.a;GRI 414-2.a;GRI 414-2.b;GRI 414-2.c;GRI 414-2.d;GRI 414-2.e;GRI 415-1.b;GRI 416-1.a;GRI 416-2.a;GRI 416-2.a.i;GRI 416-2.a.ii;GRI 416-2.a.iii;GRI 416-2.b;GRI 417-1.a.i;GRI 417-1.a.ii;GRI 417-1.a.iii;GRI 417-1.a.iv;GRI 417-1.a.v;GRI 417-1.b;GRI 417-2.a;GRI 417-2.a.i;GRI 417-2.a.ii;GRI 417-2.a.iii;GRI 417-2.b;GRI 417-3.a;GRI 417-3.a.i;GRI 417-3.a.ii;GRI 417-3.a.iii;GRI 417-3.b;GRI 418-1.a;GRI 418-1.a.i;GRI 418-1.a.ii;GRI 418-1.b;GRI 418-1.c
GRI,GRI,SDS GRI controlled closed package 2026-05-22,"reportable nodes with dimensions [none] examples: GRI 304-4.a.i, GRI 304-4.a.ii, GRI 304-4.a.iii, GRI 304-4.a.iv, GRI 304-4.a.v",5,5,none,1,5 x 1,5,,,period; perimeter; entity; site; location; company master data,gri_full_controlled_closed_20260522T000000Z/sds_calculation_contract.json,extinction_risk_level=fixed,GRI 304-4.a.i;GRI 304-4.a.ii;GRI 304-4.a.iii;GRI 304-4.a.iv;GRI 304-4.a.v
GRI,GRI,SDS GRI controlled closed package 2026-05-22,"reportable nodes with dimensions [none] examples: GRI_301_1_a_i_non_renewable_materials_used, GRI_301_1_a_ii_renewable_materials_used",2,2,none,1,2 x 1,2,,,period; perimeter; entity; site; location; company master data,gri_full_controlled_closed_20260522T000000Z/sds_calculation_contract.json,material_resource_class=fixed,GRI_301_1_a_i_non_renewable_materials_used;GRI_301_1_a_ii_renewable_materials_used
GRI,GRI,SDS GRI controlled closed package 2026-05-22,"reportable nodes with dimensions [none] examples: GRI_302_1_a_non_renewable_fuel_consumed, GRI_302_1_b_renewable_fuel_consumed, GRI_302_1_e_total_energy_consumption_within_organization, GRI_302_2_a_energy_consumption_outside_organization, GRI_302_3_d_boundary_within_organization, GRI_302_3_d_boundary_outside_organization",6,6,none,1,6 x 1,6,,,period; perimeter; entity; site; location; company master data,gri_full_controlled_closed_20260522T000000Z/sds_calculation_contract.json,energy_consumption_boundary=fixed,GRI_302_1_a_non_renewable_fuel_consumed;GRI_302_1_b_renewable_fuel_consumed;GRI_302_1_e_total_energy_consumption_within_organization;GRI_302_2_a_energy_consumption_outside_organization;GRI_302_3_d_boundary_within_organization;GRI_302_3_d_boundary_outside_organization
GRI,GRI,SDS GRI controlled closed package 2026-05-22,"reportable nodes with dimensions [none] examples: GRI_302_1_c_electricity_consumption, GRI_302_1_c_heating_consumption, GRI_302_1_c_cooling_consumption, GRI_302_1_c_steam_consumption",4,4,none,1,4 x 1,4,,,period; perimeter; entity; site; location; company master data,gri_full_controlled_closed_20260522T000000Z/sds_calculation_contract.json,energy_type=fixed; energy_consumption_boundary=fixed,GRI_302_1_c_electricity_consumption;GRI_302_1_c_heating_consumption;GRI_302_1_c_cooling_consumption;GRI_302_1_c_steam_consumption
GRI,GRI,SDS GRI controlled closed package 2026-05-22,"reportable nodes with dimensions [none] examples: GRI_302_1_d_electricity_sold, GRI_302_1_d_heating_sold, GRI_302_1_d_cooling_sold, GRI_302_1_d_steam_sold, GRI_302_3_c_energy_type_fuel_included, GRI_302_3_c_energy_type_electricity_included, GRI_302_3_c_energy_type_heating_included, GRI_302_3_c_energy_type_cooling_included ...",14,14,none,1,14 x 1,14,,,period; perimeter; entity; site; location; company master data,gri_full_controlled_closed_20260522T000000Z/sds_calculation_contract.json,energy_type=fixed,GRI_302_1_d_electricity_sold;GRI_302_1_d_heating_sold;GRI_302_1_d_cooling_sold;GRI_302_1_d_steam_sold;GRI_302_3_c_energy_type_fuel_included;GRI_302_3_c_energy_type_electricity_included;GRI_302_3_c_energy_type_heating_included;GRI_302_3_c_energy_type_cooling_included;GRI_302_3_c_energy_type_steam_included;GRI_302_4_b_energy_type_fuel_included;GRI_302_4_b_energy_type_electricity_included;GRI_302_4_b_energy_type_heating_included;GRI_302_4_b_energy_type_cooling_included;GRI_302_4_b_energy_type_steam_included
GRI,GRI,SDS GRI controlled closed package 2026-05-22,"reportable nodes with dimensions [none] examples: GRI_303_3_a_surface_water_all_areas, GRI_303_3_a_groundwater_all_areas, GRI_303_3_a_seawater_all_areas, GRI_303_3_a_produced_water_all_areas, GRI_303_3_a_third_party_water_all_areas, GRI_303_3_b_surface_water_water_stressed_areas, GRI_303_3_b_groundwater_water_stressed_areas, GRI_303_3_b_seawater_water_stressed_areas ...",50,50,none,1,50 x 1,50,,,period; perimeter; entity; site; location; company master data,gri_full_controlled_closed_20260522T000000Z/sds_calculation_contract.json,water_stress_area=fixed; water_source=fixed,GRI_303_3_a_surface_water_all_areas;GRI_303_3_a_groundwater_all_areas;GRI_303_3_a_seawater_all_areas;GRI_303_3_a_produced_water_all_areas;GRI_303_3_a_third_party_water_all_areas;GRI_303_3_b_surface_water_water_stressed_areas;GRI_303_3_b_groundwater_water_stressed_areas;GRI_303_3_b_seawater_water_stressed_areas;GRI_303_3_b_produced_water_water_stressed_areas;GRI_303_3_b_third_party_water_water_stressed_areas;GRI-SF-11.6.4_303-3-a-i;GRI-SF-11.6.4_303-3-a-ii;GRI-SF-11.6.4_303-3-a-iii;GRI-SF-11.6.4_303-3-a-iv;GRI-SF-11.6.4_303-3-a-v;GRI-SF-11.6.4_303-3-b-i;GRI-SF-11.6.4_303-3-b-ii;GRI-SF-11.6.4_303-3-b-iii;GRI-SF-11.6.4_303-3-b-iv;GRI-SF-11.6.4_303-3-b-v;GRI-SF-12.7.4_303-3-a-i;GRI-SF-12.7.4_303-3-a-ii;GRI-SF-12.7.4_303-3-a-iii;GRI-SF-12.7.4_303-3-a-iv;GRI-SF-12.7.4_303-3-a-v;GRI-SF-12.7.4_303-3-b-i;GRI-SF-12.7.4_303-3-b-ii;GRI-SF-12.7.4_303-3-b-iii;GRI-SF-12.7.4_303-3-b-iv;GRI-SF-12.7.4_303-3-b-v;GRI-SF-13.7.4_303-3-a-i;GRI-SF-13.7.4_303-3-a-ii;GRI-SF-13.7.4_303-3-a-iii;GRI-SF-13.7.4_303-3-a-iv;GRI-SF-13.7.4_303-3-a-v;GRI-SF-13.7.4_303-3-b-i;GRI-SF-13.7.4_303-3-b-ii;GRI-SF-13.7.4_303-3-b-iii;GRI-SF-13.7.4_303-3-b-iv;GRI-SF-13.7.4_303-3-b-v;GRI-SF-14.7.4_303-3-a-i;GRI-SF-14.7.4_303-3-a-ii;GRI-SF-14.7.4_303-3-a-iii;GRI-SF-14.7.4_303-3-a-iv;GRI-SF-14.7.4_303-3-a-v;GRI-SF-14.7.4_303-3-b-i;GRI-SF-14.7.4_303-3-b-ii;GRI-SF-14.7.4_303-3-b-iii;GRI-SF-14.7.4_303-3-b-iv;GRI-SF-14.7.4_303-3-b-v
GRI,GRI,SDS GRI controlled closed package 2026-05-22,"reportable nodes with dimensions [none] examples: GRI_303_3_a_total_all_areas, GRI_303_3_b_total_water_stressed_areas, GRI_303_4_a_total_all_areas, GRI_303_4_c_total_water_stressed_areas, GRI_303_5_a_total_water_consumption_all_areas, GRI_303_5_b_total_water_consumption_water_stressed_areas, GRI-SF-11.6.4_303-3-a, GRI-SF-11.6.4_303-3-b ...",22,22,none,1,22 x 1,22,,,period; perimeter; entity; site; location; company master data,gri_full_controlled_closed_20260522T000000Z/sds_calculation_contract.json,water_stress_area=fixed,GRI_303_3_a_total_all_areas;GRI_303_3_b_total_water_stressed_areas;GRI_303_4_a_total_all_areas;GRI_303_4_c_total_water_stressed_areas;GRI_303_5_a_total_water_consumption_all_areas;GRI_303_5_b_total_water_consumption_water_stressed_areas;GRI-SF-11.6.4_303-3-a;GRI-SF-11.6.4_303-3-b;GRI-SF-11.6.5_303-4-a;GRI-SF-11.6.5_303-4-c;GRI-SF-12.7.4_303-3-a;GRI-SF-12.7.4_303-3-b;GRI-SF-12.7.5_303-4-a;GRI-SF-12.7.5_303-4-c;GRI-SF-13.7.4_303-3-a;GRI-SF-13.7.4_303-3-b;GRI-SF-13.7.5_303-4-a;GRI-SF-13.7.5_303-4-c;GRI-SF-14.7.4_303-3-a;GRI-SF-14.7.4_303-3-b;GRI-SF-14.7.5_303-4-a;GRI-SF-14.7.5_303-4-c
GRI,GRI,SDS GRI controlled closed package 2026-05-22,"reportable nodes with dimensions [none] examples: GRI_303_3_c_surface_water_freshwater_all_areas, GRI_303_3_c_surface_water_other_water_all_areas, GRI_303_3_c_groundwater_freshwater_all_areas, GRI_303_3_c_groundwater_other_water_all_areas, GRI_303_3_c_seawater_freshwater_all_areas, GRI_303_3_c_seawater_other_water_all_areas, GRI_303_3_c_produced_water_freshwater_all_areas, GRI_303_3_c_produced_water_other_water_all_areas ...",20,20,none,1,20 x 1,20,,,period; perimeter; entity; site; location; company master data,gri_full_controlled_closed_20260522T000000Z/sds_calculation_contract.json,water_stress_area=fixed; water_source=fixed; water_type=fixed,GRI_303_3_c_surface_water_freshwater_all_areas;GRI_303_3_c_surface_water_other_water_all_areas;GRI_303_3_c_groundwater_freshwater_all_areas;GRI_303_3_c_groundwater_other_water_all_areas;GRI_303_3_c_seawater_freshwater_all_areas;GRI_303_3_c_seawater_other_water_all_areas;GRI_303_3_c_produced_water_freshwater_all_areas;GRI_303_3_c_produced_water_other_water_all_areas;GRI_303_3_c_third_party_water_freshwater_all_areas;GRI_303_3_c_third_party_water_other_water_all_areas;GRI_303_3_c_surface_water_freshwater_water_stressed_areas;GRI_303_3_c_surface_water_other_water_water_stressed_areas;GRI_303_3_c_groundwater_freshwater_water_stressed_areas;GRI_303_3_c_groundwater_other_water_water_stressed_areas;GRI_303_3_c_seawater_freshwater_water_stressed_areas;GRI_303_3_c_seawater_other_water_water_stressed_areas;GRI_303_3_c_produced_water_freshwater_water_stressed_areas;GRI_303_3_c_produced_water_other_water_water_stressed_areas;GRI_303_3_c_third_party_water_freshwater_water_stressed_areas;GRI_303_3_c_third_party_water_other_water_water_stressed_areas
GRI,GRI,SDS GRI controlled closed package 2026-05-22,"reportable nodes with dimensions [none] examples: GRI_303_4_a_surface_water_all_areas, GRI_303_4_a_groundwater_all_areas, GRI_303_4_a_seawater_all_areas, GRI_303_4_a_third_party_water_all_areas, GRI-SF-11.6.5_303-4-a-i, GRI-SF-11.6.5_303-4-a-ii, GRI-SF-11.6.5_303-4-a-iii, GRI-SF-12.7.5_303-4-a-i ...",16,16,none,1,16 x 1,16,,,period; perimeter; entity; site; location; company master data,gri_full_controlled_closed_20260522T000000Z/sds_calculation_contract.json,water_stress_area=fixed; water_destination=fixed,GRI_303_4_a_surface_water_all_areas;GRI_303_4_a_groundwater_all_areas;GRI_303_4_a_seawater_all_areas;GRI_303_4_a_third_party_water_all_areas;GRI-SF-11.6.5_303-4-a-i;GRI-SF-11.6.5_303-4-a-ii;GRI-SF-11.6.5_303-4-a-iii;GRI-SF-12.7.5_303-4-a-i;GRI-SF-12.7.5_303-4-a-ii;GRI-SF-12.7.5_303-4-a-iii;GRI-SF-13.7.5_303-4-a-i;GRI-SF-13.7.5_303-4-a-ii;GRI-SF-13.7.5_303-4-a-iii;GRI-SF-14.7.5_303-4-a-i;GRI-SF-14.7.5_303-4-a-ii;GRI-SF-14.7.5_303-4-a-iii
GRI,GRI,SDS GRI controlled closed package 2026-05-22,"reportable nodes with dimensions [none] examples: GRI_303_4_a_third_party_water_sent_for_use, GRI-SF-11.6.5_303-4-a-iv, GRI-SF-12.7.5_303-4-a-iv, GRI-SF-13.7.5_303-4-a-iv, GRI-SF-14.7.5_303-4-a-iv",5,5,none,1,5 x 1,5,,,period; perimeter; entity; site; location; company master data,gri_full_controlled_closed_20260522T000000Z/sds_calculation_contract.json,water_stress_area=fixed; water_destination=fixed; third_party_water_use=fixed,GRI_303_4_a_third_party_water_sent_for_use;GRI-SF-11.6.5_303-4-a-iv;GRI-SF-12.7.5_303-4-a-iv;GRI-SF-13.7.5_303-4-a-iv;GRI-SF-14.7.5_303-4-a-iv
GRI,GRI,SDS GRI controlled closed package 2026-05-22,"reportable nodes with dimensions [none] examples: GRI_303_4_b_freshwater_all_areas, GRI_303_4_b_other_water_all_areas, GRI_303_4_c_freshwater_water_stressed_areas, GRI_303_4_c_other_water_water_stressed_areas, GRI-SF-11.6.5_303-4-b-i, GRI-SF-11.6.5_303-4-b-ii, GRI-SF-11.6.5_303-4-c-i, GRI-SF-11.6.5_303-4-c-ii ...",20,20,none,1,20 x 1,20,,,period; perimeter; entity; site; location; company master data,gri_full_controlled_closed_20260522T000000Z/sds_calculation_contract.json,water_stress_area=fixed; water_type=fixed,GRI_303_4_b_freshwater_all_areas;GRI_303_4_b_other_water_all_areas;GRI_303_4_c_freshwater_water_stressed_areas;GRI_303_4_c_other_water_water_stressed_areas;GRI-SF-11.6.5_303-4-b-i;GRI-SF-11.6.5_303-4-b-ii;GRI-SF-11.6.5_303-4-c-i;GRI-SF-11.6.5_303-4-c-ii;GRI-SF-12.7.5_303-4-b-i;GRI-SF-12.7.5_303-4-b-ii;GRI-SF-12.7.5_303-4-c-i;GRI-SF-12.7.5_303-4-c-ii;GRI-SF-13.7.5_303-4-b-i;GRI-SF-13.7.5_303-4-b-ii;GRI-SF-13.7.5_303-4-c-i;GRI-SF-13.7.5_303-4-c-ii;GRI-SF-14.7.5_303-4-b-i;GRI-SF-14.7.5_303-4-b-ii;GRI-SF-14.7.5_303-4-c-i;GRI-SF-14.7.5_303-4-c-ii
GRI,GRI,SDS GRI controlled closed package 2026-05-22,"reportable nodes with dimensions [none] examples: GRI_305_1_a_gross_scope1_ghg_emissions, GRI_305_1_c_biogenic_co2_emissions, GRI_305_1_d_ii_base_year_emissions, GRI_305_2_d_ii_base_year_emissions, GRI 305-3.a, GRI 305-3.c, GRI 305-3.e.ii, gri_305_4_c_scope1_included ...",27,27,none,1,27 x 1,27,,,period; perimeter; entity; site; location; company master data,gri_full_controlled_closed_20260522T000000Z/sds_calculation_contract.json,ghg_scope=fixed,GRI_305_1_a_gross_scope1_ghg_emissions;GRI_305_1_c_biogenic_co2_emissions;GRI_305_1_d_ii_base_year_emissions;GRI_305_2_d_ii_base_year_emissions;GRI 305-3.a;GRI 305-3.c;GRI 305-3.e.ii;gri_305_4_c_scope1_included;gri_305_4_c_scope2_included;gri_305_4_c_scope3_included;GRI_305_5_d_scope1_reductions_occurred;GRI_305_5_d_scope2_reductions_occurred;GRI_305_5_d_scope3_reductions_occurred;GRI_305_5_a_scope1_reduction_tco2e;GRI_305_5_a_scope3_reduction_tco2e;GRI_305_5_c_scope1_baseline_type;GRI_305_5_c_scope1_baseline_end_date;GRI_305_5_c_scope1_baseline_rationale;GRI_305_5_c_scope2_baseline_type;GRI_305_5_c_scope2_baseline_end_date;GRI_305_5_c_scope2_baseline_rationale;GRI_305_5_c_scope3_baseline_type;GRI_305_5_c_scope3_baseline_end_date;GRI_305_5_c_scope3_baseline_rationale;GRI_305_5_offset_contribution_scope1_tco2e;GRI_305_5_offset_contribution_scope2_tco2e;GRI_305_5_offset_contribution_scope3_tco2e
GRI,GRI,SDS GRI controlled closed package 2026-05-22,"reportable nodes with dimensions [none] examples: GRI_305_1_b_gas_co2_included, GRI_305_1_b_gas_ch4_included, GRI_305_1_b_gas_n2o_included, GRI_305_1_b_gas_hfcs_included, GRI_305_1_b_gas_pfcs_included, GRI_305_1_b_gas_sf6_included, GRI_305_1_b_gas_nf3_included, GRI_305_2_c_gas_co2_included ...",28,28,none,1,28 x 1,28,,,period; perimeter; entity; site; location; company master data,gri_full_controlled_closed_20260522T000000Z/sds_calculation_contract.json,ghg_scope=fixed; ghg_gas=fixed,GRI_305_1_b_gas_co2_included;GRI_305_1_b_gas_ch4_included;GRI_305_1_b_gas_n2o_included;GRI_305_1_b_gas_hfcs_included;GRI_305_1_b_gas_pfcs_included;GRI_305_1_b_gas_sf6_included;GRI_305_1_b_gas_nf3_included;GRI_305_2_c_gas_co2_included;GRI_305_2_c_gas_ch4_included;GRI_305_2_c_gas_n2o_included;GRI_305_2_c_gas_hfcs_included;GRI_305_2_c_gas_pfcs_included;GRI_305_2_c_gas_sf6_included;GRI_305_2_c_gas_nf3_included;gri_305_4_d_gas_co2_scope1;gri_305_4_d_gas_ch4_scope1;gri_305_4_d_gas_n2o_scope1;gri_305_4_d_gas_hfcs_scope1;gri_305_4_d_gas_pfcs_scope1;gri_305_4_d_gas_sf6_scope1;gri_305_4_d_gas_nf3_scope1;gri_305_4_d_gas_co2_scope3;gri_305_4_d_gas_ch4_scope3;gri_305_4_d_gas_n2o_scope3;gri_305_4_d_gas_hfcs_scope3;gri_305_4_d_gas_pfcs_scope3;gri_305_4_d_gas_sf6_scope3;gri_305_4_d_gas_nf3_scope3
GRI,GRI,SDS GRI controlled closed package 2026-05-22,"reportable nodes with dimensions [none] examples: GRI_305_2_a_gross_scope2_location_based_ghg_emissions, GRI_305_2_b_gross_scope2_market_based_ghg_emissions, GRI_305_5_a_scope2_location_based_reduction_tco2e, GRI_305_5_a_scope2_market_based_reduction_tco2e",4,4,none,1,4 x 1,4,,,period; perimeter; entity; site; location; company master data,gri_full_controlled_closed_20260522T000000Z/sds_calculation_contract.json,ghg_scope=fixed; scope2_calculation_method=fixed,GRI_305_2_a_gross_scope2_location_based_ghg_emissions;GRI_305_2_b_gross_scope2_market_based_ghg_emissions;GRI_305_5_a_scope2_location_based_reduction_tco2e;GRI_305_5_a_scope2_market_based_reduction_tco2e
GRI,GRI,SDS GRI controlled closed package 2026-05-22,"reportable nodes with dimensions [none] examples: GRI_305_5_b_gas_co2_included, GRI_305_5_b_gas_ch4_included, GRI_305_5_b_gas_n2o_included, GRI_305_5_b_gas_hfcs_included, GRI_305_5_b_gas_pfcs_included, GRI_305_5_b_gas_sf6_included, GRI_305_5_b_gas_nf3_included",7,7,none,1,7 x 1,7,,,period; perimeter; entity; site; location; company master data,gri_full_controlled_closed_20260522T000000Z/sds_calculation_contract.json,ghg_gas=fixed,GRI_305_5_b_gas_co2_included;GRI_305_5_b_gas_ch4_included;GRI_305_5_b_gas_n2o_included;GRI_305_5_b_gas_hfcs_included;GRI_305_5_b_gas_pfcs_included;GRI_305_5_b_gas_sf6_included;GRI_305_5_b_gas_nf3_included
GRI,GRI,SDS GRI controlled closed package 2026-05-22,"reportable nodes with dimensions [none] examples: GRI_306_4_b_hazardous_total, GRI_306_4_c_non_hazardous_total, DP_GRI_306_5_b_hazardous_total_waste_directed_to_disposal, DP_GRI_306_5_c_non_hazardous_total_waste_directed_to_disposal",4,4,none,1,4 x 1,4,,,period; perimeter; entity; site; location; company master data,gri_full_controlled_closed_20260522T000000Z/sds_calculation_contract.json,waste_hazard_class=fixed,GRI_306_4_b_hazardous_total;GRI_306_4_c_non_hazardous_total;DP_GRI_306_5_b_hazardous_total_waste_directed_to_disposal;DP_GRI_306_5_c_non_hazardous_total_waste_directed_to_disposal
GRI,GRI,SDS GRI controlled closed package 2026-05-22,"reportable nodes with dimensions [none] examples: GRI_306_4_b_i_hazardous_preparation_for_reuse, GRI_306_4_b_ii_hazardous_recycling, GRI_306_4_b_iii_hazardous_other_recovery, GRI_306_4_c_i_non_hazardous_preparation_for_reuse, GRI_306_4_c_ii_non_hazardous_recycling, GRI_306_4_c_iii_non_hazardous_other_recovery",6,6,none,1,6 x 1,6,,,period; perimeter; entity; site; location; company master data,gri_full_controlled_closed_20260522T000000Z/sds_calculation_contract.json,waste_hazard_class=fixed; waste_operation_recovery=fixed,GRI_306_4_b_i_hazardous_preparation_for_reuse;GRI_306_4_b_ii_hazardous_recycling;GRI_306_4_b_iii_hazardous_other_recovery;GRI_306_4_c_i_non_hazardous_preparation_for_reuse;GRI_306_4_c_ii_non_hazardous_recycling;GRI_306_4_c_iii_non_hazardous_other_recovery
GRI,GRI,SDS GRI controlled closed package 2026-05-22,"reportable nodes with dimensions [none] examples: GRI_306_4_d_hazardous_preparation_for_reuse_onsite, GRI_306_4_d_hazardous_preparation_for_reuse_offsite, GRI_306_4_d_hazardous_recycling_onsite, GRI_306_4_d_hazardous_recycling_offsite, GRI_306_4_d_hazardous_other_recovery_onsite, GRI_306_4_d_hazardous_other_recovery_offsite, GRI_306_4_d_non_hazardous_preparation_for_reuse_onsite, GRI_306_4_d_non_hazardous_preparation_for_reuse_offsite ...",12,12,none,1,12 x 1,12,,,period; perimeter; entity; site; location; company master data,gri_full_controlled_closed_20260522T000000Z/sds_calculation_contract.json,waste_hazard_class=fixed; waste_operation_recovery=fixed; waste_site_location=fixed,GRI_306_4_d_hazardous_preparation_for_reuse_onsite;GRI_306_4_d_hazardous_preparation_for_reuse_offsite;GRI_306_4_d_hazardous_recycling_onsite;GRI_306_4_d_hazardous_recycling_offsite;GRI_306_4_d_hazardous_other_recovery_onsite;GRI_306_4_d_hazardous_other_recovery_offsite;GRI_306_4_d_non_hazardous_preparation_for_reuse_onsite;GRI_306_4_d_non_hazardous_preparation_for_reuse_offsite;GRI_306_4_d_non_hazardous_recycling_onsite;GRI_306_4_d_non_hazardous_recycling_offsite;GRI_306_4_d_non_hazardous_other_recovery_onsite;GRI_306_4_d_non_hazardous_other_recovery_offsite
GRI,GRI,SDS GRI controlled closed package 2026-05-22,"reportable nodes with dimensions [none] examples: gri_305_4_d_gas_co2_scope2_location_based, gri_305_4_d_gas_ch4_scope2_location_based, gri_305_4_d_gas_n2o_scope2_location_based, gri_305_4_d_gas_hfcs_scope2_location_based, gri_305_4_d_gas_pfcs_scope2_location_based, gri_305_4_d_gas_sf6_scope2_location_based, gri_305_4_d_gas_nf3_scope2_location_based, gri_305_4_d_gas_co2_scope2_market_based ...",14,14,none,1,14 x 1,14,,,period; perimeter; entity; site; location; company master data,gri_full_controlled_closed_20260522T000000Z/sds_calculation_contract.json,ghg_scope=fixed; scope2_calculation_method=fixed; ghg_gas=fixed,gri_305_4_d_gas_co2_scope2_location_based;gri_305_4_d_gas_ch4_scope2_location_based;gri_305_4_d_gas_n2o_scope2_location_based;gri_305_4_d_gas_hfcs_scope2_location_based;gri_305_4_d_gas_pfcs_scope2_location_based;gri_305_4_d_gas_sf6_scope2_location_based;gri_305_4_d_gas_nf3_scope2_location_based;gri_305_4_d_gas_co2_scope2_market_based;gri_305_4_d_gas_ch4_scope2_market_based;gri_305_4_d_gas_n2o_scope2_market_based;gri_305_4_d_gas_hfcs_scope2_market_based;gri_305_4_d_gas_pfcs_scope2_market_based;gri_305_4_d_gas_sf6_scope2_market_based;gri_305_4_d_gas_nf3_scope2_market_based
GRI,GRI,SDS GRI controlled closed package 2026-05-22,"technical nodes with dimensions [none] examples: DP_GRI_306_5_b_i_hazardous_incineration_with_energy_recovery, DP_GRI_306_5_b_ii_hazardous_incineration_without_energy_recovery, DP_GRI_306_5_b_iii_hazardous_landfilling, DP_GRI_306_5_b_iv_hazardous_other_disposal_operations, DP_GRI_306_5_c_i_non_hazardous_incineration_with_energy_recovery, DP_GRI_306_5_c_ii_non_hazardous_incineration_without_energy_recovery, DP_GRI_306_5_c_iii_non_hazardous_landfilling, DP_GRI_306_5_c_iv_non_hazardous_other_disposal_operations",8,8,none,1,8 x 1,,8,,period; perimeter; entity; site; location; company master data,gri_full_controlled_closed_20260522T000000Z/sds_calculation_contract.json,technical-contract surface; waste_hazard_class=fixed; waste_operation_disposal=fixed,DP_GRI_306_5_b_i_hazardous_incineration_with_energy_recovery;DP_GRI_306_5_b_ii_hazardous_incineration_without_energy_recovery;DP_GRI_306_5_b_iii_hazardous_landfilling;DP_GRI_306_5_b_iv_hazardous_other_disposal_operations;DP_GRI_306_5_c_i_non_hazardous_incineration_with_energy_recovery;DP_GRI_306_5_c_ii_non_hazardous_incineration_without_energy_recovery;DP_GRI_306_5_c_iii_non_hazardous_landfilling;DP_GRI_306_5_c_iv_non_hazardous_other_disposal_operations
GRI,GRI,SDS GRI controlled closed package 2026-05-22,"technical nodes with dimensions [none] examples: DP_GRI_306_5_d_hazardous_incineration_with_energy_recovery_onsite, DP_GRI_306_5_d_hazardous_incineration_with_energy_recovery_offsite, DP_GRI_306_5_d_hazardous_incineration_without_energy_recovery_onsite, DP_GRI_306_5_d_hazardous_incineration_without_energy_recovery_offsite, DP_GRI_306_5_d_hazardous_landfilling_onsite, DP_GRI_306_5_d_hazardous_landfilling_offsite, DP_GRI_306_5_d_hazardous_other_disposal_onsite, DP_GRI_306_5_d_hazardous_other_disposal_offsite ...",16,16,none,1,16 x 1,,16,,period; perimeter; entity; site; location; company master data,gri_full_controlled_closed_20260522T000000Z/sds_calculation_contract.json,technical-contract surface; waste_hazard_class=fixed; waste_operation_disposal=fixed; waste_site_location=fixed,DP_GRI_306_5_d_hazardous_incineration_with_energy_recovery_onsite;DP_GRI_306_5_d_hazardous_incineration_with_energy_recovery_offsite;DP_GRI_306_5_d_hazardous_incineration_without_energy_recovery_onsite;DP_GRI_306_5_d_hazardous_incineration_without_energy_recovery_offsite;DP_GRI_306_5_d_hazardous_landfilling_onsite;DP_GRI_306_5_d_hazardous_landfilling_offsite;DP_GRI_306_5_d_hazardous_other_disposal_onsite;DP_GRI_306_5_d_hazardous_other_disposal_offsite;DP_GRI_306_5_d_non_hazardous_incineration_with_energy_recovery_onsite;DP_GRI_306_5_d_non_hazardous_incineration_with_energy_recovery_offsite;DP_GRI_306_5_d_non_hazardous_incineration_without_energy_recovery_onsite;DP_GRI_306_5_d_non_hazardous_incineration_without_energy_recovery_offsite;DP_GRI_306_5_d_non_hazardous_landfilling_onsite;DP_GRI_306_5_d_non_hazardous_landfilling_offsite;DP_GRI_306_5_d_non_hazardous_other_disposal_onsite;DP_GRI_306_5_d_non_hazardous_other_disposal_offsite
GRI,GRI,SDS GRI controlled closed package 2026-05-22,"technical nodes with dimensions [none] examples: GRI 201-1.a, GRI 201-1.b, GRI 201-2.a, GRI 201-2.a.i, GRI 201-2.a.ii, GRI 201-2.a.iii, GRI 201-2.a.iv, GRI 201-2.a.v ...",3577,3577,none,1,3577 x 1,,3577,,period; perimeter; entity; site; location; company master data,gri_full_controlled_closed_20260522T000000Z/sds_calculation_contract.json,technical-contract surface,GRI 201-1.a;GRI 201-1.b;GRI 201-2.a;GRI 201-2.a.i;GRI 201-2.a.ii;GRI 201-2.a.iii;GRI 201-2.a.iv;GRI 201-2.a.v;GRI_301_2_a_percentage_recycled_input_materials_used;GRI_301_2_total_recycled_input_materials_used;GRI_301_2_total_input_materials_used;GRI_301_2_estimation_methods_used;GRI 201-3.a;GRI 201-3.b;GRI 201-3.b.i;GRI 201-3.b.ii;GRI 201-3.b.iii;GRI 201-3.c;GRI 201-3.e;GRI_301_3_b_data_collection_method;GRI 201-4.b;GRI 201-4.c;GRI 202-1.b;GRI 202-1.d;GRI 2-1.a;GRI 2-1.b;GRI 2-1.c;GRI 2-1.d;GRI_302_1_a_non_renewable_fuel_types_used;GRI_302_1_b_renewable_fuel_types_used;GRI_302_1_f_standards_methodologies_assumptions_tools;GRI_302_1_g_conversion_factor_source;GRI 202-2.a;GRI 202-2.b;GRI 202-2.c;GRI 202-2.d;GRI 2-2.a;GRI 2-2.b;GRI 2-2.c;GRI 2-2.c.i;GRI 2-2.c.ii;GRI 2-2.c.iii;GRI_302_2_b_standards_methodologies_assumptions_tools;GRI_302_2_c_conversion_factor_sources;GRI 2-3.a;GRI 2-3.a.reporting_period;GRI 2-3.a.reporting_frequency;GRI 2-3.b;GRI 2-3.b.financial_reporting_period;GRI 2-3.b.period_misalignment_reason;GRI 2-3.c;GRI 2-3.d;GRI_302_3_b_denominator_chosen;GRI 2-4.a;GRI 2-4.a.i;GRI 2-4.a.ii;GRI_302_4_a_energy_reduction_amount;GRI_302_4_c_calculation_basis;GRI_302_4_d_standards_methodologies_assumptions_tools;GRI_302_4_2_7_2_measurement_basis;GRI 2-5.a;GRI 2-5.b;GRI 2-5.b.i;GRI 2-5.b.ii;GRI 2-5.b.iii;GRI_302_5_a;GRI_302_5_b;GRI_302_5_c;GRI 2-6.a;GRI 2-6.b;GRI 2-6.b.i;GRI 2-6.b.ii;GRI 2-6.b.iii;GRI 2-6.c;GRI 2-6.d;GRI 2-7.b;GRI 2-7.c;GRI 2-7.c.i;GRI 2-7.c.ii;GRI 2-7.d;GRI 2-7.e;GRI 2-8.a.i;GRI 2-8.a.ii;GRI 2-8.b;GRI 2-8.b.i;GRI 2-8.b.ii;GRI 2-8.c;GRI 2-9.a;GRI 2-9.b;GRI 2-9.c;GRI 2-9.c.i;GRI 2-9.c.ii;GRI 2-9.c.iii;GRI 2-9.c.iv;GRI 2-9.c.v;GRI 2-9.c.vi;GRI 2-9.c.vii;GRI 2-9.c.viii;GRI 2-10.a;GRI 2-10.b;GRI 2-10.b.whether_considerations_taken_into_account;GRI 2-10.b.how_considerations_taken_into_account;GRI 2-10.b.i;GRI 2-10.b.ii;GRI 2-10.b.iii;GRI 2-10.b.iv;GRI 203-1.a;GRI 203-1.b;GRI 203-1.c;GRI 2-11.a;GRI 2-11.b;GRI 2-11.b.function_within_management;GRI 2-11.b.reasons_for_arrangement;GRI 2-11.b.conflicts_prevented_mitigated;GRI 303-1.a;GRI 303-1.b;GRI 303-1.c;GRI 303-1.d;GRI 3-1.a;GRI 3-1.a.i;GRI 3-1.a.ii;GRI 3-1.b;GRI 203-2.a;GRI 203-2.b;GRI 2-12.a;GRI 2-12.b;GRI 2-12.b.i;GRI 2-12.b.i.whether_engages_with_stakeholders;GRI 2-12.b.i.how_engages_with_stakeholders;GRI 2-12.b.ii;GRI 2-12.c;GRI 2-12.c.frequency_of_review;GRI 303-2.a;GRI 303-2.a.i;GRI 303-2.a.ii;GRI 303-2.a.iii;GRI 303-2.a.iv;GRI 3-2.a;GRI 3-2.b;GRI 2-13.a;GRI 2-13.a.i;GRI 2-13.a.ii;GRI 2-13.b;GRI_303_3_d_contextual_information;GRI 2-14.a;GRI 2-14.a.responsibility_flag;GRI 2-14.a.review_approval_process;GRI 2-14.b;GRI_303_4_d_priority_substances_treated;GRI_303_4_d_i_priority_substances_definition;GRI_303_4_d_ii_discharge_limits_approach;GRI_303_4_d_iii_non_compliance_incidents;GRI_303_4_e_context_methodology;GRI 2-15.a;GRI 2-15.b;GRI 2-15.b.i;GRI 2-15.b.ii;GRI 2-15.b.iii;GRI 2-15.b.iv;GRI_303_5_c_change_in_water_storage;GRI_303_5_d_contextual_information;GRI 2-16.a;GRI 2-16.a.whether_communicated;GRI 2-16.a.how_communicated;GRI 2-16.b;GRI 2-16.b.total_number;GRI 2-16.b.nature;GRI 2-17.a;GRI 2-18.a;GRI 2-18.b;GRI 2-18.b.independent;GRI 2-18.b.frequency;GRI 2-18.c;GRI 2-19.a;GRI 2-19.a.i;GRI 2-19.a.ii;GRI 2-19.a.iii;GRI 2-19.a.iv;GRI 2-19.a.v;GRI 2-19.b;GRI 2-20.a;GRI 2-20.a.i;GRI 2-20.a.ii;GRI 2-20.a.iii;GRI 2-20.b;GRI 204-1.b;GRI 204-1.c;GRI 2-21.a;GRI 2-21.b;GRI 2-21.c;GRI 304-1.a;GRI 2-22.a;GRI 304-2.a;GRI 304-2.a.i;GRI 304-2.a.ii;GRI 304-2.a.iii;GRI 304-2.a.iv;GRI 304-2.a.v;GRI 304-2.a.vi;GRI 304-2.b;GRI 304-2.b.i;GRI 304-2.b.ii;GRI 304-2.b.iii;GRI 304-2.b.iv;GRI 2-23.a;GRI 2-23.a.i;GRI 2-23.a.ii;GRI 2-23.a.iii;GRI 2-23.a.iv;GRI 2-23.b;GRI 2-23.b.i;GRI 2-23.b.ii;GRI 2-23.c;GRI 2-23.d;GRI 2-23.e;GRI 2-23.f;GRI 304-3.b;GRI 304-3.d;GRI 2-24.a;GRI 2-24.a.i;GRI 2-24.a.ii;GRI 2-24.a.iii;GRI 2-24.a.iv;GRI 304-4.a;GRI 2-25.a;GRI 2-25.b;GRI 2-25.c;GRI 2-25.d;GRI 2-25.e;GRI 2-26.a;GRI 2-26.a.i;GRI 2-26.a.ii;GRI 2-27.a;GRI 2-27.a.i;GRI 2-27.a.ii;GRI 2-27.b;GRI 2-27.b.total_number_of_fines_paid;GRI 2-27.b.total_monetary_value_of_fines_paid;GRI 2-27.b.i;GRI 2-27.b.i.number_of_fines_paid_current_period;GRI 2-27.b.i.monetary_value_of_fines_paid_current_period;GRI 2-27.b.ii;GRI 2-27.b.ii.number_of_fines_paid_previous_periods;GRI 2-27.b.ii.monetary_value_of_fines_paid_previous_periods;GRI 2-27.c;GRI 2-27.d;GRI 2-28.a;GRI 2-29.a;GRI 2-29.a.i;GRI 2-29.a.ii;GRI 2-29.a.iii;GRI 2-30.a;GRI 2-30.b;GRI 2-30.b.terms_based_on_other_agreements;GRI 2-30.b.basis_agreements_covering_other_employees;GRI 2-30.b.basis_agreements_from_other_organizations;GRI 205-1.a;GRI 205-1.a.total_number_of_operations_assessed;GRI 205-1.a.percentage_of_operations_assessed;GRI 205-1.b;GRI_305_1_d_base_year;GRI_305_1_d_i_base_year_rationale;GRI_305_1_d_iii_recalculation_context;GRI_305_1_e_emission_factor_gwp_source;GRI_305_1_f_consolidation_approach;GRI_305_1_g_standards_methodologies_assumptions_tools;GRI 205-2.a;GRI 205-2.b;GRI 205-2.c;GRI 205-2.c.other_persons_or_organizations_description;GRI 205-2.d;GRI 205-2.e;GRI_305_2_d_base_year_for_calculation;GRI_305_2_d_i_base_year_rationale;GRI_305_2_d_iii_base_year_recalculation_context;GRI_305_2_e_emission_factors_gwp_source;GRI_305_2_f_consolidation_approach;GRI_305_2_g_standards_methodologies_assumptions_tools;GRI 205-3.a;GRI 205-3.a.total_number;GRI 205-3.b;GRI 205-3.c;GRI 205-3.d;GRI 305-3.d;GRI 305-3.e;GRI_305_3_e_base_year_information;GRI 305-3.e.i;GRI 305-3.e.iii;GRI 305-3.f;GRI 305-3.g;GRI_305_5_e_methodology_tools;GRI 305-6.b;GRI 305-6.c;GRI 305-6.d;GRI 305-7.a;GRI 305-7.a.i;GRI 305-7.a.ii;GRI 305-7.a.iii;GRI 305-7.a.iv;GRI 305-7.a.v;GRI 305-7.a.vi;GRI 305-7.a.vii;GRI 305-7.b;GRI 305-7.c;GRI 206-1.a;GRI 206-1.b;GRI_306_1_a_i_inputs;GRI_306_1_a_i_activities;GRI_306_1_a_i_outputs;GRI_306_1_a_ii_own_activities;GRI_306_1_a_ii_upstream_value_chain;GRI_306_1_a_ii_downstream_value_chain;GRI_306_2_a_prevention_actions;GRI_306_2_a_management_actions;GRI_306_2_b_third_party_managed_flag;GRI_306_2_b_third_party_processes;GRI_306_2_c_data_collection_monitoring_processes;GRI_306_3_a_total_weight_waste_generated;GRI_306_3_a_composition_breakdown;GRI_306_3_b_contextual_information;GRI_306_4_a_total_waste_diverted;GRI_306_4_a_composition;GRI_306_4_e_contextual_information;DP_GRI_306_5_a_total_waste_directed_to_disposal;DP_GRI_306_5_a_waste_composition_breakdown;DP_GRI_306_5_e_contextual_information;GRI 207-1.a;GRI 207-1.a.i;GRI 207-1.a.ii;GRI 207-1.a.iii;GRI 207-1.a.iv;GRI 207-2.a;GRI 207-2.a.i;GRI 207-2.a.ii;GRI 207-2.a.iii;GRI 207-2.a.iv;GRI 207-2.b;GRI 207-2.c;GRI 207-3.a;GRI 207-3.a.i;GRI 207-3.a.ii;GRI 207-3.a.iii;GRI 207-4.a;GRI 207-4.b;GRI 207-4.b.iii;GRI 207-4.c;GRI 308-1.a;GRI 308-2.a;GRI 308-2.b;GRI 308-2.c;GRI 308-2.d;GRI 308-2.e;GRI-SF-11.10.2_401-1;GRI-SF-11.10.2_401-1-a;GRI-SF-11.10.2_401-1-b;GRI-SF-11.10.5_402-1;GRI-SF-11.10.5_402-1-a;GRI-SF-11.10.5_402-1-b;GRI-SF-11.10.6_404-1;GRI-SF-11.10.6_404-1-a;GRI-SF-11.10.8_414-1;GRI-SF-11.10.8_414-1-a;GRI-SF-11.11.4_404-1;GRI-SF-11.11.4_404-1-a;GRI-SF-11.11.5_405-1;GRI-SF-11.11.5_405-1-a;GRI-SF-11.11.5_405-1-b;GRI-SF-11.11.7_406-1;GRI-SF-11.11.7_406-1-a;GRI-SF-11.11.7_406-1-b;GRI-SF-11.11.7_406-1-b-i;GRI-SF-11.11.7_406-1-b-ii;GRI-SF-11.11.7_406-1-b-iii;GRI-SF-11.11.7_406-1-b-iv;GRI-SF-11.12.2_409-1;GRI-SF-11.12.2_409-1-a;GRI-SF-11.12.2_409-1-a-i;GRI-SF-11.12.2_409-1-a-ii;GRI-SF-11.12.2_409-1-b;GRI-SF-11.12.3_414-1;GRI-SF-11.12.3_414-1-a;GRI-SF-11.13.2_407-1;GRI-SF-11.13.2_407-1-a;GRI-SF-11.13.2_407-1-a-i;GRI-SF-11.13.2_407-1-a-ii;GRI-SF-11.13.2_407-1-b;GRI-SF-11.14.2_201-1;GRI-SF-11.14.2_201-1-a;GRI-SF-11.14.2_201-1-b;GRI-SF-11.14.4_203-1;GRI-SF-11.14.4_203-1-a;GRI-SF-11.14.4_203-1-b;GRI-SF-11.14.4_203-1-c;GRI-SF-11.14.6_204-1;GRI-SF-11.14.6_204-1-a;GRI-SF-11.14.6_204-1-b;GRI-SF-11.14.6_204-1-c;GRI-SF-11.15.2_413-1;GRI-SF-11.15.2_413-1-a;GRI-SF-11.15.2_413-1-a-i;GRI-SF-11.15.2_413-1-a-ii;GRI-SF-11.15.2_413-1-a-iii;GRI-SF-11.15.2_413-1-a-iv;GRI-SF-11.15.2_413-1-a-v;GRI-SF-11.15.2_413-1-a-vi;GRI-SF-11.15.2_413-1-a-vii;GRI-SF-11.15.2_413-1-a-viii;GRI-SF-11.17.2_411-1;GRI-SF-11.17.2_411-1-a;GRI-SF-11.17.2_411-1-b;GRI-SF-11.17.2_411-1-b-i;GRI-SF-11.17.2_411-1-b-ii;GRI-SF-11.17.2_411-1-b-iii;GRI-SF-11.17.2_411-1-b-iv;GRI-SF-11.18.2_410-1;GRI-SF-11.18.2_410-1-a;GRI-SF-11.18.2_410-1-b;GRI-SF-11.19.2_206-1;GRI-SF-11.19.2_206-1-a;GRI-SF-11.19.2_206-1-b;GRI-SF-11.1.2_302-1;GRI-SF-11.1.2_302-1-a;GRI-SF-11.1.2_302-1-b;GRI-SF-11.1.2_302-1-c;GRI-SF-11.1.2_302-1-d;GRI-SF-11.1.2_302-1-e;GRI-SF-11.1.2_302-1-f;GRI-SF-11.1.2_302-1-g;GRI-SF-11.1.2_302-1-c-i;GRI-SF-11.1.2_302-1-c-ii;GRI-SF-11.1.2_302-1-c-iii;GRI-SF-11.1.2_302-1-c-iv;GRI-SF-11.1.2_302-1-d-i;GRI-SF-11.1.2_302-1-d-ii;GRI-SF-11.1.2_302-1-d-iii;GRI-SF-11.1.2_302-1-d-iv;GRI-SF-11.1.5_305-1;GRI-SF-11.1.5_305-1-a;GRI-SF-11.1.5_305-1-c;GRI-SF-11.1.5_305-1-d;GRI-SF-11.1.5_305-1-e;GRI-SF-11.1.5_305-1-g;GRI-SF-11.1.5_305-1-d-i;GRI-SF-11.1.5_305-1-d-ii;GRI-SF-11.1.5_305-1-d-iii;GRI-SF-11.20.2_205-1;GRI-SF-11.20.2_205-1-a;GRI-SF-11.20.2_205-1-b;GRI-SF-11.21.2_201-1;GRI-SF-11.21.2_201-1-a;GRI-SF-11.21.2_201-1-b;GRI-SF-11.21.2_201-1-a-i;GRI-SF-11.21.2_201-1-a-ii;GRI-SF-11.21.2_201-1-a-iii;GRI-SF-11.21.4_207-1;GRI-SF-11.21.4_207-1-a;GRI-SF-11.21.4_207-1-a-i;GRI-SF-11.21.4_207-1-a-ii;GRI-SF-11.21.4_207-1-a-iii;GRI-SF-11.21.4_207-1-a-iv;GRI-SF-11.22.2_415-1;GRI-SF-11.22.2_415-1-a;GRI-SF-11.22.2_415-1-b;GRI-SF-11.3.3_416-1;GRI-SF-11.3.3_416-1-a;GRI-SF-11.4.2_304-1;GRI-SF-11.4.2_304-1-a;GRI-SF-11.4.2_304-1-a-i;GRI-SF-11.4.2_304-1-a-ii;GRI-SF-11.4.2_304-1-a-iii;GRI-SF-11.4.2_304-1-a-iv;GRI-SF-11.4.2_304-1-a-v;GRI-SF-11.4.2_304-1-a-vi;GRI-SF-11.4.2_304-1-a-vii;GRI-SF-11.5.2_306-1;GRI-SF-11.5.2_306-1-a;GRI-SF-11.5.2_306-1-a-i;GRI-SF-11.5.2_306-1-a-ii;GRI-SF-11.6.2_303-1;GRI-SF-11.6.2_303-1-a;GRI-SF-11.6.2_303-1-b;GRI-SF-11.6.2_303-1-c;GRI-SF-11.6.2_303-1-d;GRI-SF-11.7.2_402-1;GRI-SF-11.7.2_402-1-a;GRI-SF-11.7.2_402-1-b;GRI-SF-11.9.2_403-1;GRI-SF-11.9.2_403-1-a;GRI-SF-11.9.2_403-1-a-i;GRI-SF-11.9.2_403-1-a-ii;GRI-SF-11.9.2_403-1-b;GRI-SF-11.10.3_401-2;GRI-SF-11.10.3_401-2-a;GRI-SF-11.10.3_401-2-b;GRI-SF-11.10.3_401-2-a-i;GRI-SF-11.10.3_401-2-a-ii;GRI-SF-11.10.3_401-2-a-iii;GRI-SF-11.10.3_401-2-a-iv;GRI-SF-11.10.3_401-2-a-v;GRI-SF-11.10.3_401-2-a-vi;GRI-SF-11.10.3_401-2-a-vii;GRI-SF-11.10.7_404-2;GRI-SF-11.10.7_404-2-a;GRI-SF-11.10.7_404-2-b;GRI-SF-11.10.9_414-2;GRI-SF-11.10.9_414-2-a;GRI-SF-11.10.9_414-2-b;GRI-SF-11.10.9_414-2-c;GRI-SF-11.10.9_414-2-d;GRI-SF-11.10.9_414-2-e;GRI-SF-11.11.2_202-2;GRI-SF-11.11.2_202-2-a;GRI-SF-11.11.2_202-2-b;GRI-SF-11.11.2_202-2-c;GRI-SF-11.11.2_202-2-d;GRI-SF-11.11.6_405-2;GRI-SF-11.11.6_405-2-a;GRI-SF-11.11.6_405-2-b;GRI-SF-11.14.3_202-2;GRI-SF-11.14.3_202-2-a;GRI-SF-11.14.3_202-2-b;GRI-SF-11.14.3_202-2-c;GRI-SF-11.14.3_202-2-d;GRI-SF-11.14.5_203-2;GRI-SF-11.14.5_203-2-a;GRI-SF-11.14.5_203-2-b;GRI-SF-11.15.3_413-2;GRI-SF-11.15.3_413-2-a;GRI-SF-11.15.3_413-2-a-i;GRI-SF-11.15.3_413-2-a-ii;GRI-SF-11.16.2_3-3;GRI-SF-11.16.2_3-3-a;GRI-SF-11.16.2_3-3-b;GRI-SF-11.16.2_3-3-c;GRI-SF-11.16.2_3-3-d;GRI-SF-11.16.2_3-3-d-i;GRI-SF-11.16.2_3-3-d-ii;GRI-SF-11.16.2_3-3-d-iii;GRI-SF-11.16.2_3-3-e;GRI-SF-11.16.2_3-3-e-i;GRI-SF-11.16.2_3-3-e-ii;GRI-SF-11.16.2_3-3-e-iii;GRI-SF-11.16.2_3-3-e-iv;GRI-SF-11.16.2_3-3-f;GRI-SF-11.1.3_302-2;GRI-SF-11.1.3_302-2-a;GRI-SF-11.1.3_302-2-b;GRI-SF-11.1.3_302-2-c;GRI-SF-11.1.6_305-2;GRI-SF-11.1.6_305-2-a;GRI-SF-11.1.6_305-2-d;GRI-SF-11.1.6_305-2-e;GRI-SF-11.1.6_305-2-g;GRI-SF-11.1.6_305-2-d-i;GRI-SF-11.1.6_305-2-d-ii;GRI-SF-11.1.6_305-2-d-iii;GRI-SF-11.20.3_205-2;GRI-SF-11.20.3_205-2-a;GRI-SF-11.20.3_205-2-b;GRI-SF-11.20.3_205-2-c;GRI-SF-11.20.3_205-2-d;GRI-SF-11.20.3_205-2-e;GRI-SF-11.21.5_207-2;GRI-SF-11.21.5_207-2-a;GRI-SF-11.21.5_207-2-a-i;GRI-SF-11.21.5_207-2-a-ii;GRI-SF-11.21.5_207-2-a-iii;GRI-SF-11.21.5_207-2-a-iv;GRI-SF-11.21.5_207-2-b;GRI-SF-11.21.5_207-2-c;GRI-SF-11.2.2_201-2;GRI-SF-11.2.2_201-2-a;GRI-SF-11.2.2_201-2-a-ii;GRI-SF-11.2.2_201-2-a-iii;GRI-SF-11.2.2_201-2-a-iv;GRI-SF-11.2.2_201-2-a-v;GRI-SF-11.4.3_304-2;GRI-SF-11.4.3_304-2-a;GRI-SF-11.4.3_304-2-a-i;GRI-SF-11.4.3_304-2-a-ii;GRI-SF-11.4.3_304-2-a-iii;GRI-SF-11.4.3_304-2-a-iv;GRI-SF-11.4.3_304-2-a-v;GRI-SF-11.4.3_304-2-a-vi;GRI-SF-11.4.3_304-2-b;GRI-SF-11.4.3_304-2-b-i;GRI-SF-11.4.3_304-2-b-ii;GRI-SF-11.4.3_304-2-b-iii;GRI-SF-11.4.3_304-2-b-iv;GRI-SF-11.5.3_306-2;GRI-SF-11.5.3_306-2-a;GRI-SF-11.5.3_306-2-b;GRI-SF-11.5.3_306-2-c;GRI-SF-11.6.3_303-2;GRI-SF-11.6.3_303-2-a;GRI-SF-11.6.3_303-2-a-i;GRI-SF-11.6.3_303-2-a-ii;GRI-SF-11.6.3_303-2-a-iii;GRI-SF-11.6.3_303-2-a-iv;GRI-SF-11.7.3_404-2;GRI-SF-11.7.3_404-2-a;GRI-SF-11.7.3_404-2-b;GRI-SF-11.9.3_403-2;GRI-SF-11.9.3_403-2-a;GRI-SF-11.9.3_403-2-a-i;GRI-SF-11.9.3_403-2-a-ii;GRI-SF-11.9.3_403-2-b;GRI-SF-11.9.3_403-2-c;GRI-SF-11.9.3_403-2-d;GRI-SF-11.10.1_3-3;GRI-SF-11.10.1_3-3-a;GRI-SF-11.10.1_3-3-b;GRI-SF-11.10.1_3-3-c;GRI-SF-11.10.1_3-3-d;GRI-SF-11.10.1_3-3-d-i;GRI-SF-11.10.1_3-3-d-ii;GRI-SF-11.10.1_3-3-d-iii;GRI-SF-11.10.1_3-3-e;GRI-SF-11.10.1_3-3-e-i;GRI-SF-11.10.1_3-3-e-ii;GRI-SF-11.10.1_3-3-e-iii;GRI-SF-11.10.1_3-3-e-iv;GRI-SF-11.10.1_3-3-f;GRI-SF-11.10.4_401-3;GRI-SF-11.10.4_401-3-a;GRI-SF-11.10.4_401-3-b;GRI-SF-11.10.4_401-3-c;GRI-SF-11.10.4_401-3-d;GRI-SF-11.10.4_401-3-e;GRI-SF-11.11.1_3-3;GRI-SF-11.11.1_3-3-a;GRI-SF-11.11.1_3-3-b;GRI-SF-11.11.1_3-3-c;GRI-SF-11.11.1_3-3-d;GRI-SF-11.11.1_3-3-d-i;GRI-SF-11.11.1_3-3-d-ii;GRI-SF-11.11.1_3-3-d-iii;GRI-SF-11.11.1_3-3-e;GRI-SF-11.11.1_3-3-e-i;GRI-SF-11.11.1_3-3-e-ii;GRI-SF-11.11.1_3-3-e-iii;GRI-SF-11.11.1_3-3-e-iv;GRI-SF-11.11.1_3-3-f;GRI-SF-11.11.3_401-3;GRI-SF-11.11.3_401-3-a;GRI-SF-11.11.3_401-3-b;GRI-SF-11.11.3_401-3-c;GRI-SF-11.11.3_401-3-d;GRI-SF-11.11.3_401-3-e;GRI-SF-11.12.1_3-3;GRI-SF-11.12.1_3-3-a;GRI-SF-11.12.1_3-3-b;GRI-SF-11.12.1_3-3-c;GRI-SF-11.12.1_3-3-d;GRI-SF-11.12.1_3-3-d-i;GRI-SF-11.12.1_3-3-d-ii;GRI-SF-11.12.1_3-3-d-iii;GRI-SF-11.12.1_3-3-e;GRI-SF-11.12.1_3-3-e-i;GRI-SF-11.12.1_3-3-e-ii;GRI-SF-11.12.1_3-3-e-iii;GRI-SF-11.12.1_3-3-e-iv;GRI-SF-11.12.1_3-3-f;GRI-SF-11.13.1_3-3;GRI-SF-11.13.1_3-3-a;GRI-SF-11.13.1_3-3-b;GRI-SF-11.13.1_3-3-c;GRI-SF-11.13.1_3-3-d;GRI-SF-11.13.1_3-3-d-i;GRI-SF-11.13.1_3-3-d-ii;GRI-SF-11.13.1_3-3-d-iii;GRI-SF-11.13.1_3-3-e;GRI-SF-11.13.1_3-3-e-i;GRI-SF-11.13.1_3-3-e-ii;GRI-SF-11.13.1_3-3-e-iii;GRI-SF-11.13.1_3-3-e-iv;GRI-SF-11.13.1_3-3-f;GRI-SF-11.14.1_3-3;GRI-SF-11.14.1_3-3-a;GRI-SF-11.14.1_3-3-b;GRI-SF-11.14.1_3-3-c;GRI-SF-11.14.1_3-3-d;GRI-SF-11.14.1_3-3-d-i;GRI-SF-11.14.1_3-3-d-ii;GRI-SF-11.14.1_3-3-d-iii;GRI-SF-11.14.1_3-3-e;GRI-SF-11.14.1_3-3-e-i;GRI-SF-11.14.1_3-3-e-ii;GRI-SF-11.14.1_3-3-e-iii;GRI-SF-11.14.1_3-3-e-iv;GRI-SF-11.14.1_3-3-f;GRI-SF-11.15.1_3-3;GRI-SF-11.15.1_3-3-a;GRI-SF-11.15.1_3-3-b;GRI-SF-11.15.1_3-3-c;GRI-SF-11.15.1_3-3-d;GRI-SF-11.15.1_3-3-d-i;GRI-SF-11.15.1_3-3-d-ii;GRI-SF-11.15.1_3-3-d-iii;GRI-SF-11.15.1_3-3-e;GRI-SF-11.15.1_3-3-e-i;GRI-SF-11.15.1_3-3-e-ii;GRI-SF-11.15.1_3-3-e-iii;GRI-SF-11.15.1_3-3-e-iv;GRI-SF-11.15.1_3-3-f;GRI-SF-11.16.1_3-3;GRI-SF-11.16.1_3-3-a;GRI-SF-11.16.1_3-3-b;GRI-SF-11.16.1_3-3-c;GRI-SF-11.16.1_3-3-d;GRI-SF-11.16.1_3-3-d-i;GRI-SF-11.16.1_3-3-d-ii;GRI-SF-11.16.1_3-3-d-iii;GRI-SF-11.16.1_3-3-e;GRI-SF-11.16.1_3-3-e-i;GRI-SF-11.16.1_3-3-e-ii;GRI-SF-11.16.1_3-3-e-iii;GRI-SF-11.16.1_3-3-e-iv;GRI-SF-11.16.1_3-3-f;GRI-SF-11.17.1_3-3;GRI-SF-11.17.1_3-3-a;GRI-SF-11.17.1_3-3-b;GRI-SF-11.17.1_3-3-c;GRI-SF-11.17.1_3-3-d;GRI-SF-11.17.1_3-3-d-i;GRI-SF-11.17.1_3-3-d-ii;GRI-SF-11.17.1_3-3-d-iii;GRI-SF-11.17.1_3-3-e;GRI-SF-11.17.1_3-3-e-i;GRI-SF-11.17.1_3-3-e-ii;GRI-SF-11.17.1_3-3-e-iii;GRI-SF-11.17.1_3-3-e-iv;GRI-SF-11.17.1_3-3-f;GRI-SF-11.17.3_411-1;GRI-SF-11.18.1_3-3;GRI-SF-11.18.1_3-3-a;GRI-SF-11.18.1_3-3-b;GRI-SF-11.18.1_3-3-c;GRI-SF-11.18.1_3-3-d;GRI-SF-11.18.1_3-3-d-i;GRI-SF-11.18.1_3-3-d-ii;GRI-SF-11.18.1_3-3-d-iii;GRI-SF-11.18.1_3-3-e;GRI-SF-11.18.1_3-3-e-i;GRI-SF-11.18.1_3-3-e-ii;GRI-SF-11.18.1_3-3-e-iii;GRI-SF-11.18.1_3-3-e-iv;GRI-SF-11.18.1_3-3-f;GRI-SF-11.19.1_3-3;GRI-SF-11.19.1_3-3-a;GRI-SF-11.19.1_3-3-b;GRI-SF-11.19.1_3-3-c;GRI-SF-11.19.1_3-3-d;GRI-SF-11.19.1_3-3-d-i;GRI-SF-11.19.1_3-3-d-ii;GRI-SF-11.19.1_3-3-d-iii;GRI-SF-11.19.1_3-3-e;GRI-SF-11.19.1_3-3-e-i;GRI-SF-11.19.1_3-3-e-ii;GRI-SF-11.19.1_3-3-e-iii;GRI-SF-11.19.1_3-3-e-iv;GRI-SF-11.19.1_3-3-f;GRI-SF-11.1.1_3-3;GRI-SF-11.1.1_3-3-a;GRI-SF-11.1.1_3-3-b;GRI-SF-11.1.1_3-3-c;GRI-SF-11.1.1_3-3-d;GRI-SF-11.1.1_3-3-d-i;GRI-SF-11.1.1_3-3-d-ii;GRI-SF-11.1.1_3-3-d-iii;GRI-SF-11.1.1_3-3-e;GRI-SF-11.1.1_3-3-e-i;GRI-SF-11.1.1_3-3-e-ii;GRI-SF-11.1.1_3-3-e-iii;GRI-SF-11.1.1_3-3-e-iv;GRI-SF-11.1.1_3-3-f;GRI-SF-11.1.4_302-3;GRI-SF-11.1.4_302-3-a;GRI-SF-11.1.4_302-3-b;GRI-SF-11.1.4_302-3-c;GRI-SF-11.1.4_302-3-c-fuel;GRI-SF-11.1.4_302-3-c-electricity;GRI-SF-11.1.4_302-3-c-heating;GRI-SF-11.1.4_302-3-c-cooling;GRI-SF-11.1.4_302-3-c-steam;GRI-SF-11.1.4_302-3-d;GRI-SF-11.1.4_302-3-d-within_organization;GRI-SF-11.1.4_302-3-d-outside_organization;GRI-SF-11.1.7_305-3;GRI-SF-11.1.7_305-3-a;GRI-SF-11.1.7_305-3-c;GRI-SF-11.1.7_305-3-d;GRI-SF-11.1.7_305-3-e;GRI-SF-11.1.7_305-3-f;GRI-SF-11.1.7_305-3-g;GRI-SF-11.1.7_305-3-e-i;GRI-SF-11.1.7_305-3-e-ii;GRI-SF-11.1.7_305-3-e-iii;GRI-SF-11.20.1_3-3;GRI-SF-11.20.1_3-3-a;GRI-SF-11.20.1_3-3-b;GRI-SF-11.20.1_3-3-c;GRI-SF-11.20.1_3-3-d;GRI-SF-11.20.1_3-3-d-i;GRI-SF-11.20.1_3-3-d-ii;GRI-SF-11.20.1_3-3-d-iii;GRI-SF-11.20.1_3-3-e;GRI-SF-11.20.1_3-3-e-i;GRI-SF-11.20.1_3-3-e-ii;GRI-SF-11.20.1_3-3-e-iii;GRI-SF-11.20.1_3-3-e-iv;GRI-SF-11.20.1_3-3-f;GRI-SF-11.20.4_205-3;GRI-SF-11.20.4_205-3-a;GRI-SF-11.20.4_205-3-b;GRI-SF-11.20.4_205-3-c;GRI-SF-11.20.4_205-3-d;GRI-SF-11.21.1_3-3;GRI-SF-11.21.1_3-3-a;GRI-SF-11.21.1_3-3-b;GRI-SF-11.21.1_3-3-c;GRI-SF-11.21.1_3-3-d;GRI-SF-11.21.1_3-3-d-i;GRI-SF-11.21.1_3-3-d-ii;GRI-SF-11.21.1_3-3-d-iii;GRI-SF-11.21.1_3-3-e;GRI-SF-11.21.1_3-3-e-i;GRI-SF-11.21.1_3-3-e-ii;GRI-SF-11.21.1_3-3-e-iii;GRI-SF-11.21.1_3-3-e-iv;GRI-SF-11.21.1_3-3-f;GRI-SF-11.21.6_207-3;GRI-SF-11.21.6_207-3-a;GRI-SF-11.21.6_207-3-a-i;GRI-SF-11.21.6_207-3-a-ii;GRI-SF-11.21.6_207-3-a-iii;GRI-SF-11.22.1_3-3;GRI-SF-11.22.1_3-3-a;GRI-SF-11.22.1_3-3-b;GRI-SF-11.22.1_3-3-c;GRI-SF-11.22.1_3-3-d;GRI-SF-11.22.1_3-3-d-i;GRI-SF-11.22.1_3-3-d-ii;GRI-SF-11.22.1_3-3-d-iii;GRI-SF-11.22.1_3-3-e;GRI-SF-11.22.1_3-3-e-i;GRI-SF-11.22.1_3-3-e-ii;GRI-SF-11.22.1_3-3-e-iii;GRI-SF-11.22.1_3-3-e-iv;GRI-SF-11.22.1_3-3-f;GRI-SF-11.2.1_3-3;GRI-SF-11.2.1_3-3-a;GRI-SF-11.2.1_3-3-b;GRI-SF-11.2.1_3-3-c;GRI-SF-11.2.1_3-3-d;GRI-SF-11.2.1_3-3-d-i;GRI-SF-11.2.1_3-3-d-ii;GRI-SF-11.2.1_3-3-d-iii;GRI-SF-11.2.1_3-3-e;GRI-SF-11.2.1_3-3-e-i;GRI-SF-11.2.1_3-3-e-ii;GRI-SF-11.2.1_3-3-e-iii;GRI-SF-11.2.1_3-3-e-iv;GRI-SF-11.2.1_3-3-f;GRI-SF-11.3.1_3-3;GRI-SF-11.3.1_3-3-a;GRI-SF-11.3.1_3-3-b;GRI-SF-11.3.1_3-3-c;GRI-SF-11.3.1_3-3-d;GRI-SF-11.3.1_3-3-d-i;GRI-SF-11.3.1_3-3-d-ii;GRI-SF-11.3.1_3-3-d-iii;GRI-SF-11.3.1_3-3-e;GRI-SF-11.3.1_3-3-e-i;GRI-SF-11.3.1_3-3-e-ii;GRI-SF-11.3.1_3-3-e-iii;GRI-SF-11.3.1_3-3-e-iv;GRI-SF-11.3.1_3-3-f;GRI-SF-11.4.1_3-3;GRI-SF-11.4.1_3-3-a;GRI-SF-11.4.1_3-3-b;GRI-SF-11.4.1_3-3-c;GRI-SF-11.4.1_3-3-d;GRI-SF-11.4.1_3-3-d-i;GRI-SF-11.4.1_3-3-d-ii;GRI-SF-11.4.1_3-3-d-iii;GRI-SF-11.4.1_3-3-e;GRI-SF-11.4.1_3-3-e-i;GRI-SF-11.4.1_3-3-e-ii;GRI-SF-11.4.1_3-3-e-iii;GRI-SF-11.4.1_3-3-e-iv;GRI-SF-11.4.1_3-3-f;GRI-SF-11.4.4_304-3;GRI-SF-11.4.4_304-3-a;GRI-SF-11.4.4_304-3-b;GRI-SF-11.4.4_304-3-c;GRI-SF-11.4.4_304-3-d;GRI-SF-11.5.1_3-3;GRI-SF-11.5.1_3-3-a;GRI-SF-11.5.1_3-3-b;GRI-SF-11.5.1_3-3-c;GRI-SF-11.5.1_3-3-d;GRI-SF-11.5.1_3-3-d-i;GRI-SF-11.5.1_3-3-d-ii;GRI-SF-11.5.1_3-3-d-iii;GRI-SF-11.5.1_3-3-e;GRI-SF-11.5.1_3-3-e-i;GRI-SF-11.5.1_3-3-e-ii;GRI-SF-11.5.1_3-3-e-iii;GRI-SF-11.5.1_3-3-e-iv;GRI-SF-11.5.1_3-3-f;GRI-SF-11.5.4_306-3;GRI-SF-11.5.4_306-3-a;GRI-SF-11.5.4_306-3-b;GRI-SF-11.6.1_3-3;GRI-SF-11.6.1_3-3-a;GRI-SF-11.6.1_3-3-b;GRI-SF-11.6.1_3-3-c;GRI-SF-11.6.1_3-3-d;GRI-SF-11.6.1_3-3-d-i;GRI-SF-11.6.1_3-3-d-ii;GRI-SF-11.6.1_3-3-d-iii;GRI-SF-11.6.1_3-3-e;GRI-SF-11.6.1_3-3-e-i;GRI-SF-11.6.1_3-3-e-ii;GRI-SF-11.6.1_3-3-e-iii;GRI-SF-11.6.1_3-3-e-iv;GRI-SF-11.6.1_3-3-f;GRI-SF-11.6.4_303-3;GRI-SF-11.6.4_303-3-c;GRI-SF-11.6.4_303-3-d;GRI-SF-11.7.1_3-3;GRI-SF-11.7.1_3-3-a;GRI-SF-11.7.1_3-3-b;GRI-SF-11.7.1_3-3-c;GRI-SF-11.7.1_3-3-d;GRI-SF-11.7.1_3-3-d-i;GRI-SF-11.7.1_3-3-d-ii;GRI-SF-11.7.1_3-3-d-iii;GRI-SF-11.7.1_3-3-e;GRI-SF-11.7.1_3-3-e-i;GRI-SF-11.7.1_3-3-e-ii;GRI-SF-11.7.1_3-3-e-iii;GRI-SF-11.7.1_3-3-e-iv;GRI-SF-11.7.1_3-3-f;GRI-SF-11.8.1_3-3;GRI-SF-11.8.1_3-3-a;GRI-SF-11.8.1_3-3-b;GRI-SF-11.8.1_3-3-c;GRI-SF-11.8.1_3-3-d;GRI-SF-11.8.1_3-3-d-i;GRI-SF-11.8.1_3-3-d-ii;GRI-SF-11.8.1_3-3-d-iii;GRI-SF-11.8.1_3-3-e;GRI-SF-11.8.1_3-3-e-i;GRI-SF-11.8.1_3-3-e-ii;GRI-SF-11.8.1_3-3-e-iii;GRI-SF-11.8.1_3-3-e-iv;GRI-SF-11.8.1_3-3-f;GRI-SF-11.8.2_306-3;GRI-SF-11.8.2_306-3-a;GRI-SF-11.8.2_306-3-b;GRI-SF-11.8.2_306-3-c;GRI-SF-11.8.2_306-3-b-i;GRI-SF-11.8.2_306-3-b-ii;GRI-SF-11.8.2_306-3-b-iii;GRI-SF-11.8.3_306-3;GRI-SF-11.9.1_3-3;GRI-SF-11.9.1_3-3-a;GRI-SF-11.9.1_3-3-b;GRI-SF-11.9.1_3-3-c;GRI-SF-11.9.1_3-3-d;GRI-SF-11.9.1_3-3-d-i;GRI-SF-11.9.1_3-3-d-ii;GRI-SF-11.9.1_3-3-d-iii;GRI-SF-11.9.1_3-3-e;GRI-SF-11.9.1_3-3-e-i;GRI-SF-11.9.1_3-3-e-ii;GRI-SF-11.9.1_3-3-e-iii;GRI-SF-11.9.1_3-3-e-iv;GRI-SF-11.9.1_3-3-f;GRI-SF-11.9.4_403-3;GRI-SF-11.9.4_403-3-a;GRI-SF-11.15.4_413-2;GRI-SF-11.17.4_411-1;GRI-SF-11.1.8_305-4;GRI-SF-11.1.8_305-4-a;GRI-SF-11.1.8_305-4-b;GRI-SF-11.21.3_201-4;GRI-SF-11.21.3_201-4-b;GRI-SF-11.21.3_201-4-c;GRI-SF-11.21.7_207-4;GRI-SF-11.21.7_207-4-a;GRI-SF-11.21.7_207-4-b;GRI-SF-11.21.7_207-4-b-iii;GRI-SF-11.21.7_207-4-c;GRI-SF-11.2.4_305-5;GRI-SF-11.4.5_304-4;GRI-SF-11.4.5_304-4-a;GRI-SF-11.5.5_306-4;GRI-SF-11.5.5_306-4-a;GRI-SF-11.5.5_306-4-b;GRI-SF-11.5.5_306-4-c;GRI-SF-11.5.5_306-4-d;GRI-SF-11.5.5_306-4-e;GRI-SF-11.6.5_303-4;GRI-SF-11.6.5_303-4-b;GRI-SF-11.6.5_303-4-d;GRI-SF-11.6.5_303-4-d-i;GRI-SF-11.6.5_303-4-d-ii;GRI-SF-11.6.5_303-4-d-iii;GRI-SF-11.6.5_303-4-e;GRI-SF-11.7.4_404-2;GRI-SF-11.8.4_306-3;GRI-SF-11.9.5_403-4;GRI-SF-11.9.5_403-4-a;GRI-SF-11.9.5_403-4-b;GRI-SF-11.20.5_205-3;GRI-SF-11.2.3_305-5;GRI-SF-11.2.3_305-5-a;GRI-SF-11.2.3_305-5-c;GRI-SF-11.2.3_305-5-e;GRI-SF-11.5.6_306-5;GRI-SF-11.5.6_306-5-a;GRI-SF-11.5.6_306-5-b;GRI-SF-11.5.6_306-5-c;GRI-SF-11.5.6_306-5-d;GRI-SF-11.5.6_306-5-e;GRI-SF-11.6.6_303-5;GRI-SF-11.6.6_303-5-a;GRI-SF-11.6.6_303-5-b;GRI-SF-11.6.6_303-5-c;GRI-SF-11.6.6_303-5-d;GRI-SF-11.7.5_404-2;GRI-SF-11.9.6_403-5;GRI-SF-11.9.6_403-5-a;GRI-SF-11.20.6_205-3;GRI-SF-11.7.6_404-2;GRI-SF-11.9.7_403-6;GRI-SF-11.9.7_403-6-a;GRI-SF-11.9.7_403-6-b;GRI-SF-11.3.2_305-7;GRI-SF-11.3.2_305-7-a;GRI-SF-11.3.2_305-7-b;GRI-SF-11.3.2_305-7-c;GRI-SF-11.3.2_305-7-a-i;GRI-SF-11.3.2_305-7-a-ii;GRI-SF-11.3.2_305-7-a-iii;GRI-SF-11.3.2_305-7-a-iv;GRI-SF-11.3.2_305-7-a-v;GRI-SF-11.3.2_305-7-a-vi;GRI-SF-11.3.2_305-7-a-vii;GRI-SF-11.9.8_403-7;GRI-SF-11.9.8_403-7-a;GRI-SF-11.21.8_207-4;GRI-SF-11.9.9_403-8;GRI-SF-11.9.9_403-8-a;GRI-SF-11.9.9_403-8-a-i;GRI-SF-11.9.9_403-8-a-i-number_covered;GRI-SF-11.9.9_403-8-a-i-percentage_covered;GRI-SF-11.9.9_403-8-a-ii;GRI-SF-11.9.9_403-8-a-ii-number_internally_audited;GRI-SF-11.9.9_403-8-a-ii-percentage_internally_audited;GRI-SF-11.9.9_403-8-a-iii;GRI-SF-11.9.9_403-8-a-iii-number_externally_audited;GRI-SF-11.9.9_403-8-a-iii-percentage_externally_audited;GRI-SF-11.9.9_403-8-b;GRI-SF-11.9.9_403-8-c;GRI-SF-11.9.10_403-9;GRI-SF-11.9.10_403-9-a;GRI-SF-11.9.10_403-9-a-i;GRI-SF-11.9.10_403-9-a-i-rate;GRI-SF-11.9.10_403-9-a-ii;GRI-SF-11.9.10_403-9-a-ii-rate;GRI-SF-11.9.10_403-9-a-iii;GRI-SF-11.9.10_403-9-a-iii-rate;GRI-SF-11.9.10_403-9-a-iv;GRI-SF-11.9.10_403-9-a-v;GRI-SF-11.9.10_403-9-b;GRI-SF-11.9.10_403-9-b-i;GRI-SF-11.9.10_403-9-b-i-rate;GRI-SF-11.9.10_403-9-b-ii;GRI-SF-11.9.10_403-9-b-ii-rate;GRI-SF-11.9.10_403-9-b-iii;GRI-SF-11.9.10_403-9-b-iii-rate;GRI-SF-11.9.10_403-9-b-iv;GRI-SF-11.9.10_403-9-b-v;GRI-SF-11.9.10_403-9-c;GRI-SF-11.9.10_403-9-c-i;GRI-SF-11.9.10_403-9-c-ii;GRI-SF-11.9.10_403-9-c-iii;GRI-SF-11.9.10_403-9-d;GRI-SF-11.9.10_403-9-e;GRI-SF-11.9.10_403-9-f;GRI-SF-11.9.10_403-9-g;GRI-SF-11.9.11_403-10;GRI-SF-11.9.11_403-10-a;GRI-SF-11.9.11_403-10-a-i;GRI-SF-11.9.11_403-10-a-ii;GRI-SF-11.9.11_403-10-a-iii;GRI-SF-11.9.11_403-10-b;GRI-SF-11.9.11_403-10-b-i;GRI-SF-11.9.11_403-10-b-ii;GRI-SF-11.9.11_403-10-b-iii;GRI-SF-11.9.11_403-10-c;GRI-SF-11.9.11_403-10-c-i;GRI-SF-11.9.11_403-10-c-ii;GRI-SF-11.9.11_403-10-c-iii;GRI-SF-11.9.11_403-10-d;GRI-SF-11.9.11_403-10-e;GRI-SF-12.11.2_411-1;GRI-SF-12.11.2_411-1-a;GRI-SF-12.11.2_411-1-b;GRI-SF-12.11.2_411-1-b-i;GRI-SF-12.11.2_411-1-b-ii;GRI-SF-12.11.2_411-1-b-iii;GRI-SF-12.11.2_411-1-b-iv;GRI-SF-12.12.2_410-1;GRI-SF-12.12.2_410-1-a;GRI-SF-12.12.2_410-1-b;GRI-SF-12.14.2_403-1;GRI-SF-12.14.2_403-1-a;GRI-SF-12.14.2_403-1-a-i;GRI-SF-12.14.2_403-1-a-ii;GRI-SF-12.14.2_403-1-b;GRI-SF-12.15.2_401-1;GRI-SF-12.15.2_401-1-a;GRI-SF-12.15.2_401-1-b;GRI-SF-12.15.5_402-1;GRI-SF-12.15.5_402-1-a;GRI-SF-12.15.5_402-1-b;GRI-SF-12.15.6_404-1;GRI-SF-12.15.6_404-1-a;GRI-SF-12.15.8_414-1;GRI-SF-12.15.8_414-1-a;GRI-SF-12.16.2_408-1;GRI-SF-12.16.2_408-1-a;GRI-SF-12.16.2_408-1-a-i;GRI-SF-12.16.2_408-1-a-ii;GRI-SF-12.16.2_408-1-b;GRI-SF-12.16.2_408-1-b-i;GRI-SF-12.16.2_408-1-b-ii;GRI-SF-12.16.2_408-1-c;GRI-SF-12.16.3_414-1;GRI-SF-12.16.3_414-1-a;GRI-SF-12.17.2_409-1;GRI-SF-12.17.2_409-1-a;GRI-SF-12.17.2_409-1-a-i;GRI-SF-12.17.2_409-1-a-ii;GRI-SF-12.17.2_409-1-b;GRI-SF-12.17.3_414-1;GRI-SF-12.17.3_414-1-a;GRI-SF-12.18.2_407-1;GRI-SF-12.18.2_407-1-a;GRI-SF-12.18.2_407-1-a-i;GRI-SF-12.18.2_407-1-a-ii;GRI-SF-12.18.2_407-1-b;GRI-SF-12.19.2_202-1;GRI-SF-12.19.2_202-1-b;GRI-SF-12.19.2_202-1-d;GRI-SF-12.19.5_404-1;GRI-SF-12.19.5_404-1-a;GRI-SF-12.19.6_405-1;GRI-SF-12.19.6_405-1-a;GRI-SF-12.19.6_405-1-b;GRI-SF-12.19.8_406-1;GRI-SF-12.19.8_406-1-a;GRI-SF-12.19.8_406-1-b;GRI-SF-12.19.8_406-1-b-i;GRI-SF-12.19.8_406-1-b-ii;GRI-SF-12.19.8_406-1-b-iii;GRI-SF-12.19.8_406-1-b-iv;GRI-SF-12.1.2_302-1;GRI-SF-12.1.2_302-1-a;GRI-SF-12.1.2_302-1-b;GRI-SF-12.1.2_302-1-c;GRI-SF-12.1.2_302-1-d;GRI-SF-12.1.2_302-1-e;GRI-SF-12.1.2_302-1-f;GRI-SF-12.1.2_302-1-g;GRI-SF-12.1.2_302-1-c-i;GRI-SF-12.1.2_302-1-c-ii;GRI-SF-12.1.2_302-1-c-iii;GRI-SF-12.1.2_302-1-c-iv;GRI-SF-12.1.2_302-1-d-i;GRI-SF-12.1.2_302-1-d-ii;GRI-SF-12.1.2_302-1-d-iii;GRI-SF-12.1.2_302-1-d-iv;GRI-SF-12.1.5_305-1;GRI-SF-12.1.5_305-1-a;GRI-SF-12.1.5_305-1-c;GRI-SF-12.1.5_305-1-d;GRI-SF-12.1.5_305-1-e;GRI-SF-12.1.5_305-1-g;GRI-SF-12.1.5_305-1-d-i;GRI-SF-12.1.5_305-1-d-ii;GRI-SF-12.1.5_305-1-d-iii;GRI-SF-12.20.2_205-1;GRI-SF-12.20.2_205-1-a;GRI-SF-12.20.2_205-1-b;GRI-SF-12.21.2_201-1;GRI-SF-12.21.2_201-1-a;GRI-SF-12.21.2_201-1-b;GRI-SF-12.21.2_201-1-a-i;GRI-SF-12.21.2_201-1-a-ii;GRI-SF-12.21.2_201-1-a-iii;GRI-SF-12.21.4_207-1;GRI-SF-12.21.4_207-1-a;GRI-SF-12.21.4_207-1-a-i;GRI-SF-12.21.4_207-1-a-ii;GRI-SF-12.21.4_207-1-a-iii;GRI-SF-12.21.4_207-1-a-iv;GRI-SF-12.22.2_415-1;GRI-SF-12.22.2_415-1-a;GRI-SF-12.22.2_415-1-b;GRI-SF-12.3.2_402-1;GRI-SF-12.3.2_402-1-a;GRI-SF-12.3.2_402-1-b;GRI-SF-12.5.2_304-1;GRI-SF-12.5.2_304-1-a;GRI-SF-12.5.2_304-1-a-i;GRI-SF-12.5.2_304-1-a-ii;GRI-SF-12.5.2_304-1-a-iii;GRI-SF-12.5.2_304-1-a-iv;GRI-SF-12.5.2_304-1-a-v;GRI-SF-12.5.2_304-1-a-vi;GRI-SF-12.5.2_304-1-a-vii;GRI-SF-12.6.2_306-1;GRI-SF-12.6.2_306-1-a;GRI-SF-12.6.2_306-1-a-i;GRI-SF-12.6.2_306-1-a-ii;GRI-SF-12.7.2_303-1;GRI-SF-12.7.2_303-1-a;GRI-SF-12.7.2_303-1-b;GRI-SF-12.7.2_303-1-c;GRI-SF-12.7.2_303-1-d;GRI-SF-12.8.2_201-1;GRI-SF-12.8.2_201-1-a;GRI-SF-12.8.2_201-1-b;GRI-SF-12.8.2_201-1-a-i;GRI-SF-12.8.2_201-1-a-ii;GRI-SF-12.8.2_201-1-a-iii;GRI-SF-12.8.3_202-2;GRI-SF-12.8.3_202-2-b;GRI-SF-12.8.3_202-2-d;GRI-SF-12.8.4_203-1;GRI-SF-12.8.4_203-1-a;GRI-SF-12.8.4_203-1-b;GRI-SF-12.8.4_203-1-c;GRI-SF-12.8.6_204-1;GRI-SF-12.8.6_204-1-a;GRI-SF-12.8.6_204-1-b;GRI-SF-12.8.6_204-1-c;GRI-SF-12.9.2_413-1;GRI-SF-12.9.2_413-1-a;GRI-SF-12.9.2_413-1-a-i;GRI-SF-12.9.2_413-1-a-ii;GRI-SF-12.9.2_413-1-a-iii;GRI-SF-12.9.2_413-1-a-iv;GRI-SF-12.9.2_413-1-a-v;GRI-SF-12.9.2_413-1-a-vi;GRI-SF-12.9.2_413-1-a-vii;GRI-SF-12.9.2_413-1-a-viii;GRI-SF-12.10.2_3-3;GRI-SF-12.10.2_3-3-a;GRI-SF-12.10.2_3-3-b;GRI-SF-12.10.2_3-3-c;GRI-SF-12.10.2_3-3-d;GRI-SF-12.10.2_3-3-d-i;GRI-SF-12.10.2_3-3-d-ii;GRI-SF-12.10.2_3-3-d-iii;GRI-SF-12.10.2_3-3-e;GRI-SF-12.10.2_3-3-e-i;GRI-SF-12.10.2_3-3-e-ii;GRI-SF-12.10.2_3-3-e-iii;GRI-SF-12.10.2_3-3-e-iv;GRI-SF-12.10.2_3-3-f;GRI-SF-12.14.3_403-2;GRI-SF-12.14.3_403-2-a;GRI-SF-12.14.3_403-2-a-i;GRI-SF-12.14.3_403-2-a-ii;GRI-SF-12.14.3_403-2-b;GRI-SF-12.14.3_403-2-c;GRI-SF-12.14.3_403-2-d;GRI-SF-12.15.3_401-2;GRI-SF-12.15.3_401-2-a;GRI-SF-12.15.3_401-2-b;GRI-SF-12.15.3_401-2-a-i;GRI-SF-12.15.3_401-2-a-ii;GRI-SF-12.15.3_401-2-a-iii;GRI-SF-12.15.3_401-2-a-iv;GRI-SF-12.15.3_401-2-a-v;GRI-SF-12.15.3_401-2-a-vi;GRI-SF-12.15.3_401-2-a-vii;GRI-SF-12.15.7_404-2;GRI-SF-12.15.7_404-2-a;GRI-SF-12.15.7_404-2-b;GRI-SF-12.15.9_414-2;GRI-SF-12.15.9_414-2-a;GRI-SF-12.15.9_414-2-b;GRI-SF-12.15.9_414-2-c;GRI-SF-12.15.9_414-2-d;GRI-SF-12.15.9_414-2-e;GRI-SF-12.19.3_202-2;GRI-SF-12.19.3_202-2-a;GRI-SF-12.19.3_202-2-b;GRI-SF-12.19.3_202-2-c;GRI-SF-12.19.3_202-2-d;GRI-SF-12.19.7_405-2;GRI-SF-12.19.7_405-2-b;GRI-SF-12.1.3_302-2;GRI-SF-12.1.3_302-2-a;GRI-SF-12.1.3_302-2-b;GRI-SF-12.1.3_302-2-c;GRI-SF-12.1.6_305-2;GRI-SF-12.1.6_305-2-a;GRI-SF-12.1.6_305-2-d;GRI-SF-12.1.6_305-2-e;GRI-SF-12.1.6_305-2-g;GRI-SF-12.1.6_305-2-d-i;GRI-SF-12.1.6_305-2-d-ii;GRI-SF-12.1.6_305-2-d-iii;GRI-SF-12.20.3_205-2;GRI-SF-12.20.3_205-2-a;GRI-SF-12.20.3_205-2-b;GRI-SF-12.20.3_205-2-c;GRI-SF-12.20.3_205-2-d;GRI-SF-12.20.3_205-2-e;GRI-SF-12.21.5_207-2;GRI-SF-12.21.5_207-2-a;GRI-SF-12.21.5_207-2-a-i;GRI-SF-12.21.5_207-2-a-ii;GRI-SF-12.21.5_207-2-a-iii;GRI-SF-12.21.5_207-2-a-iv;GRI-SF-12.21.5_207-2-b;GRI-SF-12.21.5_207-2-c;GRI-SF-12.2.2_201-2;GRI-SF-12.2.2_201-2-a;GRI-SF-12.2.2_201-2-a-ii;GRI-SF-12.2.2_201-2-a-iii;GRI-SF-12.2.2_201-2-a-iv;GRI-SF-12.2.2_201-2-a-v;GRI-SF-12.3.3_404-2;GRI-SF-12.3.3_404-2-a;GRI-SF-12.3.3_404-2-b;GRI-SF-12.5.3_304-2;GRI-SF-12.5.3_304-2-a;GRI-SF-12.5.3_304-2-a-i;GRI-SF-12.5.3_304-2-a-ii;GRI-SF-12.5.3_304-2-a-iii;GRI-SF-12.5.3_304-2-a-iv;GRI-SF-12.5.3_304-2-a-v;GRI-SF-12.5.3_304-2-a-vi;GRI-SF-12.5.3_304-2-b;GRI-SF-12.5.3_304-2-b-i;GRI-SF-12.5.3_304-2-b-ii;GRI-SF-12.5.3_304-2-b-iii;GRI-SF-12.5.3_304-2-b-iv;GRI-SF-12.6.3_306-2;GRI-SF-12.6.3_306-2-a;GRI-SF-12.6.3_306-2-b;GRI-SF-12.6.3_306-2-c;GRI-SF-12.7.3_303-2;GRI-SF-12.7.3_303-2-a;GRI-SF-12.7.3_303-2-a-i;GRI-SF-12.7.3_303-2-a-ii;GRI-SF-12.7.3_303-2-a-iii;GRI-SF-12.7.3_303-2-a-iv;GRI-SF-12.8.5_203-2;GRI-SF-12.8.5_203-2-a;GRI-SF-12.8.5_203-2-b;GRI-SF-12.9.3_413-2;GRI-SF-12.9.3_413-2-a;GRI-SF-12.9.3_413-2-a-i;GRI-SF-12.9.3_413-2-a-ii;GRI-SF-12.10.1_3-3;GRI-SF-12.10.1_3-3-a;GRI-SF-12.10.1_3-3-b;GRI-SF-12.10.1_3-3-c;GRI-SF-12.10.1_3-3-d;GRI-SF-12.10.1_3-3-d-i;GRI-SF-12.10.1_3-3-d-ii;GRI-SF-12.10.1_3-3-d-iii;GRI-SF-12.10.1_3-3-e;GRI-SF-12.10.1_3-3-e-i;GRI-SF-12.10.1_3-3-e-ii;GRI-SF-12.10.1_3-3-e-iii;GRI-SF-12.10.1_3-3-e-iv;GRI-SF-12.10.1_3-3-f;GRI-SF-12.11.1_3-3;GRI-SF-12.11.1_3-3-a;GRI-SF-12.11.1_3-3-b;GRI-SF-12.11.1_3-3-c;GRI-SF-12.11.1_3-3-d;GRI-SF-12.11.1_3-3-d-i;GRI-SF-12.11.1_3-3-d-ii;GRI-SF-12.11.1_3-3-d-iii;GRI-SF-12.11.1_3-3-e;GRI-SF-12.11.1_3-3-e-i;GRI-SF-12.11.1_3-3-e-ii;GRI-SF-12.11.1_3-3-e-iii;GRI-SF-12.11.1_3-3-e-iv;GRI-SF-12.11.1_3-3-f;GRI-SF-12.11.3_411-1;GRI-SF-12.12.1_3-3;GRI-SF-12.12.1_3-3-a;GRI-SF-12.12.1_3-3-b;GRI-SF-12.12.1_3-3-c;GRI-SF-12.12.1_3-3-d;GRI-SF-12.12.1_3-3-d-i;GRI-SF-12.12.1_3-3-d-ii;GRI-SF-12.12.1_3-3-d-iii;GRI-SF-12.12.1_3-3-e;GRI-SF-12.12.1_3-3-e-i;GRI-SF-12.12.1_3-3-e-ii;GRI-SF-12.12.1_3-3-e-iii;GRI-SF-12.12.1_3-3-e-iv;GRI-SF-12.12.1_3-3-f;GRI-SF-12.13.1_3-3;GRI-SF-12.13.1_3-3-a;GRI-SF-12.13.1_3-3-b;GRI-SF-12.13.1_3-3-c;GRI-SF-12.13.1_3-3-d;GRI-SF-12.13.1_3-3-d-i;GRI-SF-12.13.1_3-3-d-ii;GRI-SF-12.13.1_3-3-d-iii;GRI-SF-12.13.1_3-3-e;GRI-SF-12.13.1_3-3-e-i;GRI-SF-12.13.1_3-3-e-ii;GRI-SF-12.13.1_3-3-e-iii;GRI-SF-12.13.1_3-3-e-iv;GRI-SF-12.13.1_3-3-f;GRI-SF-12.13.2_306-3;GRI-SF-12.13.2_306-3-a;GRI-SF-12.13.2_306-3-b;GRI-SF-12.13.2_306-3-c;GRI-SF-12.13.2_306-3-b-i;GRI-SF-12.13.2_306-3-b-ii;GRI-SF-12.13.2_306-3-b-iii;GRI-SF-12.13.3_306-3;GRI-SF-12.14.1_3-3;GRI-SF-12.14.1_3-3-a;GRI-SF-12.14.1_3-3-b;GRI-SF-12.14.1_3-3-c;GRI-SF-12.14.1_3-3-d;GRI-SF-12.14.1_3-3-d-i;GRI-SF-12.14.1_3-3-d-ii;GRI-SF-12.14.1_3-3-d-iii;GRI-SF-12.14.1_3-3-e;GRI-SF-12.14.1_3-3-e-i;GRI-SF-12.14.1_3-3-e-ii;GRI-SF-12.14.1_3-3-e-iii;GRI-SF-12.14.1_3-3-e-iv;GRI-SF-12.14.1_3-3-f;GRI-SF-12.14.4_403-3;GRI-SF-12.14.4_403-3-a;GRI-SF-12.15.1_3-3;GRI-SF-12.15.1_3-3-a;GRI-SF-12.15.1_3-3-b;GRI-SF-12.15.1_3-3-c;GRI-SF-12.15.1_3-3-d;GRI-SF-12.15.1_3-3-d-i;GRI-SF-12.15.1_3-3-d-ii;GRI-SF-12.15.1_3-3-d-iii;GRI-SF-12.15.1_3-3-e;GRI-SF-12.15.1_3-3-e-i;GRI-SF-12.15.1_3-3-e-ii;GRI-SF-12.15.1_3-3-e-iii;GRI-SF-12.15.1_3-3-e-iv;GRI-SF-12.15.1_3-3-f;GRI-SF-12.15.4_401-3;GRI-SF-12.15.4_401-3-a;GRI-SF-12.15.4_401-3-b;GRI-SF-12.15.4_401-3-c;GRI-SF-12.15.4_401-3-d;GRI-SF-12.15.4_401-3-e;GRI-SF-12.16.1_3-3;GRI-SF-12.16.1_3-3-a;GRI-SF-12.16.1_3-3-b;GRI-SF-12.16.1_3-3-c;GRI-SF-12.16.1_3-3-d;GRI-SF-12.16.1_3-3-d-i;GRI-SF-12.16.1_3-3-d-ii;GRI-SF-12.16.1_3-3-d-iii;GRI-SF-12.16.1_3-3-e;GRI-SF-12.16.1_3-3-e-i;GRI-SF-12.16.1_3-3-e-ii;GRI-SF-12.16.1_3-3-e-iii;GRI-SF-12.16.1_3-3-e-iv;GRI-SF-12.16.1_3-3-f;GRI-SF-12.17.1_3-3;GRI-SF-12.17.1_3-3-a;GRI-SF-12.17.1_3-3-b;GRI-SF-12.17.1_3-3-c;GRI-SF-12.17.1_3-3-d;GRI-SF-12.17.1_3-3-d-i;GRI-SF-12.17.1_3-3-d-ii;GRI-SF-12.17.1_3-3-d-iii;GRI-SF-12.17.1_3-3-e;GRI-SF-12.17.1_3-3-e-i;GRI-SF-12.17.1_3-3-e-ii;GRI-SF-12.17.1_3-3-e-iii;GRI-SF-12.17.1_3-3-e-iv;GRI-SF-12.17.1_3-3-f;GRI-SF-12.18.1_3-3;GRI-SF-12.18.1_3-3-a;GRI-SF-12.18.1_3-3-b;GRI-SF-12.18.1_3-3-c;GRI-SF-12.18.1_3-3-d;GRI-SF-12.18.1_3-3-d-i;GRI-SF-12.18.1_3-3-d-ii;GRI-SF-12.18.1_3-3-d-iii;GRI-SF-12.18.1_3-3-e;GRI-SF-12.18.1_3-3-e-i;GRI-SF-12.18.1_3-3-e-ii;GRI-SF-12.18.1_3-3-e-iii;GRI-SF-12.18.1_3-3-e-iv;GRI-SF-12.18.1_3-3-f;GRI-SF-12.19.1_3-3;GRI-SF-12.19.1_3-3-a;GRI-SF-12.19.1_3-3-b;GRI-SF-12.19.1_3-3-c;GRI-SF-12.19.1_3-3-d;GRI-SF-12.19.1_3-3-d-i;GRI-SF-12.19.1_3-3-d-ii;GRI-SF-12.19.1_3-3-d-iii;GRI-SF-12.19.1_3-3-e;GRI-SF-12.19.1_3-3-e-i;GRI-SF-12.19.1_3-3-e-ii;GRI-SF-12.19.1_3-3-e-iii;GRI-SF-12.19.1_3-3-e-iv;GRI-SF-12.19.1_3-3-f;GRI-SF-12.19.4_401-3;GRI-SF-12.19.4_401-3-a;GRI-SF-12.19.4_401-3-b;GRI-SF-12.19.4_401-3-c;GRI-SF-12.19.4_401-3-d;GRI-SF-12.19.4_401-3-e;GRI-SF-12.1.1_3-3;GRI-SF-12.1.1_3-3-a;GRI-SF-12.1.1_3-3-b;GRI-SF-12.1.1_3-3-c;GRI-SF-12.1.1_3-3-d;GRI-SF-12.1.1_3-3-d-i;GRI-SF-12.1.1_3-3-d-ii;GRI-SF-12.1.1_3-3-d-iii;GRI-SF-12.1.1_3-3-e;GRI-SF-12.1.1_3-3-e-i;GRI-SF-12.1.1_3-3-e-ii;GRI-SF-12.1.1_3-3-e-iii;GRI-SF-12.1.1_3-3-e-iv;GRI-SF-12.1.1_3-3-f;GRI-SF-12.1.4_302-3;GRI-SF-12.1.4_302-3-a;GRI-SF-12.1.4_302-3-b;GRI-SF-12.1.4_302-3-c;GRI-SF-12.1.4_302-3-d;GRI-SF-12.1.7_305-3;GRI-SF-12.1.7_305-3-a;GRI-SF-12.1.7_305-3-c;GRI-SF-12.1.7_305-3-d;GRI-SF-12.1.7_305-3-e;GRI-SF-12.1.7_305-3-f;GRI-SF-12.1.7_305-3-g;GRI-SF-12.1.7_305-3-e-i;GRI-SF-12.1.7_305-3-e-ii;GRI-SF-12.1.7_305-3-e-iii;GRI-SF-12.20.1_3-3;GRI-SF-12.20.1_3-3-a;GRI-SF-12.20.1_3-3-b;GRI-SF-12.20.1_3-3-c;GRI-SF-12.20.1_3-3-d;GRI-SF-12.20.1_3-3-d-i;GRI-SF-12.20.1_3-3-d-ii;GRI-SF-12.20.1_3-3-d-iii;GRI-SF-12.20.1_3-3-e;GRI-SF-12.20.1_3-3-e-i;GRI-SF-12.20.1_3-3-e-ii;GRI-SF-12.20.1_3-3-e-iii;GRI-SF-12.20.1_3-3-e-iv;GRI-SF-12.20.1_3-3-f;GRI-SF-12.20.4_205-3;GRI-SF-12.20.4_205-3-a;GRI-SF-12.20.4_205-3-b;GRI-SF-12.20.4_205-3-c;GRI-SF-12.20.4_205-3-d;GRI-SF-12.21.1_3-3;GRI-SF-12.21.1_3-3-a;GRI-SF-12.21.1_3-3-b;GRI-SF-12.21.1_3-3-c;GRI-SF-12.21.1_3-3-d;GRI-SF-12.21.1_3-3-d-i;GRI-SF-12.21.1_3-3-d-ii;GRI-SF-12.21.1_3-3-d-iii;GRI-SF-12.21.1_3-3-e;GRI-SF-12.21.1_3-3-e-i;GRI-SF-12.21.1_3-3-e-ii;GRI-SF-12.21.1_3-3-e-iii;GRI-SF-12.21.1_3-3-e-iv;GRI-SF-12.21.1_3-3-f;GRI-SF-12.21.6_207-3;GRI-SF-12.21.6_207-3-a;GRI-SF-12.21.6_207-3-a-i;GRI-SF-12.21.6_207-3-a-ii;GRI-SF-12.21.6_207-3-a-iii;GRI-SF-12.22.1_3-3;GRI-SF-12.22.1_3-3-a;GRI-SF-12.22.1_3-3-b;GRI-SF-12.22.1_3-3-c;GRI-SF-12.22.1_3-3-d;GRI-SF-12.22.1_3-3-d-i;GRI-SF-12.22.1_3-3-d-ii;GRI-SF-12.22.1_3-3-d-iii;GRI-SF-12.22.1_3-3-e;GRI-SF-12.22.1_3-3-e-i;GRI-SF-12.22.1_3-3-e-ii;GRI-SF-12.22.1_3-3-e-iii;GRI-SF-12.22.1_3-3-e-iv;GRI-SF-12.22.1_3-3-f;GRI-SF-12.2.1_3-3;GRI-SF-12.2.1_3-3-a;GRI-SF-12.2.1_3-3-b;GRI-SF-12.2.1_3-3-c;GRI-SF-12.2.1_3-3-d;GRI-SF-12.2.1_3-3-d-i;GRI-SF-12.2.1_3-3-d-ii;GRI-SF-12.2.1_3-3-d-iii;GRI-SF-12.2.1_3-3-e;GRI-SF-12.2.1_3-3-e-i;GRI-SF-12.2.1_3-3-e-ii;GRI-SF-12.2.1_3-3-e-iii;GRI-SF-12.2.1_3-3-e-iv;GRI-SF-12.2.1_3-3-f;GRI-SF-12.3.1_3-3;GRI-SF-12.3.1_3-3-a;GRI-SF-12.3.1_3-3-b;GRI-SF-12.3.1_3-3-c;GRI-SF-12.3.1_3-3-d;GRI-SF-12.3.1_3-3-d-i;GRI-SF-12.3.1_3-3-d-ii;GRI-SF-12.3.1_3-3-d-iii;GRI-SF-12.3.1_3-3-e;GRI-SF-12.3.1_3-3-e-i;GRI-SF-12.3.1_3-3-e-ii;GRI-SF-12.3.1_3-3-e-iii;GRI-SF-12.3.1_3-3-e-iv;GRI-SF-12.3.1_3-3-f;GRI-SF-12.4.1_3-3;GRI-SF-12.4.1_3-3-a;GRI-SF-12.4.1_3-3-b;GRI-SF-12.4.1_3-3-c;GRI-SF-12.4.1_3-3-d;GRI-SF-12.4.1_3-3-d-i;GRI-SF-12.4.1_3-3-d-ii;GRI-SF-12.4.1_3-3-d-iii;GRI-SF-12.4.1_3-3-e;GRI-SF-12.4.1_3-3-e-i;GRI-SF-12.4.1_3-3-e-ii;GRI-SF-12.4.1_3-3-e-iii;GRI-SF-12.4.1_3-3-e-iv;GRI-SF-12.4.1_3-3-f;GRI-SF-12.5.1_3-3;GRI-SF-12.5.1_3-3-a;GRI-SF-12.5.1_3-3-b;GRI-SF-12.5.1_3-3-c;GRI-SF-12.5.1_3-3-d;GRI-SF-12.5.1_3-3-d-i;GRI-SF-12.5.1_3-3-d-ii;GRI-SF-12.5.1_3-3-d-iii;GRI-SF-12.5.1_3-3-e;GRI-SF-12.5.1_3-3-e-i;GRI-SF-12.5.1_3-3-e-ii;GRI-SF-12.5.1_3-3-e-iii;GRI-SF-12.5.1_3-3-e-iv;GRI-SF-12.5.1_3-3-f;GRI-SF-12.5.4_304-3;GRI-SF-12.5.4_304-3-a;GRI-SF-12.5.4_304-3-b;GRI-SF-12.5.4_304-3-c;GRI-SF-12.5.4_304-3-d;GRI-SF-12.6.1_3-3;GRI-SF-12.6.1_3-3-a;GRI-SF-12.6.1_3-3-b;GRI-SF-12.6.1_3-3-c;GRI-SF-12.6.1_3-3-d;GRI-SF-12.6.1_3-3-d-i;GRI-SF-12.6.1_3-3-d-ii;GRI-SF-12.6.1_3-3-d-iii;GRI-SF-12.6.1_3-3-e;GRI-SF-12.6.1_3-3-e-i;GRI-SF-12.6.1_3-3-e-ii;GRI-SF-12.6.1_3-3-e-iii;GRI-SF-12.6.1_3-3-e-iv;GRI-SF-12.6.1_3-3-f;GRI-SF-12.6.4_306-3;GRI-SF-12.6.4_306-3-a;GRI-SF-12.6.4_306-3-b;GRI-SF-12.7.1_3-3;GRI-SF-12.7.1_3-3-a;GRI-SF-12.7.1_3-3-b;GRI-SF-12.7.1_3-3-c;GRI-SF-12.7.1_3-3-d;GRI-SF-12.7.1_3-3-d-i;GRI-SF-12.7.1_3-3-d-ii;GRI-SF-12.7.1_3-3-d-iii;GRI-SF-12.7.1_3-3-e;GRI-SF-12.7.1_3-3-e-i;GRI-SF-12.7.1_3-3-e-ii;GRI-SF-12.7.1_3-3-e-iii;GRI-SF-12.7.1_3-3-e-iv;GRI-SF-12.7.1_3-3-f;GRI-SF-12.7.4_303-3;GRI-SF-12.7.4_303-3-c;GRI-SF-12.7.4_303-3-d;GRI-SF-12.8.1_3-3;GRI-SF-12.8.1_3-3-a;GRI-SF-12.8.1_3-3-b;GRI-SF-12.8.1_3-3-c;GRI-SF-12.8.1_3-3-d;GRI-SF-12.8.1_3-3-d-i;GRI-SF-12.8.1_3-3-d-ii;GRI-SF-12.8.1_3-3-d-iii;GRI-SF-12.8.1_3-3-e;GRI-SF-12.8.1_3-3-e-i;GRI-SF-12.8.1_3-3-e-ii;GRI-SF-12.8.1_3-3-e-iii;GRI-SF-12.8.1_3-3-e-iv;GRI-SF-12.8.1_3-3-f;GRI-SF-12.9.1_3-3;GRI-SF-12.9.1_3-3-a;GRI-SF-12.9.1_3-3-b;GRI-SF-12.9.1_3-3-c;GRI-SF-12.9.1_3-3-d;GRI-SF-12.9.1_3-3-d-i;GRI-SF-12.9.1_3-3-d-ii;GRI-SF-12.9.1_3-3-d-iii;GRI-SF-12.9.1_3-3-e;GRI-SF-12.9.1_3-3-e-i;GRI-SF-12.9.1_3-3-e-ii;GRI-SF-12.9.1_3-3-e-iii;GRI-SF-12.9.1_3-3-e-iv;GRI-SF-12.9.1_3-3-f;GRI-SF-12.11.4_411-1;GRI-SF-12.13.4_306-3;GRI-SF-12.14.5_403-4;GRI-SF-12.14.5_403-4-a;GRI-SF-12.14.5_403-4-b;GRI-SF-12.1.8_305-4;GRI-SF-12.1.8_305-4-a;GRI-SF-12.1.8_305-4-b;GRI-SF-12.21.3_201-4;GRI-SF-12.21.3_201-4-b;GRI-SF-12.21.3_201-4-c;GRI-SF-12.21.7_207-4;GRI-SF-12.21.7_207-4-a;GRI-SF-12.21.7_207-4-b;GRI-SF-12.21.7_207-4-c;GRI-SF-12.3.4;GRI-SF-12.5.5_304-4;GRI-SF-12.5.5_304-4-a;GRI-SF-12.6.5_306-4;GRI-SF-12.6.5_306-4-a;GRI-SF-12.6.5_306-4-b;GRI-SF-12.6.5_306-4-b-i;GRI-SF-12.6.5_306-4-b-ii;GRI-SF-12.6.5_306-4-b-iii;GRI-SF-12.6.5_306-4-c;GRI-SF-12.6.5_306-4-c-i;GRI-SF-12.6.5_306-4-c-ii;GRI-SF-12.6.5_306-4-c-iii;GRI-SF-12.6.5_306-4-d;GRI-SF-12.6.5_306-4-d-i;GRI-SF-12.6.5_306-4-d-ii;GRI-SF-12.6.5_306-4-e;GRI-SF-12.7.5_303-4;GRI-SF-12.7.5_303-4-b;GRI-SF-12.7.5_303-4-d;GRI-SF-12.7.5_303-4-d-i;GRI-SF-12.7.5_303-4-d-ii;GRI-SF-12.7.5_303-4-d-iii;GRI-SF-12.7.5_303-4-e;GRI-SF-12.9.4_413-2;GRI-SF-12.14.6_403-5;GRI-SF-12.14.6_403-5-a;GRI-SF-12.20.5_205-3;GRI-SF-12.2.3_305-5;GRI-SF-12.2.3_305-5-a;GRI-SF-12.2.3_305-5-c;GRI-SF-12.2.3_305-5-e;GRI-SF-12.3.5;GRI-SF-12.6.6_306-5;GRI-SF-12.6.6_306-5-a;GRI-SF-12.6.6_306-5-b;GRI-SF-12.6.6_306-5-b-i;GRI-SF-12.6.6_306-5-b-ii;GRI-SF-12.6.6_306-5-b-iii;GRI-SF-12.6.6_306-5-b-iv;GRI-SF-12.6.6_306-5-c;GRI-SF-12.6.6_306-5-c-i;GRI-SF-12.6.6_306-5-c-ii;GRI-SF-12.6.6_306-5-c-iii;GRI-SF-12.6.6_306-5-c-iv;GRI-SF-12.6.6_306-5-d;GRI-SF-12.6.6_306-5-d-i;GRI-SF-12.6.6_306-5-d-ii;GRI-SF-12.6.6_306-5-e;GRI-SF-12.7.6_303-5;GRI-SF-12.7.6_303-5-a;GRI-SF-12.7.6_303-5-b;GRI-SF-12.7.6_303-5-c;GRI-SF-12.7.6_303-5-d;GRI-SF-12.14.7_403-6;GRI-SF-12.14.7_403-6-a;GRI-SF-12.14.7_403-6-b;GRI-SF-12.20.6_205-3;GRI-SF-12.3.6;GRI-SF-12.14.8_403-7;GRI-SF-12.14.8_403-7-a;GRI-SF-12.4.2_305-7;GRI-SF-12.4.2_305-7-a;GRI-SF-12.4.2_305-7-b;GRI-SF-12.4.2_305-7-c;GRI-SF-12.4.2_305-7-a-i;GRI-SF-12.4.2_305-7-a-ii;GRI-SF-12.4.2_305-7-a-iii;GRI-SF-12.4.2_305-7-a-iv;GRI-SF-12.4.2_305-7-a-v;GRI-SF-12.4.2_305-7-a-vi;GRI-SF-12.4.2_305-7-a-vii;GRI-SF-12.14.9_403-8;GRI-SF-12.14.9_403-8-a;GRI-SF-12.14.9_403-8-a-i;GRI-SF-12.14.9_403-8-a-ii;GRI-SF-12.14.9_403-8-a-iii;GRI-SF-12.14.9_403-8-b;GRI-SF-12.14.9_403-8-c;GRI-SF-12.21.8;GRI-SF-12.14.10_403-9;GRI-SF-12.14.10_403-9-a;GRI-SF-12.14.10_403-9-a-i;GRI-SF-12.14.10_403-9-a-ii;GRI-SF-12.14.10_403-9-a-iii;GRI-SF-12.14.10_403-9-a-iv;GRI-SF-12.14.10_403-9-a-v;GRI-SF-12.14.10_403-9-b;GRI-SF-12.14.10_403-9-b-i;GRI-SF-12.14.10_403-9-b-ii;GRI-SF-12.14.10_403-9-b-iii;GRI-SF-12.14.10_403-9-b-iv;GRI-SF-12.14.10_403-9-b-v;GRI-SF-12.14.10_403-9-c;GRI-SF-12.14.10_403-9-c-i;GRI-SF-12.14.10_403-9-c-ii;GRI-SF-12.14.10_403-9-c-iii;GRI-SF-12.14.10_403-9-d;GRI-SF-12.14.10_403-9-e;GRI-SF-12.14.10_403-9-f;GRI-SF-12.14.10_403-9-g;GRI-SF-12.14.11_403-10;GRI-SF-12.14.11_403-10-a;GRI-SF-12.14.11_403-10-a-i;GRI-SF-12.14.11_403-10-a-ii;GRI-SF-12.14.11_403-10-a-iii;GRI-SF-12.14.11_403-10-b;GRI-SF-12.14.11_403-10-b-i;GRI-SF-12.14.11_403-10-b-ii;GRI-SF-12.14.11_403-10-b-iii;GRI-SF-12.14.11_403-10-c;GRI-SF-12.14.11_403-10-c-i;GRI-SF-12.14.11_403-10-c-ii;GRI-SF-12.14.11_403-10-c-iii;GRI-SF-12.14.11_403-10-d;GRI-SF-12.14.11_403-10-e;GRI-SF-13.10.2_416-1;GRI-SF-13.10.2_416-1-a;GRI-SF-13.12.2_413-1;GRI-SF-13.12.2_413-1-a;GRI-SF-13.12.2_413-1-a-i;GRI-SF-13.12.2_413-1-a-ii;GRI-SF-13.12.2_413-1-a-iii;GRI-SF-13.12.2_413-1-a-iv;GRI-SF-13.12.2_413-1-a-v;GRI-SF-13.12.2_413-1-a-vi;GRI-SF-13.12.2_413-1-a-vii;GRI-SF-13.12.2_413-1-a-viii;GRI-SF-13.14.2_411-1;GRI-SF-13.14.2_411-1-a;GRI-SF-13.14.2_411-1-b;GRI-SF-13.14.2_411-1-b-i;GRI-SF-13.14.2_411-1-b-ii;GRI-SF-13.14.2_411-1-b-iii;GRI-SF-13.14.2_411-1-b-iv;GRI-SF-13.15.2_405-1;GRI-SF-13.15.2_405-1-a;GRI-SF-13.15.2_405-1-b;GRI-SF-13.15.4_406-1;GRI-SF-13.15.4_406-1-a;GRI-SF-13.15.4_406-1-b;GRI-SF-13.15.4_406-1-b-i;GRI-SF-13.15.4_406-1-b-ii;GRI-SF-13.15.4_406-1-b-iii;GRI-SF-13.15.4_406-1-b-iv;GRI-SF-13.16.2_409-1;GRI-SF-13.16.2_409-1-a;GRI-SF-13.16.2_409-1-a-i;GRI-SF-13.16.2_409-1-a-ii;GRI-SF-13.16.2_409-1-b;GRI-SF-13.17.2_408-1;GRI-SF-13.17.2_408-1-a;GRI-SF-13.17.2_408-1-a-i;GRI-SF-13.17.2_408-1-a-ii;GRI-SF-13.17.2_408-1-b;GRI-SF-13.17.2_408-1-b-i;GRI-SF-13.17.2_408-1-b-ii;GRI-SF-13.17.2_408-1-c;GRI-SF-13.18.2_407-1;GRI-SF-13.18.2_407-1-a;GRI-SF-13.18.2_407-1-a-i;GRI-SF-13.18.2_407-1-a-ii;GRI-SF-13.18.2_407-1-b;GRI-SF-13.19.2_403-1;GRI-SF-13.19.2_403-1-a;GRI-SF-13.19.2_403-1-a-i;GRI-SF-13.19.2_403-1-a-ii;GRI-SF-13.19.2_403-1-b;GRI-SF-13.1.2_305-1;GRI-SF-13.1.2_305-1-a;GRI-SF-13.1.2_305-1-c;GRI-SF-13.1.2_305-1-d;GRI-SF-13.1.2_305-1-e;GRI-SF-13.1.2_305-1-g;GRI-SF-13.1.2_305-1-d-i;GRI-SF-13.1.2_305-1-d-ii;GRI-SF-13.1.2_305-1-d-iii;GRI-SF-13.22.2_201-1;GRI-SF-13.22.2_201-1-a;GRI-SF-13.22.2_201-1-b;GRI-SF-13.22.2_201-1-a-i;GRI-SF-13.22.2_201-1-a-ii;GRI-SF-13.22.2_201-1-a-iii;GRI-SF-13.22.3_203-1;GRI-SF-13.22.3_203-1-a;GRI-SF-13.22.3_203-1-b;GRI-SF-13.22.3_203-1-c;GRI-SF-13.24.2_415-1;GRI-SF-13.24.2_415-1-a;GRI-SF-13.24.2_415-1-b;GRI-SF-13.25.2_206-1;GRI-SF-13.25.2_206-1-a;GRI-SF-13.25.2_206-1-b;GRI-SF-13.26.2_205-1;GRI-SF-13.26.2_205-1-a;GRI-SF-13.26.2_205-1-b;GRI-SF-13.3.2_304-1;GRI-SF-13.3.2_304-1-a;GRI-SF-13.3.2_304-1-a-i;GRI-SF-13.3.2_304-1-a-ii;GRI-SF-13.3.2_304-1-a-iii;GRI-SF-13.3.2_304-1-a-iv;GRI-SF-13.3.2_304-1-a-v;GRI-SF-13.3.2_304-1-a-vi;GRI-SF-13.3.2_304-1-a-vii;GRI-SF-13.7.2_303-1;GRI-SF-13.7.2_303-1-a;GRI-SF-13.7.2_303-1-b;GRI-SF-13.7.2_303-1-c;GRI-SF-13.7.2_303-1-d;GRI-SF-13.8.2_306-1;GRI-SF-13.8.2_306-1-a;GRI-SF-13.8.2_306-1-a-i;GRI-SF-13.8.2_306-1-a-ii;GRI-SF-13.10.3_416-2;GRI-SF-13.10.3_416-2-a;GRI-SF-13.10.3_416-2-a-i;GRI-SF-13.10.3_416-2-a-ii;GRI-SF-13.10.3_416-2-a-iii;GRI-SF-13.10.3_416-2-b;GRI-SF-13.11.2;GRI-SF-13.12.3_413-2;GRI-SF-13.12.3_413-2-a;GRI-SF-13.12.3_413-2-a-i;GRI-SF-13.12.3_413-2-a-ii;GRI-SF-13.13.2_3-3;GRI-SF-13.15.3_405-2;GRI-SF-13.15.3_405-2-b;GRI-SF-13.19.3_403-2;GRI-SF-13.19.3_403-2-a;GRI-SF-13.19.3_403-2-a-i;GRI-SF-13.19.3_403-2-a-ii;GRI-SF-13.19.3_403-2-b;GRI-SF-13.19.3_403-2-c;GRI-SF-13.19.3_403-2-d;GRI-SF-13.1.3_305-2;GRI-SF-13.1.3_305-2-a;GRI-SF-13.1.3_305-2-d;GRI-SF-13.1.3_305-2-e;GRI-SF-13.1.3_305-2-g;GRI-SF-13.1.3_305-2-d-i;GRI-SF-13.1.3_305-2-d-ii;GRI-SF-13.1.3_305-2-d-iii;GRI-SF-13.21.2;GRI-SF-13.22.4_203-2;GRI-SF-13.22.4_203-2-a;GRI-SF-13.22.4_203-2-b;GRI-SF-13.23.2_3-3;GRI-SF-13.26.3_205-2;GRI-SF-13.26.3_205-2-a;GRI-SF-13.26.3_205-2-b;GRI-SF-13.26.3_205-2-c;GRI-SF-13.26.3_205-2-d;GRI-SF-13.26.3_205-2-e;GRI-SF-13.2.2_201-2;GRI-SF-13.2.2_201-2-a;GRI-SF-13.2.2_201-2-a-ii;GRI-SF-13.2.2_201-2-a-iii;GRI-SF-13.2.2_201-2-a-iv;GRI-SF-13.2.2_201-2-a-v;GRI-SF-13.3.3_304-2;GRI-SF-13.3.3_304-2-a;GRI-SF-13.3.3_304-2-a-i;GRI-SF-13.3.3_304-2-a-ii;GRI-SF-13.3.3_304-2-a-iii;GRI-SF-13.3.3_304-2-a-iv;GRI-SF-13.3.3_304-2-a-v;GRI-SF-13.3.3_304-2-a-vi;GRI-SF-13.3.3_304-2-b;GRI-SF-13.3.3_304-2-b-i;GRI-SF-13.3.3_304-2-b-ii;GRI-SF-13.3.3_304-2-b-iii;GRI-SF-13.3.3_304-2-b-iv;GRI-SF-13.4.2;GRI-SF-13.6.2;GRI-SF-13.7.3_303-2;GRI-SF-13.7.3_303-2-a;GRI-SF-13.7.3_303-2-a-i;GRI-SF-13.7.3_303-2-a-ii;GRI-SF-13.7.3_303-2-a-iii;GRI-SF-13.7.3_303-2-a-iv;GRI-SF-13.8.3_306-2;GRI-SF-13.8.3_306-2-a;GRI-SF-13.8.3_306-2-b;GRI-SF-13.8.3_306-2-c;GRI-SF-13.9.2;GRI-SF-13.10.1_3-3;GRI-SF-13.10.1_3-3-a;GRI-SF-13.10.1_3-3-b;GRI-SF-13.10.1_3-3-c;GRI-SF-13.10.1_3-3-d;GRI-SF-13.10.1_3-3-d-i;GRI-SF-13.10.1_3-3-d-ii;GRI-SF-13.10.1_3-3-d-iii;GRI-SF-13.10.1_3-3-e;GRI-SF-13.10.1_3-3-e-i;GRI-SF-13.10.1_3-3-e-ii;GRI-SF-13.10.1_3-3-e-iii;GRI-SF-13.10.1_3-3-e-iv;GRI-SF-13.10.1_3-3-f;GRI-SF-13.11.1_3-3;GRI-SF-13.11.1_3-3-a;GRI-SF-13.11.1_3-3-b;GRI-SF-13.11.1_3-3-c;GRI-SF-13.11.1_3-3-d;GRI-SF-13.11.1_3-3-d-i;GRI-SF-13.11.1_3-3-d-ii;GRI-SF-13.11.1_3-3-d-iii;GRI-SF-13.11.1_3-3-e;GRI-SF-13.11.1_3-3-e-i;GRI-SF-13.11.1_3-3-e-ii;GRI-SF-13.11.1_3-3-e-iii;GRI-SF-13.11.1_3-3-e-iv;GRI-SF-13.11.1_3-3-f;GRI-SF-13.11.3;GRI-SF-13.12.1_3-3;GRI-SF-13.12.1_3-3-a;GRI-SF-13.12.1_3-3-b;GRI-SF-13.12.1_3-3-c;GRI-SF-13.12.1_3-3-d;GRI-SF-13.12.1_3-3-d-i;GRI-SF-13.12.1_3-3-d-ii;GRI-SF-13.12.1_3-3-d-iii;GRI-SF-13.12.1_3-3-e;GRI-SF-13.12.1_3-3-e-i;GRI-SF-13.12.1_3-3-e-ii;GRI-SF-13.12.1_3-3-e-iii;GRI-SF-13.12.1_3-3-e-iv;GRI-SF-13.12.1_3-3-f;GRI-SF-13.13.1_3-3;GRI-SF-13.13.1_3-3-a;GRI-SF-13.13.1_3-3-b;GRI-SF-13.13.1_3-3-c;GRI-SF-13.13.1_3-3-d;GRI-SF-13.13.1_3-3-d-i;GRI-SF-13.13.1_3-3-d-ii;GRI-SF-13.13.1_3-3-d-iii;GRI-SF-13.13.1_3-3-e;GRI-SF-13.13.1_3-3-e-i;GRI-SF-13.13.1_3-3-e-ii;GRI-SF-13.13.1_3-3-e-iii;GRI-SF-13.13.1_3-3-e-iv;GRI-SF-13.13.1_3-3-f;GRI-SF-13.13.3;GRI-SF-13.14.1_3-3;GRI-SF-13.14.1_3-3-a;GRI-SF-13.14.1_3-3-b;GRI-SF-13.14.1_3-3-c;GRI-SF-13.14.1_3-3-d;GRI-SF-13.14.1_3-3-d-i;GRI-SF-13.14.1_3-3-d-ii;GRI-SF-13.14.1_3-3-d-iii;GRI-SF-13.14.1_3-3-e;GRI-SF-13.14.1_3-3-e-i;GRI-SF-13.14.1_3-3-e-ii;GRI-SF-13.14.1_3-3-e-iii;GRI-SF-13.14.1_3-3-e-iv;GRI-SF-13.14.1_3-3-f;GRI-SF-13.14.3_411-1;GRI-SF-13.15.1_3-3;GRI-SF-13.15.1_3-3-a;GRI-SF-13.15.1_3-3-b;GRI-SF-13.15.1_3-3-c;GRI-SF-13.15.1_3-3-d;GRI-SF-13.15.1_3-3-d-i;GRI-SF-13.15.1_3-3-d-ii;GRI-SF-13.15.1_3-3-d-iii;GRI-SF-13.15.1_3-3-e;GRI-SF-13.15.1_3-3-e-i;GRI-SF-13.15.1_3-3-e-ii;GRI-SF-13.15.1_3-3-e-iii;GRI-SF-13.15.1_3-3-e-iv;GRI-SF-13.15.1_3-3-f;GRI-SF-13.16.1_3-3;GRI-SF-13.16.1_3-3-a;GRI-SF-13.16.1_3-3-b;GRI-SF-13.16.1_3-3-c;GRI-SF-13.16.1_3-3-d;GRI-SF-13.16.1_3-3-d-i;GRI-SF-13.16.1_3-3-d-ii;GRI-SF-13.16.1_3-3-d-iii;GRI-SF-13.16.1_3-3-e;GRI-SF-13.16.1_3-3-e-i;GRI-SF-13.16.1_3-3-e-ii;GRI-SF-13.16.1_3-3-e-iii;GRI-SF-13.16.1_3-3-e-iv;GRI-SF-13.16.1_3-3-f;GRI-SF-13.17.1_3-3;GRI-SF-13.17.1_3-3-a;GRI-SF-13.17.1_3-3-b;GRI-SF-13.17.1_3-3-c;GRI-SF-13.17.1_3-3-d;GRI-SF-13.17.1_3-3-d-i;GRI-SF-13.17.1_3-3-d-ii;GRI-SF-13.17.1_3-3-d-iii;GRI-SF-13.17.1_3-3-e;GRI-SF-13.17.1_3-3-e-i;GRI-SF-13.17.1_3-3-e-ii;GRI-SF-13.17.1_3-3-e-iii;GRI-SF-13.17.1_3-3-e-iv;GRI-SF-13.17.1_3-3-f;GRI-SF-13.18.1_3-3;GRI-SF-13.18.1_3-3-a;GRI-SF-13.18.1_3-3-b;GRI-SF-13.18.1_3-3-c;GRI-SF-13.18.1_3-3-d;GRI-SF-13.18.1_3-3-d-i;GRI-SF-13.18.1_3-3-d-ii;GRI-SF-13.18.1_3-3-d-iii;GRI-SF-13.18.1_3-3-e;GRI-SF-13.18.1_3-3-e-i;GRI-SF-13.18.1_3-3-e-ii;GRI-SF-13.18.1_3-3-e-iii;GRI-SF-13.18.1_3-3-e-iv;GRI-SF-13.18.1_3-3-f;GRI-SF-13.19.1_3-3;GRI-SF-13.19.1_3-3-a;GRI-SF-13.19.1_3-3-b;GRI-SF-13.19.1_3-3-c;GRI-SF-13.19.1_3-3-d;GRI-SF-13.19.1_3-3-d-i;GRI-SF-13.19.1_3-3-d-ii;GRI-SF-13.19.1_3-3-d-iii;GRI-SF-13.19.1_3-3-e;GRI-SF-13.19.1_3-3-e-i;GRI-SF-13.19.1_3-3-e-ii;GRI-SF-13.19.1_3-3-e-iii;GRI-SF-13.19.1_3-3-e-iv;GRI-SF-13.19.1_3-3-f;GRI-SF-13.19.4_403-3;GRI-SF-13.19.4_403-3-a;GRI-SF-13.1.1_3-3;GRI-SF-13.1.1_3-3-a;GRI-SF-13.1.1_3-3-b;GRI-SF-13.1.1_3-3-c;GRI-SF-13.1.1_3-3-d;GRI-SF-13.1.1_3-3-d-i;GRI-SF-13.1.1_3-3-d-ii;GRI-SF-13.1.1_3-3-d-iii;GRI-SF-13.1.1_3-3-e;GRI-SF-13.1.1_3-3-e-i;GRI-SF-13.1.1_3-3-e-ii;GRI-SF-13.1.1_3-3-e-iii;GRI-SF-13.1.1_3-3-e-iv;GRI-SF-13.1.1_3-3-f;GRI-SF-13.1.4_305-3;GRI-SF-13.1.4_305-3-a;GRI-SF-13.1.4_305-3-c;GRI-SF-13.1.4_305-3-d;GRI-SF-13.1.4_305-3-e;GRI-SF-13.1.4_305-3-f;GRI-SF-13.1.4_305-3-g;GRI-SF-13.1.4_305-3-e-i;GRI-SF-13.1.4_305-3-e-ii;GRI-SF-13.1.4_305-3-e-iii;GRI-SF-13.20.1_3-3;GRI-SF-13.20.1_3-3-a;GRI-SF-13.20.1_3-3-b;GRI-SF-13.20.1_3-3-c;GRI-SF-13.20.1_3-3-d;GRI-SF-13.20.1_3-3-d-i;GRI-SF-13.20.1_3-3-d-ii;GRI-SF-13.20.1_3-3-d-iii;GRI-SF-13.20.1_3-3-e;GRI-SF-13.20.1_3-3-e-i;GRI-SF-13.20.1_3-3-e-ii;GRI-SF-13.20.1_3-3-e-iii;GRI-SF-13.20.1_3-3-e-iv;GRI-SF-13.20.1_3-3-f;GRI-SF-13.21.1_3-3;GRI-SF-13.21.1_3-3-a;GRI-SF-13.21.1_3-3-b;GRI-SF-13.21.1_3-3-c;GRI-SF-13.21.1_3-3-d;GRI-SF-13.21.1_3-3-d-i;GRI-SF-13.21.1_3-3-d-ii;GRI-SF-13.21.1_3-3-d-iii;GRI-SF-13.21.1_3-3-e;GRI-SF-13.21.1_3-3-e-i;GRI-SF-13.21.1_3-3-e-ii;GRI-SF-13.21.1_3-3-e-iii;GRI-SF-13.21.1_3-3-e-iv;GRI-SF-13.21.1_3-3-f;GRI-SF-13.21.3;GRI-SF-13.22.1_3-3;GRI-SF-13.22.1_3-3-a;GRI-SF-13.22.1_3-3-b;GRI-SF-13.22.1_3-3-c;GRI-SF-13.22.1_3-3-d;GRI-SF-13.22.1_3-3-d-i;GRI-SF-13.22.1_3-3-d-ii;GRI-SF-13.22.1_3-3-d-iii;GRI-SF-13.22.1_3-3-e;GRI-SF-13.22.1_3-3-e-i;GRI-SF-13.22.1_3-3-e-ii;GRI-SF-13.22.1_3-3-e-iii;GRI-SF-13.22.1_3-3-e-iv;GRI-SF-13.22.1_3-3-f;GRI-SF-13.23.1_3-3;GRI-SF-13.23.1_3-3-a;GRI-SF-13.23.1_3-3-b;GRI-SF-13.23.1_3-3-c;GRI-SF-13.23.1_3-3-d;GRI-SF-13.23.1_3-3-d-i;GRI-SF-13.23.1_3-3-d-ii;GRI-SF-13.23.1_3-3-d-iii;GRI-SF-13.23.1_3-3-e;GRI-SF-13.23.1_3-3-e-i;GRI-SF-13.23.1_3-3-e-ii;GRI-SF-13.23.1_3-3-e-iii;GRI-SF-13.23.1_3-3-e-iv;GRI-SF-13.23.1_3-3-f;GRI-SF-13.23.3;GRI-SF-13.24.1_3-3;GRI-SF-13.24.1_3-3-a;GRI-SF-13.24.1_3-3-b;GRI-SF-13.24.1_3-3-c;GRI-SF-13.24.1_3-3-d;GRI-SF-13.24.1_3-3-d-i;GRI-SF-13.24.1_3-3-d-ii;GRI-SF-13.24.1_3-3-d-iii;GRI-SF-13.24.1_3-3-e;GRI-SF-13.24.1_3-3-e-i;GRI-SF-13.24.1_3-3-e-ii;GRI-SF-13.24.1_3-3-e-iii;GRI-SF-13.24.1_3-3-e-iv;GRI-SF-13.24.1_3-3-f;GRI-SF-13.25.1_3-3;GRI-SF-13.25.1_3-3-a;GRI-SF-13.25.1_3-3-b;GRI-SF-13.25.1_3-3-c;GRI-SF-13.25.1_3-3-d;GRI-SF-13.25.1_3-3-d-i;GRI-SF-13.25.1_3-3-d-ii;GRI-SF-13.25.1_3-3-d-iii;GRI-SF-13.25.1_3-3-e;GRI-SF-13.25.1_3-3-e-i;GRI-SF-13.25.1_3-3-e-ii;GRI-SF-13.25.1_3-3-e-iii;GRI-SF-13.25.1_3-3-e-iv;GRI-SF-13.25.1_3-3-f;GRI-SF-13.26.1_3-3;GRI-SF-13.26.1_3-3-a;GRI-SF-13.26.1_3-3-b;GRI-SF-13.26.1_3-3-c;GRI-SF-13.26.1_3-3-d;GRI-SF-13.26.1_3-3-d-i;GRI-SF-13.26.1_3-3-d-ii;GRI-SF-13.26.1_3-3-d-iii;GRI-SF-13.26.1_3-3-e;GRI-SF-13.26.1_3-3-e-i;GRI-SF-13.26.1_3-3-e-ii;GRI-SF-13.26.1_3-3-e-iii;GRI-SF-13.26.1_3-3-e-iv;GRI-SF-13.26.1_3-3-f;GRI-SF-13.26.4_205-3;GRI-SF-13.26.4_205-3-a;GRI-SF-13.26.4_205-3-b;GRI-SF-13.26.4_205-3-c;GRI-SF-13.26.4_205-3-d;GRI-SF-13.2.1_3-3;GRI-SF-13.2.1_3-3-a;GRI-SF-13.2.1_3-3-b;GRI-SF-13.2.1_3-3-c;GRI-SF-13.2.1_3-3-d;GRI-SF-13.2.1_3-3-d-i;GRI-SF-13.2.1_3-3-d-ii;GRI-SF-13.2.1_3-3-d-iii;GRI-SF-13.2.1_3-3-e;GRI-SF-13.2.1_3-3-e-i;GRI-SF-13.2.1_3-3-e-ii;GRI-SF-13.2.1_3-3-e-iii;GRI-SF-13.2.1_3-3-e-iv;GRI-SF-13.2.1_3-3-f;GRI-SF-13.3.1_3-3;GRI-SF-13.3.1_3-3-a;GRI-SF-13.3.1_3-3-b;GRI-SF-13.3.1_3-3-c;GRI-SF-13.3.1_3-3-d;GRI-SF-13.3.1_3-3-d-i;GRI-SF-13.3.1_3-3-d-ii;GRI-SF-13.3.1_3-3-d-iii;GRI-SF-13.3.1_3-3-e;GRI-SF-13.3.1_3-3-e-i;GRI-SF-13.3.1_3-3-e-ii;GRI-SF-13.3.1_3-3-e-iii;GRI-SF-13.3.1_3-3-e-iv;GRI-SF-13.3.1_3-3-f;GRI-SF-13.3.4_304-3;GRI-SF-13.3.4_304-3-a;GRI-SF-13.3.4_304-3-b;GRI-SF-13.3.4_304-3-c;GRI-SF-13.3.4_304-3-d;GRI-SF-13.4.1_3-3;GRI-SF-13.4.1_3-3-a;GRI-SF-13.4.1_3-3-b;GRI-SF-13.4.1_3-3-c;GRI-SF-13.4.1_3-3-d;GRI-SF-13.4.1_3-3-d-i;GRI-SF-13.4.1_3-3-d-ii;GRI-SF-13.4.1_3-3-d-iii;GRI-SF-13.4.1_3-3-e;GRI-SF-13.4.1_3-3-e-i;GRI-SF-13.4.1_3-3-e-ii;GRI-SF-13.4.1_3-3-e-iii;GRI-SF-13.4.1_3-3-e-iv;GRI-SF-13.4.1_3-3-f;GRI-SF-13.4.3;GRI-SF-13.5.1_3-3;GRI-SF-13.5.1_3-3-a;GRI-SF-13.5.1_3-3-b;GRI-SF-13.5.1_3-3-c;GRI-SF-13.5.1_3-3-d;GRI-SF-13.5.1_3-3-d-i;GRI-SF-13.5.1_3-3-d-ii;GRI-SF-13.5.1_3-3-d-iii;GRI-SF-13.5.1_3-3-e;GRI-SF-13.5.1_3-3-e-i;GRI-SF-13.5.1_3-3-e-ii;GRI-SF-13.5.1_3-3-e-iii;GRI-SF-13.5.1_3-3-e-iv;GRI-SF-13.5.1_3-3-f;GRI-SF-13.6.1_3-3;GRI-SF-13.6.1_3-3-a;GRI-SF-13.6.1_3-3-b;GRI-SF-13.6.1_3-3-c;GRI-SF-13.6.1_3-3-d;GRI-SF-13.6.1_3-3-d-i;GRI-SF-13.6.1_3-3-d-ii;GRI-SF-13.6.1_3-3-d-iii;GRI-SF-13.6.1_3-3-e;GRI-SF-13.6.1_3-3-e-i;GRI-SF-13.6.1_3-3-e-ii;GRI-SF-13.6.1_3-3-e-iii;GRI-SF-13.6.1_3-3-e-iv;GRI-SF-13.6.1_3-3-f;GRI-SF-13.7.1_3-3;GRI-SF-13.7.1_3-3-a;GRI-SF-13.7.1_3-3-b;GRI-SF-13.7.1_3-3-c;GRI-SF-13.7.1_3-3-d;GRI-SF-13.7.1_3-3-d-i;GRI-SF-13.7.1_3-3-d-ii;GRI-SF-13.7.1_3-3-d-iii;GRI-SF-13.7.1_3-3-e;GRI-SF-13.7.1_3-3-e-i;GRI-SF-13.7.1_3-3-e-ii;GRI-SF-13.7.1_3-3-e-iii;GRI-SF-13.7.1_3-3-e-iv;GRI-SF-13.7.1_3-3-f;GRI-SF-13.7.4_303-3;GRI-SF-13.7.4_303-3-c;GRI-SF-13.7.4_303-3-d;GRI-SF-13.8.1_3-3;GRI-SF-13.8.1_3-3-a;GRI-SF-13.8.1_3-3-b;GRI-SF-13.8.1_3-3-c;GRI-SF-13.8.1_3-3-d;GRI-SF-13.8.1_3-3-d-i;GRI-SF-13.8.1_3-3-d-ii;GRI-SF-13.8.1_3-3-d-iii;GRI-SF-13.8.1_3-3-e;GRI-SF-13.8.1_3-3-e-i;GRI-SF-13.8.1_3-3-e-ii;GRI-SF-13.8.1_3-3-e-iii;GRI-SF-13.8.1_3-3-e-iv;GRI-SF-13.8.1_3-3-f;GRI-SF-13.8.4_306-3;GRI-SF-13.8.4_306-3-a;GRI-SF-13.8.4_306-3-b;GRI-SF-13.9.1_3-3;GRI-SF-13.9.1_3-3-a;GRI-SF-13.9.1_3-3-b;GRI-SF-13.9.1_3-3-c;GRI-SF-13.9.1_3-3-d;GRI-SF-13.9.1_3-3-d-i;GRI-SF-13.9.1_3-3-d-ii;GRI-SF-13.9.1_3-3-d-iii;GRI-SF-13.9.1_3-3-e;GRI-SF-13.9.1_3-3-e-i;GRI-SF-13.9.1_3-3-e-ii;GRI-SF-13.9.1_3-3-e-iii;GRI-SF-13.9.1_3-3-e-iv;GRI-SF-13.9.1_3-3-f;GRI-SF-13.10.4_416-2;GRI-SF-13.14.4_411-1;GRI-SF-13.19.5_403-4;GRI-SF-13.19.5_403-4-a;GRI-SF-13.19.5_403-4-b;GRI-SF-13.1.5_305-4;GRI-SF-13.1.5_305-4-a;GRI-SF-13.1.5_305-4-b;GRI-SF-13.23.4_3-3;GRI-SF-13.3.5_304-4;GRI-SF-13.3.5_304-4-a;GRI-SF-13.4.4;GRI-SF-13.7.5_303-4;GRI-SF-13.7.5_303-4-b;GRI-SF-13.7.5_303-4-d;GRI-SF-13.7.5_303-4-d-i;GRI-SF-13.7.5_303-4-d-ii;GRI-SF-13.7.5_303-4-d-iii;GRI-SF-13.7.5_303-4-e;GRI-SF-13.8.5_306-4;GRI-SF-13.8.5_306-4-a;GRI-SF-13.8.5_306-4-b;GRI-SF-13.8.5_306-4-b-i;GRI-SF-13.8.5_306-4-b-ii;GRI-SF-13.8.5_306-4-b-iii;GRI-SF-13.8.5_306-4-c;GRI-SF-13.8.5_306-4-c-i;GRI-SF-13.8.5_306-4-c-ii;GRI-SF-13.8.5_306-4-c-iii;GRI-SF-13.8.5_306-4-d;GRI-SF-13.8.5_306-4-d-i;GRI-SF-13.8.5_306-4-d-ii;GRI-SF-13.8.5_306-4-e;GRI-SF-13.10.5;GRI-SF-13.10.5.number_of_recalls;GRI-SF-13.10.5.total_products_recalled;GRI-SF-13.15.5_406-1;GRI-SF-13.19.6_403-5;GRI-SF-13.19.6_403-5-a;GRI-SF-13.1.6_305-5;GRI-SF-13.1.6_305-5-a;GRI-SF-13.1.6_305-5-c;GRI-SF-13.1.6_305-5-e;GRI-SF-13.4.5;GRI-SF-13.7.6_303-5;GRI-SF-13.7.6_303-5-a;GRI-SF-13.7.6_303-5-b;GRI-SF-13.7.6_303-5-c;GRI-SF-13.7.6_303-5-d;GRI-SF-13.8.6_306-5;GRI-SF-13.8.6_306-5-a;GRI-SF-13.8.6_306-5-b;GRI-SF-13.8.6_306-5-b-i;GRI-SF-13.8.6_306-5-b-ii;GRI-SF-13.8.6_306-5-b-iii;GRI-SF-13.8.6_306-5-b-iv;GRI-SF-13.8.6_306-5-c;GRI-SF-13.8.6_306-5-c-i;GRI-SF-13.8.6_306-5-c-ii;GRI-SF-13.8.6_306-5-c-iii;GRI-SF-13.8.6_306-5-c-iv;GRI-SF-13.8.6_306-5-d;GRI-SF-13.8.6_306-5-d-i;GRI-SF-13.8.6_306-5-d-ii;GRI-SF-13.8.6_306-5-e;GRI-SF-13.19.7_403-6;GRI-SF-13.19.7_403-6-a;GRI-SF-13.19.7_403-6-b;GRI-SF-13.1.7_305-6;GRI-SF-13.1.7_305-6-b;GRI-SF-13.1.7_305-6-c;GRI-SF-13.1.7_305-6-d;GRI-SF-13.3.6;GRI-SF-13.19.8_403-7;GRI-SF-13.19.8_403-7-a;GRI-SF-13.1.8_305-7;GRI-SF-13.1.8_305-7-a;GRI-SF-13.1.8_305-7-b;GRI-SF-13.1.8_305-7-c;GRI-SF-13.1.8_305-7-a-i;GRI-SF-13.1.8_305-7-a-ii;GRI-SF-13.1.8_305-7-a-iii;GRI-SF-13.1.8_305-7-a-iv;GRI-SF-13.1.8_305-7-a-v;GRI-SF-13.1.8_305-7-a-vi;GRI-SF-13.1.8_305-7-a-vii;GRI-SF-13.3.7;GRI-SF-13.19.9_403-8;GRI-SF-13.19.9_403-8-a;GRI-SF-13.19.9_403-8-a-i;GRI-SF-13.19.9_403-8-a-ii;GRI-SF-13.19.9_403-8-a-iii;GRI-SF-13.19.9_403-8-b;GRI-SF-13.19.9_403-8-c;GRI-SF-13.19.10_403-9;GRI-SF-13.19.10_403-9-a;GRI-SF-13.19.10_403-9-a-i;GRI-SF-13.19.10_403-9-a-i-rate;GRI-SF-13.19.10_403-9-a-ii;GRI-SF-13.19.10_403-9-a-ii-rate;GRI-SF-13.19.10_403-9-a-iii;GRI-SF-13.19.10_403-9-a-iii-rate;GRI-SF-13.19.10_403-9-a-iv;GRI-SF-13.19.10_403-9-a-v;GRI-SF-13.19.10_403-9-b;GRI-SF-13.19.10_403-9-b-i;GRI-SF-13.19.10_403-9-b-i-rate;GRI-SF-13.19.10_403-9-b-ii;GRI-SF-13.19.10_403-9-b-ii-rate;GRI-SF-13.19.10_403-9-b-iii;GRI-SF-13.19.10_403-9-b-iii-rate;GRI-SF-13.19.10_403-9-b-iv;GRI-SF-13.19.10_403-9-b-v;GRI-SF-13.19.10_403-9-c;GRI-SF-13.19.10_403-9-c-i;GRI-SF-13.19.10_403-9-c-ii;GRI-SF-13.19.10_403-9-c-iii;GRI-SF-13.19.10_403-9-d;GRI-SF-13.19.10_403-9-e;GRI-SF-13.19.10_403-9-f;GRI-SF-13.19.10_403-9-g;GRI-SF-13.19.11_403-10;GRI-SF-13.19.11_403-10-a;GRI-SF-13.19.11_403-10-a-i;GRI-SF-13.19.11_403-10-a-ii;GRI-SF-13.19.11_403-10-a-iii;GRI-SF-13.19.11_403-10-b;GRI-SF-13.19.11_403-10-b-i;GRI-SF-13.19.11_403-10-b-ii;GRI-SF-13.19.11_403-10-b-iii;GRI-SF-13.19.11_403-10-c;GRI-SF-13.19.11_403-10-c-i;GRI-SF-13.19.11_403-10-c-ii;GRI-SF-13.19.11_403-10-c-iii;GRI-SF-13.19.11_403-10-d;GRI-SF-13.19.11_403-10-e;GRI-SF-14.0.1;GRI-SF-14.10.2_413-1;GRI-SF-14.10.2_413-1-a;GRI-SF-14.10.2_413-1-a-i;GRI-SF-14.10.2_413-1-a-ii;GRI-SF-14.10.2_413-1-a-iii;GRI-SF-14.10.2_413-1-a-iv;GRI-SF-14.10.2_413-1-a-v;GRI-SF-14.10.2_413-1-a-vi;GRI-SF-14.10.2_413-1-a-vii;GRI-SF-14.10.2_413-1-a-viii;GRI-SF-14.11.2_411-1;GRI-SF-14.11.2_411-1-a;GRI-SF-14.11.2_411-1-b;GRI-SF-14.11.2_411-1-b-i;GRI-SF-14.11.2_411-1-b-ii;GRI-SF-14.11.2_411-1-b-iii;GRI-SF-14.11.2_411-1-b-iv;GRI-SF-14.14.2_410-1;GRI-SF-14.14.2_410-1-a;GRI-SF-14.14.2_410-1-b;GRI-SF-14.16.2_403-1;GRI-SF-14.16.2_403-1-a;GRI-SF-14.16.2_403-1-a-i;GRI-SF-14.16.2_403-1-a-ii;GRI-SF-14.16.2_403-1-b;GRI-SF-14.17.2_202-1;GRI-SF-14.17.2_202-1-b;GRI-SF-14.17.2_202-1-d;GRI-SF-14.17.3_401-1;GRI-SF-14.17.3_401-1-a;GRI-SF-14.17.3_401-1-b;GRI-SF-14.17.6_402-1;GRI-SF-14.17.6_402-1-a;GRI-SF-14.17.6_402-1-b;GRI-SF-14.17.7_404-1;GRI-SF-14.17.7_404-1-a;GRI-SF-14.17.9_414-1;GRI-SF-14.17.9_414-1-a;GRI-SF-14.18.2_408-1;GRI-SF-14.18.2_408-1-a;GRI-SF-14.18.2_408-1-a-i;GRI-SF-14.18.2_408-1-a-ii;GRI-SF-14.18.2_408-1-b;GRI-SF-14.18.2_408-1-b-i;GRI-SF-14.18.2_408-1-b-ii;GRI-SF-14.18.2_408-1-c;GRI-SF-14.18.3_414-1;GRI-SF-14.18.3_414-1-a;GRI-SF-14.19.2_409-1;GRI-SF-14.19.2_409-1-a;GRI-SF-14.19.2_409-1-a-i;GRI-SF-14.19.2_409-1-a-ii;GRI-SF-14.19.2_409-1-b;GRI-SF-14.19.3_414-1;GRI-SF-14.19.3_414-1-a;GRI-SF-14.1.2_302-1;GRI-SF-14.1.2_302-1-a;GRI-SF-14.1.2_302-1-b;GRI-SF-14.1.2_302-1-c;GRI-SF-14.1.2_302-1-d;GRI-SF-14.1.2_302-1-e;GRI-SF-14.1.2_302-1-f;GRI-SF-14.1.2_302-1-g;GRI-SF-14.1.2_302-1-c-i;GRI-SF-14.1.2_302-1-c-ii;GRI-SF-14.1.2_302-1-c-iii;GRI-SF-14.1.2_302-1 c-iv;GRI-SF-14.1.2_302-1-d-i;GRI-SF-14.1.2_302-1-d-ii;GRI-SF-14.1.2_302-1-d-iii;GRI-SF-14.1.2_302-1-d-iv;GRI-SF-14.1.5_305-1;GRI-SF-14.1.5_305-1-a;GRI-SF-14.1.5_305-1-c;GRI-SF-14.1.5_305-1-d;GRI-SF-14.1.5_305-1-e;GRI-SF-14.1.5_305-1-g;GRI-SF-14.1.5_305-1-d-i;GRI-SF-14.1.5_305-1-d-ii;GRI-SF-14.1.5_305-1-d-iii;GRI-SF-14.20.2_407-1;GRI-SF-14.20.2_407-1-a;GRI-SF-14.20.2_407-1-a-i;GRI-SF-14.20.2_407-1-a-ii;GRI-SF-14.20.2_407-1-b;GRI-SF-14.21.4_404-1;GRI-SF-14.21.4_404-1-a;GRI-SF-14.21.5_405-1;GRI-SF-14.21.5_405-1-a;GRI-SF-14.21.5_405-1-b;GRI-SF-14.21.7_406-1;GRI-SF-14.21.7_406-1-a;GRI-SF-14.21.7_406-1-b;GRI-SF-14.21.7_406-1-b-i;GRI-SF-14.21.7_406-1-b-ii;GRI-SF-14.21.7_406-1-b-iii;GRI-SF-14.21.7_406-1-b-iv;GRI-SF-14.22.2_205-1;GRI-SF-14.22.2_205-1-a;GRI-SF-14.22.2_205-1-b;GRI-SF-14.23.2_201-1;GRI-SF-14.23.2_201-1-a;GRI-SF-14.23.2_201-1-b;GRI-SF-14.23.2_201-1-a-i;GRI-SF-14.23.2_201-1-a-ii;GRI-SF-14.23.2_201-1-a-iii;GRI-SF-14.23.4_207-1;GRI-SF-14.23.4_207-1-a;GRI-SF-14.23.4_207-1-a-i;GRI-SF-14.23.4_207-1-a-ii;GRI-SF-14.23.4_207-1-a-iii;GRI-SF-14.23.4_207-1-a-iv;GRI-SF-14.24.2_415-1;GRI-SF-14.24.2_415-1-a;GRI-SF-14.24.2_415-1-b;GRI-SF-14.4.2_101-1;GRI-SF-14.4.2_101-1-a;GRI-SF-14.4.2_101-1-b;GRI-SF-14.4.2_101-1-c;GRI-SF-14.5.2_306-1;GRI-SF-14.5.2_306-1-a;GRI-SF-14.5.2_306-1-a-i;GRI-SF-14.5.2_306-1-a-ii;GRI-SF-14.7.2_303-1;GRI-SF-14.7.2_303-1-a;GRI-SF-14.7.2_303-1-b;GRI-SF-14.7.2_303-1-c;GRI-SF-14.7.2_303-1-d;GRI-SF-14.8.2_402-1;GRI-SF-14.8.2_402-1-a;GRI-SF-14.8.2_402-1-b;GRI-SF-14.9.2_201-1;GRI-SF-14.9.2_201-1-a;GRI-SF-14.9.2_201-1-b;GRI-SF-14.9.2_201-1-a-i;GRI-SF-14.9.2_201-1-a-ii;GRI-SF-14.9.2_201-1-a-iii;GRI-SF-14.9.3_203-1;GRI-SF-14.9.3_203-1-a;GRI-SF-14.9.3_203-1-b;GRI-SF-14.9.3_203-1-c;GRI-SF-14.9.5_204-1;GRI-SF-14.9.5_204-1-a;GRI-SF-14.9.5_204-1-b;GRI-SF-14.9.5_204-1-c;GRI-SF-14.10.3_413-2;GRI-SF-14.10.3_413-2-a;GRI-SF-14.10.3_413-2-a-i;GRI-SF-14.10.3_413-2-a-ii;GRI-SF-14.12.2;GRI-SF-14.13.2;GRI-SF-14.16.3_403-2;GRI-SF-14.16.3_403-2-a;GRI-SF-14.16.3_403-2-a-i;GRI-SF-14.16.3_403-2-a-ii;GRI-SF-14.16.3_403-2-b;GRI-SF-14.16.3_403-2-c;GRI-SF-14.16.3_403-2-d;GRI-SF-14.17.10_414-2;GRI-SF-14.17.10_414-2-a;GRI-SF-14.17.10_414-2-b;GRI-SF-14.17.10_414-2-c;GRI-SF-14.17.10_414-2-d;GRI-SF-14.17.10_414-2-e;GRI-SF-14.17.4_401-2;GRI-SF-14.17.4_401-2-a;GRI-SF-14.17.4_401-2-b;GRI-SF-14.17.4_401-2-a-i;GRI-SF-14.17.4_401-2-a-ii;GRI-SF-14.17.4_401-2-a-iii;GRI-SF-14.17.4_401-2-a-iv;GRI-SF-14.17.4_401-2-a-v;GRI-SF-14.17.4_401-2-a-vi;GRI-SF-14.17.4_401-2-a-vii;GRI-SF-14.17.8_404-2;GRI-SF-14.17.8_404-2-a;GRI-SF-14.17.8_404-2-b;GRI-SF-14.1.3_302-2;GRI-SF-14.1.3_302-2-a;GRI-SF-14.1.3_302-2-b;GRI-SF-14.1.3_302-2-c;GRI-SF-14.1.6_305-2;GRI-SF-14.1.6_305-2-a;GRI-SF-14.1.6_305-2-d;GRI-SF-14.1.6_305-2-e;GRI-SF-14.1.6_305-2-g;GRI-SF-14.1.6_305-2-d-i;GRI-SF-14.1.6_305-2-d-ii;GRI-SF-14.1.6_305-2-d-iii;GRI-SF-14.21.2_202-2;GRI-SF-14.21.2_202-2-a;GRI-SF-14.21.2_202-2-b;GRI-SF-14.21.2_202-2-c;GRI-SF-14.21.2_202-2-d;GRI-SF-14.21.6_405-2;GRI-SF-14.21.6_405-2-b;GRI-SF-14.22.3_205-2;GRI-SF-14.22.3_205-2-a;GRI-SF-14.22.3_205-2-b;GRI-SF-14.22.3_205-2-c;GRI-SF-14.22.3_205-2-d;GRI-SF-14.22.3_205-2-e;GRI-SF-14.23.5_207-2;GRI-SF-14.23.5_207-2-a;GRI-SF-14.23.5_207-2-a-i;GRI-SF-14.23.5_207-2-a-ii;GRI-SF-14.23.5_207-2-a-iii;GRI-SF-14.23.5_207-2-a-iv;GRI-SF-14.23.5_207-2-b;GRI-SF-14.23.5_207-2-c;GRI-SF-14.25.2;GRI-SF-14.2.2_201-2;GRI-SF-14.2.2_201-2-a;GRI-SF-14.2.2_201-2-a-ii;GRI-SF-14.2.2_201-2-a-iii;GRI-SF-14.2.2_201-2-a-iv;GRI-SF-14.2.2_201-2-a-v;GRI-SF-14.4.3_101-2;GRI-SF-14.4.3_101-2-a;GRI-SF-14.4.3_101-2-a-i;GRI-SF-14.4.3_101-2-a-ii;GRI-SF-14.4.3_101-2-a-iii;GRI-SF-14.4.3_101-2-a-iv;GRI-SF-14.4.3_101-2-a-v;GRI-SF-14.4.3_101-2-e;GRI-SF-14.4.3_101-2-f;GRI-SF-14.5.3_306-2;GRI-SF-14.5.3_306-2-a;GRI-SF-14.5.3_306-2-b;GRI-SF-14.5.3_306-2-c;GRI-SF-14.6.2;GRI-SF-14.7.3_303-2;GRI-SF-14.7.3_303-2-a;GRI-SF-14.7.3_303-2-a-i;GRI-SF-14.7.3_303-2-a-ii;GRI-SF-14.7.3_303-2-a-iii;GRI-SF-14.7.3_303-2-a-iv;GRI-SF-14.8.3_404-2;GRI-SF-14.8.3_404-2-a;GRI-SF-14.8.3_404-2-b;GRI-SF-14.9.4_203-2;GRI-SF-14.9.4_203-2-a;GRI-SF-14.9.4_203-2-b;GRI-SF-14.10.1_3-3;GRI-SF-14.10.1_3-3-a;GRI-SF-14.10.1_3-3-b;GRI-SF-14.10.1_3-3-c;GRI-SF-14.10.1_3-3-d;GRI-SF-14.10.1_3-3-d-i;GRI-SF-14.10.1_3-3-d-ii;GRI-SF-14.10.1_3-3-d-iii;GRI-SF-14.10.1_3-3-e;GRI-SF-14.10.1_3-3-e-i;GRI-SF-14.10.1_3-3-e-ii;GRI-SF-14.10.1_3-3-e-iii;GRI-SF-14.10.1_3-3-e-iv;GRI-SF-14.10.1_3-3-f;GRI-SF-14.11.1_3-3;GRI-SF-14.11.1_3-3-a;GRI-SF-14.11.1_3-3-b;GRI-SF-14.11.1_3-3-c;GRI-SF-14.11.1_3-3-d;GRI-SF-14.11.1_3-3-d-i;GRI-SF-14.11.1_3-3-d-ii;GRI-SF-14.11.1_3-3-d-iii;GRI-SF-14.11.1_3-3-e;GRI-SF-14.11.1_3-3-e-i;GRI-SF-14.11.1_3-3-e-ii;GRI-SF-14.11.1_3-3-e-iii;GRI-SF-14.11.1_3-3-e-iv;GRI-SF-14.11.1_3-3-f;GRI-SF-14.11.3;GRI-SF-14.12.1_3-3;GRI-SF-14.12.1_3-3-a;GRI-SF-14.12.1_3-3-b;GRI-SF-14.12.1_3-3-c;GRI-SF-14.12.1_3-3-d;GRI-SF-14.12.1_3-3-d-i;GRI-SF-14.12.1_3-3-d-ii;GRI-SF-14.12.1_3-3-d-iii;GRI-SF-14.12.1_3-3-e;GRI-SF-14.12.1_3-3-e-i;GRI-SF-14.12.1_3-3-e-ii;GRI-SF-14.12.1_3-3-e-iii;GRI-SF-14.12.1_3-3-e-iv;GRI-SF-14.12.1_3-3-f;GRI-SF-14.12.3;GRI-SF-14.13.1_3-3;GRI-SF-14.13.1_3-3-a;GRI-SF-14.13.1_3-3-b;GRI-SF-14.13.1_3-3-c;GRI-SF-14.13.1_3-3-d;GRI-SF-14.13.1_3-3-d-i;GRI-SF-14.13.1_3-3-d-ii;GRI-SF-14.13.1_3-3-d-iii;GRI-SF-14.13.1_3-3-e;GRI-SF-14.13.1_3-3-e-i;GRI-SF-14.13.1_3-3-e-ii;GRI-SF-14.13.1_3-3-e-iii;GRI-SF-14.13.1_3-3-e-iv;GRI-SF-14.13.1_3-3-f;GRI-SF-14.13.3;GRI-SF-14.14.1_3-3;GRI-SF-14.14.1_3-3-a;GRI-SF-14.14.1_3-3-b;GRI-SF-14.14.1_3-3-c;GRI-SF-14.14.1_3-3-d;GRI-SF-14.14.1_3-3-d-i;GRI-SF-14.14.1_3-3-d-ii;GRI-SF-14.14.1_3-3-d-iii;GRI-SF-14.14.1_3-3-e;GRI-SF-14.14.1_3-3-e-i;GRI-SF-14.14.1_3-3-e-ii;GRI-SF-14.14.1_3-3-e-iii;GRI-SF-14.14.1_3-3-e-iv;GRI-SF-14.14.1_3-3-f;GRI-SF-14.15.1_3-3;GRI-SF-14.15.1_3-3-a;GRI-SF-14.15.1_3-3-b;GRI-SF-14.15.1_3-3-c;GRI-SF-14.15.1_3-3-d;GRI-SF-14.15.1_3-3-d-i;GRI-SF-14.15.1_3-3-d-ii;GRI-SF-14.15.1_3-3-d-iii;GRI-SF-14.15.1_3-3-e;GRI-SF-14.15.1_3-3-e-i;GRI-SF-14.15.1_3-3-e-ii;GRI-SF-14.15.1_3-3-e-iii;GRI-SF-14.15.1_3-3-e-iv;GRI-SF-14.15.1_3-3-f;GRI-SF-14.15.2_306-3;GRI-SF-14.15.2_306-3-a;GRI-SF-14.15.2_306-3-b;GRI-SF-14.15.2_306-3-c;GRI-SF-14.15.2_306-3-b-i;GRI-SF-14.15.2_306-3-b-ii;GRI-SF-14.15.2_306-3-b-iii;GRI-SF-14.15.3;GRI-SF-14.16.1_3-3;GRI-SF-14.16.1_3-3-a;GRI-SF-14.16.1_3-3-b;GRI-SF-14.16.1_3-3-c;GRI-SF-14.16.1_3-3-d;GRI-SF-14.16.1_3-3-d-i;GRI-SF-14.16.1_3-3-d-ii;GRI-SF-14.16.1_3-3-d-iii;GRI-SF-14.16.1_3-3-e;GRI-SF-14.16.1_3-3-e-i;GRI-SF-14.16.1_3-3-e-ii;GRI-SF-14.16.1_3-3-e-iii;GRI-SF-14.16.1_3-3-e-iv;GRI-SF-14.16.1_3-3-f;GRI-SF-14.16.4_403-3;GRI-SF-14.16.4_403-3-a;GRI-SF-14.17.1_3-3;GRI-SF-14.17.1_3-3-a;GRI-SF-14.17.1_3-3-b;GRI-SF-14.17.1_3-3-c;GRI-SF-14.17.1_3-3-d;GRI-SF-14.17.1_3-3-d-i;GRI-SF-14.17.1_3-3-d-ii;GRI-SF-14.17.1_3-3-d-iii;GRI-SF-14.17.1_3-3-e;GRI-SF-14.17.1_3-3-e-i;GRI-SF-14.17.1_3-3-e-ii;GRI-SF-14.17.1_3-3-e-iii;GRI-SF-14.17.1_3-3-e-iv;GRI-SF-14.17.1_3-3-f;GRI-SF-14.17.5_401-3;GRI-SF-14.17.5_401-3-a;GRI-SF-14.17.5_401-3-b;GRI-SF-14.17.5_401-3-c;GRI-SF-14.17.5_401-3-d;GRI-SF-14.17.5_401-3-e;GRI-SF-14.18.1_3-3;GRI-SF-14.18.1_3-3-a;GRI-SF-14.18.1_3-3-b;GRI-SF-14.18.1_3-3-c;GRI-SF-14.18.1_3-3-d;GRI-SF-14.18.1_3-3-d-i;GRI-SF-14.18.1_3-3-d-ii;GRI-SF-14.18.1_3-3-d-iii;GRI-SF-14.18.1_3-3-e;GRI-SF-14.18.1_3-3-e-i;GRI-SF-14.18.1_3-3-e-ii;GRI-SF-14.18.1_3-3-e-iii;GRI-SF-14.18.1_3-3-e-iv;GRI-SF-14.18.1_3-3-f;GRI-SF-14.19.1_3-3;GRI-SF-14.19.1_3-3-a;GRI-SF-14.19.1_3-3-b;GRI-SF-14.19.1_3-3-c;GRI-SF-14.19.1_3-3-d;GRI-SF-14.19.1_3-3-d-i;GRI-SF-14.19.1_3-3-d-ii;GRI-SF-14.19.1_3-3-d-iii;GRI-SF-14.19.1_3-3-e;GRI-SF-14.19.1_3-3-e-i;GRI-SF-14.19.1_3-3-e-ii;GRI-SF-14.19.1_3-3-e-iii;GRI-SF-14.19.1_3-3-e-iv;GRI-SF-14.19.1_3-3-f;GRI-SF-14.1.1_3-3;GRI-SF-14.1.1_3-3-a;GRI-SF-14.1.1_3-3-b;GRI-SF-14.1.1_3-3-c;GRI-SF-14.1.1_3-3-d;GRI-SF-14.1.1_3-3-d-i;GRI-SF-14.1.1_3-3-d-ii;GRI-SF-14.1.1_3-3-d-iii;GRI-SF-14.1.1_3-3-e;GRI-SF-14.1.1_3-3-e-i;GRI-SF-14.1.1_3-3-e-ii;GRI-SF-14.1.1_3-3-e-iii;GRI-SF-14.1.1_3-3-e-iv;GRI-SF-14.1.1_3-3-f;GRI-SF-14.1.4_302-3;GRI-SF-14.1.4_302-3-a;GRI-SF-14.1.4_302-3-b;GRI-SF-14.1.4_302-3-c;GRI-SF-14.1.4_302-3-d;GRI-SF-14.1.7_305-3;GRI-SF-14.1.7_305-3-a;GRI-SF-14.1.7_305-3-c;GRI-SF-14.1.7_305-3-d;GRI-SF-14.1.7_305-3-e;GRI-SF-14.1.7_305-3-f;GRI-SF-14.1.7_305-3-g;GRI-SF-14.1.7_305-3-e-i;GRI-SF-14.1.7_305-3-e-ii;GRI-SF-14.1.7_305-3-e-iii;GRI-SF-14.20.1_3-3;GRI-SF-14.20.1_3-3-a;GRI-SF-14.20.1_3-3-b;GRI-SF-14.20.1_3-3-c;GRI-SF-14.20.1_3-3-d;GRI-SF-14.20.1_3-3-d-i;GRI-SF-14.20.1_3-3-d-ii;GRI-SF-14.20.1_3-3-d-iii;GRI-SF-14.20.1_3-3-e;GRI-SF-14.20.1_3-3-e-i;GRI-SF-14.20.1_3-3-e-ii;GRI-SF-14.20.1_3-3-e-iii;GRI-SF-14.20.1_3-3-e-iv;GRI-SF-14.20.1_3-3-f;GRI-SF-14.20.3;GRI-SF-14.21.1_3-3;GRI-SF-14.21.1_3-3-a;GRI-SF-14.21.1_3-3-b;GRI-SF-14.21.1_3-3-c;GRI-SF-14.21.1_3-3-d;GRI-SF-14.21.1_3-3-d-i;GRI-SF-14.21.1_3-3-d-ii;GRI-SF-14.21.1_3-3-d-iii;GRI-SF-14.21.1_3-3-e;GRI-SF-14.21.1_3-3-e-i;GRI-SF-14.21.1_3-3-e-ii;GRI-SF-14.21.1_3-3-e-iii;GRI-SF-14.21.1_3-3-e-iv;GRI-SF-14.21.1_3-3-f;GRI-SF-14.21.3_401-3;GRI-SF-14.21.3_401-3-a;GRI-SF-14.21.3_401-3-b;GRI-SF-14.21.3_401-3-c;GRI-SF-14.21.3_401-3-d;GRI-SF-14.21.3_401-3-e;GRI-SF-14.22.1_3-3;GRI-SF-14.22.1_3-3-a;GRI-SF-14.22.1_3-3-b;GRI-SF-14.22.1_3-3-c;GRI-SF-14.22.1_3-3-d;GRI-SF-14.22.1_3-3-d-i;GRI-SF-14.22.1_3-3-d-ii;GRI-SF-14.22.1_3-3-d-iii;GRI-SF-14.22.1_3-3-e;GRI-SF-14.22.1_3-3-e-i;GRI-SF-14.22.1_3-3-e-ii;GRI-SF-14.22.1_3-3-e-iii;GRI-SF-14.22.1_3-3-e-iv;GRI-SF-14.22.1_3-3-f;GRI-SF-14.22.4_205-3;GRI-SF-14.22.4_205-3-a;GRI-SF-14.22.4_205-3-b;GRI-SF-14.22.4_205-3-c;GRI-SF-14.22.4_205-3-d;GRI-SF-14.23.1_3-3;GRI-SF-14.23.1_3-3-a;GRI-SF-14.23.1_3-3-b;GRI-SF-14.23.1_3-3-c;GRI-SF-14.23.1_3-3-d;GRI-SF-14.23.1_3-3-d-i;GRI-SF-14.23.1_3-3-d-ii;GRI-SF-14.23.1_3-3-d-iii;GRI-SF-14.23.1_3-3-e;GRI-SF-14.23.1_3-3-e-i;GRI-SF-14.23.1_3-3-e-ii;GRI-SF-14.23.1_3-3-e-iii;GRI-SF-14.23.1_3-3-e-iv;GRI-SF-14.23.1_3-3-f;GRI-SF-14.23.6_207-3;GRI-SF-14.23.6_207-3-a;GRI-SF-14.23.6_207-3-a-i;GRI-SF-14.23.6_207-3-a-ii;GRI-SF-14.23.6_207-3-a-iii;GRI-SF-14.24.1_3-3;GRI-SF-14.24.1_3-3-a;GRI-SF-14.24.1_3-3-b;GRI-SF-14.24.1_3-3-c;GRI-SF-14.24.1_3-3-d;GRI-SF-14.24.1_3-3-d-i;GRI-SF-14.24.1_3-3-d-ii;GRI-SF-14.24.1_3-3-d-iii;GRI-SF-14.24.1_3-3-e;GRI-SF-14.24.1_3-3-e-i;GRI-SF-14.24.1_3-3-e-ii;GRI-SF-14.24.1_3-3-e-iii;GRI-SF-14.24.1_3-3-e-iv;GRI-SF-14.24.1_3-3-f;GRI-SF-14.25.1_3-3;GRI-SF-14.25.1_3-3-a;GRI-SF-14.25.1_3-3-b;GRI-SF-14.25.1_3-3-c;GRI-SF-14.25.1_3-3-d;GRI-SF-14.25.1_3-3-d-i;GRI-SF-14.25.1_3-3-d-ii;GRI-SF-14.25.1_3-3-d-iii;GRI-SF-14.25.1_3-3-e;GRI-SF-14.25.1_3-3-e-i;GRI-SF-14.25.1_3-3-e-ii;GRI-SF-14.25.1_3-3-e-iii;GRI-SF-14.25.1_3-3-e-iv;GRI-SF-14.25.1_3-3-f;GRI-SF-14.25.3;GRI-SF-14.2.1_3-3;GRI-SF-14.2.1_3-3-a;GRI-SF-14.2.1_3-3-b;GRI-SF-14.2.1_3-3-c;GRI-SF-14.2.1_3-3-d;GRI-SF-14.2.1_3-3-d-i;GRI-SF-14.2.1_3-3-d-ii;GRI-SF-14.2.1_3-3-d-iii;GRI-SF-14.2.1_3-3-e;GRI-SF-14.2.1_3-3-e-i;GRI-SF-14.2.1_3-3-e-ii;GRI-SF-14.2.1_3-3-e-iii;GRI-SF-14.2.1_3-3-e-iv;GRI-SF-14.2.1_3-3-f;GRI-SF-14.3.1_3-3;GRI-SF-14.3.1_3-3-a;GRI-SF-14.3.1_3-3-b;GRI-SF-14.3.1_3-3-c;GRI-SF-14.3.1_3-3-d;GRI-SF-14.3.1_3-3-d-i;GRI-SF-14.3.1_3-3-d-ii;GRI-SF-14.3.1_3-3-d-iii;GRI-SF-14.3.1_3-3-e;GRI-SF-14.3.1_3-3-e-i;GRI-SF-14.3.1_3-3-e-ii;GRI-SF-14.3.1_3-3-e-iii;GRI-SF-14.3.1_3-3-e-iv;GRI-SF-14.3.1_3-3-f;GRI-SF-14.4.1_3-3;GRI-SF-14.4.1_3-3-a;GRI-SF-14.4.1_3-3-b;GRI-SF-14.4.1_3-3-c;GRI-SF-14.4.1_3-3-d;GRI-SF-14.4.1_3-3-d-i;GRI-SF-14.4.1_3-3-d-ii;GRI-SF-14.4.1_3-3-d-iii;GRI-SF-14.4.1_3-3-e;GRI-SF-14.4.1_3-3-e-i;GRI-SF-14.4.1_3-3-e-ii;GRI-SF-14.4.1_3-3-e-iii;GRI-SF-14.4.1_3-3-e-iv;GRI-SF-14.4.1_3-3-f;GRI-SF-14.5.1_3-3;GRI-SF-14.5.1_3-3-a;GRI-SF-14.5.1_3-3-b;GRI-SF-14.5.1_3-3-c;GRI-SF-14.5.1_3-3-d;GRI-SF-14.5.1_3-3-d-i;GRI-SF-14.5.1_3-3-d-ii;GRI-SF-14.5.1_3-3-d-iii;GRI-SF-14.5.1_3-3-e;GRI-SF-14.5.1_3-3-e-i;GRI-SF-14.5.1_3-3-e-ii;GRI-SF-14.5.1_3-3-e-iii;GRI-SF-14.5.1_3-3-e-iv;GRI-SF-14.5.1_3-3-f;GRI-SF-14.5.4_306-3;GRI-SF-14.5.4_306-3-a;GRI-SF-14.5.4_306-3-b;GRI-SF-14.6.1_3-3;GRI-SF-14.6.1_3-3-a;GRI-SF-14.6.1_3-3-b;GRI-SF-14.6.1_3-3-c;GRI-SF-14.6.1_3-3-d;GRI-SF-14.6.1_3-3-d-i;GRI-SF-14.6.1_3-3-d-ii;GRI-SF-14.6.1_3-3-d-iii;GRI-SF-14.6.1_3-3-e;GRI-SF-14.6.1_3-3-e-i;GRI-SF-14.6.1_3-3-e-ii;GRI-SF-14.6.1_3-3-e-iii;GRI-SF-14.6.1_3-3-e-iv;GRI-SF-14.6.1_3-3-f;GRI-SF-14.6.3;GRI-SF-14.7.1_3-3;GRI-SF-14.7.1_3-3-a;GRI-SF-14.7.1_3-3-b;GRI-SF-14.7.1_3-3-c;GRI-SF-14.7.1_3-3-d;GRI-SF-14.7.1_3-3-d-i;GRI-SF-14.7.1_3-3-d-ii;GRI-SF-14.7.1_3-3-d-iii;GRI-SF-14.7.1_3-3-e;GRI-SF-14.7.1_3-3-e-i;GRI-SF-14.7.1_3-3-e-ii;GRI-SF-14.7.1_3-3-e-iii;GRI-SF-14.7.1_3-3-e-iv;GRI-SF-14.7.1_3-3-f;GRI-SF-14.7.4_303-3;GRI-SF-14.7.4_303-3-c;GRI-SF-14.7.4_303-3-d;GRI-SF-14.8.1_3-3;GRI-SF-14.8.1_3-3-a;GRI-SF-14.8.1_3-3-b;GRI-SF-14.8.1_3-3-c;GRI-SF-14.8.1_3-3-d;GRI-SF-14.8.1_3-3-d-i;GRI-SF-14.8.1_3-3-d-ii;GRI-SF-14.8.1_3-3-d-iii;GRI-SF-14.8.1_3-3-e;GRI-SF-14.8.1_3-3-e-i;GRI-SF-14.8.1_3-3-e-ii;GRI-SF-14.8.1_3-3-e-iii;GRI-SF-14.8.1_3-3-e-iv;GRI-SF-14.8.1_3-3-f;GRI-SF-14.9.1_3-3;GRI-SF-14.9.1_3-3-a;GRI-SF-14.9.1_3-3-b;GRI-SF-14.9.1_3-3-c;GRI-SF-14.9.1_3-3-d;GRI-SF-14.9.1_3-3-d-i;GRI-SF-14.9.1_3-3-d-ii;GRI-SF-14.9.1_3-3-d-iii;GRI-SF-14.9.1_3-3-e;GRI-SF-14.9.1_3-3-e-i;GRI-SF-14.9.1_3-3-e-ii;GRI-SF-14.9.1_3-3-e-iii;GRI-SF-14.9.1_3-3-e-iv;GRI-SF-14.9.1_3-3-f;GRI-SF-14.10.4_413-2;GRI-SF-14.11.4;GRI-SF-14.15.4;GRI-SF-14.16.5_403-4;GRI-SF-14.16.5_403-4-a;GRI-SF-14.16.5_403-4-b;GRI-SF-14.1.8_305-4;GRI-SF-14.1.8_305-4-a;GRI-SF-14.1.8_305-4-b;GRI-SF-14.23.3_201-4;GRI-SF-14.23.3_201-4-b;GRI-SF-14.23.3_201-4-c;GRI-SF-14.23.7_207-4;GRI-SF-14.23.7_207-4-a;GRI-SF-14.23.7_207-4-b;GRI-SF-14.23.7_207-4-c;GRI-SF-14.25.4;GRI-SF-14.4.4_101-4;GRI-SF-14.4.4_101-4-a;GRI-SF-14.5.5_306-4;GRI-SF-14.5.5_306-4-a;GRI-SF-14.5.5_306-4-b;GRI-SF-14.5.5_306-4-b-i;GRI-SF-14.5.5_306-4-b-ii;GRI-SF-14.5.5_306-4-b-iii;GRI-SF-14.5.5_306-4-c;GRI-SF-14.5.5_306-4-c-i;GRI-SF-14.5.5_306-4-c-ii;GRI-SF-14.5.5_306-4-c-iii;GRI-SF-14.5.5_306-4-d;GRI-SF-14.5.5_306-4-d-i;GRI-SF-14.5.5_306-4-d-ii;GRI-SF-14.5.5_306-4-e;GRI-SF-14.7.5_303-4;GRI-SF-14.7.5_303-4-b;GRI-SF-14.7.5_303-4-d;GRI-SF-14.7.5_303-4-d-i;GRI-SF-14.7.5_303-4-d-ii;GRI-SF-14.7.5_303-4-d-iii;GRI-SF-14.7.5_303-4-e;GRI-SF-14.8.4;GRI-SF-14.16.6_403-5;GRI-SF-14.16.6_403-5-a;GRI-SF-14.1.9_305-5;GRI-SF-14.1.9_305-5-a;GRI-SF-14.1.9_305-5-c;GRI-SF-14.1.9_305-5-e;GRI-SF-14.22.5;GRI-SF-14.4.5_101-5;GRI-SF-14.5.6_306-5;GRI-SF-14.5.6_306-5-a;GRI-SF-14.5.6_306-5-b;GRI-SF-14.5.6_306-5-b-i;GRI-SF-14.5.6_306-5-b-ii;GRI-SF-14.5.6_306-5-b-iii;GRI-SF-14.5.6_306-5-b-iv;GRI-SF-14.5.6_306-5-c;GRI-SF-14.5.6_306-5-c-i;GRI-SF-14.5.6_306-5-c-ii;GRI-SF-14.5.6_306-5-c-iii;GRI-SF-14.5.6_306-5-c-iv;GRI-SF-14.5.6_306-5-d;GRI-SF-14.5.6_306-5-d-i;GRI-SF-14.5.6_306-5-d-ii;GRI-SF-14.5.6_306-5-e;GRI-SF-14.7.6_303-5;GRI-SF-14.7.6_303-5-a;GRI-SF-14.7.6_303-5-b;GRI-SF-14.7.6_303-5-c;GRI-SF-14.7.6_303-5-d;GRI-SF-14.8.5;GRI-SF-14.16.7_403-6;GRI-SF-14.16.7_403-6-a;GRI-SF-14.16.7_403-6-b;GRI-SF-14.22.6;GRI-SF-14.4.6_101-6;GRI-SF-14.4.6_101-6-f;GRI-SF-14.8.6;GRI-SF-14.9.6;GRI-SF-14.16.8_403-7;GRI-SF-14.16.8_403-7-a;GRI-SF-14.3.2_305-7;GRI-SF-14.3.2_305-7-a;GRI-SF-14.3.2_305-7-b;GRI-SF-14.3.2_305-7-c;GRI-SF-14.3.2_305-7-a-i;GRI-SF-14.3.2_305-7-a-ii;GRI-SF-14.3.2_305-7-a-iii;GRI-SF-14.3.2_305-7-a-iv;GRI-SF-14.3.2_305-7-a-v;GRI-SF-14.3.2_305-7-a-vi;GRI-SF-14.3.2_305-7-a-vii;GRI-SF-14.4.7_101-7;GRI-SF-14.8.7;GRI-SF-14.16.9_403-8;GRI-SF-14.16.9_403-8-a;GRI-SF-14.16.9_403-8-a-i;GRI-SF-14.16.9_403-8-a-ii;GRI-SF-14.16.9_403-8-a-iii;GRI-SF-14.16.9_403-8-b;GRI-SF-14.16.9_403-8-c;GRI-SF-14.23.8;GRI-SF-14.4.8_101-8;GRI-SF-14.4.8_101-8-a;GRI-SF-14.4.8_101-8-b;GRI-SF-14.8.8;GRI-SF-14.16.10_403-9;GRI-SF-14.16.10_403-9-a;GRI-SF-14.16.10_403-9-a-i;GRI-SF-14.16.10_403-9-a-i-rate;GRI-SF-14.16.10_403-9-a-ii;GRI-SF-14.16.10_403-9-a-ii-rate;GRI-SF-14.16.10_403-9-a-iii;GRI-SF-14.16.10_403-9-a-iii-rate;GRI-SF-14.16.10_403-9-a-iv;GRI-SF-14.16.10_403-9-a-v;GRI-SF-14.16.10_403-9-b;GRI-SF-14.16.10_403-9-b-i;GRI-SF-14.16.10_403-9-b-i-rate;GRI-SF-14.16.10_403-9-b-ii;GRI-SF-14.16.10_403-9-b-ii-rate;GRI-SF-14.16.10_403-9-b-iii;GRI-SF-14.16.10_403-9-b-iii-rate;GRI-SF-14.16.10_403-9-b-iv;GRI-SF-14.16.10_403-9-b-v;GRI-SF-14.16.10_403-9-c;GRI-SF-14.16.10_403-9-c-i;GRI-SF-14.16.10_403-9-c-ii;GRI-SF-14.16.10_403-9-c-iii;GRI-SF-14.16.10_403-9-d;GRI-SF-14.16.10_403-9-e;GRI-SF-14.16.10_403-9-f;GRI-SF-14.16.10_403-9-g;GRI-SF-14.8.9;GRI-SF-14.16.11_403-10;GRI-SF-14.16.11_403-10-a;GRI-SF-14.16.11_403-10-a-i;GRI-SF-14.16.11_403-10-a-ii;GRI-SF-14.16.11_403-10-a-iii;GRI-SF-14.16.11_403-10-b;GRI-SF-14.16.11_403-10-b-i;GRI-SF-14.16.11_403-10-b-ii;GRI-SF-14.16.11_403-10-b-iii;GRI-SF-14.16.11_403-10-c;GRI-SF-14.16.11_403-10-c-i;GRI-SF-14.16.11_403-10-c-ii;GRI-SF-14.16.11_403-10-c-iii;GRI-SF-14.16.11_403-10-d;GRI-SF-14.16.11_403-10-e;GRI 101-1.a;GRI 101-1.a.policies_commitments_description;GRI 101-1.a.gbf_alignment;GRI 101-1.b;GRI 101-1.b.activities_application_extent;GRI 101-1.b.business_relationships_application_extent;GRI 101-1.b.business_relationship_obligation_or_encouragement;GRI 101-1.c;GRI 101-1.c.goals_targets_description;GRI 101-1.c.scientific_consensus_whether;GRI 101-1.c.scientific_consensus_how;GRI 101-1.c.base_year_or_baseline;GRI 101-1.c.indicators_used_to_evaluate_progress;GRI 101-1.c.timeline_for_achieving_goals_targets;GRI 101-2.a;GRI 101-2.a.i;GRI 101-2.a.ii;GRI 101-2.a.iii;GRI 101-2.a.iv;GRI 101-2.a.v;GRI 101-2.e;GRI 101-2.f;GRI 401-2.b;GRI 101-3.a;GRI 101-3.a.responsibility_allocation;GRI 101-3.a.provider_country_identification;GRI 101-3.a.strategy_policy_procedure_integration;GRI 101-3.a.abs_training;GRI 101-3.b;GRI 101-3.b.voluntary_action_types;GRI 101-3.b.stakeholder_engagement;GRI 101-3.b.no_voluntary_actions_statement;GRI 401-3.e;GRI 101-4.a;GRI 101-4.a.methods_assumptions;GRI 101-4.a.threshold;GRI 101-4.a.limitations_exclusions;GRI 101-4.a.sources_evidence;GRI 101-4.a.stakeholder_engagement_whether;GRI 101-4.a.stakeholder_engagement_how;GRI 101-4.a.data_basis;GRI 101-4.a.secondary_modeled_datasets;GRI 101-4.a.data_accuracy_improvement_plan;GRI 101-6.f;GRI 402-1.a;GRI 402-1.b;GRI 403-1.a;GRI 403-1.a.i;GRI 403-1.a.ii;GRI 403-1.b;GRI 403-2.a;GRI 403-2.a.i;GRI 403-2.a.ii;GRI 403-2.b;GRI 403-2.c;GRI 403-2.d;GRI 403-3.a;GRI 403-4.a;GRI 403-4.b;GRI 403-5.a;GRI 403-6.a;GRI 403-6.b;GRI 403-7.a;GRI 403-8.a;GRI 403-8.a.i;GRI 403-8.a.i.number_covered;GRI 403-8.a.i.percentage_covered;GRI 403-8.a.ii;GRI 403-8.a.ii.number_internally_audited;GRI 403-8.a.ii.percentage_internally_audited;GRI 403-8.a.iii;GRI 403-8.a.iii.number_externally_audited;GRI 403-8.a.iii.percentage_externally_audited;GRI 403-8.b;GRI 403-8.c;GRI 403-9.a;GRI 403-9.a.i;GRI_403_9_a_i_rate;GRI 403-9.a.ii;GRI_403_9_a_ii_rate;GRI 403-9.a.iii;GRI_403_9_a_iii_rate;GRI 403-9.a.iv;GRI 403-9.a.v;GRI 403-9.b;GRI 403-9.b.i;GRI_403_9_b_i_rate;GRI 403-9.b.ii;GRI_403_9_b_ii_rate;GRI 403-9.b.iii;GRI_403_9_b_iii_rate;GRI 403-9.b.iv;GRI 403-9.b.v;GRI 403-9.c;GRI 403-9.c.i;GRI 403-9.c.ii;GRI 403-9.c.iii;GRI 403-9.d;GRI 403-9.e;GRI 403-9.f;GRI 403-9.g;GRI 403-10.a;GRI 403-10.a.i;GRI 403-10.a.ii;GRI 403-10.a.iii;GRI 403-10.b;GRI 403-10.b.i;GRI 403-10.b.ii;GRI 403-10.b.iii;GRI 403-10.c;GRI 403-10.c.i;GRI 403-10.c.ii;GRI 403-10.c.iii;GRI 403-10.d;GRI 403-10.e;GRI 404-1.a;GRI 404-2.a;GRI 404-2.b;GRI 405-1.a;GRI 405-1.b;GRI 405-2.a;GRI 405-2.b;GRI 406-1.a;GRI 406-1.b;GRI 406-1.b.i;GRI 406-1.b.ii;GRI 406-1.b.iii;GRI 406-1.b.iv;GRI 407-1.a;GRI 407-1.a.i;GRI 407-1.a.ii;GRI 407-1.b;GRI 408-1.a;GRI 408-1.a.i;GRI 408-1.a.ii;GRI 408-1.b;GRI 408-1.b.i;GRI 408-1.b.ii;GRI 408-1.c;GRI 409-1.a;GRI 409-1.a.i;GRI 409-1.a.ii;GRI 409-1.b;GRI 410-1.a;GRI 410-1.b;GRI 411-1.a;GRI 411-1.b;GRI 411-1.b.i;GRI 411-1.b.ii;GRI 411-1.b.iii;GRI 411-1.b.iv;GRI 413-1.a;GRI 413-1.a.i;GRI 413-1.a.ii;GRI 413-1.a.iii;GRI 413-1.a.iv;GRI 413-1.a.v;GRI 413-1.a.vi;GRI 413-1.a.vii;GRI 413-1.a.viii;GRI 413-2.a;GRI 413-2.a.i;GRI 413-2.a.ii;GRI 414-1.a;GRI 414-2.a;GRI 414-2.b;GRI 414-2.c;GRI 414-2.d;GRI 414-2.e;GRI 415-1.b;GRI 416-1.a;GRI 416-2.a;GRI 416-2.a.i;GRI 416-2.a.ii;GRI 416-2.a.iii;GRI 416-2.b;GRI 417-1.a;GRI 417-1.a.i;GRI 417-1.a.ii;GRI 417-1.a.iii;GRI 417-1.a.iv;GRI 417-1.a.v;GRI 417-1.b;GRI 417-2.a;GRI 417-2.a.i;GRI 417-2.a.ii;GRI 417-2.a.iii;GRI 417-2.b;GRI 417-3.a;GRI 417-3.a.i;GRI 417-3.a.ii;GRI 417-3.a.iii;GRI 417-3.b;GRI 418-1.a;GRI 418-1.a.i;GRI 418-1.a.ii;GRI 418-1.b;GRI 418-1.c
GRI,GRI,SDS GRI controlled closed package 2026-05-22,"technical nodes with dimensions [none] examples: GRI 304-4.a.i, GRI 304-4.a.ii, GRI 304-4.a.iii, GRI 304-4.a.iv, GRI 304-4.a.v",5,5,none,1,5 x 1,,5,,period; perimeter; entity; site; location; company master data,gri_full_controlled_closed_20260522T000000Z/sds_calculation_contract.json,technical-contract surface; extinction_risk_level=fixed,GRI 304-4.a.i;GRI 304-4.a.ii;GRI 304-4.a.iii;GRI 304-4.a.iv;GRI 304-4.a.v
GRI,GRI,SDS GRI controlled closed package 2026-05-22,"technical nodes with dimensions [none] examples: GRI_301_1_a_i_non_renewable_materials_used, GRI_301_1_a_ii_renewable_materials_used",2,2,none,1,2 x 1,,2,,period; perimeter; entity; site; location; company master data,gri_full_controlled_closed_20260522T000000Z/sds_calculation_contract.json,technical-contract surface; material_resource_class=fixed,GRI_301_1_a_i_non_renewable_materials_used;GRI_301_1_a_ii_renewable_materials_used
GRI,GRI,SDS GRI controlled closed package 2026-05-22,"technical nodes with dimensions [none] examples: GRI_302_1_a_non_renewable_fuel_consumed, GRI_302_1_b_renewable_fuel_consumed, GRI_302_1_e_total_energy_consumption_within_organization, GRI_302_2_a_energy_consumption_outside_organization, GRI_302_3_d_boundary_within_organization, GRI_302_3_d_boundary_outside_organization",6,6,none,1,6 x 1,,6,,period; perimeter; entity; site; location; company master data,gri_full_controlled_closed_20260522T000000Z/sds_calculation_contract.json,technical-contract surface; energy_consumption_boundary=fixed,GRI_302_1_a_non_renewable_fuel_consumed;GRI_302_1_b_renewable_fuel_consumed;GRI_302_1_e_total_energy_consumption_within_organization;GRI_302_2_a_energy_consumption_outside_organization;GRI_302_3_d_boundary_within_organization;GRI_302_3_d_boundary_outside_organization
GRI,GRI,SDS GRI controlled closed package 2026-05-22,"technical nodes with dimensions [none] examples: GRI_302_1_c_electricity_consumption, GRI_302_1_c_heating_consumption, GRI_302_1_c_cooling_consumption, GRI_302_1_c_steam_consumption",4,4,none,1,4 x 1,,4,,period; perimeter; entity; site; location; company master data,gri_full_controlled_closed_20260522T000000Z/sds_calculation_contract.json,technical-contract surface; energy_type=fixed; energy_consumption_boundary=fixed,GRI_302_1_c_electricity_consumption;GRI_302_1_c_heating_consumption;GRI_302_1_c_cooling_consumption;GRI_302_1_c_steam_consumption
GRI,GRI,SDS GRI controlled closed package 2026-05-22,"technical nodes with dimensions [none] examples: GRI_302_1_d_electricity_sold, GRI_302_1_d_heating_sold, GRI_302_1_d_cooling_sold, GRI_302_1_d_steam_sold, GRI_302_3_c_energy_type_fuel_included, GRI_302_3_c_energy_type_electricity_included, GRI_302_3_c_energy_type_heating_included, GRI_302_3_c_energy_type_cooling_included ...",14,14,none,1,14 x 1,,14,,period; perimeter; entity; site; location; company master data,gri_full_controlled_closed_20260522T000000Z/sds_calculation_contract.json,technical-contract surface; energy_type=fixed,GRI_302_1_d_electricity_sold;GRI_302_1_d_heating_sold;GRI_302_1_d_cooling_sold;GRI_302_1_d_steam_sold;GRI_302_3_c_energy_type_fuel_included;GRI_302_3_c_energy_type_electricity_included;GRI_302_3_c_energy_type_heating_included;GRI_302_3_c_energy_type_cooling_included;GRI_302_3_c_energy_type_steam_included;GRI_302_4_b_energy_type_fuel_included;GRI_302_4_b_energy_type_electricity_included;GRI_302_4_b_energy_type_heating_included;GRI_302_4_b_energy_type_cooling_included;GRI_302_4_b_energy_type_steam_included
GRI,GRI,SDS GRI controlled closed package 2026-05-22,"technical nodes with dimensions [none] examples: GRI_303_3_a_surface_water_all_areas, GRI_303_3_a_groundwater_all_areas, GRI_303_3_a_seawater_all_areas, GRI_303_3_a_produced_water_all_areas, GRI_303_3_a_third_party_water_all_areas, GRI_303_3_b_surface_water_water_stressed_areas, GRI_303_3_b_groundwater_water_stressed_areas, GRI_303_3_b_seawater_water_stressed_areas ...",50,50,none,1,50 x 1,,50,,period; perimeter; entity; site; location; company master data,gri_full_controlled_closed_20260522T000000Z/sds_calculation_contract.json,technical-contract surface; water_stress_area=fixed; water_source=fixed,GRI_303_3_a_surface_water_all_areas;GRI_303_3_a_groundwater_all_areas;GRI_303_3_a_seawater_all_areas;GRI_303_3_a_produced_water_all_areas;GRI_303_3_a_third_party_water_all_areas;GRI_303_3_b_surface_water_water_stressed_areas;GRI_303_3_b_groundwater_water_stressed_areas;GRI_303_3_b_seawater_water_stressed_areas;GRI_303_3_b_produced_water_water_stressed_areas;GRI_303_3_b_third_party_water_water_stressed_areas;GRI-SF-11.6.4_303-3-a-i;GRI-SF-11.6.4_303-3-a-ii;GRI-SF-11.6.4_303-3-a-iii;GRI-SF-11.6.4_303-3-a-iv;GRI-SF-11.6.4_303-3-a-v;GRI-SF-11.6.4_303-3-b-i;GRI-SF-11.6.4_303-3-b-ii;GRI-SF-11.6.4_303-3-b-iii;GRI-SF-11.6.4_303-3-b-iv;GRI-SF-11.6.4_303-3-b-v;GRI-SF-12.7.4_303-3-a-i;GRI-SF-12.7.4_303-3-a-ii;GRI-SF-12.7.4_303-3-a-iii;GRI-SF-12.7.4_303-3-a-iv;GRI-SF-12.7.4_303-3-a-v;GRI-SF-12.7.4_303-3-b-i;GRI-SF-12.7.4_303-3-b-ii;GRI-SF-12.7.4_303-3-b-iii;GRI-SF-12.7.4_303-3-b-iv;GRI-SF-12.7.4_303-3-b-v;GRI-SF-13.7.4_303-3-a-i;GRI-SF-13.7.4_303-3-a-ii;GRI-SF-13.7.4_303-3-a-iii;GRI-SF-13.7.4_303-3-a-iv;GRI-SF-13.7.4_303-3-a-v;GRI-SF-13.7.4_303-3-b-i;GRI-SF-13.7.4_303-3-b-ii;GRI-SF-13.7.4_303-3-b-iii;GRI-SF-13.7.4_303-3-b-iv;GRI-SF-13.7.4_303-3-b-v;GRI-SF-14.7.4_303-3-a-i;GRI-SF-14.7.4_303-3-a-ii;GRI-SF-14.7.4_303-3-a-iii;GRI-SF-14.7.4_303-3-a-iv;GRI-SF-14.7.4_303-3-a-v;GRI-SF-14.7.4_303-3-b-i;GRI-SF-14.7.4_303-3-b-ii;GRI-SF-14.7.4_303-3-b-iii;GRI-SF-14.7.4_303-3-b-iv;GRI-SF-14.7.4_303-3-b-v
GRI,GRI,SDS GRI controlled closed package 2026-05-22,"technical nodes with dimensions [none] examples: GRI_303_3_a_total_all_areas, GRI_303_3_b_total_water_stressed_areas, GRI_303_4_a_total_all_areas, GRI_303_4_c_total_water_stressed_areas, GRI_303_5_a_total_water_consumption_all_areas, GRI_303_5_b_total_water_consumption_water_stressed_areas, GRI-SF-11.6.4_303-3-a, GRI-SF-11.6.4_303-3-b ...",22,22,none,1,22 x 1,,22,,period; perimeter; entity; site; location; company master data,gri_full_controlled_closed_20260522T000000Z/sds_calculation_contract.json,technical-contract surface; water_stress_area=fixed,GRI_303_3_a_total_all_areas;GRI_303_3_b_total_water_stressed_areas;GRI_303_4_a_total_all_areas;GRI_303_4_c_total_water_stressed_areas;GRI_303_5_a_total_water_consumption_all_areas;GRI_303_5_b_total_water_consumption_water_stressed_areas;GRI-SF-11.6.4_303-3-a;GRI-SF-11.6.4_303-3-b;GRI-SF-11.6.5_303-4-a;GRI-SF-11.6.5_303-4-c;GRI-SF-12.7.4_303-3-a;GRI-SF-12.7.4_303-3-b;GRI-SF-12.7.5_303-4-a;GRI-SF-12.7.5_303-4-c;GRI-SF-13.7.4_303-3-a;GRI-SF-13.7.4_303-3-b;GRI-SF-13.7.5_303-4-a;GRI-SF-13.7.5_303-4-c;GRI-SF-14.7.4_303-3-a;GRI-SF-14.7.4_303-3-b;GRI-SF-14.7.5_303-4-a;GRI-SF-14.7.5_303-4-c
GRI,GRI,SDS GRI controlled closed package 2026-05-22,"technical nodes with dimensions [none] examples: GRI_303_3_c_surface_water_freshwater_all_areas, GRI_303_3_c_surface_water_other_water_all_areas, GRI_303_3_c_groundwater_freshwater_all_areas, GRI_303_3_c_groundwater_other_water_all_areas, GRI_303_3_c_seawater_freshwater_all_areas, GRI_303_3_c_seawater_other_water_all_areas, GRI_303_3_c_produced_water_freshwater_all_areas, GRI_303_3_c_produced_water_other_water_all_areas ...",20,20,none,1,20 x 1,,20,,period; perimeter; entity; site; location; company master data,gri_full_controlled_closed_20260522T000000Z/sds_calculation_contract.json,technical-contract surface; water_stress_area=fixed; water_source=fixed; water_type=fixed,GRI_303_3_c_surface_water_freshwater_all_areas;GRI_303_3_c_surface_water_other_water_all_areas;GRI_303_3_c_groundwater_freshwater_all_areas;GRI_303_3_c_groundwater_other_water_all_areas;GRI_303_3_c_seawater_freshwater_all_areas;GRI_303_3_c_seawater_other_water_all_areas;GRI_303_3_c_produced_water_freshwater_all_areas;GRI_303_3_c_produced_water_other_water_all_areas;GRI_303_3_c_third_party_water_freshwater_all_areas;GRI_303_3_c_third_party_water_other_water_all_areas;GRI_303_3_c_surface_water_freshwater_water_stressed_areas;GRI_303_3_c_surface_water_other_water_water_stressed_areas;GRI_303_3_c_groundwater_freshwater_water_stressed_areas;GRI_303_3_c_groundwater_other_water_water_stressed_areas;GRI_303_3_c_seawater_freshwater_water_stressed_areas;GRI_303_3_c_seawater_other_water_water_stressed_areas;GRI_303_3_c_produced_water_freshwater_water_stressed_areas;GRI_303_3_c_produced_water_other_water_water_stressed_areas;GRI_303_3_c_third_party_water_freshwater_water_stressed_areas;GRI_303_3_c_third_party_water_other_water_water_stressed_areas
GRI,GRI,SDS GRI controlled closed package 2026-05-22,"technical nodes with dimensions [none] examples: GRI_303_4_a_surface_water_all_areas, GRI_303_4_a_groundwater_all_areas, GRI_303_4_a_seawater_all_areas, GRI_303_4_a_third_party_water_all_areas, GRI-SF-11.6.5_303-4-a-i, GRI-SF-11.6.5_303-4-a-ii, GRI-SF-11.6.5_303-4-a-iii, GRI-SF-12.7.5_303-4-a-i ...",16,16,none,1,16 x 1,,16,,period; perimeter; entity; site; location; company master data,gri_full_controlled_closed_20260522T000000Z/sds_calculation_contract.json,technical-contract surface; water_stress_area=fixed; water_destination=fixed,GRI_303_4_a_surface_water_all_areas;GRI_303_4_a_groundwater_all_areas;GRI_303_4_a_seawater_all_areas;GRI_303_4_a_third_party_water_all_areas;GRI-SF-11.6.5_303-4-a-i;GRI-SF-11.6.5_303-4-a-ii;GRI-SF-11.6.5_303-4-a-iii;GRI-SF-12.7.5_303-4-a-i;GRI-SF-12.7.5_303-4-a-ii;GRI-SF-12.7.5_303-4-a-iii;GRI-SF-13.7.5_303-4-a-i;GRI-SF-13.7.5_303-4-a-ii;GRI-SF-13.7.5_303-4-a-iii;GRI-SF-14.7.5_303-4-a-i;GRI-SF-14.7.5_303-4-a-ii;GRI-SF-14.7.5_303-4-a-iii
GRI,GRI,SDS GRI controlled closed package 2026-05-22,"technical nodes with dimensions [none] examples: GRI_303_4_a_third_party_water_sent_for_use, GRI-SF-11.6.5_303-4-a-iv, GRI-SF-12.7.5_303-4-a-iv, GRI-SF-13.7.5_303-4-a-iv, GRI-SF-14.7.5_303-4-a-iv",5,5,none,1,5 x 1,,5,,period; perimeter; entity; site; location; company master data,gri_full_controlled_closed_20260522T000000Z/sds_calculation_contract.json,technical-contract surface; water_stress_area=fixed; water_destination=fixed; third_party_water_use=fixed,GRI_303_4_a_third_party_water_sent_for_use;GRI-SF-11.6.5_303-4-a-iv;GRI-SF-12.7.5_303-4-a-iv;GRI-SF-13.7.5_303-4-a-iv;GRI-SF-14.7.5_303-4-a-iv
GRI,GRI,SDS GRI controlled closed package 2026-05-22,"technical nodes with dimensions [none] examples: GRI_303_4_b_freshwater_all_areas, GRI_303_4_b_other_water_all_areas, GRI_303_4_c_freshwater_water_stressed_areas, GRI_303_4_c_other_water_water_stressed_areas, GRI-SF-11.6.5_303-4-b-i, GRI-SF-11.6.5_303-4-b-ii, GRI-SF-11.6.5_303-4-c-i, GRI-SF-11.6.5_303-4-c-ii ...",20,20,none,1,20 x 1,,20,,period; perimeter; entity; site; location; company master data,gri_full_controlled_closed_20260522T000000Z/sds_calculation_contract.json,technical-contract surface; water_stress_area=fixed; water_type=fixed,GRI_303_4_b_freshwater_all_areas;GRI_303_4_b_other_water_all_areas;GRI_303_4_c_freshwater_water_stressed_areas;GRI_303_4_c_other_water_water_stressed_areas;GRI-SF-11.6.5_303-4-b-i;GRI-SF-11.6.5_303-4-b-ii;GRI-SF-11.6.5_303-4-c-i;GRI-SF-11.6.5_303-4-c-ii;GRI-SF-12.7.5_303-4-b-i;GRI-SF-12.7.5_303-4-b-ii;GRI-SF-12.7.5_303-4-c-i;GRI-SF-12.7.5_303-4-c-ii;GRI-SF-13.7.5_303-4-b-i;GRI-SF-13.7.5_303-4-b-ii;GRI-SF-13.7.5_303-4-c-i;GRI-SF-13.7.5_303-4-c-ii;GRI-SF-14.7.5_303-4-b-i;GRI-SF-14.7.5_303-4-b-ii;GRI-SF-14.7.5_303-4-c-i;GRI-SF-14.7.5_303-4-c-ii
GRI,GRI,SDS GRI controlled closed package 2026-05-22,"technical nodes with dimensions [none] examples: GRI_305_1_a_gross_scope1_ghg_emissions, GRI_305_1_c_biogenic_co2_emissions, GRI_305_1_d_ii_base_year_emissions, GRI_305_2_d_ii_base_year_emissions, GRI 305-3.a, GRI 305-3.c, GRI 305-3.e.ii, gri_305_4_c_scope1_included ...",27,27,none,1,27 x 1,,27,,period; perimeter; entity; site; location; company master data,gri_full_controlled_closed_20260522T000000Z/sds_calculation_contract.json,technical-contract surface; ghg_scope=fixed,GRI_305_1_a_gross_scope1_ghg_emissions;GRI_305_1_c_biogenic_co2_emissions;GRI_305_1_d_ii_base_year_emissions;GRI_305_2_d_ii_base_year_emissions;GRI 305-3.a;GRI 305-3.c;GRI 305-3.e.ii;gri_305_4_c_scope1_included;gri_305_4_c_scope2_included;gri_305_4_c_scope3_included;GRI_305_5_d_scope1_reductions_occurred;GRI_305_5_d_scope2_reductions_occurred;GRI_305_5_d_scope3_reductions_occurred;GRI_305_5_a_scope1_reduction_tco2e;GRI_305_5_a_scope3_reduction_tco2e;GRI_305_5_c_scope1_baseline_type;GRI_305_5_c_scope1_baseline_end_date;GRI_305_5_c_scope1_baseline_rationale;GRI_305_5_c_scope2_baseline_type;GRI_305_5_c_scope2_baseline_end_date;GRI_305_5_c_scope2_baseline_rationale;GRI_305_5_c_scope3_baseline_type;GRI_305_5_c_scope3_baseline_end_date;GRI_305_5_c_scope3_baseline_rationale;GRI_305_5_offset_contribution_scope1_tco2e;GRI_305_5_offset_contribution_scope2_tco2e;GRI_305_5_offset_contribution_scope3_tco2e
GRI,GRI,SDS GRI controlled closed package 2026-05-22,"technical nodes with dimensions [none] examples: GRI_305_1_b_gas_co2_included, GRI_305_1_b_gas_ch4_included, GRI_305_1_b_gas_n2o_included, GRI_305_1_b_gas_hfcs_included, GRI_305_1_b_gas_pfcs_included, GRI_305_1_b_gas_sf6_included, GRI_305_1_b_gas_nf3_included, GRI_305_2_c_gas_co2_included ...",28,28,none,1,28 x 1,,28,,period; perimeter; entity; site; location; company master data,gri_full_controlled_closed_20260522T000000Z/sds_calculation_contract.json,technical-contract surface; ghg_scope=fixed; ghg_gas=fixed,GRI_305_1_b_gas_co2_included;GRI_305_1_b_gas_ch4_included;GRI_305_1_b_gas_n2o_included;GRI_305_1_b_gas_hfcs_included;GRI_305_1_b_gas_pfcs_included;GRI_305_1_b_gas_sf6_included;GRI_305_1_b_gas_nf3_included;GRI_305_2_c_gas_co2_included;GRI_305_2_c_gas_ch4_included;GRI_305_2_c_gas_n2o_included;GRI_305_2_c_gas_hfcs_included;GRI_305_2_c_gas_pfcs_included;GRI_305_2_c_gas_sf6_included;GRI_305_2_c_gas_nf3_included;gri_305_4_d_gas_co2_scope1;gri_305_4_d_gas_ch4_scope1;gri_305_4_d_gas_n2o_scope1;gri_305_4_d_gas_hfcs_scope1;gri_305_4_d_gas_pfcs_scope1;gri_305_4_d_gas_sf6_scope1;gri_305_4_d_gas_nf3_scope1;gri_305_4_d_gas_co2_scope3;gri_305_4_d_gas_ch4_scope3;gri_305_4_d_gas_n2o_scope3;gri_305_4_d_gas_hfcs_scope3;gri_305_4_d_gas_pfcs_scope3;gri_305_4_d_gas_sf6_scope3;gri_305_4_d_gas_nf3_scope3
GRI,GRI,SDS GRI controlled closed package 2026-05-22,"technical nodes with dimensions [none] examples: GRI_305_2_a_gross_scope2_location_based_ghg_emissions, GRI_305_2_b_gross_scope2_market_based_ghg_emissions, GRI_305_5_a_scope2_location_based_reduction_tco2e, GRI_305_5_a_scope2_market_based_reduction_tco2e",4,4,none,1,4 x 1,,4,,period; perimeter; entity; site; location; company master data,gri_full_controlled_closed_20260522T000000Z/sds_calculation_contract.json,technical-contract surface; ghg_scope=fixed; scope2_calculation_method=fixed,GRI_305_2_a_gross_scope2_location_based_ghg_emissions;GRI_305_2_b_gross_scope2_market_based_ghg_emissions;GRI_305_5_a_scope2_location_based_reduction_tco2e;GRI_305_5_a_scope2_market_based_reduction_tco2e
GRI,GRI,SDS GRI controlled closed package 2026-05-22,"technical nodes with dimensions [none] examples: GRI_305_5_b_gas_co2_included, GRI_305_5_b_gas_ch4_included, GRI_305_5_b_gas_n2o_included, GRI_305_5_b_gas_hfcs_included, GRI_305_5_b_gas_pfcs_included, GRI_305_5_b_gas_sf6_included, GRI_305_5_b_gas_nf3_included",7,7,none,1,7 x 1,,7,,period; perimeter; entity; site; location; company master data,gri_full_controlled_closed_20260522T000000Z/sds_calculation_contract.json,technical-contract surface; ghg_gas=fixed,GRI_305_5_b_gas_co2_included;GRI_305_5_b_gas_ch4_included;GRI_305_5_b_gas_n2o_included;GRI_305_5_b_gas_hfcs_included;GRI_305_5_b_gas_pfcs_included;GRI_305_5_b_gas_sf6_included;GRI_305_5_b_gas_nf3_included
GRI,GRI,SDS GRI controlled closed package 2026-05-22,"technical nodes with dimensions [none] examples: GRI_306_4_b_hazardous_total, GRI_306_4_c_non_hazardous_total, DP_GRI_306_5_b_hazardous_total_waste_directed_to_disposal, DP_GRI_306_5_c_non_hazardous_total_waste_directed_to_disposal",4,4,none,1,4 x 1,,4,,period; perimeter; entity; site; location; company master data,gri_full_controlled_closed_20260522T000000Z/sds_calculation_contract.json,technical-contract surface; waste_hazard_class=fixed,GRI_306_4_b_hazardous_total;GRI_306_4_c_non_hazardous_total;DP_GRI_306_5_b_hazardous_total_waste_directed_to_disposal;DP_GRI_306_5_c_non_hazardous_total_waste_directed_to_disposal
GRI,GRI,SDS GRI controlled closed package 2026-05-22,"technical nodes with dimensions [none] examples: GRI_306_4_b_i_hazardous_preparation_for_reuse, GRI_306_4_b_ii_hazardous_recycling, GRI_306_4_b_iii_hazardous_other_recovery, GRI_306_4_c_i_non_hazardous_preparation_for_reuse, GRI_306_4_c_ii_non_hazardous_recycling, GRI_306_4_c_iii_non_hazardous_other_recovery",6,6,none,1,6 x 1,,6,,period; perimeter; entity; site; location; company master data,gri_full_controlled_closed_20260522T000000Z/sds_calculation_contract.json,technical-contract surface; waste_hazard_class=fixed; waste_operation_recovery=fixed,GRI_306_4_b_i_hazardous_preparation_for_reuse;GRI_306_4_b_ii_hazardous_recycling;GRI_306_4_b_iii_hazardous_other_recovery;GRI_306_4_c_i_non_hazardous_preparation_for_reuse;GRI_306_4_c_ii_non_hazardous_recycling;GRI_306_4_c_iii_non_hazardous_other_recovery
GRI,GRI,SDS GRI controlled closed package 2026-05-22,"technical nodes with dimensions [none] examples: GRI_306_4_d_hazardous_preparation_for_reuse_onsite, GRI_306_4_d_hazardous_preparation_for_reuse_offsite, GRI_306_4_d_hazardous_recycling_onsite, GRI_306_4_d_hazardous_recycling_offsite, GRI_306_4_d_hazardous_other_recovery_onsite, GRI_306_4_d_hazardous_other_recovery_offsite, GRI_306_4_d_non_hazardous_preparation_for_reuse_onsite, GRI_306_4_d_non_hazardous_preparation_for_reuse_offsite ...",12,12,none,1,12 x 1,,12,,period; perimeter; entity; site; location; company master data,gri_full_controlled_closed_20260522T000000Z/sds_calculation_contract.json,technical-contract surface; waste_hazard_class=fixed; waste_operation_recovery=fixed; waste_site_location=fixed,GRI_306_4_d_hazardous_preparation_for_reuse_onsite;GRI_306_4_d_hazardous_preparation_for_reuse_offsite;GRI_306_4_d_hazardous_recycling_onsite;GRI_306_4_d_hazardous_recycling_offsite;GRI_306_4_d_hazardous_other_recovery_onsite;GRI_306_4_d_hazardous_other_recovery_offsite;GRI_306_4_d_non_hazardous_preparation_for_reuse_onsite;GRI_306_4_d_non_hazardous_preparation_for_reuse_offsite;GRI_306_4_d_non_hazardous_recycling_onsite;GRI_306_4_d_non_hazardous_recycling_offsite;GRI_306_4_d_non_hazardous_other_recovery_onsite;GRI_306_4_d_non_hazardous_other_recovery_offsite
GRI,GRI,SDS GRI controlled closed package 2026-05-22,"technical nodes with dimensions [none] examples: gri_305_4_d_gas_co2_scope2_location_based, gri_305_4_d_gas_ch4_scope2_location_based, gri_305_4_d_gas_n2o_scope2_location_based, gri_305_4_d_gas_hfcs_scope2_location_based, gri_305_4_d_gas_pfcs_scope2_location_based, gri_305_4_d_gas_sf6_scope2_location_based, gri_305_4_d_gas_nf3_scope2_location_based, gri_305_4_d_gas_co2_scope2_market_based ...",14,14,none,1,14 x 1,,14,,period; perimeter; entity; site; location; company master data,gri_full_controlled_closed_20260522T000000Z/sds_calculation_contract.json,technical-contract surface; ghg_scope=fixed; scope2_calculation_method=fixed; ghg_gas=fixed,gri_305_4_d_gas_co2_scope2_location_based;gri_305_4_d_gas_ch4_scope2_location_based;gri_305_4_d_gas_n2o_scope2_location_based;gri_305_4_d_gas_hfcs_scope2_location_based;gri_305_4_d_gas_pfcs_scope2_location_based;gri_305_4_d_gas_sf6_scope2_location_based;gri_305_4_d_gas_nf3_scope2_location_based;gri_305_4_d_gas_co2_scope2_market_based;gri_305_4_d_gas_ch4_scope2_market_based;gri_305_4_d_gas_n2o_scope2_market_based;gri_305_4_d_gas_hfcs_scope2_market_based;gri_305_4_d_gas_pfcs_scope2_market_based;gri_305_4_d_gas_sf6_scope2_market_based;gri_305_4_d_gas_nf3_scope2_market_based
GRI,GRI,SDS GRI controlled closed package 2026-05-22,"reportable nodes with dimensions [ods_flow] examples: GRI 305-6.a, GRI-SF-13.1.7_305-6-a",2,2,ods_flow,3,2 x 3,6,,,period; perimeter; entity; site; location; company master data,gri_full_controlled_closed_20260522T000000Z/sds_calculation_contract.json,,GRI 305-6.a;GRI-SF-13.1.7_305-6-a
GRI,GRI,SDS GRI controlled closed package 2026-05-22,"technical nodes with dimensions [ods_flow] examples: GRI 305-6.a, GRI-SF-13.1.7_305-6-a",2,2,ods_flow,3,2 x 3,,6,,period; perimeter; entity; site; location; company master data,gri_full_controlled_closed_20260522T000000Z/sds_calculation_contract.json,technical-contract surface,GRI 305-6.a;GRI-SF-13.1.7_305-6-a
GRI,GRI,SDS GRI controlled closed package 2026-05-22,"reportable nodes with dimensions [offset_reported_under_101_2_a_iv] examples: GRI-SF-14.4.3_101-2-c, GRI-SF-14.4.3_101-2-c-i, GRI-SF-14.4.3_101-2-c-ii, GRI-SF-14.4.3_101-2-c-iii, GRI-SF-14.4.3_101-2-c-iv, GRI 101-2.c, GRI 101-2.c.i, GRI 101-2.c.ii ...",10,10,offset_reported_under_101_2_a_iv,1,10 x 1,10,,offset_reported_under_101_2_a_iv,period; perimeter; entity; site; location; company master data,gri_full_controlled_closed_20260522T000000Z/sds_calculation_contract.json,,GRI-SF-14.4.3_101-2-c;GRI-SF-14.4.3_101-2-c-i;GRI-SF-14.4.3_101-2-c-ii;GRI-SF-14.4.3_101-2-c-iii;GRI-SF-14.4.3_101-2-c-iv;GRI 101-2.c;GRI 101-2.c.i;GRI 101-2.c.ii;GRI 101-2.c.iii;GRI 101-2.c.iv
GRI,GRI,SDS GRI controlled closed package 2026-05-22,"technical nodes with dimensions [offset_reported_under_101_2_a_iv] examples: GRI-SF-14.4.3_101-2-c, GRI-SF-14.4.3_101-2-c-i, GRI-SF-14.4.3_101-2-c-ii, GRI-SF-14.4.3_101-2-c-iii, GRI-SF-14.4.3_101-2-c-iv, GRI 101-2.c, GRI 101-2.c.i, GRI 101-2.c.ii ...",10,10,offset_reported_under_101_2_a_iv,1,10 x 1,,10,offset_reported_under_101_2_a_iv,period; perimeter; entity; site; location; company master data,gri_full_controlled_closed_20260522T000000Z/sds_calculation_contract.json,technical-contract surface,GRI-SF-14.4.3_101-2-c;GRI-SF-14.4.3_101-2-c-i;GRI-SF-14.4.3_101-2-c-ii;GRI-SF-14.4.3_101-2-c-iii;GRI-SF-14.4.3_101-2-c-iv;GRI 101-2.c;GRI 101-2.c.i;GRI 101-2.c.ii;GRI 101-2.c.iii;GRI 101-2.c.iv
GRI,GRI,SDS GRI controlled closed package 2026-05-22,"reportable nodes with dimensions [operational_site] examples: GRI 304-1.a.i, GRI 304-1.a.ii, GRI 304-1.a.iii, GRI 304-1.a.iv, GRI 304-1.a.v, GRI 304-1.a.vi, GRI 304-1.a.vii",7,7,operational_site,1,7 x 1,7,,operational_site,period; perimeter; entity; site; location; company master data,gri_full_controlled_closed_20260522T000000Z/sds_calculation_contract.json,,GRI 304-1.a.i;GRI 304-1.a.ii;GRI 304-1.a.iii;GRI 304-1.a.iv;GRI 304-1.a.v;GRI 304-1.a.vi;GRI 304-1.a.vii
GRI,GRI,SDS GRI controlled closed package 2026-05-22,"technical nodes with dimensions [operational_site] examples: GRI 304-1.a.i, GRI 304-1.a.ii, GRI 304-1.a.iii, GRI 304-1.a.iv, GRI 304-1.a.v, GRI 304-1.a.vi, GRI 304-1.a.vii",7,7,operational_site,1,7 x 1,,7,operational_site,period; perimeter; entity; site; location; company master data,gri_full_controlled_closed_20260522T000000Z/sds_calculation_contract.json,technical-contract surface,GRI 304-1.a.i;GRI 304-1.a.ii;GRI 304-1.a.iii;GRI 304-1.a.iv;GRI 304-1.a.v;GRI 304-1.a.vi;GRI 304-1.a.vii
GRI,GRI,SDS GRI controlled closed package 2026-05-22,"reportable nodes with dimensions [other_diversity_indicator] examples: GRI-SF-11.11.5_405-1-a-iii, GRI-SF-12.19.6_405-1-a-iii, GRI-SF-13.15.2_405-1-a-iii, GRI-SF-14.21.5_405-1-a-iii, GRI 405-1.a.iii",5,5,other_diversity_indicator,1,5 x 1,5,,other_diversity_indicator,period; perimeter; entity; site; location; company master data,gri_full_controlled_closed_20260522T000000Z/sds_calculation_contract.json,,GRI-SF-11.11.5_405-1-a-iii;GRI-SF-12.19.6_405-1-a-iii;GRI-SF-13.15.2_405-1-a-iii;GRI-SF-14.21.5_405-1-a-iii;GRI 405-1.a.iii
GRI,GRI,SDS GRI controlled closed package 2026-05-22,"technical nodes with dimensions [other_diversity_indicator] examples: GRI-SF-11.11.5_405-1-a-iii, GRI-SF-12.19.6_405-1-a-iii, GRI-SF-13.15.2_405-1-a-iii, GRI-SF-14.21.5_405-1-a-iii, GRI 405-1.a.iii",5,5,other_diversity_indicator,1,5 x 1,,5,other_diversity_indicator,period; perimeter; entity; site; location; company master data,gri_full_controlled_closed_20260522T000000Z/sds_calculation_contract.json,technical-contract surface,GRI-SF-11.11.5_405-1-a-iii;GRI-SF-12.19.6_405-1-a-iii;GRI-SF-13.15.2_405-1-a-iii;GRI-SF-14.21.5_405-1-a-iii;GRI 405-1.a.iii
GRI,GRI,SDS GRI controlled closed package 2026-05-22,reportable nodes with dimensions [product_category] examples: GRI_301_3_a_reclaimed_products_packaging_percentage_by_product_category,1,1,product_category,1,1 x 1,1,,product_category,period; perimeter; entity; site; location; company master data,gri_full_controlled_closed_20260522T000000Z/sds_calculation_contract.json,,GRI_301_3_a_reclaimed_products_packaging_percentage_by_product_category
GRI,GRI,SDS GRI controlled closed package 2026-05-22,"technical nodes with dimensions [product_category] examples: GRI_301_3_a_reclaimed_products_packaging_percentage_by_product_category, GRI_301_3_a_products_packaging_reclaimed_component, GRI_301_3_a_products_sold_component",3,3,product_category,1,3 x 1,,3,product_category,period; perimeter; entity; site; location; company master data,gri_full_controlled_closed_20260522T000000Z/sds_calculation_contract.json,technical-contract surface,GRI_301_3_a_reclaimed_products_packaging_percentage_by_product_category;GRI_301_3_a_products_packaging_reclaimed_component;GRI_301_3_a_products_sold_component
GRI,GRI,SDS GRI controlled closed package 2026-05-22,"reportable nodes with dimensions [scope2_calculation_method] examples: GRI-SF-11.1.6_305-2-b, GRI-SF-12.1.6_305-2-b, GRI-SF-13.1.3_305-2-b, GRI-SF-14.1.6_305-2-b",4,4,scope2_calculation_method,2,4 x 2,8,,,period; perimeter; entity; site; location; company master data,gri_full_controlled_closed_20260522T000000Z/sds_calculation_contract.json,,GRI-SF-11.1.6_305-2-b;GRI-SF-12.1.6_305-2-b;GRI-SF-13.1.3_305-2-b;GRI-SF-14.1.6_305-2-b
GRI,GRI,SDS GRI controlled closed package 2026-05-22,"technical nodes with dimensions [scope2_calculation_method] examples: GRI-SF-11.1.6_305-2-b, GRI-SF-12.1.6_305-2-b, GRI-SF-13.1.3_305-2-b, GRI-SF-14.1.6_305-2-b",4,4,scope2_calculation_method,2,4 x 2,,8,,period; perimeter; entity; site; location; company master data,gri_full_controlled_closed_20260522T000000Z/sds_calculation_contract.json,technical-contract surface,GRI-SF-11.1.6_305-2-b;GRI-SF-12.1.6_305-2-b;GRI-SF-13.1.3_305-2-b;GRI-SF-14.1.6_305-2-b
GRI,GRI,SDS GRI controlled closed package 2026-05-22,"reportable nodes with dimensions [scope3_category_ghg_protocol] examples: GRI_305_3_d_scope3_category_included, GRI_305_3_d_scope3_category_activities_included",2,2,scope3_category_ghg_protocol,16,2 x 16,32,,,period; perimeter; entity; site; location; company master data,gri_full_controlled_closed_20260522T000000Z/sds_calculation_contract.json,,GRI_305_3_d_scope3_category_included;GRI_305_3_d_scope3_category_activities_included
GRI,GRI,SDS GRI controlled closed package 2026-05-22,"technical nodes with dimensions [scope3_category_ghg_protocol] examples: GRI_305_3_d_scope3_category_included, GRI_305_3_d_scope3_category_activities_included",2,2,scope3_category_ghg_protocol,16,2 x 16,,32,,period; perimeter; entity; site; location; company master data,gri_full_controlled_closed_20260522T000000Z/sds_calculation_contract.json,technical-contract surface,GRI_305_3_d_scope3_category_included;GRI_305_3_d_scope3_category_activities_included
GRI,GRI,SDS GRI controlled closed package 2026-05-22,"reportable nodes with dimensions [significant_location_of_operation] examples: GRI 204-1.a, GRI 401-2.a, GRI 401-2.a.i, GRI 401-2.a.ii, GRI 401-2.a.iii, GRI 401-2.a.iv, GRI 401-2.a.v, GRI 401-2.a.vi ...",9,9,significant_location_of_operation,1,9 x 1,9,,significant_location_of_operation,period; perimeter; entity; site; location; company master data,gri_full_controlled_closed_20260522T000000Z/sds_calculation_contract.json,,GRI 204-1.a;GRI 401-2.a;GRI 401-2.a.i;GRI 401-2.a.ii;GRI 401-2.a.iii;GRI 401-2.a.iv;GRI 401-2.a.v;GRI 401-2.a.vi;GRI 401-2.a.vii
GRI,GRI,SDS GRI controlled closed package 2026-05-22,"technical nodes with dimensions [significant_location_of_operation] examples: GRI 204-1.a, GRI 401-2.a, GRI 401-2.a.i, GRI 401-2.a.ii, GRI 401-2.a.iii, GRI 401-2.a.iv, GRI 401-2.a.v, GRI 401-2.a.vi ...",9,9,significant_location_of_operation,1,9 x 1,,9,significant_location_of_operation,period; perimeter; entity; site; location; company master data,gri_full_controlled_closed_20260522T000000Z/sds_calculation_contract.json,technical-contract surface,GRI 204-1.a;GRI 401-2.a;GRI 401-2.a.i;GRI 401-2.a.ii;GRI 401-2.a.iii;GRI 401-2.a.iv;GRI 401-2.a.v;GRI 401-2.a.vi;GRI 401-2.a.vii
GRI,GRI,SDS GRI controlled closed package 2026-05-22,"reportable nodes with dimensions [site_reported_under_101_5_a] examples: GRI-SF-14.4.5_101-5-a, GRI-SF-14.4.5_101-5-c, GRI-SF-14.4.6_101-6-a, GRI-SF-14.4.6_101-6-a-i, GRI-SF-14.4.6_101-6-a-ii, GRI-SF-14.4.6_101-6-b, GRI-SF-14.4.6_101-6-b-i, GRI-SF-14.4.6_101-6-b-ii ...",24,24,site_reported_under_101_5_a,1,24 x 1,24,,site_reported_under_101_5_a,period; perimeter; entity; site; location; company master data,gri_full_controlled_closed_20260522T000000Z/sds_calculation_contract.json,,GRI-SF-14.4.5_101-5-a;GRI-SF-14.4.5_101-5-c;GRI-SF-14.4.6_101-6-a;GRI-SF-14.4.6_101-6-a-i;GRI-SF-14.4.6_101-6-a-ii;GRI-SF-14.4.6_101-6-b;GRI-SF-14.4.6_101-6-b-i;GRI-SF-14.4.6_101-6-b-ii;GRI-SF-14.4.6_101-6-c;GRI-SF-14.4.6_101-6-d;GRI-SF-14.4.7_101-7-b;GRI 101-5.a;GRI 101-5.a.size_hectares;GRI 101-5.b.in_or_near_ecologically_sensitive_area;GRI 101-5.c;GRI 101-6.a;GRI 101-6.a.i;GRI 101-6.a.ii;GRI 101-6.b;GRI 101-6.b.i;GRI 101-6.b.ii;GRI 101-6.c;GRI 101-6.d;GRI 101-7.b
GRI,GRI,SDS GRI controlled closed package 2026-05-22,"technical nodes with dimensions [site_reported_under_101_5_a] examples: GRI-SF-14.4.5_101-5-a, GRI-SF-14.4.5_101-5-c, GRI-SF-14.4.6_101-6-a, GRI-SF-14.4.6_101-6-a-i, GRI-SF-14.4.6_101-6-a-ii, GRI-SF-14.4.6_101-6-b, GRI-SF-14.4.6_101-6-b-i, GRI-SF-14.4.6_101-6-b-ii ...",24,24,site_reported_under_101_5_a,1,24 x 1,,24,site_reported_under_101_5_a,period; perimeter; entity; site; location; company master data,gri_full_controlled_closed_20260522T000000Z/sds_calculation_contract.json,technical-contract surface,GRI-SF-14.4.5_101-5-a;GRI-SF-14.4.5_101-5-c;GRI-SF-14.4.6_101-6-a;GRI-SF-14.4.6_101-6-a-i;GRI-SF-14.4.6_101-6-a-ii;GRI-SF-14.4.6_101-6-b;GRI-SF-14.4.6_101-6-b-i;GRI-SF-14.4.6_101-6-b-ii;GRI-SF-14.4.6_101-6-c;GRI-SF-14.4.6_101-6-d;GRI-SF-14.4.7_101-7-b;GRI 101-5.a;GRI 101-5.a.size_hectares;GRI 101-5.b.in_or_near_ecologically_sensitive_area;GRI 101-5.c;GRI 101-6.a;GRI 101-6.a.i;GRI 101-6.a.ii;GRI 101-6.b;GRI 101-6.b.i;GRI 101-6.b.ii;GRI 101-6.c;GRI 101-6.d;GRI 101-7.b
GRI,GRI,SDS GRI controlled closed package 2026-05-22,"reportable nodes with dimensions [site_reported_under_101_5_a; affected_status] examples: GRI 101-8.a, GRI 101-8.a.ecosystem_services_list, GRI 101-8.a.beneficiaries_list",3,3,site_reported_under_101_5_a; affected_status,1; 2,3 x 1 x 2,6,,site_reported_under_101_5_a,period; perimeter; entity; site; location; company master data,gri_full_controlled_closed_20260522T000000Z/sds_calculation_contract.json,,GRI 101-8.a;GRI 101-8.a.ecosystem_services_list;GRI 101-8.a.beneficiaries_list
GRI,GRI,SDS GRI controlled closed package 2026-05-22,"technical nodes with dimensions [site_reported_under_101_5_a; affected_status] examples: GRI 101-8.a, GRI 101-8.a.ecosystem_services_list, GRI 101-8.a.beneficiaries_list",3,3,site_reported_under_101_5_a; affected_status,1; 2,3 x 1 x 2,,6,site_reported_under_101_5_a,period; perimeter; entity; site; location; company master data,gri_full_controlled_closed_20260522T000000Z/sds_calculation_contract.json,technical-contract surface,GRI 101-8.a;GRI 101-8.a.ecosystem_services_list;GRI 101-8.a.beneficiaries_list
GRI,GRI,SDS GRI controlled closed package 2026-05-22,"reportable nodes with dimensions [site_reported_under_101_5_a; ecologically_sensitive_area] examples: GRI-SF-14.4.5_101-5-b, GRI 101-5.b",2,2,site_reported_under_101_5_a; ecologically_sensitive_area,1; 1,2 x 1 x 1,2,,site_reported_under_101_5_a; ecologically_sensitive_area,period; perimeter; entity; site; location; company master data,gri_full_controlled_closed_20260522T000000Z/sds_calculation_contract.json,,GRI-SF-14.4.5_101-5-b;GRI 101-5.b
GRI,GRI,SDS GRI controlled closed package 2026-05-22,"reportable nodes with dimensions [site_reported_under_101_5_a; ecologically_sensitive_area] examples: GRI-SF-14.4.5_101-5-b-i, GRI-SF-14.4.5_101-5-b-ii, GRI-SF-14.4.5_101-5-b-iii, GRI-SF-14.4.5_101-5-b-iv, GRI-SF-14.4.5_101-5-b-v, GRI 101-5.b.i, GRI 101-5.b.ii, GRI 101-5.b.iii ...",10,10,site_reported_under_101_5_a; ecologically_sensitive_area,1; 1,10 x 1 x 1,10,,site_reported_under_101_5_a; ecologically_sensitive_area,period; perimeter; entity; site; location; company master data,gri_full_controlled_closed_20260522T000000Z/sds_calculation_contract.json,ecologically_sensitive_area_type=fixed,GRI-SF-14.4.5_101-5-b-i;GRI-SF-14.4.5_101-5-b-ii;GRI-SF-14.4.5_101-5-b-iii;GRI-SF-14.4.5_101-5-b-iv;GRI-SF-14.4.5_101-5-b-v;GRI 101-5.b.i;GRI 101-5.b.ii;GRI 101-5.b.iii;GRI 101-5.b.iv;GRI 101-5.b.v
GRI,GRI,SDS GRI controlled closed package 2026-05-22,"technical nodes with dimensions [site_reported_under_101_5_a; ecologically_sensitive_area] examples: GRI-SF-14.4.5_101-5-b, GRI 101-5.b",2,2,site_reported_under_101_5_a; ecologically_sensitive_area,1; 1,2 x 1 x 1,,2,site_reported_under_101_5_a; ecologically_sensitive_area,period; perimeter; entity; site; location; company master data,gri_full_controlled_closed_20260522T000000Z/sds_calculation_contract.json,technical-contract surface,GRI-SF-14.4.5_101-5-b;GRI 101-5.b
GRI,GRI,SDS GRI controlled closed package 2026-05-22,"technical nodes with dimensions [site_reported_under_101_5_a; ecologically_sensitive_area] examples: GRI-SF-14.4.5_101-5-b-i, GRI-SF-14.4.5_101-5-b-ii, GRI-SF-14.4.5_101-5-b-iii, GRI-SF-14.4.5_101-5-b-iv, GRI-SF-14.4.5_101-5-b-v, GRI 101-5.b.i, GRI 101-5.b.ii, GRI 101-5.b.iii ...",10,10,site_reported_under_101_5_a; ecologically_sensitive_area,1; 1,10 x 1 x 1,,10,site_reported_under_101_5_a; ecologically_sensitive_area,period; perimeter; entity; site; location; company master data,gri_full_controlled_closed_20260522T000000Z/sds_calculation_contract.json,technical-contract surface; ecologically_sensitive_area_type=fixed,GRI-SF-14.4.5_101-5-b-i;GRI-SF-14.4.5_101-5-b-ii;GRI-SF-14.4.5_101-5-b-iii;GRI-SF-14.4.5_101-5-b-iv;GRI-SF-14.4.5_101-5-b-v;GRI 101-5.b.i;GRI 101-5.b.ii;GRI 101-5.b.iii;GRI 101-5.b.iv;GRI 101-5.b.v
GRI,GRI,SDS GRI controlled closed package 2026-05-22,"reportable nodes with dimensions [site_reported_under_101_5_a; ecosystem] examples: GRI-SF-14.4.7_101-7-a, GRI 101-7.a",2,2,site_reported_under_101_5_a; ecosystem,1; 1,2 x 1 x 1,2,,site_reported_under_101_5_a; ecosystem,period; perimeter; entity; site; location; company master data,gri_full_controlled_closed_20260522T000000Z/sds_calculation_contract.json,,GRI-SF-14.4.7_101-7-a;GRI 101-7.a
GRI,GRI,SDS GRI controlled closed package 2026-05-22,"reportable nodes with dimensions [site_reported_under_101_5_a; ecosystem] examples: GRI-SF-14.4.7_101-7-a-i, GRI-SF-14.4.7_101-7-a-ii, GRI 101-7.a.i, GRI 101-7.a.ii",4,4,site_reported_under_101_5_a; ecosystem,1; 1,4 x 1 x 1,4,,site_reported_under_101_5_a; ecosystem,period; perimeter; entity; site; location; company master data,gri_full_controlled_closed_20260522T000000Z/sds_calculation_contract.json,reporting_period_context=fixed,GRI-SF-14.4.7_101-7-a-i;GRI-SF-14.4.7_101-7-a-ii;GRI 101-7.a.i;GRI 101-7.a.ii
GRI,GRI,SDS GRI controlled closed package 2026-05-22,"technical nodes with dimensions [site_reported_under_101_5_a; ecosystem] examples: GRI-SF-14.4.7_101-7-a, GRI 101-7.a",2,2,site_reported_under_101_5_a; ecosystem,1; 1,2 x 1 x 1,,2,site_reported_under_101_5_a; ecosystem,period; perimeter; entity; site; location; company master data,gri_full_controlled_closed_20260522T000000Z/sds_calculation_contract.json,technical-contract surface,GRI-SF-14.4.7_101-7-a;GRI 101-7.a
GRI,GRI,SDS GRI controlled closed package 2026-05-22,"technical nodes with dimensions [site_reported_under_101_5_a; ecosystem] examples: GRI-SF-14.4.7_101-7-a-i, GRI-SF-14.4.7_101-7-a-ii, GRI 101-7.a.i, GRI 101-7.a.ii",4,4,site_reported_under_101_5_a; ecosystem,1; 1,4 x 1 x 1,,4,site_reported_under_101_5_a; ecosystem,period; perimeter; entity; site; location; company master data,gri_full_controlled_closed_20260522T000000Z/sds_calculation_contract.json,technical-contract surface; reporting_period_context=fixed,GRI-SF-14.4.7_101-7-a-i;GRI-SF-14.4.7_101-7-a-ii;GRI 101-7.a.i;GRI 101-7.a.ii
GRI,GRI,SDS GRI controlled closed package 2026-05-22,"reportable nodes with dimensions [site_reported_under_101_5_a; ecosystem; reporting_period_context] examples: GRI-SF-14.4.7_101-7-a-iii, GRI 101-7.a.iii",2,2,site_reported_under_101_5_a; ecosystem; reporting_period_context,1; 1; 2,2 x 1 x 1 x 2,4,,site_reported_under_101_5_a; ecosystem,period; perimeter; entity; site; location; company master data,gri_full_controlled_closed_20260522T000000Z/sds_calculation_contract.json,,GRI-SF-14.4.7_101-7-a-iii;GRI 101-7.a.iii
GRI,GRI,SDS GRI controlled closed package 2026-05-22,"technical nodes with dimensions [site_reported_under_101_5_a; ecosystem; reporting_period_context] examples: GRI-SF-14.4.7_101-7-a-iii, GRI 101-7.a.iii",2,2,site_reported_under_101_5_a; ecosystem; reporting_period_context,1; 1; 2,2 x 1 x 1 x 2,,4,site_reported_under_101_5_a; ecosystem,period; perimeter; entity; site; location; company master data,gri_full_controlled_closed_20260522T000000Z/sds_calculation_contract.json,technical-contract surface,GRI-SF-14.4.7_101-7-a-iii;GRI 101-7.a.iii
GRI,GRI,SDS GRI controlled closed package 2026-05-22,"reportable nodes with dimensions [site_with_most_significant_impacts_on_biodiversity_reported_under_101_5_a] examples: GRI-SF-14.4.3_101-2-b, GRI-SF-14.4.3_101-2-b-i, GRI-SF-14.4.3_101-2-b-ii, GRI-SF-14.4.3_101-2-d, GRI 101-2.b, GRI 101-2.b.i, GRI 101-2.b.ii, GRI 101-2.d",8,8,site_with_most_significant_impacts_on_biodiversity_reported_under_101_5_a,1,8 x 1,8,,site_with_most_significant_impacts_on_biodiversity_reported_under_101_5_a,period; perimeter; entity; site; location; company master data,gri_full_controlled_closed_20260522T000000Z/sds_calculation_contract.json,,GRI-SF-14.4.3_101-2-b;GRI-SF-14.4.3_101-2-b-i;GRI-SF-14.4.3_101-2-b-ii;GRI-SF-14.4.3_101-2-d;GRI 101-2.b;GRI 101-2.b.i;GRI 101-2.b.ii;GRI 101-2.d
GRI,GRI,SDS GRI controlled closed package 2026-05-22,"technical nodes with dimensions [site_with_most_significant_impacts_on_biodiversity_reported_under_101_5_a] examples: GRI-SF-14.4.3_101-2-b, GRI-SF-14.4.3_101-2-b-i, GRI-SF-14.4.3_101-2-b-ii, GRI-SF-14.4.3_101-2-d, GRI 101-2.b, GRI 101-2.b.i, GRI 101-2.b.ii, GRI 101-2.d",8,8,site_with_most_significant_impacts_on_biodiversity_reported_under_101_5_a,1,8 x 1,,8,site_with_most_significant_impacts_on_biodiversity_reported_under_101_5_a,period; perimeter; entity; site; location; company master data,gri_full_controlled_closed_20260522T000000Z/sds_calculation_contract.json,technical-contract surface,GRI-SF-14.4.3_101-2-b;GRI-SF-14.4.3_101-2-b-i;GRI-SF-14.4.3_101-2-b-ii;GRI-SF-14.4.3_101-2-d;GRI 101-2.b;GRI 101-2.b.i;GRI 101-2.b.ii;GRI 101-2.d
GRI,GRI,SDS GRI controlled closed package 2026-05-22,"reportable nodes with dimensions [supply_chain_product_or_service_reported_under_101_5_d] examples: GRI-SF-14.4.6_101-6-e, GRI 101-6.e",2,2,supply_chain_product_or_service_reported_under_101_5_d,1,2 x 1,2,,supply_chain_product_or_service_reported_under_101_5_d,period; perimeter; entity; site; location; company master data,gri_full_controlled_closed_20260522T000000Z/sds_calculation_contract.json,,GRI-SF-14.4.6_101-6-e;GRI 101-6.e
GRI,GRI,SDS GRI controlled closed package 2026-05-22,"technical nodes with dimensions [supply_chain_product_or_service_reported_under_101_5_d] examples: GRI-SF-14.4.6_101-6-e, GRI 101-6.e",2,2,supply_chain_product_or_service_reported_under_101_5_d,1,2 x 1,,2,supply_chain_product_or_service_reported_under_101_5_d,period; perimeter; entity; site; location; company master data,gri_full_controlled_closed_20260522T000000Z/sds_calculation_contract.json,technical-contract surface,GRI-SF-14.4.6_101-6-e;GRI 101-6.e
GRI,GRI,SDS GRI controlled closed package 2026-05-22,"reportable nodes with dimensions [supply_chain_product_or_service_with_most_significant_impacts] examples: GRI-SF-14.4.5_101-5-d, GRI 101-5.d",2,2,supply_chain_product_or_service_with_most_significant_impacts,1,2 x 1,2,,supply_chain_product_or_service_with_most_significant_impacts,period; perimeter; entity; site; location; company master data,gri_full_controlled_closed_20260522T000000Z/sds_calculation_contract.json,,GRI-SF-14.4.5_101-5-d;GRI 101-5.d
GRI,GRI,SDS GRI controlled closed package 2026-05-22,"technical nodes with dimensions [supply_chain_product_or_service_with_most_significant_impacts] examples: GRI-SF-14.4.5_101-5-d, GRI 101-5.d",2,2,supply_chain_product_or_service_with_most_significant_impacts,1,2 x 1,,2,supply_chain_product_or_service_with_most_significant_impacts,period; perimeter; entity; site; location; company master data,gri_full_controlled_closed_20260522T000000Z/sds_calculation_contract.json,technical-contract surface,GRI-SF-14.4.5_101-5-d;GRI 101-5.d
GRI,GRI,SDS GRI controlled closed package 2026-05-22,"reportable nodes with dimensions [tax_jurisdiction] examples: GRI 207-4.b.i, GRI 207-4.b.ii, GRI 207-4.b.iii.number_of_employees, GRI 207-4.b.iii.basis_of_calculation, GRI 207-4.b.iv, GRI 207-4.b.iv.reconciliation_explanation, GRI 207-4.b.v, GRI 207-4.b.vi ...",50,50,tax_jurisdiction,1,50 x 1,50,,tax_jurisdiction,period; perimeter; entity; site; location; company master data,gri_full_controlled_closed_20260522T000000Z/sds_calculation_contract.json,,GRI 207-4.b.i;GRI 207-4.b.ii;GRI 207-4.b.iii.number_of_employees;GRI 207-4.b.iii.basis_of_calculation;GRI 207-4.b.iv;GRI 207-4.b.iv.reconciliation_explanation;GRI 207-4.b.v;GRI 207-4.b.vi;GRI 207-4.b.vi.reconciliation_explanation;GRI 207-4.b.vii;GRI 207-4.b.vii.reconciliation_explanation;GRI 207-4.b.viii;GRI 207-4.b.viii.reconciliation_explanation;GRI 207-4.b.ix;GRI 207-4.b.x;GRI-SF-11.21.7_207-4-b-i;GRI-SF-11.21.7_207-4-b-ii;GRI-SF-11.21.7_207-4-b-iii-number_of_employees;GRI-SF-11.21.7_207-4-b-iii-basis_of_calculation;GRI-SF-11.21.7_207-4-b-iv;GRI-SF-11.21.7_207-4-b-iv-reconciliation_explanation;GRI-SF-11.21.7_207-4-b-v;GRI-SF-11.21.7_207-4-b-vi;GRI-SF-11.21.7_207-4-b-vi-reconciliation_explanation;GRI-SF-11.21.7_207-4-b-vii;GRI-SF-11.21.7_207-4-b-vii-reconciliation_explanation;GRI-SF-11.21.7_207-4-b-viii;GRI-SF-11.21.7_207-4-b-viii-reconciliation_explanation;GRI-SF-11.21.7_207-4-b-ix;GRI-SF-11.21.7_207-4-b-x;GRI-SF-12.21.7_207-4-b-i;GRI-SF-12.21.7_207-4-b-ii;GRI-SF-12.21.7_207-4-b-iii;GRI-SF-12.21.7_207-4-b-iv;GRI-SF-12.21.7_207-4-b-v;GRI-SF-12.21.7_207-4-b-vi;GRI-SF-12.21.7_207-4-b-vii;GRI-SF-12.21.7_207-4-b-viii;GRI-SF-12.21.7_207-4-b-ix;GRI-SF-12.21.7_207-4-b-x;GRI-SF-14.23.7_207-4-b-i;GRI-SF-14.23.7_207-4-b-ii;GRI-SF-14.23.7_207-4-b-iii;GRI-SF-14.23.7_207-4-b-iv;GRI-SF-14.23.7_207-4-b-v;GRI-SF-14.23.7_207-4-b-vi;GRI-SF-14.23.7_207-4-b-vii;GRI-SF-14.23.7_207-4-b-viii;GRI-SF-14.23.7_207-4-b-ix;GRI-SF-14.23.7_207-4-b-x
GRI,GRI,SDS GRI controlled closed package 2026-05-22,"technical nodes with dimensions [tax_jurisdiction] examples: GRI 207-4.b.i, GRI 207-4.b.ii, GRI 207-4.b.iii.number_of_employees, GRI 207-4.b.iii.basis_of_calculation, GRI 207-4.b.iv, GRI 207-4.b.iv.reconciliation_explanation, GRI 207-4.b.v, GRI 207-4.b.vi ...",50,50,tax_jurisdiction,1,50 x 1,,50,tax_jurisdiction,period; perimeter; entity; site; location; company master data,gri_full_controlled_closed_20260522T000000Z/sds_calculation_contract.json,technical-contract surface,GRI 207-4.b.i;GRI 207-4.b.ii;GRI 207-4.b.iii.number_of_employees;GRI 207-4.b.iii.basis_of_calculation;GRI 207-4.b.iv;GRI 207-4.b.iv.reconciliation_explanation;GRI 207-4.b.v;GRI 207-4.b.vi;GRI 207-4.b.vi.reconciliation_explanation;GRI 207-4.b.vii;GRI 207-4.b.vii.reconciliation_explanation;GRI 207-4.b.viii;GRI 207-4.b.viii.reconciliation_explanation;GRI 207-4.b.ix;GRI 207-4.b.x;GRI-SF-11.21.7_207-4-b-i;GRI-SF-11.21.7_207-4-b-ii;GRI-SF-11.21.7_207-4-b-iii-number_of_employees;GRI-SF-11.21.7_207-4-b-iii-basis_of_calculation;GRI-SF-11.21.7_207-4-b-iv;GRI-SF-11.21.7_207-4-b-iv-reconciliation_explanation;GRI-SF-11.21.7_207-4-b-v;GRI-SF-11.21.7_207-4-b-vi;GRI-SF-11.21.7_207-4-b-vi-reconciliation_explanation;GRI-SF-11.21.7_207-4-b-vii;GRI-SF-11.21.7_207-4-b-vii-reconciliation_explanation;GRI-SF-11.21.7_207-4-b-viii;GRI-SF-11.21.7_207-4-b-viii-reconciliation_explanation;GRI-SF-11.21.7_207-4-b-ix;GRI-SF-11.21.7_207-4-b-x;GRI-SF-12.21.7_207-4-b-i;GRI-SF-12.21.7_207-4-b-ii;GRI-SF-12.21.7_207-4-b-iii;GRI-SF-12.21.7_207-4-b-iv;GRI-SF-12.21.7_207-4-b-v;GRI-SF-12.21.7_207-4-b-vi;GRI-SF-12.21.7_207-4-b-vii;GRI-SF-12.21.7_207-4-b-viii;GRI-SF-12.21.7_207-4-b-ix;GRI-SF-12.21.7_207-4-b-x;GRI-SF-14.23.7_207-4-b-i;GRI-SF-14.23.7_207-4-b-ii;GRI-SF-14.23.7_207-4-b-iii;GRI-SF-14.23.7_207-4-b-iv;GRI-SF-14.23.7_207-4-b-v;GRI-SF-14.23.7_207-4-b-vi;GRI-SF-14.23.7_207-4-b-vii;GRI-SF-14.23.7_207-4-b-viii;GRI-SF-14.23.7_207-4-b-ix;GRI-SF-14.23.7_207-4-b-x
GRI,GRI,SDS GRI controlled closed package 2026-05-22,"reportable nodes with dimensions [water_source; water_stress_area] examples: GRI-SF-11.6.4_303-3-c-i, GRI-SF-11.6.4_303-3-c-ii, GRI-SF-12.7.4_303-3-c-i, GRI-SF-12.7.4_303-3-c-ii, GRI-SF-13.7.4_303-3-c-i, GRI-SF-13.7.4_303-3-c-ii, GRI-SF-14.7.4_303-3-c-i, GRI-SF-14.7.4_303-3-c-ii",8,8,water_source; water_stress_area,5; 2,8 x 5 x 2,80,,,period; perimeter; entity; site; location; company master data,gri_full_controlled_closed_20260522T000000Z/sds_calculation_contract.json,water_type=fixed,GRI-SF-11.6.4_303-3-c-i;GRI-SF-11.6.4_303-3-c-ii;GRI-SF-12.7.4_303-3-c-i;GRI-SF-12.7.4_303-3-c-ii;GRI-SF-13.7.4_303-3-c-i;GRI-SF-13.7.4_303-3-c-ii;GRI-SF-14.7.4_303-3-c-i;GRI-SF-14.7.4_303-3-c-ii
GRI,GRI,SDS GRI controlled closed package 2026-05-22,"technical nodes with dimensions [water_source; water_stress_area] examples: GRI-SF-11.6.4_303-3-c-i, GRI-SF-11.6.4_303-3-c-ii, GRI-SF-12.7.4_303-3-c-i, GRI-SF-12.7.4_303-3-c-ii, GRI-SF-13.7.4_303-3-c-i, GRI-SF-13.7.4_303-3-c-ii, GRI-SF-14.7.4_303-3-c-i, GRI-SF-14.7.4_303-3-c-ii",8,8,water_source; water_stress_area,5; 2,8 x 5 x 2,,80,,period; perimeter; entity; site; location; company master data,gri_full_controlled_closed_20260522T000000Z/sds_calculation_contract.json,technical-contract surface; water_type=fixed,GRI-SF-11.6.4_303-3-c-i;GRI-SF-11.6.4_303-3-c-ii;GRI-SF-12.7.4_303-3-c-i;GRI-SF-12.7.4_303-3-c-ii;GRI-SF-13.7.4_303-3-c-i;GRI-SF-13.7.4_303-3-c-ii;GRI-SF-14.7.4_303-3-c-i;GRI-SF-14.7.4_303-3-c-ii
GRI,GRI,SDS GRI controlled closed package 2026-05-22,reportable nodes with dimensions [worker_count_method; worker_count_period_basis] examples: GRI 2-8.a,1,1,worker_count_method; worker_count_period_basis,3; 3,1 x 3 x 3,9,,,period; perimeter; entity; site; location; company master data,gri_full_controlled_closed_20260522T000000Z/sds_calculation_contract.json,,GRI 2-8.a
GRI,GRI,SDS GRI controlled closed package 2026-05-22,technical nodes with dimensions [worker_count_method; worker_count_period_basis] examples: GRI 2-8.a,1,1,worker_count_method; worker_count_period_basis,3; 3,1 x 3 x 3,,9,,period; perimeter; entity; site; location; company master data,gri_full_controlled_closed_20260522T000000Z/sds_calculation_contract.json,technical-contract surface,GRI 2-8.a
