identifier,variable,area_esg,estandar,codeESRS,codeGRI,unidad,tipo_unidad,frecuencia,tipo_valor,definicion,origen_definicion,origen_dato_operativo,evaluacion_doble_materialidad
urn:sds:reg:esrs:bp_1_01,Basis for preparation of sustainability statement,Transversal/General,ESRS/CSRD,BP-1_01,,Text,Text,annual,semi-narrative,"Disclosure datapoint as defined in IG3 (ESRS 2 BP-1, paragraph 5.a).",external-standard,entity-specific,entity-assessment-required
urn:sds:reg:esrs:bp_1_02,Scope of consolidation of consolidated sustainability statement is same as for financial statements,Transversal/General,ESRS/CSRD,BP-1_02,,Boolean,Boolean,annual,boolean,"Disclosure datapoint as defined in IG3 (ESRS 2 BP-1, paragraph 5.b.i).",external-standard,entity-specific,entity-assessment-required
urn:sds:reg:esrs:bp_1_03,Indication of subsidiary undertakings included in consolidation that are exempted from individual or consolidated sustainability reporting,Transversal/General,ESRS/CSRD,BP-1_03,,Text,Text,annual,narrative,"Disclosure datapoint as defined in IG3 (ESRS 2 BP-1, paragraph 5.b.ii).",external-standard,entity-specific,entity-assessment-required
urn:sds:reg:esrs:bp_1_04,Disclosure of extent to which sustainability statement covers upstream and downstream value chain,Transversal/General,ESRS/CSRD,BP-1_04,,Text,Text,annual,narrative,"Disclosure datapoint as defined in IG3 (ESRS 2 BP-1, paragraph 5.c).",external-standard,entity-specific,entity-assessment-required
urn:sds:reg:esrs:bp_1_05,"Option to omit specific piece of information corresponding to intellectual property, know-how or results of innovation has been used",Transversal/General,ESRS/CSRD,BP-1_05,,Boolean,Boolean,annual,boolean,"Disclosure datapoint as defined in IG3 (ESRS 2 BP-1, paragraph 5.d).",external-standard,entity-specific,entity-assessment-required
urn:sds:reg:esrs:bp_1_06,Option allowed by Member State to omit disclosure of impending developments or matters in course of negotiation has been used,Transversal/General,ESRS/CSRD,BP-1_06,,Boolean,Boolean,annual,boolean,"Disclosure datapoint as defined in IG3 (ESRS 2 BP-1, paragraph 5.e).",external-standard,entity-specific,entity-assessment-required
urn:sds:reg:esrs:bp_2_01,Disclosure of definitions of medium- or long-term time horizons,Transversal/General,ESRS/CSRD,BP-2_01,,year,Time,annual,numeric,"Disclosure datapoint as defined in IG3 (ESRS 2 BP-2, paragraph 9.a).",external-standard,entity-specific,entity-assessment-required
urn:sds:reg:esrs:bp_2_02,Disclosure of reasons for applying different definitions of time horizons,Transversal/General,ESRS/CSRD,BP-2_02,,Text,Text,annual,narrative,"Disclosure datapoint as defined in IG3 (ESRS 2 BP-2, paragraph 9.b).",external-standard,entity-specific,entity-assessment-required
urn:sds:reg:esrs:bp_2_03,Disclosure of metrics that include value chain data estimated using indirect sources,Transversal/General,ESRS/CSRD,BP-2_03,,Text,Text,annual,semi-narrative,"Disclosure datapoint as defined in IG3 (ESRS 2 BP-2, paragraph 10.a).",external-standard,entity-specific,entity-assessment-required
urn:sds:reg:esrs:bp_2_04,Description of basis for preparation of metrics that include value chain data estimated using indirect sources,Transversal/General,ESRS/CSRD,BP-2_04,,Text,Text,annual,narrative,"Disclosure datapoint as defined in IG3 (ESRS 2 BP-2, paragraph 10.b).",external-standard,entity-specific,entity-assessment-required
urn:sds:reg:esrs:bp_2_05,Description of resulting level of accuracy of metrics that include value chain data estimated using indirect sources,Transversal/General,ESRS/CSRD,BP-2_05,,Text,Text,annual,narrative,"Disclosure datapoint as defined in IG3 (ESRS 2 BP-2, paragraph 10.c).",external-standard,entity-specific,entity-assessment-required
urn:sds:reg:esrs:bp_2_06,Description of planned actions to improve accuracy in future of metrics that include value chain data estimated using indirect sources,Transversal/General,ESRS/CSRD,BP-2_06,,Text,Text,annual,narrative,"Disclosure datapoint as defined in IG3 (ESRS 2 BP-2, paragraph 10.d).",external-standard,entity-specific,entity-assessment-required
urn:sds:reg:esrs:bp_2_07,Disclosure of quantitative metrics and monetary amounts disclosed that are subject to high level of measurement uncertainty,Transversal/General,ESRS/CSRD,BP-2_07,,Text,Text,annual,semi-narrative,"Disclosure datapoint as defined in IG3 (ESRS 2 BP-2, paragraph 11.a).",external-standard,entity-specific,entity-assessment-required
urn:sds:reg:esrs:bp_2_08,Disclosure of sources of measurement uncertainty,Transversal/General,ESRS/CSRD,BP-2_08,,Text,Text,annual,narrative,"Disclosure datapoint as defined in IG3 (ESRS 2 BP-2, paragraph 11.b.i).",external-standard,entity-specific,entity-assessment-required
urn:sds:reg:esrs:bp_2_09,"Disclosure of assumptions, approximations and judgements made in measurement",Transversal/General,ESRS/CSRD,BP-2_09,,Text,Text,annual,narrative,"Disclosure datapoint as defined in IG3 (ESRS 2 BP-2, paragraph 11.b.ii).",external-standard,entity-specific,entity-assessment-required
urn:sds:reg:esrs:bp_2_10,Explanation of changes in preparation and presentation of sustainability information and reasons for them,Transversal/General,ESRS/CSRD,BP-2_10,,Text,Text,annual,narrative,"Disclosure datapoint as defined in IG3 (ESRS 2 BP-2, paragraph 13.a).",external-standard,entity-specific,entity-assessment-required
urn:sds:reg:esrs:bp_2_11,Adjustment of comparative information for one or more prior periods is impracticable,Transversal/General,ESRS/CSRD,BP-2_11,,Boolean,Boolean,annual,boolean,"Disclosure datapoint as defined in IG3 (ESRS 2 BP-2, paragraph 13.b).",external-standard,entity-specific,entity-assessment-required
urn:sds:reg:esrs:bp_2_12,Disclosure of difference between figures disclosed in preceding period and revised comparative figures,Transversal/General,ESRS/CSRD,BP-2_12,,Boolean,Boolean,annual,boolean,"Disclosure datapoint as defined in IG3 (ESRS 2 BP-2, paragraph 13.b.13.c).",external-standard,entity-specific,entity-assessment-required
urn:sds:reg:esrs:bp_2_13,Disclosure of nature of prior period material errors,Transversal/General,ESRS/CSRD,BP-2_13,,Text,Text,annual,narrative,"Disclosure datapoint as defined in IG3 (ESRS 2 BP-2, paragraph 14.a).",external-standard,entity-specific,entity-assessment-required
urn:sds:reg:esrs:bp_2_14,Disclosure of corrections for prior periods included in sustainability statement,Transversal/General,ESRS/CSRD,BP-2_14,,Text,Text,annual,narrative,"Disclosure datapoint as defined in IG3 (ESRS 2 BP-2, paragraph 14.b).",external-standard,entity-specific,entity-assessment-required
urn:sds:reg:esrs:bp_2_15,Disclosure of why correction of prior period errors is not practicable,Transversal/General,ESRS/CSRD,BP-2_15,,Text,Text,annual,narrative,"Disclosure datapoint as defined in IG3 (ESRS 2 BP-2, paragraph 14.c).",external-standard,entity-specific,entity-assessment-required
urn:sds:reg:esrs:bp_2_16,Disclosure of other legislation or generally accepted sustainability reporting standards and frameworks based on which information has been included in sustainability statement,Transversal/General,ESRS/CSRD,BP-2_16,,Text,Text,annual,narrative,"Disclosure datapoint as defined in IG3 (ESRS 2 BP-2, paragraph 15).",external-standard,entity-specific,entity-assessment-required
urn:sds:reg:esrs:bp_2_17,Disclosure of reference to paragraphs of standard or framework applied,Transversal/General,ESRS/CSRD,BP-2_17,,Text,Text,annual,narrative,"Disclosure datapoint as defined in IG3 (ESRS 2 BP-2, paragraph 15).",external-standard,entity-specific,entity-assessment-required
urn:sds:reg:esrs:bp_2_18,European standards approved by European Standardisation System (ISO/IEC or CEN/CENELEC standards) have been relied on,Transversal/General,ESRS/CSRD,BP-2_18,,Boolean,Boolean,annual,boolean,"Disclosure datapoint as defined in IG3 (ESRS 2 BP-2, paragraph ar.2).",external-standard,entity-specific,entity-assessment-required
urn:sds:reg:esrs:bp_2_19,Disclosure of extent to which data and processes that are used for sustainability reporting purposes have been verified by external assurance provider and found to conform to corresponding ISO/IEC or CEN/CENELEC standard,Transversal/General,ESRS/CSRD,BP-2_19,,Text,Text,annual,narrative,"Disclosure datapoint as defined in IG3 (ESRS 2 BP-2, paragraph ar.2).",external-standard,entity-specific,entity-assessment-required
urn:sds:reg:esrs:bp_2_20,List of DRs or DPs incorporated by reference,Transversal/General,ESRS/CSRD,BP-2_20,,Text,Text,annual,narrative,"Disclosure datapoint as defined in IG3 (ESRS 2 BP-2, paragraph 16).",external-standard,entity-specific,entity-assessment-required
urn:sds:reg:esrs:bp_2_21,"Topics (E4, S1, S2, S3, S4) have been assessed to be material",Transversal/General,ESRS/CSRD,BP-2_21,,Boolean,Boolean,annual,boolean,"Disclosure datapoint as defined in IG3 (ESRS 2 BP-2, paragraph 17).",external-standard,entity-specific,entity-assessment-required
urn:sds:reg:esrs:bp_2_22,List of sustainability matters assessed to be material (phase-in),Transversal/General,ESRS/CSRD,BP-2_22,,Text,Text,annual,semi-narrative,"Disclosure datapoint as defined in IG3 (ESRS 2 BP-2, paragraph 17.a).",external-standard,entity-specific,entity-assessment-required
urn:sds:reg:esrs:bp_2_23,Disclosure of how business model and strategy take account of impacts related to sustainability matters assessed to be material (phase-in),Transversal/General,ESRS/CSRD,BP-2_23,,Text,Text,annual,narrative,"Disclosure datapoint as defined in IG3 (ESRS 2 BP-2, paragraph 17.a).",external-standard,entity-specific,entity-assessment-required
urn:sds:reg:esrs:bp_2_24,Description of any time-bound targets set related to sustainability matters assessed to be material (phase-in) and progress made towards achieving those targets,Transversal/General,ESRS/CSRD,BP-2_24,,Text,Text,annual,narrative,"Disclosure datapoint as defined in IG3 (ESRS 2 BP-2, paragraph 17.b).",external-standard,entity-specific,entity-assessment-required
urn:sds:reg:esrs:bp_2_25,Description of policies related to sustainability matters assessed to be material (phase-in),Transversal/General,ESRS/CSRD,BP-2_25,,Text,Text,annual,narrative,"Disclosure datapoint as defined in IG3 (ESRS 2 BP-2, paragraph 17.c).",external-standard,entity-specific,entity-assessment-required
urn:sds:reg:esrs:bp_2_26,"Description of actions taken to identify, monitor, prevent, mitigate, remediate or bring end to actual or potential adverse impacts related to sustainability matters assessed to be material (phase-in) and result of such actions",Transversal/General,ESRS/CSRD,BP-2_26,,Text,Text,annual,narrative,"Disclosure datapoint as defined in IG3 (ESRS 2 BP-2, paragraph 17.d).",external-standard,entity-specific,entity-assessment-required
urn:sds:reg:esrs:bp_2_27,Disclosure of metrics related to sustainability matters assessed to be material (phase-in),Transversal/General,ESRS/CSRD,BP-2_27,,Text,Text,annual,narrative,"Disclosure datapoint as defined in IG3 (ESRS 2 BP-2, paragraph 17.e).",external-standard,entity-specific,entity-assessment-required
urn:sds:reg:esrs:e1_1_01,Disclosure of transition plan for climate change mitigation,Ambiental,ESRS/CSRD,E1-1_01,,Text,Text,annual,narrative,"Disclosure datapoint as defined in IG3 (ESRS E1-1, paragraph 14).",external-standard,entity-specific,entity-assessment-required
urn:sds:reg:esrs:e1_1_02,Explanation of how targets are compatible with limiting of global warming to one and half degrees Celsius in line with Paris Agreement,Ambiental,ESRS/CSRD,E1-1_02,,Text,Text,annual,narrative,"Disclosure datapoint as defined in IG3 (ESRS E1-1, paragraph 16.a).",external-standard,entity-specific,entity-assessment-required
urn:sds:reg:esrs:e1_1_03,Disclosure of decarbonisation levers and key action,Ambiental,ESRS/CSRD,E1-1_03,,Text,Text,annual,narrative,"Disclosure datapoint as defined in IG3 (ESRS E1-1, paragraph 16.b).",external-standard,entity-specific,entity-assessment-required
urn:sds:reg:esrs:e1_1_04,Disclosure of significant operational expenditures (Opex) and (or) capital expenditures (Capex) required for implementation of action plan,Ambiental,ESRS/CSRD,E1-1_04,,Text,Text,annual,narrative,"Disclosure datapoint as defined in IG3 (ESRS E1-1, paragraph 16.c).",external-standard,entity-specific,entity-assessment-required
urn:sds:reg:esrs:e1_1_05,Financial resources allocated to action plan (OpEx),Ambiental,ESRS/CSRD,E1-1_05,,EUR,Currency,annual,monetary,"Disclosure datapoint as defined in IG3 (ESRS E1-1, paragraph 16.c).",external-standard,entity-specific,entity-assessment-required
urn:sds:reg:esrs:e1_1_06,Financial resources allocated to action plan (CapEx),Ambiental,ESRS/CSRD,E1-1_06,,EUR,Currency,annual,monetary,"Disclosure datapoint as defined in IG3 (ESRS E1-1, paragraph 16.c).",external-standard,entity-specific,entity-assessment-required
urn:sds:reg:esrs:e1_1_07,Explanation of potential locked-in GHG emissions from key assets and products and of how locked-in GHG emissions may jeopardise achievement of GHG emission reduction targets and drive transition risk,Ambiental,ESRS/CSRD,E1-1_07,,Text,Text,annual,narrative,"Disclosure datapoint as defined in IG3 (ESRS E1-1, paragraph 16.d).",external-standard,entity-specific,entity-assessment-required
urn:sds:reg:esrs:e1_1_08,"Explanation of any objective or plans (CapEx, CapEx plans, OpEx) for aligning economic activities (revenues, CapEx, OpEx) with criteria established in Commission Delegated Regulation 2021/2139",Ambiental,ESRS/CSRD,E1-1_08,,Text,Text,annual,narrative,"Disclosure datapoint as defined in IG3 (ESRS E1-1, paragraph 16.e).",external-standard,entity-specific,entity-assessment-required
urn:sds:reg:esrs:e1_1_09,Significant CapEx for coal-related economic activities,Ambiental,ESRS/CSRD,E1-1_09,,EUR,Currency,annual,monetary,"Disclosure datapoint as defined in IG3 (ESRS E1-1, paragraph 16.f).",external-standard,entity-specific,entity-assessment-required
urn:sds:reg:esrs:e1_1_10,Significant CapEx for oil-related economic activities,Ambiental,ESRS/CSRD,E1-1_10,,EUR,Currency,annual,monetary,"Disclosure datapoint as defined in IG3 (ESRS E1-1, paragraph 16.f).",external-standard,entity-specific,entity-assessment-required
urn:sds:reg:esrs:e1_1_11,Significant CapEx for gas-related economic activities,Ambiental,ESRS/CSRD,E1-1_11,,EUR,Currency,annual,monetary,"Disclosure datapoint as defined in IG3 (ESRS E1-1, paragraph 16.f).",external-standard,entity-specific,entity-assessment-required
urn:sds:reg:esrs:e1_1_12,Undertaking is excluded from EU Paris-aligned Benchmarks,Ambiental,ESRS/CSRD,E1-1_12,,Boolean,Boolean,annual,boolean,"Disclosure datapoint as defined in IG3 (ESRS E1-1, paragraph 16.g).",external-standard,entity-specific,entity-assessment-required
urn:sds:reg:esrs:e1_1_13,Explanation of how transition plan is embedded in and aligned with overall business strategy and financial planning,Ambiental,ESRS/CSRD,E1-1_13,,Text,Text,annual,narrative,"Disclosure datapoint as defined in IG3 (ESRS E1-1, paragraph 16.h).",external-standard,entity-specific,entity-assessment-required
urn:sds:reg:esrs:e1_1_14,"Transition plan is approved by administrative, management and supervisory bodies",Ambiental,ESRS/CSRD,E1-1_14,,Boolean,Boolean,annual,boolean,"Disclosure datapoint as defined in IG3 (ESRS E1-1, paragraph 16.i).",external-standard,entity-specific,entity-assessment-required
urn:sds:reg:esrs:e1_1_15,Explanation of progress in implementing transition plan,Ambiental,ESRS/CSRD,E1-1_15,,Text,Text,annual,narrative,"Disclosure datapoint as defined in IG3 (ESRS E1-1, paragraph 16.j).",external-standard,entity-specific,entity-assessment-required
urn:sds:reg:esrs:e1_1_16,Date of adoption of transition plan for undertakings not having adopted transition plan yet,Ambiental,ESRS/CSRD,E1-1_16,,Text,Text,annual,narrative,"Disclosure datapoint as defined in IG3 (ESRS E1-1, paragraph 17).",external-standard,entity-specific,entity-assessment-required
urn:sds:reg:esrs:e1_2_01,Sustainability matters addressed by policy for climate change,Ambiental,ESRS/CSRD,E1-2_01,,Text,Text,annual,semi-narrative,"Disclosure datapoint as defined in IG3 (ESRS E1-2, paragraph 25).",external-standard,entity-specific,entity-assessment-required
urn:sds:reg:esrs:e1_3_01,Decarbonisation lever type,Ambiental,ESRS/CSRD,E1-3_01,,Text,Text,annual,semi-narrative,"Disclosure datapoint as defined in IG3 (ESRS E1-3, paragraph 29.a).",external-standard,entity-specific,entity-assessment-required
urn:sds:reg:esrs:e1_3_02,Adaptation solution type,Ambiental,ESRS/CSRD,E1-3_02,,Text,Text,annual,semi-narrative,"Disclosure datapoint as defined in IG3 (ESRS E1-3, paragraph AR19d).",external-standard,entity-specific,entity-assessment-required
urn:sds:reg:esrs:e1_3_03,Achieved GHG emission reductions,Ambiental,ESRS/CSRD,E1-3_03,,Text,Text,annual,narrative,"Disclosure datapoint as defined in IG3 (ESRS E1-3, paragraph 29.b).",external-standard,entity-specific,entity-assessment-required
urn:sds:reg:esrs:e1_3_04,Expected GHG emission reductions,Ambiental,ESRS/CSRD,E1-3_04,,Text,Text,annual,narrative,"Disclosure datapoint as defined in IG3 (ESRS E1-3, paragraph 29.b).",external-standard,entity-specific,entity-assessment-required
urn:sds:reg:esrs:e1_3_05,Explanation of extent to which ability to implement action depends on availability and allocation of resources,Ambiental,ESRS/CSRD,E1-3_05,,Text,Text,annual,narrative,"Disclosure datapoint as defined in IG3 (ESRS E1-3, paragraph AR21).",external-standard,entity-specific,entity-assessment-required
urn:sds:reg:esrs:e1_3_06,Explanation of relationship of significant CapEx and OpEx required to implement actions taken or planned to relevant line items or notes in financial statements,Ambiental,ESRS/CSRD,E1-3_06,,Text,Text,annual,narrative,"Disclosure datapoint as defined in IG3 (ESRS E1-3, paragraph 29.c.i).",external-standard,entity-specific,entity-assessment-required
urn:sds:reg:esrs:e1_3_07,Explanation of relationship of significant CapEx and OpEx required to implement actions taken or planned to key performance indicators required under Commission Delegated Regulation (EU) 2021/2178,Ambiental,ESRS/CSRD,E1-3_07,,Text,Text,annual,narrative,"Disclosure datapoint as defined in IG3 (ESRS E1-3, paragraph 29.c.ii.16.c).",external-standard,entity-specific,entity-assessment-required
urn:sds:reg:esrs:e1_3_08,Explanation of relationship of significant CapEx and OpEx required to implement actions taken or planned to CapEx plan required by Commission Delegated Regulation (EU) 2021/2178,Ambiental,ESRS/CSRD,E1-3_08,,Text,Text,annual,narrative,"Disclosure datapoint as defined in IG3 (ESRS E1-3, paragraph 29.c.iii.16.c).",external-standard,entity-specific,entity-assessment-required
urn:sds:reg:esrs:e1_4_01,"Disclosure of whether and how GHG emissions reduction targets and (or) any other targets have been set to manage material climate-related impacts, risks and opportunities",Ambiental,ESRS/CSRD,E1-4_01,,Text,Text,annual,narrative,"Disclosure datapoint as defined in IG3 (ESRS E1-4, paragraph 33).",external-standard,entity-specific,entity-assessment-required
urn:sds:reg:esrs:e1_4_02,"Tables: Multiple Dimensions (baseline year and targets; GHG Types, Scope 3 Categories, Decarbonisation levers, entity-specific denominators for intensity value)",Ambiental,ESRS/CSRD,E1-4_02,,Text,,annual,table,"Disclosure datapoint as defined in IG3 (ESRS E1-4, paragraph 34.a.+.34.b).",external-standard,entity-specific,entity-assessment-required
urn:sds:reg:esrs:e1_4_03,Absolute value of total Greenhouse gas emissions reduction,Ambiental,ESRS/CSRD,E1-4_03,,Text,Text,annual,narrative,"Disclosure datapoint as defined in IG3 (ESRS E1-4, paragraph 34.a.+.34.b).",external-standard,entity-specific,entity-assessment-required
urn:sds:reg:esrs:e1_4_04,Percentage of total Greenhouse gas emissions reduction (as of emissions of base year),Ambiental,ESRS/CSRD,E1-4_04,,percent,Ratio,annual,numeric,"Disclosure datapoint as defined in IG3 (ESRS E1-4, paragraph 34.a.+.34.b).",external-standard,entity-specific,entity-assessment-required
urn:sds:reg:esrs:e1_4_05,Intensity value of total Greenhouse gas emissions reduction,Ambiental,ESRS/CSRD,E1-4_05,,count,Count,annual,numeric,"Disclosure datapoint as defined in IG3 (ESRS E1-4, paragraph 34.a.+.34.b).",external-standard,entity-specific,entity-assessment-required
urn:sds:reg:esrs:e1_4_06,Absolute value of Scope 1 Greenhouse gas emissions reduction,Ambiental,ESRS/CSRD,E1-4_06,,Text,Text,annual,narrative,"Disclosure datapoint as defined in IG3 (ESRS E1-4, paragraph 34.a.+.34.b).",external-standard,entity-specific,entity-assessment-required
urn:sds:reg:esrs:e1_4_07,Percentage of Scope 1 Greenhouse gas emissions reduction (as of emissions of base year),Ambiental,ESRS/CSRD,E1-4_07,,percent,Ratio,annual,numeric,"Disclosure datapoint as defined in IG3 (ESRS E1-4, paragraph 34.a.+.34.b).",external-standard,entity-specific,entity-assessment-required
urn:sds:reg:esrs:e1_4_08,Intensity value of Scope 1 Greenhouse gas emissions reduction,Ambiental,ESRS/CSRD,E1-4_08,,count,Count,annual,numeric,"Disclosure datapoint as defined in IG3 (ESRS E1-4, paragraph 34.a.+.34.b).",external-standard,entity-specific,entity-assessment-required
urn:sds:reg:esrs:e1_4_09,Absolute value of location-based Scope 2 Greenhouse gas emissions reduction,Ambiental,ESRS/CSRD,E1-4_09,,Text,Text,annual,narrative,"Disclosure datapoint as defined in IG3 (ESRS E1-4, paragraph 34.a.+.34.b).",external-standard,entity-specific,entity-assessment-required
urn:sds:reg:esrs:e1_4_10,Percentage of location-based Scope 2 Greenhouse gas emissions reduction (as of emissions of base year),Ambiental,ESRS/CSRD,E1-4_10,,percent,Ratio,annual,numeric,"Disclosure datapoint as defined in IG3 (ESRS E1-4, paragraph 34.a.+.34.b).",external-standard,entity-specific,entity-assessment-required
urn:sds:reg:esrs:e1_4_11,Intensity value of location-based Scope 2 Greenhouse gas emissions reduction,Ambiental,ESRS/CSRD,E1-4_11,,count,Count,annual,numeric,"Disclosure datapoint as defined in IG3 (ESRS E1-4, paragraph 34.a.+.34.b).",external-standard,entity-specific,entity-assessment-required
urn:sds:reg:esrs:e1_4_12,Absolute value of market-based Scope 2 Greenhouse gas emissions reduction,Ambiental,ESRS/CSRD,E1-4_12,,Text,Text,annual,narrative,"Disclosure datapoint as defined in IG3 (ESRS E1-4, paragraph 34.a.+.34.b).",external-standard,entity-specific,entity-assessment-required
urn:sds:reg:esrs:e1_4_13,Percentage of market-based Scope 2 Greenhouse gas emissions reduction (as of emissions of base year),Ambiental,ESRS/CSRD,E1-4_13,,percent,Ratio,annual,numeric,"Disclosure datapoint as defined in IG3 (ESRS E1-4, paragraph 34.a.+.34.b).",external-standard,entity-specific,entity-assessment-required
urn:sds:reg:esrs:e1_4_14,Intensity value of market-based Scope 2 Greenhouse gas emissions reduction,Ambiental,ESRS/CSRD,E1-4_14,,count,Count,annual,numeric,"Disclosure datapoint as defined in IG3 (ESRS E1-4, paragraph 34.a.+.34.b).",external-standard,entity-specific,entity-assessment-required
urn:sds:reg:esrs:e1_4_15,Absolute value of Scope 3 Greenhouse gas emissions reduction,Ambiental,ESRS/CSRD,E1-4_15,,Text,Text,annual,narrative,"Disclosure datapoint as defined in IG3 (ESRS E1-4, paragraph 34.a.+.34.b).",external-standard,entity-specific,entity-assessment-required
urn:sds:reg:esrs:e1_4_16,Percentage of Scope 3 Greenhouse gas emissions reduction (as of emissions of base year),Ambiental,ESRS/CSRD,E1-4_16,,percent,Ratio,annual,numeric,"Disclosure datapoint as defined in IG3 (ESRS E1-4, paragraph 34.a.+.34.b).",external-standard,entity-specific,entity-assessment-required
urn:sds:reg:esrs:e1_4_17,Intensity value of Scope 3 Greenhouse gas emissions reduction,Ambiental,ESRS/CSRD,E1-4_17,,count,Count,annual,numeric,"Disclosure datapoint as defined in IG3 (ESRS E1-4, paragraph 34.a.+.34.b).",external-standard,entity-specific,entity-assessment-required
urn:sds:reg:esrs:e1_4_18,Explanation of how consistency of GHG emission reduction targets with GHG inventory boundaries has been ensured,Ambiental,ESRS/CSRD,E1-4_18,,Text,Text,annual,narrative,"Disclosure datapoint as defined in IG3 (ESRS E1-4, paragraph 34.b).",external-standard,entity-specific,entity-assessment-required
urn:sds:reg:esrs:e1_4_19,Disclosure of past progress made in meeting target before current base year,Ambiental,ESRS/CSRD,E1-4_19,,Text,Text,annual,narrative,"Disclosure datapoint as defined in IG3 (ESRS E1-4, paragraph 34.c).",external-standard,entity-specific,entity-assessment-required
urn:sds:reg:esrs:e1_4_20,Description of how it has been ensured that baseline value is representative in terms of activities covered and influences from external factors,Ambiental,ESRS/CSRD,E1-4_20,,Text,Text,annual,narrative,"Disclosure datapoint as defined in IG3 (ESRS E1-4, paragraph ar.25.a).",external-standard,entity-specific,entity-assessment-required
urn:sds:reg:esrs:e1_4_21,"Description of how new baseline value affects new target, its achievement and presentation of progress over time",Ambiental,ESRS/CSRD,E1-4_21,,Text,Text,annual,narrative,"Disclosure datapoint as defined in IG3 (ESRS E1-4, paragraph ar.25.b).",external-standard,entity-specific,entity-assessment-required
urn:sds:reg:esrs:e1_4_22,GHG emission reduction target is science based and compatible with limiting global warming to one and half degrees Celsius,Ambiental,ESRS/CSRD,E1-4_22,,Boolean,Boolean,annual,boolean,"Disclosure datapoint as defined in IG3 (ESRS E1-4, paragraph 34.e.16.a).",external-standard,entity-specific,entity-assessment-required
urn:sds:reg:esrs:e1_4_23,Description of expected decarbonisation levers and their overall quantitative contributions to achieve GHG emission reduction target,Ambiental,ESRS/CSRD,E1-4_23,,Text,Text,annual,narrative,"Disclosure datapoint as defined in IG3 (ESRS E1-4, paragraph 34.f.16.b).",external-standard,entity-specific,entity-assessment-required
urn:sds:reg:esrs:e1_4_24,"Diverse range of climate scenarios have been considered to detect relevant environmental, societal, technology, market and policy-related developments and determine decarbonisation levers",Ambiental,ESRS/CSRD,E1-4_24,,Text,Boolean,annual,narrative,"Disclosure datapoint as defined in IG3 (ESRS E1-4, paragraph ar.30.c).",external-standard,entity-specific,entity-assessment-required
urn:sds:reg:esrs:e1_5_01,Total energy consumption related to own operations,Ambiental,ESRS/CSRD,E1-5_01,,Text,Text,annual,narrative,"Disclosure datapoint as defined in IG3 (ESRS E1-5, paragraph 37).",external-standard,entity-specific,entity-assessment-required
urn:sds:reg:esrs:e1_5_02,Total energy consumption from fossil sources,Ambiental,ESRS/CSRD,E1-5_02,,Text,Text,annual,narrative,"Disclosure datapoint as defined in IG3 (ESRS E1-5, paragraph 37.a).",external-standard,entity-specific,entity-assessment-required
urn:sds:reg:esrs:e1_5_03,Total energy consumption from nuclear sources,Ambiental,ESRS/CSRD,E1-5_03,,Text,Text,annual,narrative,"Disclosure datapoint as defined in IG3 (ESRS E1-5, paragraph 37.b).",external-standard,entity-specific,entity-assessment-required
urn:sds:reg:esrs:e1_5_04,Percentage of energy consumption from nuclear sources in total energy consumption,Ambiental,ESRS/CSRD,E1-5_04,,percent,Ratio,annual,numeric,"Disclosure datapoint as defined in IG3 (ESRS E1-5, paragraph ar.34).",external-standard,entity-specific,entity-assessment-required
urn:sds:reg:esrs:e1_5_05,Total energy consumption from renewable sources,Ambiental,ESRS/CSRD,E1-5_05,,Text,Text,annual,narrative,"Disclosure datapoint as defined in IG3 (ESRS E1-5, paragraph 37.c).",external-standard,entity-specific,entity-assessment-required
urn:sds:reg:esrs:e1_5_06,Fuel consumption from renewable sources,Ambiental,ESRS/CSRD,E1-5_06,,Text,Text,annual,narrative,"Disclosure datapoint as defined in IG3 (ESRS E1-5, paragraph 37.c.i).",external-standard,entity-specific,entity-assessment-required
urn:sds:reg:esrs:e1_5_07,"Consumption of purchased or acquired electricity, heat, steam, and cooling from renewable sources",Ambiental,ESRS/CSRD,E1-5_07,,Text,Text,annual,narrative,"Disclosure datapoint as defined in IG3 (ESRS E1-5, paragraph 37.c.ii).",external-standard,entity-specific,entity-assessment-required
urn:sds:reg:esrs:e1_5_08,Consumption of self-generated non-fuel renewable energy,Ambiental,ESRS/CSRD,E1-5_08,,Text,Text,annual,narrative,"Disclosure datapoint as defined in IG3 (ESRS E1-5, paragraph 37.c.iii).",external-standard,entity-specific,entity-assessment-required
urn:sds:reg:esrs:e1_5_09,Percentage of renewable sources in total energy consumption,Ambiental,ESRS/CSRD,E1-5_09,,percent,Ratio,annual,numeric,"Disclosure datapoint as defined in IG3 (ESRS E1-5, paragraph ar.34).",external-standard,entity-specific,entity-assessment-required
urn:sds:reg:esrs:e1_5_10,Fuel consumption from coal and coal products,Ambiental,ESRS/CSRD,E1-5_10,,MWh,Mass,annual,numeric,"Fuel consumption from coal and coal products in own operations (energy content), as required by ESRS E1-5, paragraph 38(a) and AR 34, table row (1).",external-standard,entity-specific,entity-assessment-required
urn:sds:reg:esrs:e1_5_11,Fuel consumption from crude oil and petroleum products,Ambiental,ESRS/CSRD,E1-5_11,,MWh,Energy,annual,numeric,"Fuel consumption from crude oil and petroleum products in own operations (energy content), as required by ESRS E1-5, paragraph 38(b) and AR 34, table row (2).",external-standard,entity-specific,entity-assessment-required
urn:sds:reg:esrs:e1_5_12,Fuel consumption from natural gas,Ambiental,ESRS/CSRD,E1-5_12,,MWh,Volume,annual,numeric,"Fuel consumption from natural gas in own operations (energy content), as required by ESRS E1-5, paragraph 38(c) and AR 34, table row (3).",external-standard,entity-specific,entity-assessment-required
urn:sds:reg:esrs:e1_5_13,Fuel consumption from other fossil sources,Ambiental,ESRS/CSRD,E1-5_13,,Text,Text,annual,narrative,"Disclosure datapoint as defined in IG3 (ESRS E1-5, paragraph 38.d).",external-standard,entity-specific,entity-assessment-required
urn:sds:reg:esrs:e1_5_14,"Consumption of purchased or acquired electricity, heat, steam, or cooling from fossil sources",Ambiental,ESRS/CSRD,E1-5_14,,Text,Text,annual,narrative,"Disclosure datapoint as defined in IG3 (ESRS E1-5, paragraph 38.e).",external-standard,entity-specific,entity-assessment-required
urn:sds:reg:esrs:e1_5_15,Percentage of fossil sources in total energy consumption,Ambiental,ESRS/CSRD,E1-5_15,,percent,Ratio,annual,numeric,"Disclosure datapoint as defined in IG3 (ESRS E1-5, paragraph ar.34).",external-standard,entity-specific,entity-assessment-required
urn:sds:reg:esrs:e1_5_16,Non-renewable energy production,Ambiental,ESRS/CSRD,E1-5_16,,Text,Text,annual,narrative,"Disclosure datapoint as defined in IG3 (ESRS E1-5, paragraph 39).",external-standard,entity-specific,entity-assessment-required
urn:sds:reg:esrs:e1_5_17,Renewable energy production,Ambiental,ESRS/CSRD,E1-5_17,,Text,Text,annual,narrative,"Disclosure datapoint as defined in IG3 (ESRS E1-5, paragraph 39).",external-standard,entity-specific,entity-assessment-required
urn:sds:reg:esrs:e1_5_18,Energy intensity from activities in high climate impact sectors (total energy consumption per net revenue),Ambiental,ESRS/CSRD,E1-5_18,,Text,Text,annual,narrative,"Disclosure datapoint as defined in IG3 (ESRS E1-5, paragraph 40).",external-standard,entity-specific,entity-assessment-required
urn:sds:reg:esrs:e1_5_20,High climate impact sectors used to determine energy intensity,Ambiental,ESRS/CSRD,E1-5_20,,Text,Text,annual,semi-narrative,"Disclosure datapoint as defined in IG3 (ESRS E1-5, paragraph 42).",external-standard,entity-specific,entity-assessment-required
urn:sds:reg:esrs:e1_5_21,Disclosure of reconciliation to relevant line item or notes in financial statements of net revenue from activities in high climate impact sectors,Ambiental,ESRS/CSRD,E1-5_21,,Text,Text,annual,narrative,"Disclosure datapoint as defined in IG3 (ESRS E1-5, paragraph 43).",external-standard,entity-specific,entity-assessment-required
urn:sds:reg:esrs:e1_5_22,Net revenue from activities in high climate impact sectors,Ambiental,ESRS/CSRD,E1-5_22,,EUR,Currency,annual,monetary,"Disclosure datapoint as defined in IG3 (ESRS E1-5, paragraph ar.38.b).",external-standard,entity-specific,entity-assessment-required
urn:sds:reg:esrs:e1_5_23,Net revenue from activities other than in high climate impact sectors,Ambiental,ESRS/CSRD,E1-5_23,,EUR,Currency,annual,monetary,"Disclosure datapoint as defined in IG3 (ESRS E1-5, paragraph ar.38.b).",external-standard,entity-specific,entity-assessment-required
urn:sds:reg:esrs:e1_6_01,"Gross Scopes 1, 2, 3 and Total GHG emissions - GHG emissions per scope",Ambiental,ESRS/CSRD,E1-6_01,,Text,GhgEmissions,annual,narrative,"Disclosure datapoint as defined in IG3 (ESRS E1-6, paragraph 44).",external-standard,entity-specific,entity-assessment-required
urn:sds:reg:esrs:e1_6_02,"Gross Scopes 1, 2, 3 and Total GHG emissions - financial and operational control",Ambiental,ESRS/CSRD,E1-6_02,,percent,Ratio,annual,numeric,"Disclosure datapoint as defined in IG3 (ESRS E1-6, paragraph 50).",external-standard,entity-specific,entity-assessment-required
urn:sds:reg:esrs:e1_6_03,"Disaggregation of GHG emissions - by country, operating segments, economic activity, subsidiary, GHG category or source type",Ambiental,ESRS/CSRD,E1-6_03,,Text,,annual,table,"Disclosure datapoint as defined in IG3 (ESRS E1-6, paragraph ar.41).",external-standard,entity-specific,entity-assessment-required
urn:sds:reg:esrs:e1_6_04,"Gross Scopes 1, 2, 3 and Total GHG emissions - Scope 3 GHG emissions (GHG Protocol)",Ambiental,ESRS/CSRD,E1-6_04,,Text,Text,annual,narrative,"Disclosure datapoint as defined in IG3 (ESRS E1-6, paragraph 51).",external-standard,entity-specific,entity-assessment-required
urn:sds:reg:esrs:e1_6_05,"Gross Scopes 1, 2, 3 and Total GHG emissions - Scope 3 GHG emissions (ISO 14064-1)",Ambiental,ESRS/CSRD,E1-6_05,,Text,Text,annual,narrative,"Disclosure datapoint as defined in IG3 (ESRS E1-6, paragraph 51).",external-standard,entity-specific,entity-assessment-required
urn:sds:reg:esrs:e1_6_06,"Gross Scopes 1, 2, 3 and Total GHG emissions - total GHG emissions - value chain",Ambiental,ESRS/CSRD,E1-6_06,,Text,Text,annual,narrative,"Disclosure datapoint as defined in IG3 (ESRS E1-6, paragraph ar.52).",external-standard,entity-specific,entity-assessment-required
urn:sds:reg:esrs:e1_6_07,Gross Scope 1 greenhouse gas emissions,Ambiental,ESRS/CSRD,E1-6_07,,Text,Text,annual,narrative,"Disclosure datapoint as defined in IG3 (ESRS E1-6, paragraph 48.a).",external-standard,entity-specific,entity-assessment-required
urn:sds:reg:esrs:e1_6_08,Percentage of Scope 1 GHG emissions from regulated emission trading schemes,Ambiental,ESRS/CSRD,E1-6_08,,percent,Ratio,annual,numeric,"Disclosure datapoint as defined in IG3 (ESRS E1-6, paragraph 48.b).",external-standard,entity-specific,entity-assessment-required
urn:sds:reg:esrs:e1_6_09,Gross location-based Scope 2 greenhouse gas emissions,Ambiental,ESRS/CSRD,E1-6_09,,Text,Text,annual,narrative,"Disclosure datapoint as defined in IG3 (ESRS E1-6, paragraph 49.a.52.a).",external-standard,entity-specific,entity-assessment-required
urn:sds:reg:esrs:e1_6_10,Gross market-based Scope 2 greenhouse gas emissions,Ambiental,ESRS/CSRD,E1-6_10,,Text,Text,annual,narrative,"Disclosure datapoint as defined in IG3 (ESRS E1-6, paragraph 49.b.52.b).",external-standard,entity-specific,entity-assessment-required
urn:sds:reg:esrs:e1_6_11,Gross Scope 3 greenhouse gas emissions,Ambiental,ESRS/CSRD,E1-6_11,,Text,Text,annual,narrative,"Disclosure datapoint as defined in IG3 (ESRS E1-6, paragraph 51).",external-standard,entity-specific,entity-assessment-required
urn:sds:reg:esrs:e1_6_12,Total GHG emissions location based,Ambiental,ESRS/CSRD,E1-6_12,,Text,Text,annual,narrative,"Disclosure datapoint as defined in IG3 (ESRS E1-6, paragraph 44.52.a).",external-standard,entity-specific,entity-assessment-required
urn:sds:reg:esrs:e1_6_13,Total GHG emissions market based,Ambiental,ESRS/CSRD,E1-6_13,,Text,Text,annual,narrative,"Disclosure datapoint as defined in IG3 (ESRS E1-6, paragraph 44.52.b).",external-standard,entity-specific,entity-assessment-required
urn:sds:reg:esrs:e1_6_14,Disclosure of significant changes in definition of what constitutes reporting undertaking and its value chain and explanation of their effect on year-to-year comparability of reported GHG emissions,Ambiental,ESRS/CSRD,E1-6_14,,Text,Text,annual,narrative,"Disclosure datapoint as defined in IG3 (ESRS E1-6, paragraph 47).",external-standard,entity-specific,entity-assessment-required
urn:sds:reg:esrs:e1_6_15,"Disclosure of methodologies, significant assumptions and emissions factors used to calculate or measure GHG emissions",Ambiental,ESRS/CSRD,E1-6_15,,Text,Text,annual,narrative,"Disclosure datapoint as defined in IG3 (ESRS E1-6, paragraph ar.39.b).",external-standard,entity-specific,entity-assessment-required
urn:sds:reg:esrs:e1_6_16,Disclosure of the effects of significant events and changes in circumstances (relevant to its GHG emissions) that occur between the reporting dates of the entities in its value chain and the date of the undertaking’s general purpose financial statements,Ambiental,ESRS/CSRD,E1-6_16,,Text,Text,annual,narrative,"Disclosure datapoint as defined in IG3 (ESRS E1-6, paragraph ar.42.c).",external-standard,entity-specific,entity-assessment-required
urn:sds:reg:esrs:e1_6_17,biogenic emissions of CO2 from the combustion or bio-degradation of biomassnot included in Scope 1 GHG emissions,Ambiental,ESRS/CSRD,E1-6_17,,Text,Text,annual,narrative,"Disclosure datapoint as defined in IG3 (ESRS E1-6, paragraph ar.43.c).",external-standard,entity-specific,entity-assessment-required
urn:sds:reg:esrs:e1_6_18,"Percentage of contractual instruments, Scope 2 GHG emissions",Ambiental,ESRS/CSRD,E1-6_18,,percent,Ratio,annual,numeric,"Disclosure datapoint as defined in IG3 (ESRS E1-6, paragraph ar.45.d).",external-standard,entity-specific,entity-assessment-required
urn:sds:reg:esrs:e1_6_19,"Disclosure of types of contractual instruments, Scope 2 GHG emissions",Ambiental,ESRS/CSRD,E1-6_19,,Text,Text,annual,narrative,"Disclosure datapoint as defined in IG3 (ESRS E1-6, paragraph ar.45.d).",external-standard,entity-specific,entity-assessment-required
urn:sds:reg:esrs:e1_6_20,Percentage of market-based Scope 2 GHG emissions linked to purchased electricity bundled with instruments,Ambiental,ESRS/CSRD,E1-6_20,,percent,Ratio,annual,numeric,"Disclosure datapoint as defined in IG3 (ESRS E1-6, paragraph ar.45.d).",external-standard,entity-specific,entity-assessment-required
urn:sds:reg:esrs:e1_6_21,Percentage of contractual instruments used for sale and purchase of energy bundled with attributes about energy generation in relation to Scope 2 GHG emissions,Ambiental,ESRS/CSRD,E1-6_21,,percent,Ratio,annual,numeric,"Disclosure datapoint as defined in IG3 (ESRS E1-6, paragraph ar.45.d).",external-standard,entity-specific,entity-assessment-required
urn:sds:reg:esrs:e1_6_22,Percentage of contractual instruments used for sale and purchase of unbundled energy attribute claims in relation to Scope 2 GHG emissions,Ambiental,ESRS/CSRD,E1-6_22,,percent,Ratio,annual,numeric,"Disclosure datapoint as defined in IG3 (ESRS E1-6, paragraph ar.45.d).",external-standard,entity-specific,entity-assessment-required
urn:sds:reg:esrs:e1_6_23,Disclosure of types of contractual instruments used for sale and purchase of energy bundled with attributes about energy generation or for unbundled energy attribute claims,Ambiental,ESRS/CSRD,E1-6_23,,Text,Text,annual,narrative,"Disclosure datapoint as defined in IG3 (ESRS E1-6, paragraph ar.45.d).",external-standard,entity-specific,entity-assessment-required
urn:sds:reg:esrs:e1_6_24,Biogenic emissions of CO2 from combustion or bio-degradation of biomass not included in Scope 2 GHG emissions,Ambiental,ESRS/CSRD,E1-6_24,,Text,Text,annual,narrative,"Disclosure datapoint as defined in IG3 (ESRS E1-6, paragraph ar.45.e).",external-standard,entity-specific,entity-assessment-required
urn:sds:reg:esrs:e1_6_25,Percentage of GHG Scope 3 calculated using primary data,Ambiental,ESRS/CSRD,E1-6_25,,percent,Ratio,annual,numeric,"Disclosure datapoint as defined in IG3 (ESRS E1-6, paragraph ar.46.g).",external-standard,entity-specific,entity-assessment-required
urn:sds:reg:esrs:e1_6_26,Disclosure of why Scope 3 GHG emissions category has been excluded,Ambiental,ESRS/CSRD,E1-6_26,,Text,Text,annual,narrative,"Disclosure datapoint as defined in IG3 (ESRS E1-6, paragraph ar.46.i).",external-standard,entity-specific,entity-assessment-required
urn:sds:reg:esrs:e1_6_27,List of Scope 3 GHG emissions categories included in inventory,Ambiental,ESRS/CSRD,E1-6_27,,Text,Text,annual,semi-narrative,"Disclosure datapoint as defined in IG3 (ESRS E1-6, paragraph ar.46.i).",external-standard,entity-specific,entity-assessment-required
urn:sds:reg:esrs:e1_6_28,Biogenic emissions of CO2 from combustion or bio-degradation of biomass that occur in value chain not included in Scope 3 GHG emissions,Ambiental,ESRS/CSRD,E1-6_28,,Text,Text,annual,narrative,"Disclosure datapoint as defined in IG3 (ESRS E1-6, paragraph ar.46.j).",external-standard,entity-specific,entity-assessment-required
urn:sds:reg:esrs:e1_6_29,Disclosure of reporting boundaries considered and calculation methods for estimating Scope 3 GHG emissions,Ambiental,ESRS/CSRD,E1-6_29,,Text,Text,annual,narrative,"Disclosure datapoint as defined in IG3 (ESRS E1-6, paragraph ar.46.h).",external-standard,entity-specific,entity-assessment-required
urn:sds:reg:esrs:e1_6_30,"GHG emissions intensity, location-based (total GHG emissions per net revenue)",Ambiental,ESRS/CSRD,E1-6_30,,Text,Text,annual,narrative,"Disclosure datapoint as defined in IG3 (ESRS E1-6, paragraph 53).",external-standard,entity-specific,entity-assessment-required
urn:sds:reg:esrs:e1_6_31,"GHG emissions intensity, market-based (total GHG emissions per net revenue)",Ambiental,ESRS/CSRD,E1-6_31,,Text,Text,annual,narrative,"Disclosure datapoint as defined in IG3 (ESRS E1-6, paragraph 53).",external-standard,entity-specific,entity-assessment-required
urn:sds:reg:esrs:e1_6_32,Disclosure of reconciliation to financial statements of net revenue used for calculation of GHG emissions intensity,Ambiental,ESRS/CSRD,E1-6_32,,Text,Text,annual,narrative,"Disclosure datapoint as defined in IG3 (ESRS E1-6, paragraph 55).",external-standard,entity-specific,entity-assessment-required
urn:sds:reg:esrs:e1_6_33,Net revenue,Ambiental,ESRS/CSRD,E1-6_33,,EUR,Currency,annual,monetary,"Disclosure datapoint as defined in IG3 (ESRS E1-6, paragraph ar.55).",external-standard,entity-specific,entity-assessment-required
urn:sds:reg:esrs:e1_6_34,Net revenue used to calculate GHG intensity,Ambiental,ESRS/CSRD,E1-6_34,,EUR,Currency,annual,monetary,"Disclosure datapoint as defined in IG3 (ESRS E1-6, paragraph ar.55).",external-standard,entity-specific,entity-assessment-required
urn:sds:reg:esrs:e1_6_35,Net revenue other than used to calculate GHG intensity,Ambiental,ESRS/CSRD,E1-6_35,,EUR,Currency,annual,monetary,"Disclosure datapoint as defined in IG3 (ESRS E1-6, paragraph ar.55).",external-standard,entity-specific,entity-assessment-required
urn:sds:reg:esrs:e1_7_01,Disclosure of GHG removals and storage resulting from projects developed in own operations or contributed to in upstream and downstream value chain,Ambiental,ESRS/CSRD,E1-7_01,,Text,Text,annual,narrative,"Disclosure datapoint as defined in IG3 (ESRS E1-7, paragraph 56.a).",external-standard,entity-specific,entity-assessment-required
urn:sds:reg:esrs:e1_7_02,Disclosure of GHG emission reductions or removals from climate change mitigation projects outside value chain financed or to be financed through any purchase of carbon credits,Ambiental,ESRS/CSRD,E1-7_02,,Text,Text,annual,narrative,"Disclosure datapoint as defined in IG3 (ESRS E1-7, paragraph 56b).",external-standard,entity-specific,entity-assessment-required
urn:sds:reg:esrs:e1_7_03,Removals and carbon credits are used,Ambiental,ESRS/CSRD,E1-7_03,,Text,Text,annual,semi-narrative,"Disclosure datapoint as defined in IG3 (ESRS E1-7, paragraph 58).",external-standard,entity-specific,entity-assessment-required
urn:sds:reg:esrs:e1_7_04,GHG Removals and storage Activity by undertaking scope (breakdown by own operations and value chain) and by removal and storage activity,Ambiental,ESRS/CSRD,E1-7_04,,Text,,annual,table,"Disclosure datapoint as defined in IG3 (ESRS E1-7, paragraph 58a).",external-standard,entity-specific,entity-assessment-required
urn:sds:reg:esrs:e1_7_05,Total GHG removals and storage,Ambiental,ESRS/CSRD,E1-7_05,,Text,Text,annual,narrative,"Disclosure datapoint as defined in IG3 (ESRS E1-7, paragraph 58a).",external-standard,entity-specific,entity-assessment-required
urn:sds:reg:esrs:e1_7_06,GHG emissions associated with removal activity,Ambiental,ESRS/CSRD,E1-7_06,,Text,Text,annual,narrative,"Disclosure datapoint as defined in IG3 (ESRS E1-7, paragraph ar.58.f).",external-standard,entity-specific,entity-assessment-required
urn:sds:reg:esrs:e1_7_07,Reversals,Ambiental,ESRS/CSRD,E1-7_07,,Text,Text,annual,narrative,"Disclosure datapoint as defined in IG3 (ESRS E1-7, paragraph ar.60).",external-standard,entity-specific,entity-assessment-required
urn:sds:reg:esrs:e1_7_08,"Disclosure of calculation assumptions, methodologies and frameworks applied (GHG removals and storage)",Ambiental,ESRS/CSRD,E1-7_08,,Text,Text,annual,narrative,"Disclosure datapoint as defined in IG3 (ESRS E1-7, paragraph 58b).",external-standard,entity-specific,entity-assessment-required
urn:sds:reg:esrs:e1_7_09,Removal activity has been converted into carbon credits and sold on to other parties on voluntary market,Ambiental,ESRS/CSRD,E1-7_09,,Text,Text,annual,narrative,"Disclosure datapoint as defined in IG3 (ESRS E1-7, paragraph ar.58e).",external-standard,entity-specific,entity-assessment-required
urn:sds:reg:esrs:e1_7_10,Total amount of carbon credits outside value chain that are verified against recognised quality standards and cancelled,Ambiental,ESRS/CSRD,E1-7_10,,Text,Text,annual,narrative,"Disclosure datapoint as defined in IG3 (ESRS E1-7, paragraph 59a).",external-standard,entity-specific,entity-assessment-required
urn:sds:reg:esrs:e1_7_11,Total amount of carbon credits outside value chain planned to be cancelled in future,Ambiental,ESRS/CSRD,E1-7_11,,Text,Text,annual,narrative,"Disclosure datapoint as defined in IG3 (ESRS E1-7, paragraph 59b).",external-standard,entity-specific,entity-assessment-required
urn:sds:reg:esrs:e1_7_12,Disclosure of extent of use and quality criteria used for carbon credits,Ambiental,ESRS/CSRD,E1-7_12,,Text,Text,annual,narrative,"Disclosure datapoint as defined in IG3 (ESRS E1-7, paragraph ar.61).",external-standard,entity-specific,entity-assessment-required
urn:sds:reg:esrs:e1_7_13,Percentage of reduction projects,Ambiental,ESRS/CSRD,E1-7_13,,percent,Ratio,annual,numeric,"Disclosure datapoint as defined in IG3 (ESRS E1-7, paragraph ar.62.a).",external-standard,entity-specific,entity-assessment-required
urn:sds:reg:esrs:e1_7_14,Percentage of removal projects,Ambiental,ESRS/CSRD,E1-7_14,,percent,Ratio,annual,numeric,"Disclosure datapoint as defined in IG3 (ESRS E1-7, paragraph ar.62.a).",external-standard,entity-specific,entity-assessment-required
urn:sds:reg:esrs:e1_7_15,Type of carbon credits from removal projects,Ambiental,ESRS/CSRD,E1-7_15,,Text,Text,annual,semi-narrative,"Disclosure datapoint as defined in IG3 (ESRS E1-7, paragraph ar.62b).",external-standard,entity-specific,entity-assessment-required
urn:sds:reg:esrs:e1_7_16,Percentage for recognised quality standard,Ambiental,ESRS/CSRD,E1-7_16,,percent,Ratio,annual,numeric,"Disclosure datapoint as defined in IG3 (ESRS E1-7, paragraph ar.62.c).",external-standard,entity-specific,entity-assessment-required
urn:sds:reg:esrs:e1_7_17,Percentage issued from projects in European Union,Ambiental,ESRS/CSRD,E1-7_17,,percent,Ratio,annual,numeric,"Disclosure datapoint as defined in IG3 (ESRS E1-7, paragraph ar.62d).",external-standard,entity-specific,entity-assessment-required
urn:sds:reg:esrs:e1_7_18,Percentage that qualifies as corresponding adjustment,Ambiental,ESRS/CSRD,E1-7_18,,percent,Ratio,annual,numeric,"Disclosure datapoint as defined in IG3 (ESRS E1-7, paragraph ar.62.e).",external-standard,entity-specific,entity-assessment-required
urn:sds:reg:esrs:e1_7_19,Date when carbon credits outside value chain are planned to be cancelled,Ambiental,ESRS/CSRD,E1-7_19,,Text,Text,annual,narrative,"Disclosure datapoint as defined in IG3 (ESRS E1-7, paragraph ar.64).",external-standard,entity-specific,entity-assessment-required
urn:sds:reg:esrs:e1_7_20,"Explanation of scope, methodologies and frameworks applied and how residual GHG emissions are intended to be neutralised",Ambiental,ESRS/CSRD,E1-7_20,,Text,Text,annual,narrative,"Disclosure datapoint as defined in IG3 (ESRS E1-7, paragraph 60).",external-standard,entity-specific,entity-assessment-required
urn:sds:reg:esrs:e1_7_21,Public claims of GHG neutrality that involve use of carbon credits have been made,Ambiental,ESRS/CSRD,E1-7_21,,Boolean,Boolean,annual,boolean,"Disclosure datapoint as defined in IG3 (ESRS E1-7, paragraph 61).",external-standard,entity-specific,entity-assessment-required
urn:sds:reg:esrs:e1_7_22,Public claims of GHG neutrality that involve use of carbon credits are accompanied by GHG emission reduction targets,Ambiental,ESRS/CSRD,E1-7_22,,Boolean,Boolean,annual,boolean,"Disclosure datapoint as defined in IG3 (ESRS E1-7, paragraph 61.a).",external-standard,entity-specific,entity-assessment-required
urn:sds:reg:esrs:e1_7_23,Claims of GHG neutrality and reliance on carbon credits neither impede nor reduce achievement of GHG emission reduction targets or net zero target,Ambiental,ESRS/CSRD,E1-7_23,,Boolean,Boolean,annual,boolean,"Disclosure datapoint as defined in IG3 (ESRS E1-7, paragraph 61.b).",external-standard,entity-specific,entity-assessment-required
urn:sds:reg:esrs:e1_7_24,Explanation of whether and how public claims of GHG neutrality that involve use of carbon credits are accompanied by GHG emission reduction targets and how claims of GHG neutrality and reliance on carbon credits neither impede nor reduce achievement of GHG emission reduction targets or net zero target,Ambiental,ESRS/CSRD,E1-7_24,,Text,Text,annual,narrative,"Disclosure datapoint as defined in IG3 (ESRS E1-7, paragraph 61.a.b).",external-standard,entity-specific,entity-assessment-required
urn:sds:reg:esrs:e1_7_25,Explanation of credibility and integrity of carbon credits used,Ambiental,ESRS/CSRD,E1-7_25,,Text,Text,annual,narrative,"Disclosure datapoint as defined in IG3 (ESRS E1-7, paragraph 61c).",external-standard,entity-specific,entity-assessment-required
urn:sds:reg:esrs:e1_8_01,Carbon pricing scheme by type,Ambiental,ESRS/CSRD,E1-8_01,,Text,Text,annual,semi-narrative,"Disclosure datapoint as defined in IG3 (ESRS E1-8, paragraph 63.a).",external-standard,entity-specific,entity-assessment-required
urn:sds:reg:esrs:e1_8_02,Type of internal carbon pricing scheme,Ambiental,ESRS/CSRD,E1-8_02,,Text,Text,annual,narrative,"Disclosure datapoint as defined in IG3 (ESRS E1-8, paragraph 63.a).",external-standard,entity-specific,entity-assessment-required
urn:sds:reg:esrs:e1_8_03,Description of specific scope of application of carbon pricing scheme,Ambiental,ESRS/CSRD,E1-8_03,,Text,Text,annual,narrative,"Disclosure datapoint as defined in IG3 (ESRS E1-8, paragraph 63.b).",external-standard,entity-specific,entity-assessment-required
urn:sds:reg:esrs:e1_8_04,Carbon price applied for each metric tonne of greenhouse gas emission,Ambiental,ESRS/CSRD,E1-8_04,,EUR,Currency,annual,monetary,"Disclosure datapoint as defined in IG3 (ESRS E1-8, paragraph 63.c).",external-standard,entity-specific,entity-assessment-required
urn:sds:reg:esrs:e1_8_05,Description of critical assumptions made to determine carbon price applied,Ambiental,ESRS/CSRD,E1-8_05,,Text,Text,annual,narrative,"Disclosure datapoint as defined in IG3 (ESRS E1-8, paragraph 63.c).",external-standard,entity-specific,entity-assessment-required
urn:sds:reg:esrs:e1_8_06,Percentage of gross Scope 1 greenhouse gas emissions covered by internal carbon pricing scheme,Ambiental,ESRS/CSRD,E1-8_06,,percent,Ratio,annual,numeric,"Disclosure datapoint as defined in IG3 (ESRS E1-8, paragraph 63.d).",external-standard,entity-specific,entity-assessment-required
urn:sds:reg:esrs:e1_8_07,Percentage of gross Scope 2 greenhouse gas emissions covered by internal carbon pricing scheme,Ambiental,ESRS/CSRD,E1-8_07,,percent,Ratio,annual,numeric,"Disclosure datapoint as defined in IG3 (ESRS E1-8, paragraph 63.d).",external-standard,entity-specific,entity-assessment-required
urn:sds:reg:esrs:e1_8_08,Percentage of gross Scope 3 greenhouse gas emissions covered by internal carbon pricing scheme,Ambiental,ESRS/CSRD,E1-8_08,,percent,Ratio,annual,numeric,"Disclosure datapoint as defined in IG3 (ESRS E1-8, paragraph 63.d).",external-standard,entity-specific,entity-assessment-required
urn:sds:reg:esrs:e1_8_09,Disclosure of whether and how carbon price used in internal carbon pricing scheme is consistent with carbon price used in financial statements,Ambiental,ESRS/CSRD,E1-8_09,,Text,Text,annual,narrative,"Disclosure datapoint as defined in IG3 (ESRS E1-8, paragraph ar.65).",external-standard,entity-specific,entity-assessment-required
urn:sds:reg:esrs:e1_9_01,Assets at material physical risk before considering climate change adaptation actions,Ambiental,ESRS/CSRD,E1-9_01,,EUR,Currency,annual,monetary,"Disclosure datapoint as defined in IG3 (ESRS E1-9, paragraph 66.a).",external-standard,entity-specific,entity-assessment-required
urn:sds:reg:esrs:e1_9_02,Assets at acute material physical risk before considering climate change adaptation actions,Ambiental,ESRS/CSRD,E1-9_02,,EUR,Currency,annual,monetary,"Disclosure datapoint as defined in IG3 (ESRS E1-9, paragraph 66.a).",external-standard,entity-specific,entity-assessment-required
urn:sds:reg:esrs:e1_9_03,Assets at chronic material physical risk before considering climate change adaptation actions,Ambiental,ESRS/CSRD,E1-9_03,,EUR,Currency,annual,monetary,"Disclosure datapoint as defined in IG3 (ESRS E1-9, paragraph 66.a).",external-standard,entity-specific,entity-assessment-required
urn:sds:reg:esrs:e1_9_04,Percentage of assets at material physical risk before considering climate change adaptation actions,Ambiental,ESRS/CSRD,E1-9_04,,percent,Ratio,annual,numeric,"Disclosure datapoint as defined in IG3 (ESRS E1-9, paragraph 66.a).",external-standard,entity-specific,entity-assessment-required
urn:sds:reg:esrs:e1_9_05,Disclosure of location of significant assets at material physical risk,Ambiental,ESRS/CSRD,E1-9_05,,Text,Text,annual,narrative,"Disclosure datapoint as defined in IG3 (ESRS E1-9, paragraph 66.c).",external-standard,entity-specific,entity-assessment-required
urn:sds:reg:esrs:e1_9_06,Disclosure of location of its significant assets at material physical risk (disaggregated by NUTS codes),Ambiental,ESRS/CSRD,E1-9_06,,Text,Text,annual,semi-narrative,"Disclosure datapoint as defined in IG3 (ESRS E1-9, paragraph ar.70.c.i).",external-standard,entity-specific,entity-assessment-required
urn:sds:reg:esrs:e1_9_07,Percentage of assets at material physical risk addressed by climate change adaptation actions,Ambiental,ESRS/CSRD,E1-9_07,,percent,Ratio,annual,numeric,"Disclosure datapoint as defined in IG3 (ESRS E1-9, paragraph 66.b).",external-standard,entity-specific,entity-assessment-required
urn:sds:reg:esrs:e1_9_08,Net revenue from business activities at material physical risk,Ambiental,ESRS/CSRD,E1-9_08,,EUR,Currency,annual,monetary,"Disclosure datapoint as defined in IG3 (ESRS E1-9, paragraph 66.d).",external-standard,entity-specific,entity-assessment-required
urn:sds:reg:esrs:e1_9_09,Percentage of net revenue from business activities at material physical risk,Ambiental,ESRS/CSRD,E1-9_09,,percent,Ratio,annual,numeric,"Disclosure datapoint as defined in IG3 (ESRS E1-9, paragraph 66.d).",external-standard,entity-specific,entity-assessment-required
urn:sds:reg:esrs:e1_9_10,Disclosure of whether and how anticipated financial effects for assets and business activities at material physical risk have been assessed,Ambiental,ESRS/CSRD,E1-9_10,,Text,Text,annual,narrative,"Disclosure datapoint as defined in IG3 (ESRS E1-9, paragraph ar.69.a).",external-standard,entity-specific,entity-assessment-required
urn:sds:reg:esrs:e1_9_11,Disclosure of whether and how assessment of assets and business activities considered to be at material physical risk relies on or is part of process to determine material physical risk and to determine climate scenarios,Ambiental,ESRS/CSRD,E1-9_11,,Text,Text,annual,narrative,"Disclosure datapoint as defined in IG3 (ESRS E1-9, paragraph ar.69.b).",external-standard,entity-specific,entity-assessment-required
urn:sds:reg:esrs:e1_9_12,Disclosure of risk factors for net revenue from business activities at material physical risk,Ambiental,ESRS/CSRD,E1-9_12,,Text,Text,annual,narrative,"Disclosure datapoint as defined in IG3 (ESRS E1-9, paragraph ar.71.b).",external-standard,entity-specific,entity-assessment-required
urn:sds:reg:esrs:e1_9_13,Disclosure of magnitude of anticipated financial effects in terms of margin erosion for business activities at material physical risk,Ambiental,ESRS/CSRD,E1-9_13,,Text,Text,annual,narrative,"Disclosure datapoint as defined in IG3 (ESRS E1-9, paragraph ar.71.b).",external-standard,entity-specific,entity-assessment-required
urn:sds:reg:esrs:e1_9_14,Assets at material transition risk before considering climate mitigation actions,Ambiental,ESRS/CSRD,E1-9_14,,EUR,Currency,annual,monetary,"Disclosure datapoint as defined in IG3 (ESRS E1-9, paragraph 67.a).",external-standard,entity-specific,entity-assessment-required
urn:sds:reg:esrs:e1_9_15,Percentage of assets at material transition risk before considering climate mitigation actions,Ambiental,ESRS/CSRD,E1-9_15,,percent,Ratio,annual,numeric,"Disclosure datapoint as defined in IG3 (ESRS E1-9, paragraph 67.a).",external-standard,entity-specific,entity-assessment-required
urn:sds:reg:esrs:e1_9_16,Percentage of assets at material transition risk addressed by climate change mitigation actions,Ambiental,ESRS/CSRD,E1-9_16,,percent,Ratio,annual,numeric,"Disclosure datapoint as defined in IG3 (ESRS E1-9, paragraph 67.b).",external-standard,entity-specific,entity-assessment-required
urn:sds:reg:esrs:e1_9_17,Total carrying amount of real estate assets by energy efficiency classes,Ambiental,ESRS/CSRD,E1-9_17,,EUR,Currency,annual,monetary,"Disclosure datapoint as defined in IG3 (ESRS E1-9, paragraph 67.c).",external-standard,entity-specific,entity-assessment-required
urn:sds:reg:esrs:e1_9_18,Disclosure of whether and how potential effects on future financial performance and position for assets and business activities at material transition risk have been assessed,Ambiental,ESRS/CSRD,E1-9_18,,Text,Text,annual,narrative,"Disclosure datapoint as defined in IG3 (ESRS E1-9, paragraph ar.72.a.ar.73.a).",external-standard,entity-specific,entity-assessment-required
urn:sds:reg:esrs:e1_9_19,Disclosure of whether and how assessment of assets and business activities considered to be at material transition risk relies on or is part of process to determine material transition risks and to determine scenarios,Ambiental,ESRS/CSRD,E1-9_19,,Text,Text,annual,narrative,"Disclosure datapoint as defined in IG3 (ESRS E1-9, paragraph ar.72.b).",external-standard,entity-specific,entity-assessment-required
urn:sds:reg:esrs:e1_9_20,Estimated amount of potentially stranded assets,Ambiental,ESRS/CSRD,E1-9_20,,EUR,Currency,annual,monetary,"Disclosure datapoint as defined in IG3 (ESRS E1-9, paragraph ar.73.a).",external-standard,entity-specific,entity-assessment-required
urn:sds:reg:esrs:e1_9_21,Percentage of estimated share of potentially stranded assets of total assets at material transition risk,Ambiental,ESRS/CSRD,E1-9_21,,percent,Ratio,annual,numeric,"Disclosure datapoint as defined in IG3 (ESRS E1-9, paragraph ar.73.a).",external-standard,entity-specific,entity-assessment-required
urn:sds:reg:esrs:e1_9_22,Total carrying amount of real estate assets for which energy consumption is based on internal estimates,Ambiental,ESRS/CSRD,E1-9_22,,EUR,Currency,annual,monetary,"Disclosure datapoint as defined in IG3 (ESRS E1-9, paragraph ar.73.b).",external-standard,entity-specific,entity-assessment-required
urn:sds:reg:esrs:e1_9_23,Liabilities from material transition risks that may have to be recognised in financial statements,Ambiental,ESRS/CSRD,E1-9_23,,EUR,Currency,annual,monetary,"Disclosure datapoint as defined in IG3 (ESRS E1-9, paragraph 67.d).",external-standard,entity-specific,entity-assessment-required
urn:sds:reg:esrs:e1_9_24,Number of Scope 1 GHG emission allowances within regulated emission trading schemes,Ambiental,ESRS/CSRD,E1-9_24,,count,Count,annual,numeric,"Disclosure datapoint as defined in IG3 (ESRS E1-9, paragraph ar.74.c).",external-standard,entity-specific,entity-assessment-required
urn:sds:reg:esrs:e1_9_25,Number of emission allowances stored (from previous allowances) at beginning of reporting period,Ambiental,ESRS/CSRD,E1-9_25,,count,Count,annual,numeric,"Disclosure datapoint as defined in IG3 (ESRS E1-9, paragraph ar.74.c).",external-standard,entity-specific,entity-assessment-required
urn:sds:reg:esrs:e1_9_26,"Potential future liabilities, based on existing contractual agreements, associated with carbon credits planned to be cancelled in near future",Ambiental,ESRS/CSRD,E1-9_26,,EUR,Currency,annual,monetary,"Disclosure datapoint as defined in IG3 (ESRS E1-9, paragraph ar.74.d).",external-standard,entity-specific,entity-assessment-required
urn:sds:reg:esrs:e1_9_27,Monetised gross Scope 1 and 2 GHG emissions,Ambiental,ESRS/CSRD,E1-9_27,,EUR,Currency,annual,monetary,"Disclosure datapoint as defined in IG3 (ESRS E1-9, paragraph ar.74.e).",external-standard,entity-specific,entity-assessment-required
urn:sds:reg:esrs:e1_9_28,Monetised total GHG emissions,Ambiental,ESRS/CSRD,E1-9_28,,EUR,Currency,annual,monetary,"Disclosure datapoint as defined in IG3 (ESRS E1-9, paragraph ar.74.e).",external-standard,entity-specific,entity-assessment-required
urn:sds:reg:esrs:e1_9_29,Net revenue from business activities at material transition risk,Ambiental,ESRS/CSRD,E1-9_29,,EUR,Currency,annual,monetary,"Disclosure datapoint as defined in IG3 (ESRS E1-9, paragraph 67.e).",external-standard,entity-specific,entity-assessment-required
urn:sds:reg:esrs:e1_9_30,Net revenue from customers operating in coal-related activities,Ambiental,ESRS/CSRD,E1-9_30,,EUR,Currency,annual,monetary,"Disclosure datapoint as defined in IG3 (ESRS E1-9, paragraph 67.e).",external-standard,entity-specific,entity-assessment-required
urn:sds:reg:esrs:e1_9_31,Net revenue from customers operating in oil-related activities,Ambiental,ESRS/CSRD,E1-9_31,,EUR,Currency,annual,monetary,"Disclosure datapoint as defined in IG3 (ESRS E1-9, paragraph 67.e).",external-standard,entity-specific,entity-assessment-required
urn:sds:reg:esrs:e1_9_32,Net revenue from customers operating in gas-related activities,Ambiental,ESRS/CSRD,E1-9_32,,EUR,Currency,annual,monetary,"Disclosure datapoint as defined in IG3 (ESRS E1-9, paragraph 67.e).",external-standard,entity-specific,entity-assessment-required
urn:sds:reg:esrs:e1_9_33,Percentage of net revenue from customers operating in coal-related activities,Ambiental,ESRS/CSRD,E1-9_33,,percent,Ratio,annual,numeric,"Disclosure datapoint as defined in IG3 (ESRS E1-9, paragraph 67.e).",external-standard,entity-specific,entity-assessment-required
urn:sds:reg:esrs:e1_9_34,Percentage of net revenue from customers operating in oil-related activities,Ambiental,ESRS/CSRD,E1-9_34,,percent,Ratio,annual,numeric,"Disclosure datapoint as defined in IG3 (ESRS E1-9, paragraph 67.e).",external-standard,entity-specific,entity-assessment-required
urn:sds:reg:esrs:e1_9_35,Percentage of net revenue from customers operating in gas-related activities,Ambiental,ESRS/CSRD,E1-9_35,,percent,Ratio,annual,numeric,"Disclosure datapoint as defined in IG3 (ESRS E1-9, paragraph 67.e).",external-standard,entity-specific,entity-assessment-required
urn:sds:reg:esrs:e1_9_36,Percentage of net revenue from business activities at material transition risk,Ambiental,ESRS/CSRD,E1-9_36,,percent,Ratio,annual,numeric,"Disclosure datapoint as defined in IG3 (ESRS E1-9, paragraph ar.76).",external-standard,entity-specific,entity-assessment-required
urn:sds:reg:esrs:e1_9_37,Disclosure of risk factors for net revenue from business activities at material transition risk,Ambiental,ESRS/CSRD,E1-9_37,,Text,Text,annual,narrative,"Disclosure datapoint as defined in IG3 (ESRS E1-9, paragraph ar.76.b).",external-standard,entity-specific,entity-assessment-required
urn:sds:reg:esrs:e1_9_38,Disclosure of anticipated financial effects in terms of margin erosion for business activities at material transition risk,Ambiental,ESRS/CSRD,E1-9_38,,Text,Text,annual,narrative,"Disclosure datapoint as defined in IG3 (ESRS E1-9, paragraph ar.76.b).",external-standard,entity-specific,entity-assessment-required
urn:sds:reg:esrs:e1_9_39,Disclosure of reconciliations with financial statements of significant amounts of assets and net revenue at material physical risk,Ambiental,ESRS/CSRD,E1-9_39,,Text,Text,annual,narrative,"Disclosure datapoint as defined in IG3 (ESRS E1-9, paragraph 68.a).",external-standard,entity-specific,entity-assessment-required
urn:sds:reg:esrs:e1_9_40,"Disclosure of reconciliations with financial statements of significant amounts of assets, liabilities and net revenue at material transition risk",Ambiental,ESRS/CSRD,E1-9_40,,Text,Text,annual,narrative,"Disclosure datapoint as defined in IG3 (ESRS E1-9, paragraph 68.b).",external-standard,entity-specific,entity-assessment-required
urn:sds:reg:esrs:e1_9_41,Expected cost savings from climate change mitigation actions,Ambiental,ESRS/CSRD,E1-9_41,,EUR,Currency,annual,monetary,"Disclosure datapoint as defined in IG3 (ESRS E1-9, paragraph 69.a).",external-standard,entity-specific,entity-assessment-required
urn:sds:reg:esrs:e1_9_42,Expected cost savings from climate change adaptation actions,Ambiental,ESRS/CSRD,E1-9_42,,EUR,Currency,annual,monetary,"Disclosure datapoint as defined in IG3 (ESRS E1-9, paragraph 69.a).",external-standard,entity-specific,entity-assessment-required
urn:sds:reg:esrs:e1_9_43,Potential market size of low-carbon products and services or adaptation solutions to which undertaking has or may have access,Ambiental,ESRS/CSRD,E1-9_43,,EUR,Currency,annual,monetary,"Disclosure datapoint as defined in IG3 (ESRS E1-9, paragraph 69.b).",external-standard,entity-specific,entity-assessment-required
urn:sds:reg:esrs:e1_9_44,Expected changes to net revenue from low-carbon products and services or adaptation solutions to which undertaking has or may have access,Ambiental,ESRS/CSRD,E1-9_44,,EUR,Currency,annual,monetary,"Disclosure datapoint as defined in IG3 (ESRS E1-9, paragraph 69.b).",external-standard,entity-specific,entity-assessment-required
urn:sds:reg:esrs:e1_gov_3_01,"Disclosure of whether and how climate-related considerations are factored into remuneration of members of administrative, management and supervisory bodies",Ambiental,ESRS/CSRD,E1.GOV-3_01,,Text,Text,annual,narrative,"Disclosure datapoint as defined in IG3 (ESRS E1.GOV-3, paragraph 13).",external-standard,entity-specific,entity-assessment-required
urn:sds:reg:esrs:e1_gov_3_02,Percentage of remuneration recognised that is linked to climate related considerations,Ambiental,ESRS/CSRD,E1.GOV-3_02,,percent,Ratio,annual,numeric,"Disclosure datapoint as defined in IG3 (ESRS E1.GOV-3, paragraph 13).",external-standard,entity-specific,entity-assessment-required
urn:sds:reg:esrs:e1_gov_3_03,"Explanation of climate-related considerations that are factored into remuneration of members of administrative, management and supervisory bodies",Ambiental,ESRS/CSRD,E1.GOV-3_03,,Text,Text,annual,narrative,"Disclosure datapoint as defined in IG3 (ESRS E1.GOV-3, paragraph 13).",external-standard,entity-specific,entity-assessment-required
urn:sds:reg:esrs:e1_iro_1_01,Description of process in relation to impacts on climate change,Ambiental,ESRS/CSRD,E1.IRO-1_01,,Text,Text,annual,narrative,"Disclosure datapoint as defined in IG3 (ESRS E1.IRO-1, paragraph 20.a.ar.9).",external-standard,entity-specific,entity-assessment-required
urn:sds:reg:esrs:e1_iro_1_02,Description of process in relation to climate-related physical risks in own operations and along value chain,Ambiental,ESRS/CSRD,E1.IRO-1_02,,Text,Text,annual,narrative,"Disclosure datapoint as defined in IG3 (ESRS E1.IRO-1, paragraph 20.b).",external-standard,entity-specific,entity-assessment-required
urn:sds:reg:esrs:e1_iro_1_03,"Climate-related hazards have been identified over short-, medium- and long-term time horizons",Ambiental,ESRS/CSRD,E1.IRO-1_03,,Boolean,Boolean,annual,boolean,"Disclosure datapoint as defined in IG3 (ESRS E1.IRO-1, paragraph ar.11.a).",external-standard,entity-specific,entity-assessment-required
urn:sds:reg:esrs:e1_iro_1_04,Undertaking has screened whether assets and business activities may be exposed to climate-related hazards,Ambiental,ESRS/CSRD,E1.IRO-1_04,,Boolean,Boolean,annual,boolean,"Disclosure datapoint as defined in IG3 (ESRS E1.IRO-1, paragraph ar.11.a).",external-standard,entity-specific,entity-assessment-required
urn:sds:reg:esrs:e1_iro_1_05,"Short-, medium- and long-term time horizons have been defined",Ambiental,ESRS/CSRD,E1.IRO-1_05,,Boolean,Boolean,annual,boolean,"Disclosure datapoint as defined in IG3 (ESRS E1.IRO-1, paragraph ar.11.b).",external-standard,entity-specific,entity-assessment-required
urn:sds:reg:esrs:e1_iro_1_06,Extent to which assets and business activities may be exposed and are sensitive to identified climate-related hazards has been assessed,Ambiental,ESRS/CSRD,E1.IRO-1_06,,Boolean,Boolean,annual,boolean,"Disclosure datapoint as defined in IG3 (ESRS E1.IRO-1, paragraph ar.11.c).",external-standard,entity-specific,entity-assessment-required
urn:sds:reg:esrs:e1_iro_1_07,Identification of climate-related hazards and assessment of exposure and sensitivity are informed by high emissions climate scenarios,Ambiental,ESRS/CSRD,E1.IRO-1_07,,Boolean,Boolean,annual,boolean,"Disclosure datapoint as defined in IG3 (ESRS E1.IRO-1, paragraph ar.11.d).",external-standard,entity-specific,entity-assessment-required
urn:sds:reg:esrs:e1_iro_1_08,"Explanation of how climate-related scenario analysis has been used to inform identification and assessment of physical risks over short, medium and long-term",Ambiental,ESRS/CSRD,E1.IRO-1_08,,Text,Text,annual,narrative,"Disclosure datapoint as defined in IG3 (ESRS E1.IRO-1, paragraph 21).",external-standard,entity-specific,entity-assessment-required
urn:sds:reg:esrs:e1_iro_1_09,Description of process in relation to climate-related transition risks and opportunities in own operations and along value chain,Ambiental,ESRS/CSRD,E1.IRO-1_09,,Text,Text,annual,narrative,"Disclosure datapoint as defined in IG3 (ESRS E1.IRO-1, paragraph 20.c).",external-standard,entity-specific,entity-assessment-required
urn:sds:reg:esrs:e1_iro_1_10,"Transition events have been identified over short-, medium- and long-term time horizons",Ambiental,ESRS/CSRD,E1.IRO-1_10,,Boolean,Boolean,annual,boolean,"Disclosure datapoint as defined in IG3 (ESRS E1.IRO-1, paragraph ar.12.a).",external-standard,entity-specific,entity-assessment-required
urn:sds:reg:esrs:e1_iro_1_11,Undertaking has screened whether assets and business activities may be exposed to transition events,Ambiental,ESRS/CSRD,E1.IRO-1_11,,Boolean,Boolean,annual,boolean,"Disclosure datapoint as defined in IG3 (ESRS E1.IRO-1, paragraph ar.12.a).",external-standard,entity-specific,entity-assessment-required
urn:sds:reg:esrs:e1_iro_1_12,Extent to which assets and business activities may be exposed and are sensitive to identified transition events has been assessed,Ambiental,ESRS/CSRD,E1.IRO-1_12,,Boolean,Boolean,annual,boolean,"Disclosure datapoint as defined in IG3 (ESRS E1.IRO-1, paragraph ar.12.b).",external-standard,entity-specific,entity-assessment-required
urn:sds:reg:esrs:e1_iro_1_13,Identification of transition events and assessment of exposure has been informed by climate-related scenario analysis,Ambiental,ESRS/CSRD,E1.IRO-1_13,,Boolean,Boolean,annual,boolean,"Disclosure datapoint as defined in IG3 (ESRS E1.IRO-1, paragraph ar.12.c).",external-standard,entity-specific,entity-assessment-required
urn:sds:reg:esrs:e1_iro_1_14,Assets and business activities that are incompatible with or need significant efforts to be compatible with transition to climate-neutral economy have been identified,Ambiental,ESRS/CSRD,E1.IRO-1_14,,Boolean,Boolean,annual,boolean,"Disclosure datapoint as defined in IG3 (ESRS E1.IRO-1, paragraph ar.12.d).",external-standard,entity-specific,entity-assessment-required
urn:sds:reg:esrs:e1_iro_1_15,"Explanation of how climate-related scenario analysis has been used to inform identification and assessment of transition risks and opportunities over short, medium and long-term",Ambiental,ESRS/CSRD,E1.IRO-1_15,,Text,Text,annual,narrative,"Disclosure datapoint as defined in IG3 (ESRS E1.IRO-1, paragraph 21).",external-standard,entity-specific,entity-assessment-required
urn:sds:reg:esrs:e1_iro_1_16,Explanation of how climate scenarios used are compatible with critical climate-related assumptions made in financial statements,Ambiental,ESRS/CSRD,E1.IRO-1_16,,Text,Text,annual,narrative,"Disclosure datapoint as defined in IG3 (ESRS E1.IRO-1, paragraph ar.15).",external-standard,entity-specific,entity-assessment-required
urn:sds:reg:esrs:e1_sbm_3_01,Type of climate-related risk,Ambiental,ESRS/CSRD,E1.SBM-3_01,,Text,Text,annual,semi-narrative,"Disclosure datapoint as defined in IG3 (ESRS E1.SBM-3, paragraph 18).",external-standard,entity-specific,entity-assessment-required
urn:sds:reg:esrs:e1_sbm_3_02,Description of scope of resilience analysis,Ambiental,ESRS/CSRD,E1.SBM-3_02,,Text,Text,annual,narrative,"Disclosure datapoint as defined in IG3 (ESRS E1.SBM-3, paragraph 19.a).",external-standard,entity-specific,entity-assessment-required
urn:sds:reg:esrs:e1_sbm_3_03,Disclosure of how resilience analysis has been conducted,Ambiental,ESRS/CSRD,E1.SBM-3_03,,Text,Text,annual,narrative,"Disclosure datapoint as defined in IG3 (ESRS E1.SBM-3, paragraph 19.b).",external-standard,entity-specific,entity-assessment-required
urn:sds:reg:esrs:e1_sbm_3_04,Disclosure of when resilience analysis has been conducted,Ambiental,ESRS/CSRD,E1.SBM-3_04,,Text,Text,annual,narrative,"Disclosure datapoint as defined in IG3 (ESRS E1.SBM-3, paragraph 19.b).",external-standard,entity-specific,entity-assessment-required
urn:sds:reg:esrs:e1_sbm_3_05,Time horizons applied for resilience analysis,Ambiental,ESRS/CSRD,E1.SBM-3_05,,Text,Text,annual,semi-narrative,"Disclosure datapoint as defined in IG3 (ESRS E1.SBM-3, paragraph ar.7b).",external-standard,entity-specific,entity-assessment-required
urn:sds:reg:esrs:e1_sbm_3_06,Description of results of resilience analysis,Ambiental,ESRS/CSRD,E1.SBM-3_06,,Text,Text,annual,narrative,"Disclosure datapoint as defined in IG3 (ESRS E1.SBM-3, paragraph 19.c).",external-standard,entity-specific,entity-assessment-required
urn:sds:reg:esrs:e1_sbm_3_07,Description of ability to adjust or adapt strategy and business model to climate change,Ambiental,ESRS/CSRD,E1.SBM-3_07,,Text,Text,annual,narrative,"Disclosure datapoint as defined in IG3 (ESRS E1.SBM-3, paragraph ar.8.b).",external-standard,entity-specific,entity-assessment-required
urn:sds:reg:esrs:e2_1_01,"Disclosure of whether and how policy addresses mitigating negative impacts related to pollution of air, water and soil",Ambiental,ESRS/CSRD,E2-1_01,,Boolean,Boolean,annual,boolean,"Disclosure datapoint as defined in IG3 (ESRS E2-1, paragraph 15.a).",external-standard,entity-specific,entity-assessment-required
urn:sds:reg:esrs:e2_1_02,Disclosure of whether and how policy addresses substituting and minimising use of substances of concern and phasing out substances of very high concern,Ambiental,ESRS/CSRD,E2-1_02,,Boolean,Boolean,annual,boolean,"Disclosure datapoint as defined in IG3 (ESRS E2-1, paragraph 15.b).",external-standard,entity-specific,entity-assessment-required
urn:sds:reg:esrs:e2_1_03,"Disclosure of whether and how policy addresses avoiding incidents and emergency situations, and if and when they occur, controlling and limiting their impact on people and environment",Ambiental,ESRS/CSRD,E2-1_03,,Boolean,Boolean,annual,boolean,"Disclosure datapoint as defined in IG3 (ESRS E2-1, paragraph 15.c).",external-standard,entity-specific,entity-assessment-required
urn:sds:reg:esrs:e2_1_04,"Disclosure of contextual information on relations between policies implemented and how policies contribute to EU Action Plan Towards Zero Pollution for Air, Water and Soil",Ambiental,ESRS/CSRD,E2-1_04,,Text,Text,annual,narrative,"Disclosure datapoint as defined in IG3 (ESRS E2-1, paragraph ar.12).",external-standard,entity-specific,entity-assessment-required
urn:sds:reg:esrs:e2_2_01,Layer in mitigation hierarchy to which action can be allocated to (pollution),Ambiental,ESRS/CSRD,E2-2_01,,Text,Text,annual,semi-narrative,"Disclosure datapoint as defined in IG3 (ESRS E2-2, paragraph 19).",external-standard,entity-specific,entity-assessment-required
urn:sds:reg:esrs:e2_2_02,Action related to pollution extends to upstream/downstream value chain engagements,Ambiental,ESRS/CSRD,E2-2_02,,Text,Text,annual,narrative,"Disclosure datapoint as defined in IG3 (ESRS E2-2, paragraph ar.13).",external-standard,entity-specific,entity-assessment-required
urn:sds:reg:esrs:e2_2_03,Layer in mitigation hierarchy to which resources can be allocated to (pollution),Ambiental,ESRS/CSRD,E2-2_03,,Text,Text,annual,semi-narrative,"Disclosure datapoint as defined in IG3 (ESRS E2-2, paragraph 19).",external-standard,entity-specific,entity-assessment-required
urn:sds:reg:esrs:e2_2_04,Information about action plans that have been implemented at site-level (pollution),Ambiental,ESRS/CSRD,E2-2_04,,Boolean,Boolean,annual,boolean,"Disclosure datapoint as defined in IG3 (ESRS E2-2, paragraph ar.15).",external-standard,entity-specific,entity-assessment-required
urn:sds:reg:esrs:e2_3_01,Disclosure of whether and how target relates to prevention and control of air pollutants and respective specific loads,Ambiental,ESRS/CSRD,E2-3_01,,Boolean,Boolean,annual,boolean,"Disclosure datapoint as defined in IG3 (ESRS E2-3, paragraph 23.a).",external-standard,entity-specific,entity-assessment-required
urn:sds:reg:esrs:e2_3_02,Disclosure of whether and how target relates to prevention and control of emissions to water and respective specific loads,Ambiental,ESRS/CSRD,E2-3_02,,Boolean,Boolean,annual,boolean,"Disclosure datapoint as defined in IG3 (ESRS E2-3, paragraph 23.b).",external-standard,entity-specific,entity-assessment-required
urn:sds:reg:esrs:e2_3_03,Disclosure of whether and how target relates to prevention and control of pollution to soil and respective specific loads,Ambiental,ESRS/CSRD,E2-3_03,,Boolean,Boolean,annual,boolean,"Disclosure datapoint as defined in IG3 (ESRS E2-3, paragraph 23.c).",external-standard,entity-specific,entity-assessment-required
urn:sds:reg:esrs:e2_3_04,Disclosure of whether and how target relates to prevention and control of substances of concern and substances of very high concern,Ambiental,ESRS/CSRD,E2-3_04,,Text,Text,annual,narrative,"Disclosure datapoint as defined in IG3 (ESRS E2-3, paragraph 23.d).",external-standard,entity-specific,entity-assessment-required
urn:sds:reg:esrs:e2_3_05,Ecological thresholds and entity-specific allocations were taken into consideration when setting pollution-related target,Ambiental,ESRS/CSRD,E2-3_05,,Boolean,Boolean,annual,boolean,"Disclosure datapoint as defined in IG3 (ESRS E2-3, paragraph 24).",external-standard,entity-specific,entity-assessment-required
urn:sds:reg:esrs:e2_3_06,Disclosure of ecological thresholds identified and methodology used to identify ecological thresholds (pollution),Ambiental,ESRS/CSRD,E2-3_06,,Text,Text,annual,narrative,"Disclosure datapoint as defined in IG3 (ESRS E2-3, paragraph 24.a).",external-standard,entity-specific,entity-assessment-required
urn:sds:reg:esrs:e2_3_07,Disclosure of how ecological entity-specific thresholds were determined (pollution),Ambiental,ESRS/CSRD,E2-3_07,,Text,Text,annual,narrative,"Disclosure datapoint as defined in IG3 (ESRS E2-3, paragraph 24.b).",external-standard,entity-specific,entity-assessment-required
urn:sds:reg:esrs:e2_3_08,Disclosure of how responsibility for respecting identified ecological thresholds is allocated (pollution),Ambiental,ESRS/CSRD,E2-3_08,,Text,Text,annual,narrative,"Disclosure datapoint as defined in IG3 (ESRS E2-3, paragraph 24.c).",external-standard,entity-specific,entity-assessment-required
urn:sds:reg:esrs:e2_3_09,Pollution-related target is mandatory (required by legislation)/voluntary,Ambiental,ESRS/CSRD,E2-3_09,,Boolean,Boolean,annual,boolean,"Disclosure datapoint as defined in IG3 (ESRS E2-3, paragraph 25).",external-standard,entity-specific,entity-assessment-required
urn:sds:reg:esrs:e2_3_10,Pollution-related target addresses shortcomings related to Substantial Contribution criteria for Pollution Prevention and Control,Ambiental,ESRS/CSRD,E2-3_10,,Boolean,Boolean,annual,boolean,"Disclosure datapoint as defined in IG3 (ESRS E2-3, paragraph ar.17).",external-standard,entity-specific,entity-assessment-required
urn:sds:reg:esrs:e2_3_11,Information about targets that have been implemented at site-level (pollution),Ambiental,ESRS/CSRD,E2-3_11,,Text,Text,annual,narrative,"Disclosure datapoint as defined in IG3 (ESRS E2-3, paragraph ar.18).",external-standard,entity-specific,entity-assessment-required
urn:sds:reg:esrs:e2_4_01,"Pollution of air, water and soil",Ambiental,ESRS/CSRD,E2-4_01,,Text,Text,annual,narrative,"Disclosure datapoint as defined in IG3 (ESRS E2-4, paragraph 28.a).",external-standard,entity-specific,entity-assessment-required
urn:sds:reg:esrs:e2_4_02,Emissions to air by pollutant,Ambiental,ESRS/CSRD,E2-4_02,,tonnes,Mass,annual,numeric,"Disclosure datapoint as defined in IG3 (ESRS E2-4, paragraph 28.a).",external-standard,entity-specific,entity-assessment-required
urn:sds:reg:esrs:e2_4_03,Emissions to water by pollutant,Ambiental,ESRS/CSRD,E2-4_03,,tonnes,Mass,annual,numeric,"Disclosure datapoint as defined in IG3 (ESRS E2-4, paragraph 28.a).",external-standard,entity-specific,entity-assessment-required
urn:sds:reg:esrs:e2_4_04,Emissions to soil by pollutant,Ambiental,ESRS/CSRD,E2-4_04,,tonnes,Mass,annual,numeric,"Disclosure datapoint as defined in IG3 (ESRS E2-4, paragraph 28.a).",external-standard,entity-specific,entity-assessment-required
urn:sds:reg:esrs:e2_4_05,Microplastics generated and used,Ambiental,ESRS/CSRD,E2-4_05,,tonnes,Mass,annual,numeric,"Disclosure datapoint as defined in IG3 (ESRS E2-4, paragraph 28.b).",external-standard,entity-specific,entity-assessment-required
urn:sds:reg:esrs:e2_4_06,Microplastics generated,Ambiental,ESRS/CSRD,E2-4_06,,tonnes,Mass,annual,numeric,"Disclosure datapoint as defined in IG3 (ESRS E2-4, paragraph 28.b).",external-standard,entity-specific,entity-assessment-required
urn:sds:reg:esrs:e2_4_07,Microplastics used,Ambiental,ESRS/CSRD,E2-4_07,,tonnes,Mass,annual,numeric,"Disclosure datapoint as defined in IG3 (ESRS E2-4, paragraph 28.b).",external-standard,entity-specific,entity-assessment-required
urn:sds:reg:esrs:e2_4_08,"Description of changes over time (pollution of air, water and soil)",Ambiental,ESRS/CSRD,E2-4_08,,Text,Text,annual,narrative,"Disclosure datapoint as defined in IG3 (ESRS E2-4, paragraph 30.a).",external-standard,entity-specific,entity-assessment-required
urn:sds:reg:esrs:e2_4_09,"Description of measurement methodologies (pollution of air, water and soil)",Ambiental,ESRS/CSRD,E2-4_09,,Text,Text,annual,narrative,"Disclosure datapoint as defined in IG3 (ESRS E2-4, paragraph 30.b).",external-standard,entity-specific,entity-assessment-required
urn:sds:reg:esrs:e2_4_10,Description of process(es) to collect data for pollution-related accounting and reporting,Ambiental,ESRS/CSRD,E2-4_10,,Text,Text,annual,narrative,"Disclosure datapoint as defined in IG3 (ESRS E2-4, paragraph 30.c).",external-standard,entity-specific,entity-assessment-required
urn:sds:reg:esrs:e2_4_11,Percentage of total emissions of pollutants to water occurring in areas at water risk,Ambiental,ESRS/CSRD,E2-4_11,,percent,Ratio,annual,numeric,"Disclosure datapoint as defined in IG3 (ESRS E2-4, paragraph ar.23.c).",external-standard,entity-specific,entity-assessment-required
urn:sds:reg:esrs:e2_4_12,Percentage of total emissions of pollutants to water occurring in areas of high-water stress,Ambiental,ESRS/CSRD,E2-4_12,,percent,Ratio,annual,numeric,"Disclosure datapoint as defined in IG3 (ESRS E2-4, paragraph ar.23.c).",external-standard,entity-specific,entity-assessment-required
urn:sds:reg:esrs:e2_4_13,Percentage of total emissions of pollutants to soil occurring in areas at water risk,Ambiental,ESRS/CSRD,E2-4_13,,percent,Ratio,annual,numeric,"Disclosure datapoint as defined in IG3 (ESRS E2-4, paragraph ar.23.c).",external-standard,entity-specific,entity-assessment-required
urn:sds:reg:esrs:e2_4_14,Percentage of total emissions of pollutants to soil occurring in areas of high-water stress,Ambiental,ESRS/CSRD,E2-4_14,,percent,Ratio,annual,numeric,"Disclosure datapoint as defined in IG3 (ESRS E2-4, paragraph ar.23.c).",external-standard,entity-specific,entity-assessment-required
urn:sds:reg:esrs:e2_4_15,Disclosure of reasons for choosing inferior methodology to quantify emissions,Ambiental,ESRS/CSRD,E2-4_15,,Text,Text,annual,narrative,"Disclosure datapoint as defined in IG3 (ESRS E2-4, paragraph 31).",external-standard,entity-specific,entity-assessment-required
urn:sds:reg:esrs:e2_4_16,Disclosure of list of installations operated that fall under IED and EU BAT Conclusions,Ambiental,ESRS/CSRD,E2-4_16,,Text,Text,annual,narrative,"Disclosure datapoint as defined in IG3 (ESRS E2-4, paragraph ar.25a).",external-standard,entity-specific,entity-assessment-required
urn:sds:reg:esrs:e2_4_17,Disclosure of list of any non-compliance incidents or enforcement actions necessary to ensure compliance in case of breaches of permit conditions,Ambiental,ESRS/CSRD,E2-4_17,,Text,Text,annual,narrative,"Disclosure datapoint as defined in IG3 (ESRS E2-4, paragraph ar.25b).",external-standard,entity-specific,entity-assessment-required
urn:sds:reg:esrs:e2_4_18,Disclosure of actual performance and comparison of environmental performance against emission levels associated with best available techniques (BAT-AEL) as described in EU-BAT conclusions,Ambiental,ESRS/CSRD,E2-4_18,,Text,Text,annual,narrative,"Disclosure datapoint as defined in IG3 (ESRS E2-4, paragraph ar.25c).",external-standard,entity-specific,entity-assessment-required
urn:sds:reg:esrs:e2_4_19,Disclosure of actual performance against environmental performance levels associated with best available techniques (BAT-AEPLs) applicable to sector and installation,Ambiental,ESRS/CSRD,E2-4_19,,Text,Text,annual,narrative,"Disclosure datapoint as defined in IG3 (ESRS E2-4, paragraph ar.25d).",external-standard,entity-specific,entity-assessment-required
urn:sds:reg:esrs:e2_4_20,Disclosure of list of any compliance schedules or derogations granted by competent authorities according to Article 15(4) IED that are associated with implementation of BAT-AELs,Ambiental,ESRS/CSRD,E2-4_20,,Text,Text,annual,narrative,"Disclosure datapoint as defined in IG3 (ESRS E2-4, paragraph ar.25e).",external-standard,entity-specific,entity-assessment-required
urn:sds:reg:esrs:e2_5_01,"Total amount of substances of concern that are generated or used during production or that are procured, breakdown by main hazard classes of substances of concern",Ambiental,ESRS/CSRD,E2-5_01,,tonnes,Mass,annual,numeric,"Disclosure datapoint as defined in IG3 (ESRS E2-5, paragraph 34).",external-standard,entity-specific,entity-assessment-required
urn:sds:reg:esrs:e2_5_02,Total amount of substances of concern that are generated or used during production or that are procured,Ambiental,ESRS/CSRD,E2-5_02,,tonnes,Mass,annual,numeric,"Disclosure datapoint as defined in IG3 (ESRS E2-5, paragraph 34).",external-standard,entity-specific,entity-assessment-required
urn:sds:reg:esrs:e2_5_03,"Total amount of substances of concern that leave facilities as emissions, as products, or as part of products or services",Ambiental,ESRS/CSRD,E2-5_03,,tonnes,Mass,annual,numeric,"Disclosure datapoint as defined in IG3 (ESRS E2-5, paragraph 34).",external-standard,entity-specific,entity-assessment-required
urn:sds:reg:esrs:e2_5_04,Amount of substances of concern that leave facilities as emissions by main hazard classes of substances of concern,Ambiental,ESRS/CSRD,E2-5_04,,tonnes,Mass,annual,numeric,"Disclosure datapoint as defined in IG3 (ESRS E2-5, paragraph 34).",external-standard,entity-specific,entity-assessment-required
urn:sds:reg:esrs:e2_5_05,Amount of substances of concern that leave facilities as products by main hazard classes of substances of concern,Ambiental,ESRS/CSRD,E2-5_05,,tonnes,Mass,annual,numeric,"Disclosure datapoint as defined in IG3 (ESRS E2-5, paragraph 34).",external-standard,entity-specific,entity-assessment-required
urn:sds:reg:esrs:e2_5_06,Amount of substances of concern that leave facilities as part of products by main hazard classes of substances of concern,Ambiental,ESRS/CSRD,E2-5_06,,tonnes,Mass,annual,numeric,"Disclosure datapoint as defined in IG3 (ESRS E2-5, paragraph 34).",external-standard,entity-specific,entity-assessment-required
urn:sds:reg:esrs:e2_5_07,Amount of substances of concern that leave facilities as services by main hazard classes of substances of concern,Ambiental,ESRS/CSRD,E2-5_07,,tonnes,Mass,annual,numeric,"Disclosure datapoint as defined in IG3 (ESRS E2-5, paragraph 34).",external-standard,entity-specific,entity-assessment-required
urn:sds:reg:esrs:e2_5_08,Total amount of substances of very high concern that are generated or used during production or that are procured by main hazard classes of substances of concern,Ambiental,ESRS/CSRD,E2-5_08,,tonnes,Mass,annual,numeric,"Disclosure datapoint as defined in IG3 (ESRS E2-5, paragraph 35).",external-standard,entity-specific,entity-assessment-required
urn:sds:reg:esrs:e2_5_09,"Total amount of substances of very high concern that leave facilities as emissions, as products, or as part of products or services by main hazard classes of substances of concern",Ambiental,ESRS/CSRD,E2-5_09,,tonnes,Mass,annual,numeric,"Disclosure datapoint as defined in IG3 (ESRS E2-5, paragraph 35).",external-standard,entity-specific,entity-assessment-required
urn:sds:reg:esrs:e2_5_10,Amount of substances of very high concern that leave facilities as emissions by main hazard classes of substances of concern,Ambiental,ESRS/CSRD,E2-5_10,,tonnes,Mass,annual,numeric,"Disclosure datapoint as defined in IG3 (ESRS E2-5, paragraph 35).",external-standard,entity-specific,entity-assessment-required
urn:sds:reg:esrs:e2_5_11,Amount of substances of very high concern that leave facilities as products by main hazard classes of substances of concern,Ambiental,ESRS/CSRD,E2-5_11,,tonnes,Mass,annual,numeric,"Disclosure datapoint as defined in IG3 (ESRS E2-5, paragraph 35).",external-standard,entity-specific,entity-assessment-required
urn:sds:reg:esrs:e2_5_12,Amount of substances of very high concern that leave facilities as part of products by main hazard classes of substances of concern,Ambiental,ESRS/CSRD,E2-5_12,,tonnes,Mass,annual,numeric,"Disclosure datapoint as defined in IG3 (ESRS E2-5, paragraph 35).",external-standard,entity-specific,entity-assessment-required
urn:sds:reg:esrs:e2_5_13,Amount of substances of very high concern that leave facilities as services by main hazard classes of substances of concern,Ambiental,ESRS/CSRD,E2-5_13,,tonnes,Mass,annual,numeric,"Disclosure datapoint as defined in IG3 (ESRS E2-5, paragraph 35).",external-standard,entity-specific,entity-assessment-required
urn:sds:reg:esrs:e2_6_01,Disclosure of quantitative information about anticipated financial effects of material risks and opportunities arising from pollution-related impacts,Ambiental,ESRS/CSRD,E2-6_01,,Text,Text,annual,narrative,"Disclosure datapoint as defined in IG3 (ESRS E2-6, paragraph 39.a).",external-standard,entity-specific,entity-assessment-required
urn:sds:reg:esrs:e2_6_02,Percentage of net revenue made with products and services that are or that contain substances of concern,Ambiental,ESRS/CSRD,E2-6_02,,percent,Ratio,annual,numeric,"Disclosure datapoint as defined in IG3 (ESRS E2-6, paragraph 40.a).",external-standard,entity-specific,entity-assessment-required
urn:sds:reg:esrs:e2_6_03,Percentage of net revenue made with products and services that are or that contain substances of very high concern,Ambiental,ESRS/CSRD,E2-6_03,,percent,Ratio,annual,numeric,"Disclosure datapoint as defined in IG3 (ESRS E2-6, paragraph 40.a).",external-standard,entity-specific,entity-assessment-required
urn:sds:reg:esrs:e2_6_04,Operating expenditures (OpEx) in conjunction with major incidents and deposits (pollution),Ambiental,ESRS/CSRD,E2-6_04,,EUR,Currency,annual,monetary,"Disclosure datapoint as defined in IG3 (ESRS E2-6, paragraph 40.b).",external-standard,entity-specific,entity-assessment-required
urn:sds:reg:esrs:e2_6_05,Capital expenditures (CapEx) in conjunction with major incidents and deposits (pollution),Ambiental,ESRS/CSRD,E2-6_05,,EUR,Currency,annual,monetary,"Disclosure datapoint as defined in IG3 (ESRS E2-6, paragraph 40.b).",external-standard,entity-specific,entity-assessment-required
urn:sds:reg:esrs:e2_6_06,Provisions for environmental protection and remediation costs (pollution),Ambiental,ESRS/CSRD,E2-6_06,,EUR,Currency,annual,monetary,"Disclosure datapoint as defined in IG3 (ESRS E2-6, paragraph 40.c).",external-standard,entity-specific,entity-assessment-required
urn:sds:reg:esrs:e2_6_07,Disclosure of qualitative information about anticipated financial effects of material risks and opportunities arising from pollution-related impacts,Ambiental,ESRS/CSRD,E2-6_07,,Text,Text,annual,narrative,"Disclosure datapoint as defined in IG3 (ESRS E2-6, paragraph 39.a).",external-standard,entity-specific,entity-assessment-required
urn:sds:reg:esrs:e2_6_08,"Description of effects considered, related impacts and time horizons in which they are likely to materialise (pollution)",Ambiental,ESRS/CSRD,E2-6_08,,Text,Text,annual,narrative,"Disclosure datapoint as defined in IG3 (ESRS E2-6, paragraph 39.b).",external-standard,entity-specific,entity-assessment-required
urn:sds:reg:esrs:e2_6_09,"Disclosure of critical assumptions used to quantify anticipated financial effects, sources and level of uncertainty of assumptions (pollution)",Ambiental,ESRS/CSRD,E2-6_09,,Text,Text,annual,narrative,"Disclosure datapoint as defined in IG3 (ESRS E2-6, paragraph 39.c).",external-standard,entity-specific,entity-assessment-required
urn:sds:reg:esrs:e2_6_10,"Description of material incidents and deposits whereby pollution had negative impacts on environment and (or) is expected to have negative effects on financial cash flows, financial position and financial performance",Ambiental,ESRS/CSRD,E2-6_10,,Text,Text,annual,narrative,"Disclosure datapoint as defined in IG3 (ESRS E2-6, paragraph 41).",external-standard,entity-specific,entity-assessment-required
urn:sds:reg:esrs:e2_6_11,"Disclosure of assessment of related products and services at risk and explanation how time horizon is defined, financial amounts are estimated, and which critical assumptions are made (pollution)",Ambiental,ESRS/CSRD,E2-6_11,,Text,Text,annual,narrative,"Disclosure datapoint as defined in IG3 (ESRS E2-6, paragraph ar.33).",external-standard,entity-specific,entity-assessment-required
urn:sds:reg:esrs:e2_iro_1_01,"Information about the process to identify actual and potential pollution-related impacts, risks and opportuntities",Ambiental,ESRS/CSRD,E2.IRO-1_01,,Text,Boolean,annual,narrative,"Disclosure datapoint as defined in IG3 (ESRS E2.IRO-1, paragraph 11.a).",external-standard,entity-specific,entity-assessment-required
urn:sds:reg:esrs:e2_iro_1_02,Disclosure of whether and how consultations have been conducted (pollution),Ambiental,ESRS/CSRD,E2.IRO-1_02,,Text,Text,annual,narrative,"Disclosure datapoint as defined in IG3 (ESRS E2.IRO-1, paragraph 11.b).",external-standard,entity-specific,entity-assessment-required
urn:sds:reg:esrs:e2_iro_1_03,Disclosure of results of materiality assessment (pollution),Ambiental,ESRS/CSRD,E2.IRO-1_03,,Text,Text,annual,narrative,"Disclosure datapoint as defined in IG3 (ESRS E2.IRO-1, paragraph ar.9).",external-standard,entity-specific,entity-assessment-required
urn:sds:reg:esrs:e3_1_01,Disclosure of whether and how policy adresses water management,Ambiental,ESRS/CSRD,E3-1_01,,Boolean,Boolean,annual,boolean,"Disclosure datapoint as defined in IG3 (ESRS E3-1, paragraph 12a).",external-standard,entity-specific,entity-assessment-required
urn:sds:reg:esrs:e3_1_02,Disclosure of whether and how policy adresses the use and sourcing of water and marine resources in own operations,Ambiental,ESRS/CSRD,E3-1_02,,Boolean,Boolean,annual,boolean,"Disclosure datapoint as defined in IG3 (ESRS E3-1, paragraph 12a.i).",external-standard,entity-specific,entity-assessment-required
urn:sds:reg:esrs:e3_1_03,Disclosure of whether and how policy adresses water treatment,Ambiental,ESRS/CSRD,E3-1_03,,Boolean,Boolean,annual,boolean,"Disclosure datapoint as defined in IG3 (ESRS E3-1, paragraph 12a.ii).",external-standard,entity-specific,entity-assessment-required
urn:sds:reg:esrs:e3_1_04,Disclosure of whether and how policy adresses prevention and abatment of water pollution,Ambiental,ESRS/CSRD,E3-1_04,,Boolean,Boolean,annual,boolean,"Disclosure datapoint as defined in IG3 (ESRS E3-1, paragraph 12a.iii).",external-standard,entity-specific,entity-assessment-required
urn:sds:reg:esrs:e3_1_05,Disclosure of whether and how policy adresses product and service design in view of addressing water-related issues and preservation of marine resources,Ambiental,ESRS/CSRD,E3-1_05,,Boolean,Boolean,annual,boolean,"Disclosure datapoint as defined in IG3 (ESRS E3-1, paragraph 12.b).",external-standard,entity-specific,entity-assessment-required
urn:sds:reg:esrs:e3_1_06,Disclosure of whether and how policy adresses commitment to reduce material water consumption in areas at water risk,Ambiental,ESRS/CSRD,E3-1_06,,Boolean,Boolean,annual,boolean,"Disclosure datapoint as defined in IG3 (ESRS E3-1, paragraph 12.c).",external-standard,entity-specific,entity-assessment-required
urn:sds:reg:esrs:e3_1_07,Disclosure of reasons for not having adopted policies in areas of high-water stress,Ambiental,ESRS/CSRD,E3-1_07,,Text,Text,annual,narrative,"Disclosure datapoint as defined in IG3 (ESRS E3-1, paragraph 13).",external-standard,entity-specific,entity-assessment-required
urn:sds:reg:esrs:e3_1_08,Disclosure of timeframe in which policies in areas of high-water stress will be adopted,Ambiental,ESRS/CSRD,E3-1_08,,Text,Text,annual,narrative,"Disclosure datapoint as defined in IG3 (ESRS E3-1, paragraph 13).",external-standard,entity-specific,entity-assessment-required
urn:sds:reg:esrs:e3_1_09,Policies or practices related to sustainable oceans and seas have been adopted,Ambiental,ESRS/CSRD,E3-1_09,,Boolean,Boolean,annual,boolean,"Disclosure datapoint as defined in IG3 (ESRS E3-1, paragraph 14).",external-standard,entity-specific,entity-assessment-required
urn:sds:reg:esrs:e3_1_10,"The policly contributes to good ecological and chemical quality of surface water bodies and good chemical quality and quantity of groundwater bodies, in order to protect human health, water supply, natural ecosystems and biodiversity, the good environmental status of marine waters and the protection of the resource base upon which marine related activities depend;",Ambiental,ESRS/CSRD,E3-1_10,,Boolean,Boolean,annual,boolean,"Disclosure datapoint as defined in IG3 (ESRS E3-1, paragraph ar.18a).",external-standard,entity-specific,entity-assessment-required
urn:sds:reg:esrs:e3_1_11,The policy minimise material impacts and risks and implement mitigation measures that aim to maintain the value and functionality of priority services and to increase resource efficiency on own operations,Ambiental,ESRS/CSRD,E3-1_11,,Boolean,Boolean,annual,boolean,"Disclosure datapoint as defined in IG3 (ESRS E3-1, paragraph ar.18b).",external-standard,entity-specific,entity-assessment-required
urn:sds:reg:esrs:e3_1_12,The policy avoid impacts on affected communities.,Ambiental,ESRS/CSRD,E3-1_12,,Boolean,Boolean,annual,boolean,"Disclosure datapoint as defined in IG3 (ESRS E3-1, paragraph ar.18c).",external-standard,entity-specific,entity-assessment-required
urn:sds:reg:esrs:e3_2_01,Layer in mitigation hierarchy to which action and resources can be allocated to (water and marine resources),Ambiental,ESRS/CSRD,E3-2_01,,Text,Text,annual,semi-narrative,"Disclosure datapoint as defined in IG3 (ESRS E3-2, paragraph 18).",external-standard,entity-specific,entity-assessment-required
urn:sds:reg:esrs:e3_2_02,Information about specific collective action for water and marine resources,Ambiental,ESRS/CSRD,E3-2_02,,Text,Text,annual,narrative,"Disclosure datapoint as defined in IG3 (ESRS E3-2, paragraph AR20).",external-standard,entity-specific,entity-assessment-required
urn:sds:reg:esrs:e3_2_03,Disclosure of actions and resources in relation to areas at water risk,Ambiental,ESRS/CSRD,E3-2_03,,Boolean,Boolean,annual,boolean,"Disclosure datapoint as defined in IG3 (ESRS E3-2, paragraph 19).",external-standard,entity-specific,entity-assessment-required
urn:sds:reg:esrs:e3_3_01,"Disclosure of whether and how target relates to management of material impacts, risks and opportunities related to areas at water risk",Ambiental,ESRS/CSRD,E3-3_01,,Boolean,Boolean,annual,boolean,"Disclosure datapoint as defined in IG3 (ESRS E3-3, paragraph 23.a).",external-standard,entity-specific,entity-assessment-required
urn:sds:reg:esrs:e3_3_02,"Disclosure of whether and how target relates to responsible management of marine resources impacts, risks and opportunities",Ambiental,ESRS/CSRD,E3-3_02,,Boolean,Boolean,annual,boolean,"Disclosure datapoint as defined in IG3 (ESRS E3-3, paragraph 23.b).",external-standard,entity-specific,entity-assessment-required
urn:sds:reg:esrs:e3_3_03,Disclosure of whether and how target relates to reduction of water consumption,Ambiental,ESRS/CSRD,E3-3_03,,Boolean,Boolean,annual,boolean,"Disclosure datapoint as defined in IG3 (ESRS E3-3, paragraph 23.c).",external-standard,entity-specific,entity-assessment-required
urn:sds:reg:esrs:e3_3_04,(Local) ecological threshold and entity-specific allocation were taken into consideration when setting water and marine resources target,Ambiental,ESRS/CSRD,E3-3_04,,Boolean,Boolean,annual,boolean,"Disclosure datapoint as defined in IG3 (ESRS E3-3, paragraph 24).",external-standard,entity-specific,entity-assessment-required
urn:sds:reg:esrs:e3_3_05,Disclosure of ecological threshold identified and methodology used to identify ecological threshold (water and marine resources),Ambiental,ESRS/CSRD,E3-3_05,,Text,Text,annual,narrative,"Disclosure datapoint as defined in IG3 (ESRS E3-3, paragraph 24.a).",external-standard,entity-specific,entity-assessment-required
urn:sds:reg:esrs:e3_3_06,Disclosure of how ecological entity-specific threshold was determined (water and marine resources),Ambiental,ESRS/CSRD,E3-3_06,,Text,Text,annual,narrative,"Disclosure datapoint as defined in IG3 (ESRS E3-3, paragraph 24.b).",external-standard,entity-specific,entity-assessment-required
urn:sds:reg:esrs:e3_3_07,Disclosure of how responsibility for respecting identified ecological threshold is allocated (water and marine resources),Ambiental,ESRS/CSRD,E3-3_07,,Text,Text,annual,narrative,"Disclosure datapoint as defined in IG3 (ESRS E3-3, paragraph 24.c).",external-standard,entity-specific,entity-assessment-required
urn:sds:reg:esrs:e3_3_08,Adopted and presented water and marine resources-related target is mandatory (based on legislation),Ambiental,ESRS/CSRD,E3-3_08,,Boolean,Boolean,annual,boolean,"Disclosure datapoint as defined in IG3 (ESRS E3-3, paragraph 25).",external-standard,entity-specific,entity-assessment-required
urn:sds:reg:esrs:e3_3_09,Target relates to reduction of water withdrawals,Ambiental,ESRS/CSRD,E3-3_09,,Boolean,Boolean,annual,boolean,"Disclosure datapoint as defined in IG3 (ESRS E3-3, paragraph ar.23.a).",external-standard,entity-specific,entity-assessment-required
urn:sds:reg:esrs:e3_3_10,Target relates to reduction of water discharges,Ambiental,ESRS/CSRD,E3-3_10,,Boolean,Boolean,annual,boolean,"Disclosure datapoint as defined in IG3 (ESRS E3-3, paragraph ar.23.b).",external-standard,entity-specific,entity-assessment-required
urn:sds:reg:esrs:e3_4_01,Total water consumption,Ambiental,ESRS/CSRD,E3-4_01,,m3,Volume,annual,numeric,"Disclosure datapoint as defined in IG3 (ESRS E3-4, paragraph 28.a).",external-standard,entity-specific,entity-assessment-required
urn:sds:reg:esrs:e3_4_02,"Total water consumption in areas at water risk, including areas of high-water stress",Ambiental,ESRS/CSRD,E3-4_02,,m3,Volume,annual,numeric,"Disclosure datapoint as defined in IG3 (ESRS E3-4, paragraph 28.b).",external-standard,entity-specific,entity-assessment-required
urn:sds:reg:esrs:e3_4_03,Total water recycled and reused,Ambiental,ESRS/CSRD,E3-4_03,,m3,Volume,annual,numeric,"Disclosure datapoint as defined in IG3 (ESRS E3-4, paragraph 28.c).",external-standard,entity-specific,entity-assessment-required
urn:sds:reg:esrs:e3_4_04,Total water stored,Ambiental,ESRS/CSRD,E3-4_04,,m3,Volume,annual,numeric,"Disclosure datapoint as defined in IG3 (ESRS E3-4, paragraph 28.d).",external-standard,entity-specific,entity-assessment-required
urn:sds:reg:esrs:e3_4_05,Changes in water storage,Ambiental,ESRS/CSRD,E3-4_05,,m3,Volume,annual,numeric,"Disclosure datapoint as defined in IG3 (ESRS E3-4, paragraph 28.d).",external-standard,entity-specific,entity-assessment-required
urn:sds:reg:esrs:e3_4_06,Disclosure of contextual information regarding warter consumption,Ambiental,ESRS/CSRD,E3-4_06,,Text,Text,annual,narrative,"Disclosure datapoint as defined in IG3 (ESRS E3-4, paragraph 28.e).",external-standard,entity-specific,entity-assessment-required
urn:sds:reg:esrs:e3_4_07,"Share of the measure obtained from direct measurement, from sampling and extrapolation, or from best estimates",Ambiental,ESRS/CSRD,E3-4_07,,percent,Text,annual,numeric,"Disclosure datapoint as defined in IG3 (ESRS E3-4, paragraph 28.e).",external-standard,entity-specific,entity-assessment-required
urn:sds:reg:esrs:e3_4_08,Water intensity ratio,Ambiental,ESRS/CSRD,E3-4_08,,m3/EUR,Intensity,annual,numeric,"Disclosure datapoint as defined in IG3 (ESRS E3-4, paragraph 29).",external-standard,entity-specific,entity-assessment-required
urn:sds:reg:esrs:e3_4_09,Water consumption - sectors/SEGMENTS,Ambiental,ESRS/CSRD,E3-4_09,,m3,Volume,annual,numeric,"Disclosure datapoint as defined in IG3 (ESRS E3-4, paragraph AR30).",external-standard,entity-specific,entity-assessment-required
urn:sds:reg:esrs:e3_4_10,Additional water intensity ratio,Ambiental,ESRS/CSRD,E3-4_10,,Text,Text,annual,narrative,"Disclosure datapoint as defined in IG3 (ESRS E3-4, paragraph ar.31).",external-standard,entity-specific,entity-assessment-required
urn:sds:reg:esrs:e3_4_11,Total water withdrawals,Ambiental,ESRS/CSRD,E3-4_11,,m3,Volume,annual,numeric,"Disclosure datapoint as defined in IG3 (ESRS E3-4, paragraph ar.32).",external-standard,entity-specific,entity-assessment-required
urn:sds:reg:esrs:e3_4_12,Total water discharges,Ambiental,ESRS/CSRD,E3-4_12,,m3,Volume,annual,numeric,"Disclosure datapoint as defined in IG3 (ESRS E3-4, paragraph ar.32).",external-standard,entity-specific,entity-assessment-required
urn:sds:reg:esrs:e3_5_01,Disclosure of quantitative information about anticipated financial effects of material risks and opportunities arising from water and marine resources-related impacts,Ambiental,ESRS/CSRD,E3-5_01,,Text,Text,annual,narrative,"Disclosure datapoint as defined in IG3 (ESRS E3-5, paragraph 33.a).",external-standard,entity-specific,entity-assessment-required
urn:sds:reg:esrs:e3_5_02,Disclosure of qualitative information of anticipated financial effects of material risks and opportunities arising from water and marine resources-related impacts,Ambiental,ESRS/CSRD,E3-5_02,,Text,Text,annual,narrative,"Disclosure datapoint as defined in IG3 (ESRS E3-5, paragraph 33.a).",external-standard,entity-specific,entity-assessment-required
urn:sds:reg:esrs:e3_5_03,Description of effects considered and related impacts (water and marine resources),Ambiental,ESRS/CSRD,E3-5_03,,Text,Text,annual,narrative,"Disclosure datapoint as defined in IG3 (ESRS E3-5, paragraph 33.b).",external-standard,entity-specific,entity-assessment-required
urn:sds:reg:esrs:e3_5_04,Disclosure of critical assumptions used in estimates of financial effects of material risks and opportunities arising from water and marine resources-related impacts,Ambiental,ESRS/CSRD,E3-5_04,,Text,Text,annual,narrative,"Disclosure datapoint as defined in IG3 (ESRS E3-5, paragraph 33.c).",external-standard,entity-specific,entity-assessment-required
urn:sds:reg:esrs:e3_5_05,Description of related products and services at risk (water and marine resources),Ambiental,ESRS/CSRD,E3-5_05,,Text,Text,annual,narrative,"Disclosure datapoint as defined in IG3 (ESRS E3-5, paragraph ar.33).",external-standard,entity-specific,entity-assessment-required
urn:sds:reg:esrs:e3_5_06,"Explanation of how time horizons are defined, financial amounts are estimated and critical assumptions made (water and marine resources)",Ambiental,ESRS/CSRD,E3-5_06,,Text,Text,annual,narrative,"Disclosure datapoint as defined in IG3 (ESRS E3-5, paragraph ar.33).",external-standard,entity-specific,entity-assessment-required
urn:sds:reg:esrs:e3_iro_1_01,"Disclosure of whether and how assets and activities have been screened in order to identify actual and potential water and marine resources-related impacts, risks and opportunities in own operations and upstream and downstream value chain and methodologies, assumptions and tools used in screening",Ambiental,ESRS/CSRD,E3.IRO-1_01,,Text,Text,annual,narrative,"Disclosure datapoint as defined in IG3 (ESRS E3.IRO-1, paragraph 8.a).",external-standard,entity-specific,entity-assessment-required
urn:sds:reg:esrs:e3_iro_1_02,Disclosure of how consultations have been conducted (water and marine resources),Ambiental,ESRS/CSRD,E3.IRO-1_02,,Text,Text,annual,narrative,"Disclosure datapoint as defined in IG3 (ESRS E3.IRO-1, paragraph 8.b).",external-standard,entity-specific,entity-assessment-required
urn:sds:reg:esrs:e4_1_01,"Disclosure of resilience of current business model(s) and strategy to biodiversity and ecosystems-related physical, transition and systemic risks and opportunities",Ambiental,ESRS/CSRD,E4-1_01,,Text,Text,annual,narrative,"Disclosure datapoint as defined in IG3 (ESRS E4-1, paragraph 13.a).",external-standard,entity-specific,entity-assessment-required
urn:sds:reg:esrs:e4_1_02,Disclosure of scope of resilience analysis along own operations and related upstream and downstream value chain,Ambiental,ESRS/CSRD,E4-1_02,,Text,Text,annual,narrative,"Disclosure datapoint as defined in IG3 (ESRS E4-1, paragraph 13.b).",external-standard,entity-specific,entity-assessment-required
urn:sds:reg:esrs:e4_1_03,Disclosure of key assumptions made (biodiversity and ecosystems),Ambiental,ESRS/CSRD,E4-1_03,,Text,Text,annual,narrative,"Disclosure datapoint as defined in IG3 (ESRS E4-1, paragraph 13.c).",external-standard,entity-specific,entity-assessment-required
urn:sds:reg:esrs:e4_1_04,Disclosure of time horizons used for analysis (biodiversity and ecosystems),Ambiental,ESRS/CSRD,E4-1_04,,Text,Text,annual,semi-narrative,"Disclosure datapoint as defined in IG3 (ESRS E4-1, paragraph 13.d).",external-standard,entity-specific,entity-assessment-required
urn:sds:reg:esrs:e4_1_05,Disclosure of results of resilience analysis (biodiversity and ecosystems),Ambiental,ESRS/CSRD,E4-1_05,,Text,Text,annual,narrative,"Disclosure datapoint as defined in IG3 (ESRS E4-1, paragraph 13.e).",external-standard,entity-specific,entity-assessment-required
urn:sds:reg:esrs:e4_1_06,Disclosure of involvement of stakeholders (biodiversity and ecosystems),Ambiental,ESRS/CSRD,E4-1_06,,Text,Text,annual,narrative,"Disclosure datapoint as defined in IG3 (ESRS E4-1, paragraph 13.f).",external-standard,entity-specific,entity-assessment-required
urn:sds:reg:esrs:e4_1_07,Disclosure of transition plan to improve and achieve alignment of its business model and strategy,Ambiental,ESRS/CSRD,E4-1_07,,Text,Text,annual,narrative,"Disclosure datapoint as defined in IG3 (ESRS E4-1, paragraph 15).",external-standard,entity-specific,entity-assessment-required
urn:sds:reg:esrs:e4_1_08,"Explanation of how strategy and business model will be adjusted to improve and, ultimately, achieve alignment with relevant local, national and global public policy goals",Ambiental,ESRS/CSRD,E4-1_08,,Boolean,Boolean,annual,boolean,"Disclosure datapoint as defined in IG3 (ESRS E4-1, paragraph ar.1.a).",external-standard,entity-specific,entity-assessment-required
urn:sds:reg:esrs:e4_1_09,Include information about its own operations and explain how it is responding to material impacts in its related value chain,Ambiental,ESRS/CSRD,E4-1_09,,Boolean,Boolean,annual,boolean,"Disclosure datapoint as defined in IG3 (ESRS E4-1, paragraph ar.1.b).",external-standard,entity-specific,entity-assessment-required
urn:sds:reg:esrs:e4_1_10,Explanation of how b strategy interacts with transition plan,Ambiental,ESRS/CSRD,E4-1_10,,Boolean,Boolean,annual,boolean,"Disclosure datapoint as defined in IG3 (ESRS E4-1, paragraph ar.1.c).",external-standard,entity-specific,entity-assessment-required
urn:sds:reg:esrs:e4_1_11,Disclosure of contribution to impact drivers and possible mitigation actions following mitigation hierarchy and main path-dependencies and locked-in assets and resources that are associated with biodiversity and ecosystems change,Ambiental,ESRS/CSRD,E4-1_11,,Boolean,Boolean,annual,boolean,"Disclosure datapoint as defined in IG3 (ESRS E4-1, paragraph ar.1.d).",external-standard,entity-specific,entity-assessment-required
urn:sds:reg:esrs:e4_1_12,Explanation and quantification of investments and funding supporting the implementation of its transition plan,Ambiental,ESRS/CSRD,E4-1_12,,Boolean,Boolean,annual,boolean,"Disclosure datapoint as defined in IG3 (ESRS E4-1, paragraph ar.1.e).",external-standard,entity-specific,entity-assessment-required
urn:sds:reg:esrs:e4_1_13,"Disclosure of objectives or plans for aligning economic activities (revenues, CapEx)",Ambiental,ESRS/CSRD,E4-1_13,,Boolean,Boolean,annual,boolean,"Disclosure datapoint as defined in IG3 (ESRS E4-1, paragraph ar.1.f).",external-standard,entity-specific,entity-assessment-required
urn:sds:reg:esrs:e4_1_14,Biodiversity offsets are part of transition plan,Ambiental,ESRS/CSRD,E4-1_14,,Boolean,Boolean,annual,boolean,"Disclosure datapoint as defined in IG3 (ESRS E4-1, paragraph ar.1.g).",external-standard,entity-specific,entity-assessment-required
urn:sds:reg:esrs:e4_1_15,Information about how process of implementing and updating transition plan is managed,Ambiental,ESRS/CSRD,E4-1_15,,Boolean,Boolean,annual,boolean,"Disclosure datapoint as defined in IG3 (ESRS E4-1, paragraph ar.1.h).",external-standard,entity-specific,entity-assessment-required
urn:sds:reg:esrs:e4_1_16,Indication of metrics and related tools used to measure progress that are integrated in measurement approach (biodiversity and ecosystems),Ambiental,ESRS/CSRD,E4-1_16,,Boolean,Boolean,annual,boolean,"Disclosure datapoint as defined in IG3 (ESRS E4-1, paragraph ar.1.i).",external-standard,entity-specific,entity-assessment-required
urn:sds:reg:esrs:e4_1_17,"Administrative, management and supervisory bodies have approved transition plan",Ambiental,ESRS/CSRD,E4-1_17,,Boolean,Boolean,annual,boolean,"Disclosure datapoint as defined in IG3 (ESRS E4-1, paragraph ar.1.j).",external-standard,entity-specific,entity-assessment-required
urn:sds:reg:esrs:e4_1_18,Indication of current challenges and limitations to draft plan in relation to areas of significant impact and actions company is taking to address them (biodiversity and ecosystems),Ambiental,ESRS/CSRD,E4-1_18,,Boolean,Boolean,annual,boolean,"Disclosure datapoint as defined in IG3 (ESRS E4-1, paragraph ar.1.k).",external-standard,entity-specific,entity-assessment-required
urn:sds:reg:esrs:e4_2_01,Disclosure on whether and how biodiversity and ecosystems-related policies relate to matters reported in E4 AR4,Ambiental,ESRS/CSRD,E4-2_01,,Text,Text,annual,narrative,"Disclosure datapoint as defined in IG3 (ESRS E4-2, paragraph 23.a).",external-standard,entity-specific,entity-assessment-required
urn:sds:reg:esrs:e4_2_02,Explanation of whether and how biodiversity and ecosystems-related policy relates to material biodiversity and ecosystems-related impacts,Ambiental,ESRS/CSRD,E4-2_02,,Boolean,Boolean,annual,boolean,"Disclosure datapoint as defined in IG3 (ESRS E4-2, paragraph 23.b).",external-standard,entity-specific,entity-assessment-required
urn:sds:reg:esrs:e4_2_03,Explanation of whether and how biodiversity and ecosystems-related policy relates to material dependencies and material physical and transition risks and opportunities,Ambiental,ESRS/CSRD,E4-2_03,,Boolean,Boolean,annual,boolean,"Disclosure datapoint as defined in IG3 (ESRS E4-2, paragraph 23.c).",external-standard,entity-specific,entity-assessment-required
urn:sds:reg:esrs:e4_2_04,"Explanation of whether and how biodiversity and ecosystems-related policy supports traceability of products, components and raw materials with significant actual or potential impacts on biodiversity and ecosystems along value chain",Ambiental,ESRS/CSRD,E4-2_04,,Boolean,Boolean,annual,boolean,"Disclosure datapoint as defined in IG3 (ESRS E4-2, paragraph 23.d).",external-standard,entity-specific,entity-assessment-required
urn:sds:reg:esrs:e4_2_05,"Explanation of whether and how biodiversity and ecosystems-related policy addresses production, sourcing or consumption from ecosystems that are managed to maintain or enhance conditions for biodiversity",Ambiental,ESRS/CSRD,E4-2_05,,Boolean,Boolean,annual,boolean,"Disclosure datapoint as defined in IG3 (ESRS E4-2, paragraph 23.e).",external-standard,entity-specific,entity-assessment-required
urn:sds:reg:esrs:e4_2_06,Explanation of whether and how biodiversity and ecosystems-related policy addresses social consequences of biodiversity and ecosystems-related impacts,Ambiental,ESRS/CSRD,E4-2_06,,Boolean,Boolean,annual,boolean,"Disclosure datapoint as defined in IG3 (ESRS E4-2, paragraph 23.f).",external-standard,entity-specific,entity-assessment-required
urn:sds:reg:esrs:e4_2_07,"Disclosure of how policy refers to production, sourcing or consumption of raw materials",Ambiental,ESRS/CSRD,E4-2_07,,Text,Text,annual,narrative,"Disclosure datapoint as defined in IG3 (ESRS E4-2, paragraph ar.12).",external-standard,entity-specific,entity-assessment-required
urn:sds:reg:esrs:e4_2_08,Disclosure of how policy refers to policies limiting procurement from suppliers that cannot demonstrate that they are not contributing to significant conversion of protected areas or key biodiversity areas,Ambiental,ESRS/CSRD,E4-2_08,,Text,Text,annual,narrative,"Disclosure datapoint as defined in IG3 (ESRS E4-2, paragraph ar.12.a).",external-standard,entity-specific,entity-assessment-required
urn:sds:reg:esrs:e4_2_09,Disclosure of how policy refers to recognised standards or third-party certifications overseen by regulators,Ambiental,ESRS/CSRD,E4-2_09,,Text,Text,annual,narrative,"Disclosure datapoint as defined in IG3 (ESRS E4-2, paragraph ar.12.b).",external-standard,entity-specific,entity-assessment-required
urn:sds:reg:esrs:e4_2_10,"Disclosure of how policy addresses raw materials originating from ecosystems that have been managed to maintain or enhance conditions for biodiversity, as demonstrated by regular monitoring and reporting of biodiversity status and gains or losses",Ambiental,ESRS/CSRD,E4-2_10,,Text,Text,annual,narrative,"Disclosure datapoint as defined in IG3 (ESRS E4-2, paragraph ar.12.c).",external-standard,entity-specific,entity-assessment-required
urn:sds:reg:esrs:e4_2_11,"Disclosure of how the policy enables to a), b), c) and d)",Ambiental,ESRS/CSRD,E4-2_11,,Text,Text,annual,narrative,"Disclosure datapoint as defined in IG3 (ESRS E4-2, paragraph ar.16).",external-standard,entity-specific,entity-assessment-required
urn:sds:reg:esrs:e4_2_12,Third-party standard of conduct used in policy is objective and achievable based on scientific approach to identifying issues and realistic in assessing how these issues can be addressed under variety of practical circumstances,Ambiental,ESRS/CSRD,E4-2_12,,Boolean,Boolean,annual,boolean,"Disclosure datapoint as defined in IG3 (ESRS E4-2, paragraph ar.17.a).",external-standard,entity-specific,entity-assessment-required
urn:sds:reg:esrs:e4_2_13,Third-party standard of conduct used in policy is developed or maintained through process of ongoing consultation with relevant stakeholders with balanced input from all relevant stakeholder groups with no group holding undue authority or veto power over content,Ambiental,ESRS/CSRD,E4-2_13,,Boolean,Boolean,annual,boolean,"Disclosure datapoint as defined in IG3 (ESRS E4-2, paragraph ar.17.b).",external-standard,entity-specific,entity-assessment-required
urn:sds:reg:esrs:e4_2_14,Third-party standard of conduct used in policy encourages step-wise approach and continuous improvement in standard and its application of better management practices and requires establishment of meaningful targets and specific milestones to indicate progress against principles and criteria over time,Ambiental,ESRS/CSRD,E4-2_14,,Boolean,Boolean,annual,boolean,"Disclosure datapoint as defined in IG3 (ESRS E4-2, paragraph ar.17.c).",external-standard,entity-specific,entity-assessment-required
urn:sds:reg:esrs:e4_2_15,"Third-party standard of conduct used in policy is verifiable through independent certifying or verifying bodies, which have defined and rigorous assessment procedures that avoid conflicts of interest and are compliant with ISO guidance on accreditation and verification procedures or Article 5(2) of Regulation (EC) No 765/2008",Ambiental,ESRS/CSRD,E4-2_15,,Boolean,Boolean,annual,boolean,"Disclosure datapoint as defined in IG3 (ESRS E4-2, paragraph ar.17.d).",external-standard,entity-specific,entity-assessment-required
urn:sds:reg:esrs:e4_2_16,Third-party standard of conduct used in policy conforms to ISEAL Code of Good Practice,Ambiental,ESRS/CSRD,E4-2_16,,Boolean,Boolean,annual,boolean,"Disclosure datapoint as defined in IG3 (ESRS E4-2, paragraph ar.17.e).",external-standard,entity-specific,entity-assessment-required
urn:sds:reg:esrs:e4_2_17,"Biodiversity and ecosystem protection policy covering operational sites owned, leased, managed in or near protected area or biodiversity-sensitive area outside protected areas has been adopted",Ambiental,ESRS/CSRD,E4-2_17,,Boolean,Boolean,annual,boolean,"Disclosure datapoint as defined in IG3 (ESRS E4-2, paragraph 24.a).",external-standard,entity-specific,entity-assessment-required
urn:sds:reg:esrs:e4_2_18,Sustainable land or agriculture practices or policies have been adopted,Ambiental,ESRS/CSRD,E4-2_18,,Boolean,Boolean,annual,boolean,"Disclosure datapoint as defined in IG3 (ESRS E4-2, paragraph 24.b).",external-standard,entity-specific,entity-assessment-required
urn:sds:reg:esrs:e4_2_19,Sustainable oceans or seas practices or policies have been adopted,Ambiental,ESRS/CSRD,E4-2_19,,Boolean,Boolean,annual,boolean,"Disclosure datapoint as defined in IG3 (ESRS E4-2, paragraph 24.c).",external-standard,entity-specific,entity-assessment-required
urn:sds:reg:esrs:e4_2_20,Policies to address deforestation have been adopted,Ambiental,ESRS/CSRD,E4-2_20,,Boolean,Boolean,annual,boolean,"Disclosure datapoint as defined in IG3 (ESRS E4-2, paragraph 24.d).",external-standard,entity-specific,entity-assessment-required
urn:sds:reg:esrs:e4_3_01,Disclosure on how the mitigation hierarchy has been applied with regard to biodiversity and ecosystem actions,Ambiental,ESRS/CSRD,E4-3_01,,Text,Text,annual,narrative,"Disclosure datapoint as defined in IG3 (ESRS E4-3, paragraph 28.a).",external-standard,entity-specific,entity-assessment-required
urn:sds:reg:esrs:e4_3_02,Biodiversity offsets were used in action plan,Ambiental,ESRS/CSRD,E4-3_02,,Boolean,Boolean,annual,boolean,"Disclosure datapoint as defined in IG3 (ESRS E4-3, paragraph 28.b).",external-standard,entity-specific,entity-assessment-required
urn:sds:reg:esrs:e4_3_03,Disclosure of aim of biodiversity offset and key performance indicators used,Ambiental,ESRS/CSRD,E4-3_03,,Text,Text,annual,narrative,"Disclosure datapoint as defined in IG3 (ESRS E4-3, paragraph 28.b.i).",external-standard,entity-specific,entity-assessment-required
urn:sds:reg:esrs:e4_3_04,Financing effects (direct and indirect costs) of biodiversity offsets,Ambiental,ESRS/CSRD,E4-3_04,,EUR,Currency,annual,monetary,"Disclosure datapoint as defined in IG3 (ESRS E4-3, paragraph 28.b.ii).",external-standard,entity-specific,entity-assessment-required
urn:sds:reg:esrs:e4_3_05,Explanation of rekationship of significant Capex and Opex required to impelement actions taken or planned to relevant line items or notes in the financial statements,Ambiental,ESRS/CSRD,E4-3_05,,Text,Text,annual,narrative,"Disclosure datapoint as defined in IG3 (ESRS E4-3, paragraph ar.18.a).",external-standard,entity-specific,entity-assessment-required
urn:sds:reg:esrs:e4_3_06,Explanation of rekationship of significant Capex and Opex required to impelement actions taken or planned to key performance indicators required under Commission Delegated Regulation (EU) 2021/2178,Ambiental,ESRS/CSRD,E4-3_06,,Text,Text,annual,narrative,"Disclosure datapoint as defined in IG3 (ESRS E4-3, paragraph ar.18.b).",external-standard,entity-specific,entity-assessment-required
urn:sds:reg:esrs:e4_3_07,Explanation of rekationship of significant Capex and Opex required to impelement actions taken or planned to Capex plan required under Commission Delegated Regulation (EU) 2021/2178,Ambiental,ESRS/CSRD,E4-3_07,,Text,Text,annual,narrative,"Disclosure datapoint as defined in IG3 (ESRS E4-3, paragraph ar.18.c).",external-standard,entity-specific,entity-assessment-required
urn:sds:reg:esrs:e4_3_08,Description of biodiversity offsets,Ambiental,ESRS/CSRD,E4-3_08,,Text,Text,annual,narrative,"Disclosure datapoint as defined in IG3 (ESRS E4-3, paragraph 28.b.iii).",external-standard,entity-specific,entity-assessment-required
urn:sds:reg:esrs:e4_3_09,Description of whether and how local and indigenous knowledge and nature-based solutions have been incorporated into biodiversity and ecosystems-related action,Ambiental,ESRS/CSRD,E4-3_09,,Boolean,Boolean,annual,boolean,"Disclosure datapoint as defined in IG3 (ESRS E4-3, paragraph 28.c).",external-standard,entity-specific,entity-assessment-required
urn:sds:reg:esrs:e4_3_10,"Disclosure of key stakeholders involved and how they are involved, key stakeholders negatively or positively impacted by action and how they are impacted",Ambiental,ESRS/CSRD,E4-3_10,,Text,Text,annual,narrative,"Disclosure datapoint as defined in IG3 (ESRS E4-3, paragraph ar.20.a).",external-standard,entity-specific,entity-assessment-required
urn:sds:reg:esrs:e4_3_11,Explanation of need for appropriate consultations and need to respect decisions of affected communities,Ambiental,ESRS/CSRD,E4-3_11,,Text,Text,annual,narrative,"Disclosure datapoint as defined in IG3 (ESRS E4-3, paragraph ar.20.b).",external-standard,entity-specific,entity-assessment-required
urn:sds:reg:esrs:e4_3_12,Description of whether key action may induce significant negative sustainability impacts (biodiversity and ecosystems),Ambiental,ESRS/CSRD,E4-3_12,,Text,Text,annual,narrative,"Disclosure datapoint as defined in IG3 (ESRS E4-3, paragraph ar.20.c).",external-standard,entity-specific,entity-assessment-required
urn:sds:reg:esrs:e4_3_13,Explanation of whether the key action is intended to be a one-time initiative or systematic practice,Ambiental,ESRS/CSRD,E4-3_13,,Text,Text,annual,semi-narrative,"Disclosure datapoint as defined in IG3 (ESRS E4-3, paragraph ar.20.d).",external-standard,entity-specific,entity-assessment-required
urn:sds:reg:esrs:e4_3_14,Key action plan is carried out only by undertaking (individual action) using its resources (biodiversity and ecosystems),Ambiental,ESRS/CSRD,E4-3_14,,Boolean,Boolean,annual,boolean,"Disclosure datapoint as defined in IG3 (ESRS E4-3, paragraph ar.20.e).",external-standard,entity-specific,entity-assessment-required
urn:sds:reg:esrs:e4_3_15,"Key action plan is part of wider action plan (collective action), of which undertaking is member (biodiversity and ecosystems)",Ambiental,ESRS/CSRD,E4-3_15,,Boolean,Boolean,annual,boolean,"Disclosure datapoint as defined in IG3 (ESRS E4-3, paragraph ar.20.e).",external-standard,entity-specific,entity-assessment-required
urn:sds:reg:esrs:e4_3_16,"Additional information about project, its sponsors and other participants (biodiversity and ecosystems)",Ambiental,ESRS/CSRD,E4-3_16,,Text,Text,annual,narrative,"Disclosure datapoint as defined in IG3 (ESRS E4-3, paragraph ar.20.f).",external-standard,entity-specific,entity-assessment-required
urn:sds:reg:esrs:e4_4_01,Ecological threshold and allocation of impacts to undertaking were applied when setting target (biodiversity and ecosystems),Ambiental,ESRS/CSRD,E4-4_01,,Boolean,Boolean,annual,boolean,"Disclosure datapoint as defined in IG3 (ESRS E4-4, paragraph 32.a).",external-standard,entity-specific,entity-assessment-required
urn:sds:reg:esrs:e4_4_02,Disclosure of ecological threshold identified and methodology used to identify threshold (biodiversity and ecosystems),Ambiental,ESRS/CSRD,E4-4_02,,Text,Text,annual,narrative,"Disclosure datapoint as defined in IG3 (ESRS E4-4, paragraph 32.a.i).",external-standard,entity-specific,entity-assessment-required
urn:sds:reg:esrs:e4_4_03,Disclosure of how entity-specific threshold was determined (biodiversity and ecosystems),Ambiental,ESRS/CSRD,E4-4_03,,Text,Text,annual,narrative,"Disclosure datapoint as defined in IG3 (ESRS E4-4, paragraph 32.a.ii).",external-standard,entity-specific,entity-assessment-required
urn:sds:reg:esrs:e4_4_04,Disclosure of how responsibility for respecting identified ecological threshold is allocated (biodiversity and ecosystems),Ambiental,ESRS/CSRD,E4-4_04,,Text,Text,annual,narrative,"Disclosure datapoint as defined in IG3 (ESRS E4-4, paragraph 32.a.iii).",external-standard,entity-specific,entity-assessment-required
urn:sds:reg:esrs:e4_4_05,Target is informed by relevant aspect of EU Biodiversity Strategy for 2030,Ambiental,ESRS/CSRD,E4-4_05,,Boolean,Boolean,annual,boolean,"Disclosure datapoint as defined in IG3 (ESRS E4-4, paragraph 32.b).",external-standard,entity-specific,entity-assessment-required
urn:sds:reg:esrs:e4_4_06,"Disclosure of how the targets relate to the biodiversity and ecosystem impacts, dependencies, risks and opportunities identified in relation to own operations and upstream and downstream value chain",Ambiental,ESRS/CSRD,E4-4_06,,Text,Text,annual,narrative,"Disclosure datapoint as defined in IG3 (ESRS E4-4, paragraph 32.c).",external-standard,entity-specific,entity-assessment-required
urn:sds:reg:esrs:e4_4_07,Disclosure of the geographical scope of the targets,Ambiental,ESRS/CSRD,E4-4_07,,Text,Text,annual,narrative,"Disclosure datapoint as defined in IG3 (ESRS E4-4, paragraph 32.d).",external-standard,entity-specific,entity-assessment-required
urn:sds:reg:esrs:e4_4_08,Biodiversity offsets were used in setting target,Ambiental,ESRS/CSRD,E4-4_08,,Boolean,Boolean,annual,boolean,"Disclosure datapoint as defined in IG3 (ESRS E4-4, paragraph 32.e).",external-standard,entity-specific,entity-assessment-required
urn:sds:reg:esrs:e4_4_09,Layer in mitigation hierarchy to which target can be allocated (biodiversity and ecosystems),Ambiental,ESRS/CSRD,E4-4_09,,Text,Text,annual,semi-narrative,"Disclosure datapoint as defined in IG3 (ESRS E4-4, paragraph 32.f).",external-standard,entity-specific,entity-assessment-required
urn:sds:reg:esrs:e4_4_10,The target addresses shortcomings related to the Substantial Contribution criteria,Ambiental,ESRS/CSRD,E4-4_10,,Boolean,Boolean,annual,boolean,"Disclosure datapoint as defined in IG3 (ESRS E4-4, paragraph ar.22).",external-standard,entity-specific,entity-assessment-required
urn:sds:reg:esrs:e4_5_01,"Number of sites owned, leased or managed in or near protected areas or key biodiversity areas that undertaking is negatively affecting",Ambiental,ESRS/CSRD,E4-5_01,,count,Count,annual,numeric,"Disclosure datapoint as defined in IG3 (ESRS E4-5, paragraph 35).",external-standard,entity-specific,entity-assessment-required
urn:sds:reg:esrs:e4_5_02,"Area of sites owned, leased or managed in or near protected areas or key biodiversity areas that undertaking is negatively affecting",Ambiental,ESRS/CSRD,E4-5_02,,ha,Area,annual,numeric,"Disclosure datapoint as defined in IG3 (ESRS E4-5, paragraph 35).",external-standard,entity-specific,entity-assessment-required
urn:sds:reg:esrs:e4_5_03,Disclosure of land-use based on Life Cycle Assessment,Ambiental,ESRS/CSRD,E4-5_03,,Text,Text,annual,narrative,"Disclosure datapoint as defined in IG3 (ESRS E4-5, paragraph 36).",external-standard,entity-specific,entity-assessment-required
urn:sds:reg:esrs:e4_5_04,"Disclosure of metrics considered relevant (land-use change, freshwater-use change and (or) sea-use change)",Ambiental,ESRS/CSRD,E4-5_04,,Text,Text,annual,narrative,"Disclosure datapoint as defined in IG3 (ESRS E4-5, paragraph 38).",external-standard,entity-specific,entity-assessment-required
urn:sds:reg:esrs:e4_5_05,Disclosure of conversion over time of land cover,Ambiental,ESRS/CSRD,E4-5_05,,Text,Text,annual,narrative,"Disclosure datapoint as defined in IG3 (ESRS E4-5, paragraph 38.a).",external-standard,entity-specific,entity-assessment-required
urn:sds:reg:esrs:e4_5_06,Disclosure of changes over time in management of ecosystem,Ambiental,ESRS/CSRD,E4-5_06,,Text,Text,annual,narrative,"Disclosure datapoint as defined in IG3 (ESRS E4-5, paragraph 38.b).",external-standard,entity-specific,entity-assessment-required
urn:sds:reg:esrs:e4_5_07,Disclosure of changes in spatial configuration of landscape,Ambiental,ESRS/CSRD,E4-5_07,,Text,Text,annual,narrative,"Disclosure datapoint as defined in IG3 (ESRS E4-5, paragraph 38.c).",external-standard,entity-specific,entity-assessment-required
urn:sds:reg:esrs:e4_5_08,Disclosure of changes in ecosystem structural connectivity,Ambiental,ESRS/CSRD,E4-5_08,,Text,Text,annual,narrative,"Disclosure datapoint as defined in IG3 (ESRS E4-5, paragraph 38.d).",external-standard,entity-specific,entity-assessment-required
urn:sds:reg:esrs:e4_5_09,Disclosure of functional connectivity,Ambiental,ESRS/CSRD,E4-5_09,,Text,Text,annual,narrative,"Disclosure datapoint as defined in IG3 (ESRS E4-5, paragraph 38.e).",external-standard,entity-specific,entity-assessment-required
urn:sds:reg:esrs:e4_5_10,Total use of land area,Ambiental,ESRS/CSRD,E4-5_10,,ha,Area,annual,numeric,"Disclosure datapoint as defined in IG3 (ESRS E4-5, paragraph ar.34.a).",external-standard,entity-specific,entity-assessment-required
urn:sds:reg:esrs:e4_5_11,Total sealed area,Ambiental,ESRS/CSRD,E4-5_11,,ha,Area,annual,numeric,"Disclosure datapoint as defined in IG3 (ESRS E4-5, paragraph ar.34.b).",external-standard,entity-specific,entity-assessment-required
urn:sds:reg:esrs:e4_5_12,Nature-oriented area on site,Ambiental,ESRS/CSRD,E4-5_12,,ha,Area,annual,numeric,"Disclosure datapoint as defined in IG3 (ESRS E4-5, paragraph ar.34.c).",external-standard,entity-specific,entity-assessment-required
urn:sds:reg:esrs:e4_5_13,Nature-oriented area off site,Ambiental,ESRS/CSRD,E4-5_13,,ha,Area,annual,numeric,"Disclosure datapoint as defined in IG3 (ESRS E4-5, paragraph ar.34.d).",external-standard,entity-specific,entity-assessment-required
urn:sds:reg:esrs:e4_5_14,Disclosure of how pathways of introduction and spread of invasive alien species and risks posed by invasive alien species are managed,Ambiental,ESRS/CSRD,E4-5_14,,Text,Text,annual,narrative,"Disclosure datapoint as defined in IG3 (ESRS E4-5, paragraph 39).",external-standard,entity-specific,entity-assessment-required
urn:sds:reg:esrs:e4_5_15,Number of invasive alien species,Ambiental,ESRS/CSRD,E4-5_15,,count,Count,annual,numeric,"Disclosure datapoint as defined in IG3 (ESRS E4-5, paragraph ar.32).",external-standard,entity-specific,entity-assessment-required
urn:sds:reg:esrs:e4_5_16,Area covered by invasive alien species,Ambiental,ESRS/CSRD,E4-5_16,,ha,Area,annual,numeric,"Disclosure datapoint as defined in IG3 (ESRS E4-5, paragraph ar.32).",external-standard,entity-specific,entity-assessment-required
urn:sds:reg:esrs:e4_5_17,Disclosure of metrics considered relevant (state of species),Ambiental,ESRS/CSRD,E4-5_17,,Text,Text,annual,narrative,"Disclosure datapoint as defined in IG3 (ESRS E4-5, paragraph 40).",external-standard,entity-specific,entity-assessment-required
urn:sds:reg:esrs:e4_5_18,Disclosure of paragraph in another environment-related standard in which metric is referred to,Ambiental,ESRS/CSRD,E4-5_18,,Text,Text,annual,narrative,"Disclosure datapoint as defined in IG3 (ESRS E4-5, paragraph 40.a).",external-standard,entity-specific,entity-assessment-required
urn:sds:reg:esrs:e4_5_19,"Disclosure of population size, range within specific ecosystems and extinction risk",Ambiental,ESRS/CSRD,E4-5_19,,Text,Text,annual,narrative,"Disclosure datapoint as defined in IG3 (ESRS E4-5, paragraph 40.b).",external-standard,entity-specific,entity-assessment-required
urn:sds:reg:esrs:e4_5_20,Disclosure of changes in number of individuals of species within specific area,Ambiental,ESRS/CSRD,E4-5_20,,Text,Text,annual,narrative,"Disclosure datapoint as defined in IG3 (ESRS E4-5, paragraph 40.c).",external-standard,entity-specific,entity-assessment-required
urn:sds:reg:esrs:e4_5_21,Information about species at global extinction risk,Ambiental,ESRS/CSRD,E4-5_21,,Text,Text,annual,narrative,"Disclosure datapoint as defined in IG3 (ESRS E4-5, paragraph 40.d).",external-standard,entity-specific,entity-assessment-required
urn:sds:reg:esrs:e4_5_22,Disclosure of threat status of species and how activities or pressures may affect threat status,Ambiental,ESRS/CSRD,E4-5_22,,Text,Text,annual,narrative,"Disclosure datapoint as defined in IG3 (ESRS E4-5, paragraph 40.d.i).",external-standard,entity-specific,entity-assessment-required
urn:sds:reg:esrs:e4_5_23,Disclosure of change in relevant habitat for threatened species as proxy for impact on local population's extinction risk,Ambiental,ESRS/CSRD,E4-5_23,,Text,Text,annual,narrative,"Disclosure datapoint as defined in IG3 (ESRS E4-5, paragraph 40.d.ii).",external-standard,entity-specific,entity-assessment-required
urn:sds:reg:esrs:e4_5_24,Disclosure of ecosystem area coverage,Ambiental,ESRS/CSRD,E4-5_24,,Text,Text,annual,narrative,"Disclosure datapoint as defined in IG3 (ESRS E4-5, paragraph 41.a).",external-standard,entity-specific,entity-assessment-required
urn:sds:reg:esrs:e4_5_25,Disclosure of quality of ecosystems relative to pre-determined reference state,Ambiental,ESRS/CSRD,E4-5_25,,Text,Text,annual,narrative,"Disclosure datapoint as defined in IG3 (ESRS E4-5, paragraph 41.b.i).",external-standard,entity-specific,entity-assessment-required
urn:sds:reg:esrs:e4_5_26,Disclosure of multiple species within ecosystem,Ambiental,ESRS/CSRD,E4-5_26,,Text,Text,annual,narrative,"Disclosure datapoint as defined in IG3 (ESRS E4-5, paragraph 41.b.ii).",external-standard,entity-specific,entity-assessment-required
urn:sds:reg:esrs:e4_5_27,Disclosure of structural components of ecosystem condition,Ambiental,ESRS/CSRD,E4-5_27,,Text,Text,annual,narrative,"Disclosure datapoint as defined in IG3 (ESRS E4-5, paragraph 41.b.iii).",external-standard,entity-specific,entity-assessment-required
urn:sds:reg:esrs:e4_6_01,Disclosure of quantitative information about anticipated financial effects of material risks and opportunities arising from biodiversity- and ecosystem-related impacts and dependencies,Ambiental,ESRS/CSRD,E4-6_01,,Text,Text,annual,narrative,"Disclosure datapoint as defined in IG3 (ESRS E4-6, paragraph 45.a).",external-standard,entity-specific,entity-assessment-required
urn:sds:reg:esrs:e4_6_02,Disclosure of qualitative information about anticipated financial effects of material risks and opportunities arising from biodiversity- and ecosystem-related impacts and dependencies,Ambiental,ESRS/CSRD,E4-6_02,,Text,Text,annual,narrative,"Disclosure datapoint as defined in IG3 (ESRS E4-6, paragraph 45.a).",external-standard,entity-specific,entity-assessment-required
urn:sds:reg:esrs:e4_6_03,"Description of effects considered, related impacts and dependencies (biodiversity and ecosystems)",Ambiental,ESRS/CSRD,E4-6_03,,Text,Text,annual,narrative,"Disclosure datapoint as defined in IG3 (ESRS E4-6, paragraph 45.b).",external-standard,entity-specific,entity-assessment-required
urn:sds:reg:esrs:e4_6_04,Disclosure of critical assumptions used in estimates of financial effects of material risks and opportunities arising from biodiversity- and ecosystem-related impacts and dependencies,Ambiental,ESRS/CSRD,E4-6_04,,Text,Text,annual,narrative,"Disclosure datapoint as defined in IG3 (ESRS E4-6, paragraph 45.c).",external-standard,entity-specific,entity-assessment-required
urn:sds:reg:esrs:e4_6_05,"Description of related products and services at risk (biodiversity and ecosystems) over the short-, medium- and long-term",Ambiental,ESRS/CSRD,E4-6_05,,Text,Text,annual,narrative,"Disclosure datapoint as defined in IG3 (ESRS E4-6, paragraph ar.39).",external-standard,entity-specific,entity-assessment-required
urn:sds:reg:esrs:e4_6_06,Explanation of how financial amounts are estimated and critical assumptions made (biodiversity and ecosystems),Ambiental,ESRS/CSRD,E4-6_06,,Text,Text,annual,narrative,"Disclosure datapoint as defined in IG3 (ESRS E4-6, paragraph ar.39).",external-standard,entity-specific,entity-assessment-required
urn:sds:reg:esrs:e4_iro_1_01,Disclosure of whether and how actual and potential impacts on biodiversity and ecosystems at own site locations and in value chain have been identified and assessed,Ambiental,ESRS/CSRD,E4.IRO-1_01,,Text,Text,annual,narrative,"Disclosure datapoint as defined in IG3 (ESRS E4.IRO-1, paragraph 17.a).",external-standard,entity-specific,entity-assessment-required
urn:sds:reg:esrs:e4_iro_1_02,Disclosure of whether and how dependencies on biodiversity and ecosystems and their services have been identified and assessed at own site locations and in value chain,Ambiental,ESRS/CSRD,E4.IRO-1_02,,Text,Text,annual,narrative,"Disclosure datapoint as defined in IG3 (ESRS E4.IRO-1, paragraph 17.b).",external-standard,entity-specific,entity-assessment-required
urn:sds:reg:esrs:e4_iro_1_03,Disclosure of whether and how transition and physical risks and opportunities related to biodiversity and ecosystems have been identified and assessed,Ambiental,ESRS/CSRD,E4.IRO-1_03,,Text,Text,annual,narrative,"Disclosure datapoint as defined in IG3 (ESRS E4.IRO-1, paragraph 17.c).",external-standard,entity-specific,entity-assessment-required
urn:sds:reg:esrs:e4_iro_1_04,Disclosure of whether and how systemic risks have been considered (biodiversity and ecosystems),Ambiental,ESRS/CSRD,E4.IRO-1_04,,Text,Text,annual,narrative,"Disclosure datapoint as defined in IG3 (ESRS E4.IRO-1, paragraph 17.d).",external-standard,entity-specific,entity-assessment-required
urn:sds:reg:esrs:e4_iro_1_05,Disclosure of whether and how consultations with affected communities on sustainability assessments of shared biological resources and ecosystems have been conducted,Ambiental,ESRS/CSRD,E4.IRO-1_05,,Text,Text,annual,narrative,"Disclosure datapoint as defined in IG3 (ESRS E4.IRO-1, paragraph 17.e).",external-standard,entity-specific,entity-assessment-required
urn:sds:reg:esrs:e4_iro_1_06,"Disclosure of whether and how specific sites, raw materials production or sourcing with negative or potential negative impacts on affected communities",Ambiental,ESRS/CSRD,E4.IRO-1_06,,Text,Text,annual,narrative,"Disclosure datapoint as defined in IG3 (ESRS E4.IRO-1, paragraph 17.e.i).",external-standard,entity-specific,entity-assessment-required
urn:sds:reg:esrs:e4_iro_1_07,Disclosure of whether and how communities were involved in materiality assessment,Ambiental,ESRS/CSRD,E4.IRO-1_07,,Text,Text,annual,narrative,"Disclosure datapoint as defined in IG3 (ESRS E4.IRO-1, paragraph 17.e.ii).",external-standard,entity-specific,entity-assessment-required
urn:sds:reg:esrs:e4_iro_1_08,Disclosure of whether and how negative impacts on priority ecosystem services of relevance to affected communities may be avoided,Ambiental,ESRS/CSRD,E4.IRO-1_08,,Text,Text,annual,narrative,"Disclosure datapoint as defined in IG3 (ESRS E4.IRO-1, paragraph 17.e.iii).",external-standard,entity-specific,entity-assessment-required
urn:sds:reg:esrs:e4_iro_1_09,Disclosure of plans to minimise unavoidable negative impacts and implement mitigation measures that aim to maintain value and functionality of priority services,Ambiental,ESRS/CSRD,E4.IRO-1_09,,Text,Text,annual,narrative,"Disclosure datapoint as defined in IG3 (ESRS E4.IRO-1, paragraph 17.e.iii).",external-standard,entity-specific,entity-assessment-required
urn:sds:reg:esrs:e4_iro_1_10,"Disclosure of whether and how tthe business model(s) has been verified using range of biodiversity and ecosystems scenarios, or other scenarios with modelling of biodiversity and ecosystems related consequences, with different possible pathways",Ambiental,ESRS/CSRD,E4.IRO-1_10,,Text,Boolean,annual,narrative,"Disclosure datapoint as defined in IG3 (ESRS E4.IRO-1, paragraph 18).",external-standard,entity-specific,entity-assessment-required
urn:sds:reg:esrs:e4_iro_1_11,Disclosure of why considered scenarios were taken into consideration,Ambiental,ESRS/CSRD,E4.IRO-1_11,,Text,Text,annual,narrative,"Disclosure datapoint as defined in IG3 (ESRS E4.IRO-1, paragraph 18.a).",external-standard,entity-specific,entity-assessment-required
urn:sds:reg:esrs:e4_iro_1_12,Disclosure of how considered scenarios are updated according to evolving conditions and emerging trends,Ambiental,ESRS/CSRD,E4.IRO-1_12,,Text,Text,annual,narrative,"Disclosure datapoint as defined in IG3 (ESRS E4.IRO-1, paragraph 18.b).",external-standard,entity-specific,entity-assessment-required
urn:sds:reg:esrs:e4_iro_1_13,Scenarios are informed by expectations in authoritative intergovernmental instruments and by scientific consensus,Ambiental,ESRS/CSRD,E4.IRO-1_13,,Boolean,Boolean,annual,boolean,"Disclosure datapoint as defined in IG3 (ESRS E4.IRO-1, paragraph 18.c).",external-standard,entity-specific,entity-assessment-required
urn:sds:reg:esrs:e4_iro_1_14,Undertaking has sites located in or near biodiversity-sensitive areas,Ambiental,ESRS/CSRD,E4.IRO-1_14,,Boolean,Boolean,annual,boolean,"Disclosure datapoint as defined in IG3 (ESRS E4.IRO-1, paragraph 19a).",external-standard,entity-specific,entity-assessment-required
urn:sds:reg:esrs:e4_iro_1_15,Activities related to sites located in or near biodiversity-sensitive areas negatively affect these areas by leading to deterioration of natural habitats and habitats of species and to disturbance of species for which protected area has been designated,Ambiental,ESRS/CSRD,E4.IRO-1_15,,Boolean,Boolean,annual,boolean,"Disclosure datapoint as defined in IG3 (ESRS E4.IRO-1, paragraph 19a).",external-standard,entity-specific,entity-assessment-required
urn:sds:reg:esrs:e4_iro_1_16,It has been concluded that it is necessary to implement biodiversity mitigation measures,Ambiental,ESRS/CSRD,E4.IRO-1_16,,Boolean,Boolean,annual,boolean,"Disclosure datapoint as defined in IG3 (ESRS E4.IRO-1, paragraph 19b).",external-standard,entity-specific,entity-assessment-required
urn:sds:reg:esrs:e4_sbm_3_01,List of material sites in own operation,Ambiental,ESRS/CSRD,E4.SBM-3_01,,Text,Text,annual,narrative,"Disclosure datapoint as defined in IG3 (ESRS E4.SBM-3, paragraph 16.a).",external-standard,entity-specific,entity-assessment-required
urn:sds:reg:esrs:e4_sbm_3_02,Disclosure of activities negatively affecting biodiversity sensitive areeas,Ambiental,ESRS/CSRD,E4.SBM-3_02,,Text,Text,annual,narrative,"Disclosure datapoint as defined in IG3 (ESRS E4.SBM-3, paragraph 16.a.i).",external-standard,entity-specific,entity-assessment-required
urn:sds:reg:esrs:e4_sbm_3_03,Disclosure of list of material sites in own operations based on results of identification and assessment of actual and potential impacts on biodiversity and ecosystems,Ambiental,ESRS/CSRD,E4.SBM-3_03,,Text,Text,annual,narrative,"Disclosure datapoint as defined in IG3 (ESRS E4.SBM-3, paragraph 16.a.ii).",external-standard,entity-specific,entity-assessment-required
urn:sds:reg:esrs:e4_sbm_3_04,Disclosure of biodiversity-sensitive areas impacted,Ambiental,ESRS/CSRD,E4.SBM-3_04,,Text,Text,annual,narrative,"Disclosure datapoint as defined in IG3 (ESRS E4.SBM-3, paragraph 16.a.iii).",external-standard,entity-specific,entity-assessment-required
urn:sds:reg:esrs:e4_sbm_3_05,"Material negative impacts with regards to land degradation, desertification or soil sealing have been identified",Ambiental,ESRS/CSRD,E4.SBM-3_05,,Boolean,Boolean,annual,boolean,"Disclosure datapoint as defined in IG3 (ESRS E4.SBM-3, paragraph 16.b).",external-standard,entity-specific,entity-assessment-required
urn:sds:reg:esrs:e4_sbm_3_06,Own operations affect threatened species,Ambiental,ESRS/CSRD,E4.SBM-3_06,,Boolean,Boolean,annual,boolean,"Disclosure datapoint as defined in IG3 (ESRS E4.SBM-3, paragraph 16.c).",external-standard,entity-specific,entity-assessment-required
urn:sds:reg:esrs:e5_1_01,"Disclosure of whether and how policy addresses transitioning away from use of virgin resources, including relative increases in use of secondary (recycled) resources",Ambiental,ESRS/CSRD,E5-1_01,,Boolean,Boolean,annual,boolean,"Disclosure datapoint as defined in IG3 (ESRS E5-1, paragraph 15a).",external-standard,entity-specific,entity-assessment-required
urn:sds:reg:esrs:e5_1_02,Disclosure of whether and how policy addresses sustainable sourcing and use of renewable resources,Ambiental,ESRS/CSRD,E5-1_02,,Boolean,Boolean,annual,boolean,"Disclosure datapoint as defined in IG3 (ESRS E5-1, paragraph 15b).",external-standard,entity-specific,entity-assessment-required
urn:sds:reg:esrs:e5_1_03,"Description of whether and how policy addresses waste hierarchy (prevention, preparing for re-use, recycling, other recovery, disposal)",Ambiental,ESRS/CSRD,E5-1_03,,Text,Text,annual,semi-narrative,"Disclosure datapoint as defined in IG3 (ESRS E5-1, paragraph ar.9.a).",external-standard,entity-specific,entity-assessment-required
urn:sds:reg:esrs:e5_1_04,Description of whether and how policy addresses prioritisation of strategies to avoid or minimise waste over waste treatment strategies,Ambiental,ESRS/CSRD,E5-1_04,,Boolean,Boolean,annual,boolean,"Disclosure datapoint as defined in IG3 (ESRS E5-1, paragraph ar.9.b).",external-standard,entity-specific,entity-assessment-required
urn:sds:reg:esrs:e5_2_01,Description of higher levels of resource efficiency in use of technical and biological materials and water,Ambiental,ESRS/CSRD,E5-2_01,,Boolean,Boolean,annual,boolean,"Disclosure datapoint as defined in IG3 (ESRS E5-2, paragraph 20.a).",external-standard,entity-specific,entity-assessment-required
urn:sds:reg:esrs:e5_2_02,Description of higher rates of use of secondary raw materials,Ambiental,ESRS/CSRD,E5-2_02,,Boolean,Boolean,annual,boolean,"Disclosure datapoint as defined in IG3 (ESRS E5-2, paragraph 20b).",external-standard,entity-specific,entity-assessment-required
urn:sds:reg:esrs:e5_2_03,Description of application of circular design,Ambiental,ESRS/CSRD,E5-2_03,,Text,Text,annual,narrative,"Disclosure datapoint as defined in IG3 (ESRS E5-2, paragraph 20c).",external-standard,entity-specific,entity-assessment-required
urn:sds:reg:esrs:e5_2_04,Description of application of circular business practices,Ambiental,ESRS/CSRD,E5-2_04,,Boolean,Boolean,annual,boolean,"Disclosure datapoint as defined in IG3 (ESRS E5-2, paragraph 20d).",external-standard,entity-specific,entity-assessment-required
urn:sds:reg:esrs:e5_2_05,Description of actions taken to prevent waste generation in the undertaking's upstream and downstram value chain,Ambiental,ESRS/CSRD,E5-2_05,,Boolean,Boolean,annual,boolean,"Disclosure datapoint as defined in IG3 (ESRS E5-2, paragraph 20e).",external-standard,entity-specific,entity-assessment-required
urn:sds:reg:esrs:e5_2_06,Description of Optimistation of waste management,Ambiental,ESRS/CSRD,E5-2_06,,Text,Text,annual,narrative,"Disclosure datapoint as defined in IG3 (ESRS E5-2, paragraph 20f).",external-standard,entity-specific,entity-assessment-required
urn:sds:reg:esrs:e5_2_07,Information about collective action on development of collaborations or initiatives increasing circularity of products and materials,Ambiental,ESRS/CSRD,E5-2_07,,Text,Text,annual,narrative,"Disclosure datapoint as defined in IG3 (ESRS E5-2, paragraph ar.11).",external-standard,entity-specific,entity-assessment-required
urn:sds:reg:esrs:e5_2_08,Description of contribution to circular economy,Ambiental,ESRS/CSRD,E5-2_08,,Text,Text,annual,narrative,"Disclosure datapoint as defined in IG3 (ESRS E5-2, paragraph ar.12.a).",external-standard,entity-specific,entity-assessment-required
urn:sds:reg:esrs:e5_2_09,Description of other stakeholders involved in collective action (resource use and circular economy),Ambiental,ESRS/CSRD,E5-2_09,,Text,Text,annual,narrative,"Disclosure datapoint as defined in IG3 (ESRS E5-2, paragraph ar.12.b).",external-standard,entity-specific,entity-assessment-required
urn:sds:reg:esrs:e5_2_10,Description of organisation of project (resource use and circular economy),Ambiental,ESRS/CSRD,E5-2_10,,Text,Text,annual,narrative,"Disclosure datapoint as defined in IG3 (ESRS E5-2, paragraph ar.12.c).",external-standard,entity-specific,entity-assessment-required
urn:sds:reg:esrs:e5_3_01,Disclosure of how target relates to resources (resource use and circular economy),Ambiental,ESRS/CSRD,E5-3_01,,Text,Text,annual,narrative,"Disclosure datapoint as defined in IG3 (ESRS E5-3, paragraph 24).",external-standard,entity-specific,entity-assessment-required
urn:sds:reg:esrs:e5_3_02,Disclosure of how target relates to increase of circular design,Ambiental,ESRS/CSRD,E5-3_02,,Boolean,Boolean,annual,boolean,"Disclosure datapoint as defined in IG3 (ESRS E5-3, paragraph 24.a).",external-standard,entity-specific,entity-assessment-required
urn:sds:reg:esrs:e5_3_03,Disclosure of how target relates to increase of circular material use rate,Ambiental,ESRS/CSRD,E5-3_03,,Boolean,Boolean,annual,boolean,"Disclosure datapoint as defined in IG3 (ESRS E5-3, paragraph 24.b).",external-standard,entity-specific,entity-assessment-required
urn:sds:reg:esrs:e5_3_04,Disclosure of how target relates to minimisation of primary raw material,Ambiental,ESRS/CSRD,E5-3_04,,Boolean,Boolean,annual,boolean,"Disclosure datapoint as defined in IG3 (ESRS E5-3, paragraph 24.c).",external-standard,entity-specific,entity-assessment-required
urn:sds:reg:esrs:e5_3_05,Disclosure of how target relates to reversal of depletion of stock of renewable resources,Ambiental,ESRS/CSRD,E5-3_05,,Boolean,Boolean,annual,boolean,"Disclosure datapoint as defined in IG3 (ESRS E5-3, paragraph 24.d).",external-standard,entity-specific,entity-assessment-required
urn:sds:reg:esrs:e5_3_06,Target relates to waste management,Ambiental,ESRS/CSRD,E5-3_06,,Text,Text,annual,narrative,"Disclosure datapoint as defined in IG3 (ESRS E5-3, paragraph 24.e).",external-standard,entity-specific,entity-assessment-required
urn:sds:reg:esrs:e5_3_07,Disclosure of how target relates to waste management,Ambiental,ESRS/CSRD,E5-3_07,,Text,Text,annual,narrative,"Disclosure datapoint as defined in IG3 (ESRS E5-3, paragraph 24.e).",external-standard,entity-specific,entity-assessment-required
urn:sds:reg:esrs:e5_3_08,Disclosure of how target relates to other matters related to resource use or circular economy,Ambiental,ESRS/CSRD,E5-3_08,,Text,Text,annual,narrative,"Disclosure datapoint as defined in IG3 (ESRS E5-3, paragraph 24.f).",external-standard,entity-specific,entity-assessment-required
urn:sds:reg:esrs:e5_3_09,Layer in waste hierarchy to which target relates,Ambiental,ESRS/CSRD,E5-3_09,,Text,Text,annual,semi-narrative,"Disclosure datapoint as defined in IG3 (ESRS E5-3, paragraph 25).",external-standard,entity-specific,entity-assessment-required
urn:sds:reg:esrs:e5_3_10,Disclosure of ecological threshold identified and methodology used to identify ecological threshold (resource use and circular economy),Ambiental,ESRS/CSRD,E5-3_10,,Text,Text,annual,narrative,"Disclosure datapoint as defined in IG3 (ESRS E5-3, paragraph 26.a).",external-standard,entity-specific,entity-assessment-required
urn:sds:reg:esrs:e5_3_11,Disclosure of how ecological entity-specific threshold was determined (resource use and circular economy),Ambiental,ESRS/CSRD,E5-3_11,,Text,Text,annual,narrative,"Disclosure datapoint as defined in IG3 (ESRS E5-3, paragraph 26.b).",external-standard,entity-specific,entity-assessment-required
urn:sds:reg:esrs:e5_3_12,Disclosure of how responsibility for respecting identified ecological threshold is allocated (resource use and circular economy),Ambiental,ESRS/CSRD,E5-3_12,,Text,Text,annual,narrative,"Disclosure datapoint as defined in IG3 (ESRS E5-3, paragraph 26.c).",external-standard,entity-specific,entity-assessment-required
urn:sds:reg:esrs:e5_3_13,The targets being set and presented are mandatory (required by legislation),Ambiental,ESRS/CSRD,E5-3_13,,Boolean,Boolean,annual,boolean,"Disclosure datapoint as defined in IG3 (ESRS E5-3, paragraph 27).",external-standard,entity-specific,entity-assessment-required
urn:sds:reg:esrs:e5_4_01,Disclosure of information on material resource inflows,Ambiental,ESRS/CSRD,E5-4_01,,Text,Text,annual,narrative,"Disclosure datapoint as defined in IG3 (ESRS E5-4, paragraph 30).",external-standard,entity-specific,entity-assessment-required
urn:sds:reg:esrs:e5_4_02,Overall total weight of products and technical and biological materials used during the reporting period,Ambiental,ESRS/CSRD,E5-4_02,,tonnes,Mass,annual,numeric,"Disclosure datapoint as defined in IG3 (ESRS E5-4, paragraph 31a).",external-standard,entity-specific,entity-assessment-required
urn:sds:reg:esrs:e5_4_03,Percentage of biological materials (and biofuels used for non-energy purposes),Ambiental,ESRS/CSRD,E5-4_03,,percent,Ratio,annual,numeric,"Disclosure datapoint as defined in IG3 (ESRS E5-4, paragraph 31b).",external-standard,entity-specific,entity-assessment-required
urn:sds:reg:esrs:e5_4_04,"The absolute weight of secondary reused or recycled components, secondary intermediary products and secondary materials used to manufacture the undertaking’s products and services (including packaging)",Ambiental,ESRS/CSRD,E5-4_04,,tonnes,Mass,annual,numeric,"Disclosure datapoint as defined in IG3 (ESRS E5-4, paragraph 31c).",external-standard,entity-specific,entity-assessment-required
urn:sds:reg:esrs:e5_4_05,"Percentage of secondary reused or recycled components, secondary intermediary products and secondary materials",Ambiental,ESRS/CSRD,E5-4_05,,percent,Ratio,annual,numeric,"Disclosure datapoint as defined in IG3 (ESRS E5-4, paragraph 31c).",external-standard,entity-specific,entity-assessment-required
urn:sds:reg:esrs:e5_4_06,Description of methodologies used to calculate data and key assumptions used,Ambiental,ESRS/CSRD,E5-4_06,,Text,Text,annual,narrative,"Disclosure datapoint as defined in IG3 (ESRS E5-4, paragraph 32).",external-standard,entity-specific,entity-assessment-required
urn:sds:reg:esrs:e5_4_07,Description of materials that are sourced from by-products or waste stream,Ambiental,ESRS/CSRD,E5-4_07,,Text,Text,annual,narrative,"Disclosure datapoint as defined in IG3 (ESRS E5-4, paragraph ar.22).",external-standard,entity-specific,entity-assessment-required
urn:sds:reg:esrs:e5_4_08,Description of how double counting was avoided and of choices made,Ambiental,ESRS/CSRD,E5-4_08,,Text,Text,annual,narrative,"Disclosure datapoint as defined in IG3 (ESRS E5-4, paragraph ar.25).",external-standard,entity-specific,entity-assessment-required
urn:sds:reg:esrs:e5_5_01,Description of the key products and materials that come out of the undertaking’s production process,Ambiental,ESRS/CSRD,E5-5_01,,Text,Text,annual,narrative,"Disclosure datapoint as defined in IG3 (ESRS E5-5, paragraph 35).",external-standard,entity-specific,entity-assessment-required
urn:sds:reg:esrs:e5_5_02,"Disclosure of the expected durability of the products placed on the market, in relation to the industry average for each product group",Ambiental,ESRS/CSRD,E5-5_02,,Text,Text,annual,narrative,"Disclosure datapoint as defined in IG3 (ESRS E5-5, paragraph 36a).",external-standard,entity-specific,entity-assessment-required
urn:sds:reg:esrs:e5_5_03,Disclosure of the reparability of products,Ambiental,ESRS/CSRD,E5-5_03,,Text,Text,annual,narrative,"Disclosure datapoint as defined in IG3 (ESRS E5-5, paragraph 36b).",external-standard,entity-specific,entity-assessment-required
urn:sds:reg:esrs:e5_5_04,The rates of recyclable content in products,Ambiental,ESRS/CSRD,E5-5_04,,Text,Text,annual,narrative,"Disclosure datapoint as defined in IG3 (ESRS E5-5, paragraph 36c).",external-standard,entity-specific,entity-assessment-required
urn:sds:reg:esrs:e5_5_05,The rates of recyclable content in products packaging,Ambiental,ESRS/CSRD,E5-5_05,,Text,Text,annual,narrative,"Disclosure datapoint as defined in IG3 (ESRS E5-5, paragraph 36c).",external-standard,entity-specific,entity-assessment-required
urn:sds:reg:esrs:e5_5_06,Description of methodologies used to calculate data (resource outflows),Ambiental,ESRS/CSRD,E5-5_06,,Text,Text,annual,narrative,"Disclosure datapoint as defined in IG3 (ESRS E5-5, paragraph 40).",external-standard,entity-specific,entity-assessment-required
urn:sds:reg:esrs:e5_5_07,Total Waste generated,Ambiental,ESRS/CSRD,E5-5_07,,tonnes,Mass,annual,numeric,"Disclosure datapoint as defined in IG3 (ESRS E5-5, paragraph 37.a).",external-standard,entity-specific,entity-assessment-required
urn:sds:reg:esrs:e5_5_08,"Waste diverted from disposal, breakdown by hazardous and non-hazardous waste and treatment type",Ambiental,ESRS/CSRD,E5-5_08,,tonnes,Mass,annual,numeric,"Disclosure datapoint as defined in IG3 (ESRS E5-5, paragraph 37.b).",external-standard,entity-specific,entity-assessment-required
urn:sds:reg:esrs:e5_5_09,"Waste directed to disposal, breakdown by hazardous and non-hazardous waste and treatment type",Ambiental,ESRS/CSRD,E5-5_09,,tonnes,Mass,annual,numeric,"Disclosure datapoint as defined in IG3 (ESRS E5-5, paragraph 37.c).",external-standard,entity-specific,entity-assessment-required
urn:sds:reg:esrs:e5_5_10,Non-recycled waste,Ambiental,ESRS/CSRD,E5-5_10,,tonnes,Mass,annual,numeric,"Disclosure datapoint as defined in IG3 (ESRS E5-5, paragraph 37.d).",external-standard,entity-specific,entity-assessment-required
urn:sds:reg:esrs:e5_5_11,Percentage of non-recycled waste,Ambiental,ESRS/CSRD,E5-5_11,,percent,Ratio,annual,numeric,"Disclosure datapoint as defined in IG3 (ESRS E5-5, paragraph 37.d).",external-standard,entity-specific,entity-assessment-required
urn:sds:reg:esrs:e5_5_12,Disclosure of composition of waste,Ambiental,ESRS/CSRD,E5-5_12,,Text,Text,annual,narrative,"Disclosure datapoint as defined in IG3 (ESRS E5-5, paragraph 38).",external-standard,entity-specific,entity-assessment-required
urn:sds:reg:esrs:e5_5_13,Disclosure of waste streams relevant to undertaking's sector or activities,Ambiental,ESRS/CSRD,E5-5_13,,Text,Text,annual,narrative,"Disclosure datapoint as defined in IG3 (ESRS E5-5, paragraph 38.a).",external-standard,entity-specific,entity-assessment-required
urn:sds:reg:esrs:e5_5_14,Disclosure of materials that are present in waste,Ambiental,ESRS/CSRD,E5-5_14,,Text,Text,annual,narrative,"Disclosure datapoint as defined in IG3 (ESRS E5-5, paragraph 38.b).",external-standard,entity-specific,entity-assessment-required
urn:sds:reg:esrs:e5_5_15,Total amount of hazardous waste,Ambiental,ESRS/CSRD,E5-5_15,,tonnes,Mass,annual,numeric,"Disclosure datapoint as defined in IG3 (ESRS E5-5, paragraph 39).",external-standard,entity-specific,entity-assessment-required
urn:sds:reg:esrs:e5_5_16,Total amount of radioactive waste,Ambiental,ESRS/CSRD,E5-5_16,,tonnes,Mass,annual,numeric,"Disclosure datapoint as defined in IG3 (ESRS E5-5, paragraph 39).",external-standard,entity-specific,entity-assessment-required
urn:sds:reg:esrs:e5_5_17,Description of methodologies used to calculate data (waste generated),Ambiental,ESRS/CSRD,E5-5_17,,Text,Text,annual,narrative,"Disclosure datapoint as defined in IG3 (ESRS E5-5, paragraph 40).",external-standard,entity-specific,entity-assessment-required
urn:sds:reg:esrs:e5_5_18,Disclosure of its engagement in product end-of-life waste management,Ambiental,ESRS/CSRD,E5-5_18,,Text,Text,annual,narrative,"Disclosure datapoint as defined in IG3 (ESRS E5-5, paragraph ar.28).",external-standard,entity-specific,entity-assessment-required
urn:sds:reg:esrs:e5_6_01,Disclosure of quantitative information about anticipated financial effects of material risks and opportunities arising from resource use and circular economy-related impacts,Ambiental,ESRS/CSRD,E5-6_01,,Text,Text,annual,narrative,"Disclosure datapoint as defined in IG3 (ESRS E5-6, paragraph 43.a).",external-standard,entity-specific,entity-assessment-required
urn:sds:reg:esrs:e5_6_02,Disclosure of qualitative information of anticipated financial effects of material risks and opportunities arising from resource use and circular economy-related impacts,Ambiental,ESRS/CSRD,E5-6_02,,Text,Text,annual,narrative,"Disclosure datapoint as defined in IG3 (ESRS E5-6, paragraph 43.a).",external-standard,entity-specific,entity-assessment-required
urn:sds:reg:esrs:e5_6_03,Description of effects considered and related impacts (resource use and circular economy),Ambiental,ESRS/CSRD,E5-6_03,,Text,Text,annual,narrative,"Disclosure datapoint as defined in IG3 (ESRS E5-6, paragraph 43.b).",external-standard,entity-specific,entity-assessment-required
urn:sds:reg:esrs:e5_6_04,Disclosure of critical assumptions used in estimates of financial effects of material risks and opportunities arising from resource use and circular economy-related impacts,Ambiental,ESRS/CSRD,E5-6_04,,Text,Text,annual,narrative,"Disclosure datapoint as defined in IG3 (ESRS E5-6, paragraph 43.c).",external-standard,entity-specific,entity-assessment-required
urn:sds:reg:esrs:e5_6_05,Description of related products and services at risk (resource use and circular economy),Ambiental,ESRS/CSRD,E5-6_05,,Text,Text,annual,narrative,"Disclosure datapoint as defined in IG3 (ESRS E5-6, paragraph ar.35).",external-standard,entity-specific,entity-assessment-required
urn:sds:reg:esrs:e5_6_06,"Explanation of how time horizons are defined, financial amounts are estimated and of critical assumptions made (resource use and circular economy)",Ambiental,ESRS/CSRD,E5-6_06,,Text,Text,annual,narrative,"Disclosure datapoint as defined in IG3 (ESRS E5-6, paragraph ar.35).",external-standard,entity-specific,entity-assessment-required
urn:sds:reg:esrs:e5_iro_1_01,"Disclosure of whether the undertaking has screened its assets and activities in order to identify actual and potential impacts, risks and opportunities in own operations and upstream and downstream value chain, and if so, methodologies, assumptions and tools used",Ambiental,ESRS/CSRD,E5.IRO-1_01,,Text,Text,annual,narrative,"Disclosure datapoint as defined in IG3 (ESRS E5.IRO-1, paragraph 11a).",external-standard,entity-specific,entity-assessment-required
urn:sds:reg:esrs:e5_iro_1_02,Disclosure of whether and how the undertaking has conducted consultations (resource and circular economy),Ambiental,ESRS/CSRD,E5.IRO-1_02,,Text,Boolean,annual,narrative,"Disclosure datapoint as defined in IG3 (ESRS E5.IRO-1, paragraph 11.b).",external-standard,entity-specific,entity-assessment-required
urn:sds:reg:esrs:g1_1_01,"Description of how the undertaking establishes, develops, promotes and evaluates its corporate culture",Gobernanza,ESRS/CSRD,G1-1_01,,Text,Text,annual,narrative,"Disclosure datapoint as defined in IG3 (ESRS G1-1, paragraph 9).",external-standard,entity-specific,entity-assessment-required
urn:sds:reg:esrs:g1_1_02,"Description of the mechanisms for identifying, reporting and investigating concerns about unlawful behaviour or behaviour in contradiction of its code of conduct or similar internal rules",Gobernanza,ESRS/CSRD,G1-1_02,,Text,Text,annual,narrative,"Disclosure datapoint as defined in IG3 (ESRS G1-1, paragraph 10a).",external-standard,entity-specific,entity-assessment-required
urn:sds:reg:esrs:g1_1_03,No policies on anti-corruption or anti-bribery consistent with United Nations Convention against Corruption are in place,Gobernanza,ESRS/CSRD,G1-1_03,,Boolean,Boolean,annual,boolean,"Disclosure datapoint as defined in IG3 (ESRS G1-1, paragraph 10.b).",external-standard,entity-specific,entity-assessment-required
urn:sds:reg:esrs:g1_1_04,Timetable for implementation of policies on anti-corruption or anti-bribery consistent with United Nations Convention against Corruption,Gobernanza,ESRS/CSRD,G1-1_04,,Text,Text,annual,narrative,"Disclosure datapoint as defined in IG3 (ESRS G1-1, paragraph 10.b).",external-standard,entity-specific,entity-assessment-required
urn:sds:reg:esrs:g1_1_05,Disclosure of safeguards for reporting irregularities including whistleblowing protection,Gobernanza,ESRS/CSRD,G1-1_05,,Text,Text,annual,narrative,"Disclosure datapoint as defined in IG3 (ESRS G1-1, paragraph 10.c).",external-standard,entity-specific,entity-assessment-required
urn:sds:reg:esrs:g1_1_06,No policies on protection of whistle-blowers are in place,Gobernanza,ESRS/CSRD,G1-1_06,,Boolean,Boolean,annual,boolean,"Disclosure datapoint as defined in IG3 (ESRS G1-1, paragraph 10.d).",external-standard,entity-specific,entity-assessment-required
urn:sds:reg:esrs:g1_1_07,Timetable for implementation of policies on protection of whistle-blowers,Gobernanza,ESRS/CSRD,G1-1_07,,Text,Text,annual,narrative,"Disclosure datapoint as defined in IG3 (ESRS G1-1, paragraph 10.d).",external-standard,entity-specific,entity-assessment-required
urn:sds:reg:esrs:g1_1_08,"Undertaking is committed to investigate business conduct incidents promptly, independently and objectively",Gobernanza,ESRS/CSRD,G1-1_08,,Boolean,Boolean,annual,boolean,"Disclosure datapoint as defined in IG3 (ESRS G1-1, paragraph 10.e).",external-standard,entity-specific,entity-assessment-required
urn:sds:reg:esrs:g1_1_09,Policies with respect to animal welfare are in place,Gobernanza,ESRS/CSRD,G1-1_09,,Boolean,Boolean,annual,boolean,"Disclosure datapoint as defined in IG3 (ESRS G1-1, paragraph 10.f).",external-standard,entity-specific,entity-assessment-required
urn:sds:reg:esrs:g1_1_10,Information about policy for training within organisation on business conduct,Gobernanza,ESRS/CSRD,G1-1_10,,Text,Text,annual,narrative,"Disclosure datapoint as defined in IG3 (ESRS G1-1, paragraph 10.g).",external-standard,entity-specific,entity-assessment-required
urn:sds:reg:esrs:g1_1_11,Disclosure of the functions that are most at risk in respect of corruption and bribery,Gobernanza,ESRS/CSRD,G1-1_11,,Text,Text,annual,narrative,"Disclosure datapoint as defined in IG3 (ESRS G1-1, paragraph 10.h).",external-standard,entity-specific,entity-assessment-required
urn:sds:reg:esrs:g1_1_12,Entity is subject to legal requirements with regard to protection of whistleblowers,Gobernanza,ESRS/CSRD,G1-1_12,,Boolean,Boolean,annual,boolean,"Disclosure datapoint as defined in IG3 (ESRS G1-1, paragraph 11).",external-standard,entity-specific,entity-assessment-required
urn:sds:reg:esrs:g1_2_01,"Description of policy to prevent late payments, especially to SMEs",Gobernanza,ESRS/CSRD,G1-2_01,,Text,Text,annual,narrative,"Disclosure datapoint as defined in IG3 (ESRS G1-2, paragraph 14).",external-standard,entity-specific,entity-assessment-required
urn:sds:reg:esrs:g1_2_02,"Description of approaches in regard to relationships with suppliers, taking account risks related to supply chain and impacts on sustainability matters",Gobernanza,ESRS/CSRD,G1-2_02,,Text,Text,annual,narrative,"Disclosure datapoint as defined in IG3 (ESRS G1-2, paragraph 15.a).",external-standard,entity-specific,entity-assessment-required
urn:sds:reg:esrs:g1_2_03,Disclosure of whether and how social and environmental criteria are taken into account for selection of supply-side contractual partners,Gobernanza,ESRS/CSRD,G1-2_03,,Text,Text,annual,narrative,"Disclosure datapoint as defined in IG3 (ESRS G1-2, paragraph 15.b).",external-standard,entity-specific,entity-assessment-required
urn:sds:reg:esrs:g1_3_01,"Information about procedures in place to prevent, detect, and address allegations or incidents of corruption or bribery",Gobernanza,ESRS/CSRD,G1-3_01,,Text,Text,annual,narrative,"Disclosure datapoint as defined in IG3 (ESRS G1-3, paragraph 18.a).",external-standard,entity-specific,entity-assessment-required
urn:sds:reg:esrs:g1_3_02,Investigators or investigating committee are separate from chain of management involved in prevention and detection of corruption or bribery,Gobernanza,ESRS/CSRD,G1-3_02,,Boolean,Boolean,annual,boolean,"Disclosure datapoint as defined in IG3 (ESRS G1-3, paragraph 18.b).",external-standard,entity-specific,entity-assessment-required
urn:sds:reg:esrs:g1_3_03,"Information about process to report outcomes to administrative, management and supervisory bodies",Gobernanza,ESRS/CSRD,G1-3_03,,Text,Text,annual,narrative,"Disclosure datapoint as defined in IG3 (ESRS G1-3, paragraph 18.c).",external-standard,entity-specific,entity-assessment-required
urn:sds:reg:esrs:g1_3_04,"Disclosure of plans to adopt procedures to prevent, detect, and address allegations or incidents of corruption or bribery in case of no procedure",Gobernanza,ESRS/CSRD,G1-3_04,,Text,Text,annual,narrative,"Disclosure datapoint as defined in IG3 (ESRS G1-3, paragraph 19).",external-standard,entity-specific,entity-assessment-required
urn:sds:reg:esrs:g1_3_05,Information about how policies are communicated to those for whom they are relevant (prevention and detection of corruption or bribery),Gobernanza,ESRS/CSRD,G1-3_05,,Text,Text,annual,narrative,"Disclosure datapoint as defined in IG3 (ESRS G1-3, paragraph 20).",external-standard,entity-specific,entity-assessment-required
urn:sds:reg:esrs:g1_3_06,"Information about nature, scope and depth of anti-corruption or anti-bribery training programmes offered or required",Gobernanza,ESRS/CSRD,G1-3_06,,Text,Text,annual,narrative,"Disclosure datapoint as defined in IG3 (ESRS G1-3, paragraph 21.a).",external-standard,entity-specific,entity-assessment-required
urn:sds:reg:esrs:g1_3_07,Percentage of functions-at-risk covered by training programmes,Gobernanza,ESRS/CSRD,G1-3_07,,percent,Ratio,annual,numeric,"Disclosure datapoint as defined in IG3 (ESRS G1-3, paragraph 21.b).",external-standard,entity-specific,entity-assessment-required
urn:sds:reg:esrs:g1_3_08,"Information about members of administrative, supervisory and management bodies relating to anti-corruption or anti-bribery training",Gobernanza,ESRS/CSRD,G1-3_08,,Text,Text,annual,narrative,"Disclosure datapoint as defined in IG3 (ESRS G1-3, paragraph 21.c).",external-standard,entity-specific,entity-assessment-required
urn:sds:reg:esrs:g1_3_09,"Disclosure of an analysis of its training activities by, for example, region of training or category",Gobernanza,ESRS/CSRD,G1-3_09,,Text,Text,annual,narrative,"Disclosure datapoint as defined in IG3 (ESRS G1-3, paragraph ar.7).",external-standard,entity-specific,entity-assessment-required
urn:sds:reg:esrs:g1_4_01,Number of convictions for violation of anti-corruption and anti- bribery laws,Gobernanza,ESRS/CSRD,G1-4_01,,count,Count,annual,numeric,"Disclosure datapoint as defined in IG3 (ESRS G1-4, paragraph 24.a).",external-standard,entity-specific,entity-assessment-required
urn:sds:reg:esrs:g1_4_02,Amount of fines for violation of anti-corruption and anti- bribery laws,Gobernanza,ESRS/CSRD,G1-4_02,,EUR,Currency,annual,monetary,"Disclosure datapoint as defined in IG3 (ESRS G1-4, paragraph 24.a).",external-standard,entity-specific,entity-assessment-required
urn:sds:reg:esrs:g1_4_03,Prevention and detection of corruption or bribery - anti-corruption and bribery training table,Gobernanza,ESRS/CSRD,G1-4_03,,Text,Text,annual,narrative,"Disclosure datapoint as defined in IG3 (ESRS G1-3, paragraph 24.b).",external-standard,entity-specific,entity-assessment-required
urn:sds:reg:esrs:g1_4_04,Number of confirmed incidents of corruption or bribery,Gobernanza,ESRS/CSRD,G1-4_04,,count,Count,annual,numeric,"Disclosure datapoint as defined in IG3 (ESRS G1-4, paragraph 25.a).",external-standard,entity-specific,entity-assessment-required
urn:sds:reg:esrs:g1_4_05,Information about nature of confirmed incidents of corruption or bribery,Gobernanza,ESRS/CSRD,G1-4_05,,Text,Text,annual,narrative,"Disclosure datapoint as defined in IG3 (ESRS G1-4, paragraph 25.a).",external-standard,entity-specific,entity-assessment-required
urn:sds:reg:esrs:g1_4_06,Number of confirmed incidents in which own workers were dismissed or disciplined for corruption or bribery-related incidents,Gobernanza,ESRS/CSRD,G1-4_06,,count,Count,annual,numeric,"Disclosure datapoint as defined in IG3 (ESRS G1-4, paragraph 25.b).",external-standard,entity-specific,entity-assessment-required
urn:sds:reg:esrs:g1_4_07,Number of confirmed incidents relating to contracts with business partners that were terminated or not renewed due to violations related to corruption or bribery,Gobernanza,ESRS/CSRD,G1-4_07,,count,Count,annual,numeric,"Disclosure datapoint as defined in IG3 (ESRS G1-4, paragraph 25.c).",external-standard,entity-specific,entity-assessment-required
urn:sds:reg:esrs:g1_4_08,Information about details of public legal cases regarding corruption or bribery brought against undertaking and own workers and about outcomes of such cases,Gobernanza,ESRS/CSRD,G1-4_08,,Text,Text,annual,narrative,"Disclosure datapoint as defined in IG3 (ESRS G1-4, paragraph 25.d).",external-standard,entity-specific,entity-assessment-required
urn:sds:reg:esrs:g1_5_01,"Information about representative(s) responsible in administrative, management and supervisory bodies for oversight of political influence and lobbying activities",Gobernanza,ESRS/CSRD,G1-5_01,,Text,Text,annual,narrative,"Disclosure datapoint as defined in IG3 (ESRS G1-5, paragraph 29.a).",external-standard,entity-specific,entity-assessment-required
urn:sds:reg:esrs:g1_5_02,Information about financial or in-kind political contributions,Gobernanza,ESRS/CSRD,G1-5_02,,Text,Text,annual,narrative,"Disclosure datapoint as defined in IG3 (ESRS G1-5, paragraph 29.b).",external-standard,entity-specific,entity-assessment-required
urn:sds:reg:esrs:g1_5_03,Financial political contributions made,Gobernanza,ESRS/CSRD,G1-5_03,,EUR,Currency,annual,monetary,"Disclosure datapoint as defined in IG3 (ESRS G1-5, paragraph 29.b.i).",external-standard,entity-specific,entity-assessment-required
urn:sds:reg:esrs:g1_5_04,Amount of internal and external lobbying expenses,Gobernanza,ESRS/CSRD,G1-5_04,,EUR,Currency,annual,monetary,"Disclosure datapoint as defined in IG3 (ESRS G1-5, paragraph ar.12.a).",external-standard,entity-specific,entity-assessment-required
urn:sds:reg:esrs:g1_5_05,Amount paid for membership to lobbying associations,Gobernanza,ESRS/CSRD,G1-5_05,,EUR,Currency,annual,monetary,"Disclosure datapoint as defined in IG3 (ESRS G1-5, paragraph ar.12.b).",external-standard,entity-specific,entity-assessment-required
urn:sds:reg:esrs:g1_5_06,In-kind political contributions made,Gobernanza,ESRS/CSRD,G1-5_06,,EUR,Currency,annual,monetary,"Disclosure datapoint as defined in IG3 (ESRS G1-5, paragraph 29.b.i).",external-standard,entity-specific,entity-assessment-required
urn:sds:reg:esrs:g1_5_07,Disclosure of how monetary value of in-kind contributions is estimated,Gobernanza,ESRS/CSRD,G1-5_07,,Text,Text,annual,narrative,"Disclosure datapoint as defined in IG3 (ESRS G1-5, paragraph 29.b.ii).",external-standard,entity-specific,entity-assessment-required
urn:sds:reg:esrs:g1_5_08,Financial and in-kind political contributions made,Gobernanza,ESRS/CSRD,G1-5_08,,EUR,Currency,annual,monetary,"Disclosure datapoint as defined in IG3 (ESRS G1-5, paragraph 29.b.ii).",external-standard,entity-specific,entity-assessment-required
urn:sds:reg:esrs:g1_5_09,Disclosure of main topics covered by lobbying activities and undertaking's main positions on these topics,Gobernanza,ESRS/CSRD,G1-5_09,,Text,Text,annual,narrative,"Disclosure datapoint as defined in IG3 (ESRS G1-5, paragraph 29.c).",external-standard,entity-specific,entity-assessment-required
urn:sds:reg:esrs:g1_5_10,Undertaking is registered in EU Transparency Register or in equivalent transparency register in Member State,Gobernanza,ESRS/CSRD,G1-5_10,,Text,Text,annual,narrative,"Disclosure datapoint as defined in IG3 (ESRS G1-5, paragraph 29.d).",external-standard,entity-specific,entity-assessment-required
urn:sds:reg:esrs:g1_5_11,"Information about appointment of any members of administrative, management and supervisory bodies who held comparable position in public administration in two years preceding such appointment",Gobernanza,ESRS/CSRD,G1-5_11,,Text,Text,annual,narrative,"Disclosure datapoint as defined in IG3 (ESRS G1-5, paragraph 30).",external-standard,entity-specific,entity-assessment-required
urn:sds:reg:esrs:g1_5_12,The entity is legally obliged to be a member of a chamber of commerce or other organisation that represents its interests,Gobernanza,ESRS/CSRD,G1-5_12,,Boolean,Boolean,annual,boolean,"Disclosure datapoint as defined in IG3 (ESRS G1-5, paragraph AR13).",external-standard,entity-specific,entity-assessment-required
urn:sds:reg:esrs:g1_6_01,Average number of days to pay invoice from date when contractual or statutory term of payment starts to be calculated,Gobernanza,ESRS/CSRD,G1-6_01,,day,Time,annual,numeric,"Disclosure datapoint as defined in IG3 (ESRS G1-6, paragraph 33.a).",external-standard,entity-specific,entity-assessment-required
urn:sds:reg:esrs:g1_6_02,Description of undertakings standard payment terms in number of days by main category of suppliers,Gobernanza,ESRS/CSRD,G1-6_02,,Text,Text,annual,narrative,"Disclosure datapoint as defined in IG3 (ESRS G1-6, paragraph 33.b).",external-standard,entity-specific,entity-assessment-required
urn:sds:reg:esrs:g1_6_03,Percentage of payments aligned with standard payment terms,Gobernanza,ESRS/CSRD,G1-6_03,,percent,Ratio,annual,numeric,"Disclosure datapoint as defined in IG3 (ESRS G1-6, paragraph 33.b).",external-standard,entity-specific,entity-assessment-required
urn:sds:reg:esrs:g1_6_04,Number of outstanding legal proceedings for late payments,Gobernanza,ESRS/CSRD,G1-6_04,,count,Count,annual,numeric,"Disclosure datapoint as defined in IG3 (ESRS G1-6, paragraph 33.c).",external-standard,entity-specific,entity-assessment-required
urn:sds:reg:esrs:g1_6_05,Disclosure of contextual information regarding payment practices,Gobernanza,ESRS/CSRD,G1-6_05,,Text,Text,annual,narrative,"Disclosure datapoint as defined in IG3 (ESRS G1-6, paragraph 33.d).",external-standard,entity-specific,entity-assessment-required
urn:sds:reg:esrs:g1_gov_1_01,"Disclosure of role of administrative, management and supervisory bodies related to business conduct",Gobernanza,ESRS/CSRD,G1.GOV-1_01,,Text,Text,annual,narrative,"Disclosure datapoint as defined in IG3 (ESRS G1.GOV-1, paragraph 5a).",external-standard,entity-specific,entity-assessment-required
urn:sds:reg:esrs:g1_gov_1_02,"Disclosure of expertise of administrative, management and supervisory bodies on business conduct matters",Gobernanza,ESRS/CSRD,G1.GOV-1_02,,Text,Text,annual,narrative,"Disclosure datapoint as defined in IG3 (ESRS G1.GOV-1, paragraph 5.b).",external-standard,entity-specific,entity-assessment-required
urn:sds:reg:esrs:gov_1_01,Number of executive members,Gobernanza,ESRS/CSRD,GOV-1_01,,count,Count,annual,numeric,"Disclosure datapoint as defined in IG3 (ESRS 2 GOV-1, paragraph 21.a).",external-standard,entity-specific,entity-assessment-required
urn:sds:reg:esrs:gov_1_02,Number of non-executive members,Gobernanza,ESRS/CSRD,GOV-1_02,,count,Count,annual,numeric,"Disclosure datapoint as defined in IG3 (ESRS 2 GOV-1, paragraph 21.a).",external-standard,entity-specific,entity-assessment-required
urn:sds:reg:esrs:gov_1_03,Information about representation of employees and other workers,Gobernanza,ESRS/CSRD,GOV-1_03,,Text,Text,annual,narrative,"Disclosure datapoint as defined in IG3 (ESRS 2 GOV-1, paragraph 21.b).",external-standard,entity-specific,entity-assessment-required
urn:sds:reg:esrs:gov_1_04,"Information about member's experience relevant to sectors, products and geographic locations of undertaking",Gobernanza,ESRS/CSRD,GOV-1_04,,Text,Text,annual,narrative,"Disclosure datapoint as defined in IG3 (ESRS 2 GOV-1, paragraph 21.c).",external-standard,entity-specific,entity-assessment-required
urn:sds:reg:esrs:gov_1_05,"Percentage of members of administrative, management and supervisory bodies by gender and other aspects of diversity",Gobernanza,ESRS/CSRD,GOV-1_05,,percent,Ratio,annual,numeric,"Disclosure datapoint as defined in IG3 (ESRS 2 GOV-1, paragraph 21.d).",external-standard,entity-specific,entity-assessment-required
urn:sds:reg:esrs:gov_1_06,Board's gender diversity ratio,Gobernanza,ESRS/CSRD,GOV-1_06,,percent,Ratio,annual,numeric,"Disclosure datapoint as defined in IG3 (ESRS 2 GOV-1, paragraph 21.d).",external-standard,entity-specific,entity-assessment-required
urn:sds:reg:esrs:gov_1_07,Percentage of independent board members,Gobernanza,ESRS/CSRD,GOV-1_07,,percent,Ratio,annual,numeric,"Disclosure datapoint as defined in IG3 (ESRS 2 GOV-1, paragraph 21.e).",external-standard,entity-specific,entity-assessment-required
urn:sds:reg:esrs:gov_1_08,"Information about identity of administrative, management and supervisory bodies or individual(s) within body responsible for oversight of impacts, risks and opportunities",Gobernanza,ESRS/CSRD,GOV-1_08,,Text,Text,annual,narrative,"Disclosure datapoint as defined in IG3 (ESRS 2 GOV-1, paragraph 22.a).",external-standard,entity-specific,entity-assessment-required
urn:sds:reg:esrs:gov_1_09,"Disclosure of how body's or individuals within body responsibilities for impacts, risks and opportunities are reflected in undertaking's terms of reference, board mandates and other related policies",Gobernanza,ESRS/CSRD,GOV-1_09,,Text,Text,annual,narrative,"Disclosure datapoint as defined in IG3 (ESRS 2 GOV-1, paragraph 22.b).",external-standard,entity-specific,entity-assessment-required
urn:sds:reg:esrs:gov_1_10,"Description of management's role in governance processes, controls and procedures used to monitor, manage and oversee impacts, risks and opportunities",Gobernanza,ESRS/CSRD,GOV-1_10,,Text,Text,annual,narrative,"Disclosure datapoint as defined in IG3 (ESRS 2 GOV-1, paragraph 22.c).",external-standard,entity-specific,entity-assessment-required
urn:sds:reg:esrs:gov_1_11,Description of how oversight is exercised over management-level position or committee to which management's role is delegated to,Gobernanza,ESRS/CSRD,GOV-1_11,,Text,Text,annual,narrative,"Disclosure datapoint as defined in IG3 (ESRS 2 GOV-1, paragraph 22.c.i).",external-standard,entity-specific,entity-assessment-required
urn:sds:reg:esrs:gov_1_12,"Information about reporting lines to administrative, management and supervisory bodies",Gobernanza,ESRS/CSRD,GOV-1_12,,Text,Text,annual,narrative,"Disclosure datapoint as defined in IG3 (ESRS 2 GOV-1, paragraph 22.c.ii).",external-standard,entity-specific,entity-assessment-required
urn:sds:reg:esrs:gov_1_13,Disclosure of how dedicated controls and procedures are integrated with other internal functions,Gobernanza,ESRS/CSRD,GOV-1_13,,Text,Text,annual,narrative,"Disclosure datapoint as defined in IG3 (ESRS 2 GOV-1, paragraph 22.c.iii).",external-standard,entity-specific,entity-assessment-required
urn:sds:reg:esrs:gov_1_14,"Disclosure of how administrative, management and supervisory bodies and senior executive management oversee setting of targets related to material impacts, risks and opportunities and how progress towards them is monitored",Gobernanza,ESRS/CSRD,GOV-1_14,,Text,Text,annual,narrative,"Disclosure datapoint as defined in IG3 (ESRS 2 GOV-1, paragraph 22.d).",external-standard,entity-specific,entity-assessment-required
urn:sds:reg:esrs:gov_1_15,"Disclosure of how administrative, management and supervisory bodies determine whether appropriate skills and expertise are available or will be developed to oversee sustainability matters",Gobernanza,ESRS/CSRD,GOV-1_15,,Text,Text,annual,narrative,"Disclosure datapoint as defined in IG3 (ESRS 2 GOV-1, paragraph 23).",external-standard,entity-specific,entity-assessment-required
urn:sds:reg:esrs:gov_1_16,Information about sustainability-related expertise that bodies either directly possess or can leverage,Gobernanza,ESRS/CSRD,GOV-1_16,,Text,Text,annual,narrative,"Disclosure datapoint as defined in IG3 (ESRS 2 GOV-1, paragraph 23.a).",external-standard,entity-specific,entity-assessment-required
urn:sds:reg:esrs:gov_1_17,"Disclosure of how sustainability-related skills and expertise relate to material impacts, risks and opportunities",Gobernanza,ESRS/CSRD,GOV-1_17,,Text,Text,annual,narrative,"Disclosure datapoint as defined in IG3 (ESRS 2 GOV-1, paragraph 23.b).",external-standard,entity-specific,entity-assessment-required
urn:sds:reg:esrs:gov_2_01,"Disclosure of whether, by whom and how frequently administrative, management and supervisory bodies are informed about material impacts, risks and opportunities, implementation of due diligence, and results and effectiveness of policies, actions, metrics and targets adopted to address them",Gobernanza,ESRS/CSRD,GOV-2_01,,Text,Text,annual,narrative,"Disclosure datapoint as defined in IG3 (ESRS 2 GOV-2, paragraph 26.a).",external-standard,entity-specific,entity-assessment-required
urn:sds:reg:esrs:gov_2_02,"Disclosure of how administrative, management and supervisory bodies consider impacts, risks and opportunities when overseeing strategy, decisions on major transactions and risk management process",Gobernanza,ESRS/CSRD,GOV-2_02,,Text,Text,annual,narrative,"Disclosure datapoint as defined in IG3 (ESRS 2 GOV-2, paragraph 26.b).",external-standard,entity-specific,entity-assessment-required
urn:sds:reg:esrs:gov_2_03,"Disclosure of list of material impacts, risks and opportunities addressed by administrative, management and supervisory bodies or their relevant committees",Gobernanza,ESRS/CSRD,GOV-2_03,,Text,Text,annual,narrative,"Disclosure datapoint as defined in IG3 (ESRS 2 GOV-2, paragraph 26.c).",external-standard,entity-specific,entity-assessment-required
urn:sds:reg:esrs:gov_2_04,Disclosure of how governance bodies ensure that appropriate mechanism for performance monitoring is in place,Gobernanza,ESRS/CSRD,GOV-2_04,,Text,Text,annual,narrative,"Disclosure datapoint as defined in IG3 (ESRS 2 GOV-2, paragraph ar.6).",external-standard,entity-specific,entity-assessment-required
urn:sds:reg:esrs:gov_3_01,"Incentive schemes and remuneration policies linked to sustainability matters for members of administrative, management and supervisory bodies exist",Gobernanza,ESRS/CSRD,GOV-3_01,,Boolean,Boolean,annual,boolean,"Disclosure datapoint as defined in IG3 (ESRS 2 GOV-3, paragraph 29).",external-standard,entity-specific,entity-assessment-required
urn:sds:reg:esrs:gov_3_02,Description of key characteristics of incentive schemes,Gobernanza,ESRS/CSRD,GOV-3_02,,Text,Text,annual,narrative,"Disclosure datapoint as defined in IG3 (ESRS 2 GOV-3, paragraph 29.a).",external-standard,entity-specific,entity-assessment-required
urn:sds:reg:esrs:gov_3_03,"Description of specific sustainability-related targets and (or) impacts used to assess performance of members of administrative, management and supervisory bodies",Gobernanza,ESRS/CSRD,GOV-3_03,,Text,Text,annual,narrative,"Disclosure datapoint as defined in IG3 (ESRS 2 GOV-3, paragraph 29.b).",external-standard,entity-specific,entity-assessment-required
urn:sds:reg:esrs:gov_3_04,Disclosure of how sustainability-related performance metrics are considered as performance benchmarks or included in remuneration policies,Gobernanza,ESRS/CSRD,GOV-3_04,,Text,Text,annual,narrative,"Disclosure datapoint as defined in IG3 (ESRS 2 GOV-3, paragraph 29.c).",external-standard,entity-specific,entity-assessment-required
urn:sds:reg:esrs:gov_3_05,Percentage of variable remuneration dependent on sustainability-related targets and (or) impacts,Gobernanza,ESRS/CSRD,GOV-3_05,,percent,Ratio,annual,numeric,"Disclosure datapoint as defined in IG3 (ESRS 2 GOV-3, paragraph 29.d).",external-standard,entity-specific,entity-assessment-required
urn:sds:reg:esrs:gov_3_06,Description of level in undertaking at which terms of incentive schemes are approved and updated,Gobernanza,ESRS/CSRD,GOV-3_06,,Text,Text,annual,narrative,"Disclosure datapoint as defined in IG3 (ESRS 2 GOV-3, paragraph 29.e).",external-standard,entity-specific,entity-assessment-required
urn:sds:reg:esrs:gov_4_01,Disclosure of mapping of information provided in sustainability statement about due diligence process,Gobernanza,ESRS/CSRD,GOV-4_01,,Text,Text,annual,narrative,"Disclosure datapoint as defined in IG3 (ESRS 2 GOV-4, paragraph 30.32).",external-standard,entity-specific,entity-assessment-required
urn:sds:reg:esrs:gov_5_01,"Description of scope, main features and components of risk management and internal control processes and systems in relation to sustainability reporting",Gobernanza,ESRS/CSRD,GOV-5_01,,Text,Text,annual,narrative,"Disclosure datapoint as defined in IG3 (ESRS 2 GOV-5, paragraph 36.a).",external-standard,entity-specific,entity-assessment-required
urn:sds:reg:esrs:gov_5_02,Description of risk assessment approach followed,Gobernanza,ESRS/CSRD,GOV-5_02,,Text,Text,annual,narrative,"Disclosure datapoint as defined in IG3 (ESRS 2 GOV-5, paragraph 36.b).",external-standard,entity-specific,entity-assessment-required
urn:sds:reg:esrs:gov_5_03,Description of main risks identified and their mitigation strategies,Gobernanza,ESRS/CSRD,GOV-5_03,,Text,Text,annual,narrative,"Disclosure datapoint as defined in IG3 (ESRS 2 GOV-5, paragraph 36.c).",external-standard,entity-specific,entity-assessment-required
urn:sds:reg:esrs:gov_5_04,Description of how findings of risk assessment and internal controls as regards sustainability reporting process have been integrated into relevant internal functions and processes,Gobernanza,ESRS/CSRD,GOV-5_04,,Text,Text,annual,narrative,"Disclosure datapoint as defined in IG3 (ESRS 2 GOV-5, paragraph 36.d).",external-standard,entity-specific,entity-assessment-required
urn:sds:reg:esrs:gov_5_05,"Description of periodic reporting of findings of risk assessment and internal controls to administrative, management and supervisory bodies",Gobernanza,ESRS/CSRD,GOV-5_05,,Text,Text,annual,narrative,"Disclosure datapoint as defined in IG3 (ESRS 2 GOV-5, paragraph 36.e).",external-standard,entity-specific,entity-assessment-required
urn:sds:reg:esrs:iro_1_01,"Description of methodologies and assumptions applied in process to identify impacts, risks and opportunities",Transversal/General,ESRS/CSRD,IRO-1_01,,Text,Text,annual,narrative,"Disclosure datapoint as defined in IG3 (ESRS 2 IRO-1, paragraph 53.a).",external-standard,entity-specific,entity-assessment-required
urn:sds:reg:esrs:iro_1_02,"Description of process to identify, assess, prioritise and monitor potential and actual impacts on people and environment, informed by due diligence process",Transversal/General,ESRS/CSRD,IRO-1_02,,Text,Text,annual,narrative,"Disclosure datapoint as defined in IG3 (ESRS 2 IRO-1, paragraph 53.b).",external-standard,entity-specific,entity-assessment-required
urn:sds:reg:esrs:iro_1_03,"Description of how process focuses on specific activities, business relationships, geographies or other factors that give rise to heightened risk of adverse impacts",Transversal/General,ESRS/CSRD,IRO-1_03,,Text,Text,annual,narrative,"Disclosure datapoint as defined in IG3 (ESRS 2 IRO-1, paragraph 53.b.i).",external-standard,entity-specific,entity-assessment-required
urn:sds:reg:esrs:iro_1_04,Description of how process considers impacts with which undertaking is involved through own operations or as result of business relationships,Transversal/General,ESRS/CSRD,IRO-1_04,,Text,Text,annual,narrative,"Disclosure datapoint as defined in IG3 (ESRS 2 IRO-1, paragraph 53.b.ii).",external-standard,entity-specific,entity-assessment-required
urn:sds:reg:esrs:iro_1_05,Description of how process includes consultation with affected stakeholders to understand how they may be impacted and with external experts,Transversal/General,ESRS/CSRD,IRO-1_05,,Text,Text,annual,narrative,"Disclosure datapoint as defined in IG3 (ESRS 2 IRO-1, paragraph 53.b.iii).",external-standard,entity-specific,entity-assessment-required
urn:sds:reg:esrs:iro_1_06,"Description of how process prioritises negative impacts based on their relative severity and likelihood and positive impacts based on their relative scale, scope and likelihood and determines which sustainability matters are material for reporting purposes",Transversal/General,ESRS/CSRD,IRO-1_06,,Text,Text,annual,narrative,"Disclosure datapoint as defined in IG3 (ESRS 2 IRO-1, paragraph 53.b.iv).",external-standard,entity-specific,entity-assessment-required
urn:sds:reg:esrs:iro_1_07,"Description of process used to identify, assess, prioritise and monitor risks and opportunities that have or may have financial effects",Transversal/General,ESRS/CSRD,IRO-1_07,,Text,Text,annual,narrative,"Disclosure datapoint as defined in IG3 (ESRS 2 IRO-1, paragraph 53.c).",external-standard,entity-specific,entity-assessment-required
urn:sds:reg:esrs:iro_1_08,Description of how connections of impacts and dependencies with risks and opportunities that may arise from those impacts and dependencies have been considered,Transversal/General,ESRS/CSRD,IRO-1_08,,Text,Text,annual,narrative,"Disclosure datapoint as defined in IG3 (ESRS 2 IRO-1, paragraph 53.c.i).",external-standard,entity-specific,entity-assessment-required
urn:sds:reg:esrs:iro_1_09,"Description of how likelihood, magnitude, and nature of effects of identified risks and opportunities have been assessed",Transversal/General,ESRS/CSRD,IRO-1_09,,Text,Text,annual,narrative,"Disclosure datapoint as defined in IG3 (ESRS 2 IRO-1, paragraph 53.c.ii).",external-standard,entity-specific,entity-assessment-required
urn:sds:reg:esrs:iro_1_10,Description of how sustainability-related risks relative to other types of risks have been prioritised,Transversal/General,ESRS/CSRD,IRO-1_10,,Text,Text,annual,narrative,"Disclosure datapoint as defined in IG3 (ESRS 2 IRO-1, paragraph 53.c.iii).",external-standard,entity-specific,entity-assessment-required
urn:sds:reg:esrs:iro_1_11,Description of decision-making process and related internal control procedures,Transversal/General,ESRS/CSRD,IRO-1_11,,Text,Text,annual,narrative,"Disclosure datapoint as defined in IG3 (ESRS 2 IRO-1, paragraph 53.d).",external-standard,entity-specific,entity-assessment-required
urn:sds:reg:esrs:iro_1_12,"Description of extent to which and how process to identify, assess and manage impacts and risks is integrated into overall risk management process and used to evaluate overall risk profile and risk management processes",Transversal/General,ESRS/CSRD,IRO-1_12,,Text,Text,annual,narrative,"Disclosure datapoint as defined in IG3 (ESRS 2 IRO-1, paragraph 53.e).",external-standard,entity-specific,entity-assessment-required
urn:sds:reg:esrs:iro_1_13,"Description of extent to which and how process to identify, assess and manage opportunities is integrated into overall management process",Transversal/General,ESRS/CSRD,IRO-1_13,,Text,Text,annual,narrative,"Disclosure datapoint as defined in IG3 (ESRS 2 IRO-1, paragraph 53.f).",external-standard,entity-specific,entity-assessment-required
urn:sds:reg:esrs:iro_1_14,"Description of input parameters used in process to identify, assess and manage material impacts, risks and opportunities",Transversal/General,ESRS/CSRD,IRO-1_14,,Text,Text,annual,narrative,"Disclosure datapoint as defined in IG3 (ESRS 2 IRO-1, paragraph 53.g).",external-standard,entity-specific,entity-assessment-required
urn:sds:reg:esrs:iro_1_15,"Description of how process to identify, assess and manage impacts, risks and opportunities has changed compared to prior reporting period",Transversal/General,ESRS/CSRD,IRO-1_15,,Text,Text,annual,narrative,"Disclosure datapoint as defined in IG3 (ESRS 2 IRO-1, paragraph 53.h).",external-standard,entity-specific,entity-assessment-required
urn:sds:reg:esrs:iro_2_01,Disclosure of list of data points that derive from other EU legislation and information on their location in sustainability statement,Transversal/General,ESRS/CSRD,IRO-2_01,,Text,Text,annual,narrative,"Disclosure datapoint as defined in IG3 (ESRS 2 IRO-2, paragraph 56).",external-standard,entity-specific,entity-assessment-required
urn:sds:reg:esrs:iro_2_02,Disclosure of list of ESRS Disclosure Requirements complied with in preparing sustainability statement following outcome of materiality assessment,Transversal/General,ESRS/CSRD,IRO-2_02,,Text,Text,annual,semi-narrative,"Disclosure datapoint as defined in IG3 (ESRS 2 IRO-2, paragraph 56).",external-standard,entity-specific,entity-assessment-required
urn:sds:reg:esrs:iro_2_03,Explanation of negative materiality assessment for ESRS E1 Climate change,Transversal/General,ESRS/CSRD,IRO-2_03,,Text,Text,annual,narrative,"Disclosure datapoint as defined in IG3 (ESRS 2 IRO-2, paragraph 57).",external-standard,entity-specific,entity-assessment-required
urn:sds:reg:esrs:iro_2_04,Explanation of negative materiality assessment for ESRS E2 Pollution,Transversal/General,ESRS/CSRD,IRO-2_04,,Text,Text,annual,narrative,"Disclosure datapoint as defined in IG3 (ESRS 2 IRO-2, paragraph 58).",external-standard,entity-specific,entity-assessment-required
urn:sds:reg:esrs:iro_2_05,Explanation of negative materiality assessment for ESRS E3 Water and marine resources,Transversal/General,ESRS/CSRD,IRO-2_05,,Text,Text,annual,narrative,"Disclosure datapoint as defined in IG3 (ESRS 2 IRO-2, paragraph 58).",external-standard,entity-specific,entity-assessment-required
urn:sds:reg:esrs:iro_2_06,Explanation of negative materiality assessment for ESRS E4 Biodiversity and ecosystems,Transversal/General,ESRS/CSRD,IRO-2_06,,Text,Text,annual,narrative,"Disclosure datapoint as defined in IG3 (ESRS 2 IRO-2, paragraph 58).",external-standard,entity-specific,entity-assessment-required
urn:sds:reg:esrs:iro_2_07,Explanation of negative materiality assessment for ESRS E5 Circular economy,Transversal/General,ESRS/CSRD,IRO-2_07,,Text,Text,annual,narrative,"Disclosure datapoint as defined in IG3 (ESRS 2 IRO-2, paragraph 58).",external-standard,entity-specific,entity-assessment-required
urn:sds:reg:esrs:iro_2_08,Explanation of negative materiality assessment for ESRS S1 Own workforce,Transversal/General,ESRS/CSRD,IRO-2_08,,Text,Text,annual,narrative,"Disclosure datapoint as defined in IG3 (ESRS 2 IRO-2, paragraph 58).",external-standard,entity-specific,entity-assessment-required
urn:sds:reg:esrs:iro_2_09,Explanation of negative materiality assessment for ESRS S2 Workers in value chain,Transversal/General,ESRS/CSRD,IRO-2_09,,Text,Text,annual,narrative,"Disclosure datapoint as defined in IG3 (ESRS 2 IRO-2, paragraph 58).",external-standard,entity-specific,entity-assessment-required
urn:sds:reg:esrs:iro_2_10,Explanation of negative materiality assessment for ESRS S3 Affected communities,Transversal/General,ESRS/CSRD,IRO-2_10,,Text,Text,annual,narrative,"Disclosure datapoint as defined in IG3 (ESRS 2 IRO-2, paragraph 58).",external-standard,entity-specific,entity-assessment-required
urn:sds:reg:esrs:iro_2_11,Explanation of negative materiality assessment for ESRS S4 Consumers and end-users,Transversal/General,ESRS/CSRD,IRO-2_11,,Text,Text,annual,narrative,"Disclosure datapoint as defined in IG3 (ESRS 2 IRO-2, paragraph 58).",external-standard,entity-specific,entity-assessment-required
urn:sds:reg:esrs:iro_2_12,Explanation of negative materiality assessment for ESRS G1 Business conduct,Transversal/General,ESRS/CSRD,IRO-2_12,,Text,Text,annual,narrative,"Disclosure datapoint as defined in IG3 (ESRS 2 IRO-2, paragraph 58).",external-standard,entity-specific,entity-assessment-required
urn:sds:reg:esrs:iro_2_13,"Explanation of how material information to be disclosed in relation to material impacts, risks and opportunities has been determined",Transversal/General,ESRS/CSRD,IRO-2_13,,Text,Text,annual,narrative,"Disclosure datapoint as defined in IG3 (ESRS 2 IRO-2, paragraph 59).",external-standard,entity-specific,entity-assessment-required
urn:sds:reg:esrs:mdr_a_01,Disclosure of key action,Transversal/General,ESRS/CSRD,MDR-A_01,,Text,Text,annual,narrative,"Disclosure datapoint as defined in IG3 (ESRS 2 MDR-A, paragraph 68.a).",external-standard,entity-specific,entity-assessment-required
urn:sds:reg:esrs:mdr_a_02,Description of scope of key action,Transversal/General,ESRS/CSRD,MDR-A_02,,Text,Text,annual,semi-narrative,"Disclosure datapoint as defined in IG3 (ESRS 2 MDR-A, paragraph 68.b).",external-standard,entity-specific,entity-assessment-required
urn:sds:reg:esrs:mdr_a_03,Time horizon under which key action is to be completed,Transversal/General,ESRS/CSRD,MDR-A_03,,Text,Text,annual,semi-narrative,"Disclosure datapoint as defined in IG3 (ESRS 2 MDR-A, paragraph 68.c).",external-standard,entity-specific,entity-assessment-required
urn:sds:reg:esrs:mdr_a_04,"Description of key action taken, and its results, to provide for and cooperate in or support provision of remedy for those harmed by actual material impacts",Transversal/General,ESRS/CSRD,MDR-A_04,,Boolean,Boolean,annual,boolean,"Disclosure datapoint as defined in IG3 (ESRS 2 MDR-A, paragraph 68.d).",external-standard,entity-specific,entity-assessment-required
urn:sds:reg:esrs:mdr_a_05,Disclosure of quantitative and qualitative information regarding progress of actions or action plans disclosed in prior periods,Transversal/General,ESRS/CSRD,MDR-A_05,,Text,Text,annual,narrative,"Disclosure datapoint as defined in IG3 (ESRS 2 MDR-A, paragraph 68.e).",external-standard,entity-specific,entity-assessment-required
urn:sds:reg:esrs:mdr_a_06,Disclosure of the type of current and future financial and other resources allocated to the action plan (Capex and Opex),Transversal/General,ESRS/CSRD,MDR-A_06,,Text,Text,annual,narrative,"Disclosure datapoint as defined in IG3 (ESRS 2 MDR-A, paragraph 69.a).",external-standard,entity-specific,entity-assessment-required
urn:sds:reg:esrs:mdr_a_07,Explanation of how current financial resources relate to most relevant amounts presented in financial statements,Transversal/General,ESRS/CSRD,MDR-A_07,,Text,Text,annual,narrative,"Disclosure datapoint as defined in IG3 (ESRS 2 MDR-A, paragraph 69.b).",external-standard,entity-specific,entity-assessment-required
urn:sds:reg:esrs:mdr_a_08,"Current and future financial resources allocated to action plan, breakdown by time horizon and resources",Transversal/General,ESRS/CSRD,MDR-A_08,,EUR,Currency,annual,monetary,"Disclosure datapoint as defined in IG3 (ESRS 2 MDR-A, paragraph ar.23).",external-standard,entity-specific,entity-assessment-required
urn:sds:reg:esrs:mdr_a_09,Current financial resources allocated to action plan (Capex),Transversal/General,ESRS/CSRD,MDR-A_09,,EUR,Currency,annual,monetary,"Disclosure datapoint as defined in IG3 (ESRS 2 MDR-A, paragraph 69.b).",external-standard,entity-specific,entity-assessment-required
urn:sds:reg:esrs:mdr_a_10,Current financial resources allocated to action plan (Opex),Transversal/General,ESRS/CSRD,MDR-A_10,,EUR,Currency,annual,monetary,"Disclosure datapoint as defined in IG3 (ESRS 2 MDR-A, paragraph 69.b).",external-standard,entity-specific,entity-assessment-required
urn:sds:reg:esrs:mdr_a_11,Future financial resources allocated to action plan (Capex),Transversal/General,ESRS/CSRD,MDR-A_11,,EUR,Currency,annual,monetary,"Disclosure datapoint as defined in IG3 (ESRS 2 MDR-A, paragraph 69.c).",external-standard,entity-specific,entity-assessment-required
urn:sds:reg:esrs:mdr_a_12,Future financial resources allocated to action plan (Opex),Transversal/General,ESRS/CSRD,MDR-A_12,,EUR,Currency,annual,monetary,"Disclosure datapoint as defined in IG3 (ESRS 2 MDR-A, paragraph 69.c).",external-standard,entity-specific,entity-assessment-required
urn:sds:reg:esrs:mdr_a_13,Disclosure of reasons for not having adopted actions,Transversal/General,ESRS/CSRD,MDR-A_13,,Text,Text,annual,narrative,"Disclosure datapoint as defined in IG3 (ESRS 2 MDR-A, paragraph 62).",external-standard,entity-specific,entity-assessment-required
urn:sds:reg:esrs:mdr_a_14,Disclosure of timeframe in which the undertakings aims to adopt actions,Transversal/General,ESRS/CSRD,MDR-A_14,,Text,Text,annual,narrative,"Disclosure datapoint as defined in IG3 (ESRS 2 MDR-A, paragraph 62).",external-standard,entity-specific,entity-assessment-required
urn:sds:reg:esrs:mdr_m_01,"Description of metric used to evaluate performance and effectiveness, in relation to material impact, risk or opportunity",Transversal/General,ESRS/CSRD,MDR-M_01,,Text,Text,annual,narrative,"Disclosure datapoint as defined in IG3 (ESRS 2 MDR-M, paragraph 75).",external-standard,entity-specific,entity-assessment-required
urn:sds:reg:esrs:mdr_m_02,Disclosure of methodologies and significant assumptions behind metric,Transversal/General,ESRS/CSRD,MDR-M_02,,Text,Text,annual,narrative,"Disclosure datapoint as defined in IG3 (ESRS 2 MDR-M, paragraph 77.a).",external-standard,entity-specific,entity-assessment-required
urn:sds:reg:esrs:mdr_m_03,Type of external body other than assurance provider that provides validation,Transversal/General,ESRS/CSRD,MDR-M_03,,Text,Text,annual,narrative,"Disclosure datapoint as defined in IG3 (ESRS 2 MDR-M, paragraph 77.b).",external-standard,entity-specific,entity-assessment-required
urn:sds:reg:esrs:mdr_p_01,Description of key contents of policy,Transversal/General,ESRS/CSRD,MDR-P_01,,Text,Text,annual,narrative,"Disclosure datapoint as defined in IG3 (ESRS 2 MDR-P, paragraph 65.a).",external-standard,entity-specific,entity-assessment-required
urn:sds:reg:esrs:mdr_p_02,Description of scope of policy or of its exclusions,Transversal/General,ESRS/CSRD,MDR-P_02,,Text,Text,annual,narrative,"Disclosure datapoint as defined in IG3 (ESRS 2 MDR-P, paragraph 65.b).",external-standard,entity-specific,entity-assessment-required
urn:sds:reg:esrs:mdr_p_03,Description of most senior level in organisation that is accountable for implementation of policy,Transversal/General,ESRS/CSRD,MDR-P_03,,Text,Text,annual,narrative,"Disclosure datapoint as defined in IG3 (ESRS 2 MDR-P, paragraph 65.c).",external-standard,entity-specific,entity-assessment-required
urn:sds:reg:esrs:mdr_p_04,Disclosure of third-party standards or initiatives that are respected through implementation of policy,Transversal/General,ESRS/CSRD,MDR-P_04,,Text,Text,annual,narrative,"Disclosure datapoint as defined in IG3 (ESRS 2 MDR-P, paragraph 65.d).",external-standard,entity-specific,entity-assessment-required
urn:sds:reg:esrs:mdr_p_05,Description of consideration given to interests of key stakeholders in setting policy,Transversal/General,ESRS/CSRD,MDR-P_05,,Text,Text,annual,narrative,"Disclosure datapoint as defined in IG3 (ESRS 2 MDR-P, paragraph 65.e).",external-standard,entity-specific,entity-assessment-required
urn:sds:reg:esrs:mdr_p_06,Explanation of whether and how policy is made available to potentially affected stakeholders and stakeholders who need to help implement it,Transversal/General,ESRS/CSRD,MDR-P_06,,Text,Text,annual,narrative,"Disclosure datapoint as defined in IG3 (ESRS 2 MDR-P, paragraph 65.f).",external-standard,entity-specific,entity-assessment-required
urn:sds:reg:esrs:mdr_p_07,Disclosure of reasons for not having adopted policies,Transversal/General,ESRS/CSRD,MDR-P_07,,Text,Text,annual,narrative,"Disclosure datapoint as defined in IG3 (ESRS 2 MDR-P, paragraph 62).",external-standard,entity-specific,entity-assessment-required
urn:sds:reg:esrs:mdr_p_08,Disclosure of timeframe in which the undertakings aims to adopt policies,Transversal/General,ESRS/CSRD,MDR-P_08,,Text,Text,annual,narrative,"Disclosure datapoint as defined in IG3 (ESRS 2 MDR-P, paragraph 62).",external-standard,entity-specific,entity-assessment-required
urn:sds:reg:esrs:mdr_t_01,Relationship with policy objectives,Transversal/General,ESRS/CSRD,MDR-T_01,,Text,Text,annual,narrative,"Disclosure datapoint as defined in IG3 (ESRS 2 MDR-T, paragraph 80.a).",external-standard,entity-specific,entity-assessment-required
urn:sds:reg:esrs:mdr_t_02,Measurable target,Transversal/General,ESRS/CSRD,MDR-T_02,,percent,Ratio,annual,numeric,"Disclosure datapoint as defined in IG3 (ESRS 2 MDR-T, paragraph 80.b).",external-standard,entity-specific,entity-assessment-required
urn:sds:reg:esrs:mdr_t_03,Nature of target,Transversal/General,ESRS/CSRD,MDR-T_03,,Text,Text,annual,semi-narrative,"Disclosure datapoint as defined in IG3 (ESRS 2 MDR-T, paragraph 80.b).",external-standard,entity-specific,entity-assessment-required
urn:sds:reg:esrs:mdr_t_04,Description of scope of target,Transversal/General,ESRS/CSRD,MDR-T_04,,Text,Text,annual,narrative,"Disclosure datapoint as defined in IG3 (ESRS 2 MDR-T, paragraph 80.c).",external-standard,entity-specific,entity-assessment-required
urn:sds:reg:esrs:mdr_t_05,Baseline value,Transversal/General,ESRS/CSRD,MDR-T_05,,count,Count,annual,numeric,"Disclosure datapoint as defined in IG3 (ESRS 2 MDR-T, paragraph 80.d).",external-standard,entity-specific,entity-assessment-required
urn:sds:reg:esrs:mdr_t_06,Baseline year,Transversal/General,ESRS/CSRD,MDR-T_06,,Text,Text,annual,narrative,"Disclosure datapoint as defined in IG3 (ESRS 2 MDR-T, paragraph 80.d).",external-standard,entity-specific,entity-assessment-required
urn:sds:reg:esrs:mdr_t_07,Period to which target applies,Transversal/General,ESRS/CSRD,MDR-T_07,,Text,Text,annual,narrative,"Disclosure datapoint as defined in IG3 (ESRS 2 MDR-T, paragraph 80.e).",external-standard,entity-specific,entity-assessment-required
urn:sds:reg:esrs:mdr_t_08,Indication of milestones or interim targets,Transversal/General,ESRS/CSRD,MDR-T_08,,Text,Text,annual,narrative,"Disclosure datapoint as defined in IG3 (ESRS 2 MDR-T, paragraph 80.e).",external-standard,entity-specific,entity-assessment-required
urn:sds:reg:esrs:mdr_t_09,Description of methodologies and significant assumptions used to define target,Transversal/General,ESRS/CSRD,MDR-T_09,,Text,Text,annual,narrative,"Disclosure datapoint as defined in IG3 (ESRS 2 MDR-T, paragraph 80.f).",external-standard,entity-specific,entity-assessment-required
urn:sds:reg:esrs:mdr_t_10,Target related to environmental matters is based on conclusive scientific evidence,Transversal/General,ESRS/CSRD,MDR-T_10,,Boolean,Boolean,annual,boolean,"Disclosure datapoint as defined in IG3 (ESRS 2 MDR-T, paragraph 80.g).",external-standard,entity-specific,entity-assessment-required
urn:sds:reg:esrs:mdr_t_11,Disclosure of whether and how stakeholders have been involved in target setting,Transversal/General,ESRS/CSRD,MDR-T_11,,Text,Text,annual,narrative,"Disclosure datapoint as defined in IG3 (ESRS 2 MDR-T, paragraph 80.h).",external-standard,entity-specific,entity-assessment-required
urn:sds:reg:esrs:mdr_t_12,"Description of any changes in target and corresponding metrics or underlying measurement methodologies, significant assumptions, limitations, sources and adopted processes to collect data",Transversal/General,ESRS/CSRD,MDR-T_12,,Text,Text,annual,narrative,"Disclosure datapoint as defined in IG3 (ESRS 2 MDR-T, paragraph 80.i).",external-standard,entity-specific,entity-assessment-required
urn:sds:reg:esrs:mdr_t_13,Description of performance against disclosed target,Transversal/General,ESRS/CSRD,MDR-T_13,,Text,Text,annual,narrative,"Disclosure datapoint as defined in IG3 (ESRS 2 MDR-T, paragraph 80.j).",external-standard,entity-specific,entity-assessment-required
urn:sds:reg:esrs:mdr_t_14,Disclosure of timeframe for setting of measurable outcome-oriented targets,Transversal/General,ESRS/CSRD,MDR-T_14,,Text,Text,annual,narrative,"Disclosure datapoint as defined in IG3 (ESRS 2 MDR-T, paragraph 81.a).",external-standard,entity-specific,entity-assessment-required
urn:sds:reg:esrs:mdr_t_15,Description of reasons why there are no plans to set measurable outcome-oriented targets,Transversal/General,ESRS/CSRD,MDR-T_15,,Text,Text,annual,narrative,"Disclosure datapoint as defined in IG3 (ESRS 2 MDR-T, paragraph 81.a).",external-standard,entity-specific,entity-assessment-required
urn:sds:reg:esrs:mdr_t_16,"Effectiveness of policies and actions is tracked in relation to material sustainability-related impact, risk and opportunity",Transversal/General,ESRS/CSRD,MDR-T_16,,Boolean,Boolean,annual,boolean,"Disclosure datapoint as defined in IG3 (ESRS 2 MDR-T, paragraph 81.b).",external-standard,entity-specific,entity-assessment-required
urn:sds:reg:esrs:mdr_t_17,"Description of processes through which effectiveness of policies and actions is tracked in relation to material sustainability-related impact, risk and opportunity",Transversal/General,ESRS/CSRD,MDR-T_17,,Text,Text,annual,narrative,"Disclosure datapoint as defined in IG3 (ESRS 2 MDR-T, paragraph 81.b.i).",external-standard,entity-specific,entity-assessment-required
urn:sds:reg:esrs:mdr_t_18,Description of defined level of ambition to be achieved and of any qualitative or quantitative indicators used to evaluate progress,Transversal/General,ESRS/CSRD,MDR-T_18,,Text,Text,annual,narrative,"Disclosure datapoint as defined in IG3 (ESRS 2 MDR-T, paragraph 81.b.ii).",external-standard,entity-specific,entity-assessment-required
urn:sds:reg:esrs:mdr_t_19,Base year from which progress is measured,Transversal/General,ESRS/CSRD,MDR-T_19,,Text,Text,annual,narrative,"Disclosure datapoint as defined in IG3 (ESRS 2 MDR-T, paragraph 81.b.ii.80.d).",external-standard,entity-specific,entity-assessment-required
urn:sds:reg:esrs:s1_10_01,"All employees are paid adequate wage, in line with applicable benchmarks",Social,ESRS/CSRD,S1-10_01,,Boolean,Boolean,annual,boolean,"Disclosure datapoint as defined in IG3 (ESRS S1-10, paragraph 69).",external-standard,entity-specific,entity-assessment-required
urn:sds:reg:esrs:s1_10_02,Countries where employees earn below the applicable adequate wage benchmark,Social,ESRS/CSRD,S1-10_02,,Text,Text,annual,semi-narrative,"Disclosure datapoint as defined in IG3 (ESRS S1-10, paragraph 70).",external-standard,entity-specific,entity-assessment-required
urn:sds:reg:esrs:s1_10_03,Percentage of employees paid below the applicable adequate wage benchmark,Social,ESRS/CSRD,S1-10_03,,percent,Ratio,annual,numeric,"Disclosure datapoint as defined in IG3 (ESRS S1-10, paragraph 70).",external-standard,entity-specific,entity-assessment-required
urn:sds:reg:esrs:s1_10_04,Percentage of non-employees paid below adequate wage,Social,ESRS/CSRD,S1-10_04,,percent,Ratio,annual,numeric,"Disclosure datapoint as defined in IG3 (ESRS S1-10, paragraph 71).",external-standard,entity-specific,entity-assessment-required
urn:sds:reg:esrs:s1_11_01,"All employees in own workforce are covered by social protection, through public programs or through benefits offered, against loss of income due to sickness",Social,ESRS/CSRD,S1-11_01,,Text,Text,annual,narrative,"Disclosure datapoint as defined in IG3 (ESRS S1-11, paragraph 74.a).",external-standard,entity-specific,entity-assessment-required
urn:sds:reg:esrs:s1_11_02,"All employees in own workforce are covered by social protection, through public programs or through benefits offered, against loss of income due to unemployment starting from when own worker is working for undertaking",Social,ESRS/CSRD,S1-11_02,,Text,Text,annual,narrative,"Disclosure datapoint as defined in IG3 (ESRS S1-11, paragraph 74.b).",external-standard,entity-specific,entity-assessment-required
urn:sds:reg:esrs:s1_11_03,"All employees in own workforce are covered by social protection, through public programs or through benefits offered, against loss of income due to employment injury and acquired disability",Social,ESRS/CSRD,S1-11_03,,Text,Text,annual,narrative,"Disclosure datapoint as defined in IG3 (ESRS S1-11, paragraph 74.c).",external-standard,entity-specific,entity-assessment-required
urn:sds:reg:esrs:s1_11_04,"All employees in own workforce are covered by social protection, through public programs or through benefits offered, against loss of income due to parental leave",Social,ESRS/CSRD,S1-11_04,,Text,Text,annual,narrative,"Disclosure datapoint as defined in IG3 (ESRS S1-11, paragraph 74.d).",external-standard,entity-specific,entity-assessment-required
urn:sds:reg:esrs:s1_11_05,"All employees in own workforce are covered by social protection, through public programs or through benefits offered, against loss of income due to retirement",Social,ESRS/CSRD,S1-11_05,,Text,Text,annual,narrative,"Disclosure datapoint as defined in IG3 (ESRS S1-11, paragraph 74.e).",external-standard,entity-specific,entity-assessment-required
urn:sds:reg:esrs:s1_11_06,Social protection employees by country by types of events and type of employees,Social,ESRS/CSRD,S1-11_06,,Text,Text,annual,semi-narrative,"Disclosure datapoint as defined in IG3 (ESRS S1-11, paragraph 75.76).",external-standard,entity-specific,entity-assessment-required
urn:sds:reg:esrs:s1_11_07,"Disclosure of types of employees who are not covered by social protection, through public programs or through benefits offered, against loss of income due to sickness",Social,ESRS/CSRD,S1-11_07,,Text,Text,annual,narrative,"Disclosure datapoint as defined in IG3 (ESRS S1-11, paragraph 75).",external-standard,entity-specific,entity-assessment-required
urn:sds:reg:esrs:s1_11_08,"Disclosure of types of employees who are not covered by social protection, through public programs or through benefits offered, against loss of income due to unemployment starting from when own worker is working for undertaking",Social,ESRS/CSRD,S1-11_08,,Text,Text,annual,narrative,"Disclosure datapoint as defined in IG3 (ESRS S1-11, paragraph 75).",external-standard,entity-specific,entity-assessment-required
urn:sds:reg:esrs:s1_11_09,"Disclosure of types of employees who are not covered by social protection, through public programs or through benefits offered, against loss of income due to employment injury and acquired disability",Social,ESRS/CSRD,S1-11_09,,Text,Text,annual,narrative,"Disclosure datapoint as defined in IG3 (ESRS S1-11, paragraph 75).",external-standard,entity-specific,entity-assessment-required
urn:sds:reg:esrs:s1_11_10,"Disclosure of types of employees who are not covered by social protection, through public programs or through benefits offered, against loss of income due to maternity leave",Social,ESRS/CSRD,S1-11_10,,Text,Text,annual,narrative,"Disclosure datapoint as defined in IG3 (ESRS S1-11, paragraph 75).",external-standard,entity-specific,entity-assessment-required
urn:sds:reg:esrs:s1_11_11,"Disclosure of types of employees who are not covered by social protection, through public programs or through benefits offered, against loss of income due to retirement",Social,ESRS/CSRD,S1-11_11,,Text,Text,annual,narrative,"Disclosure datapoint as defined in IG3 (ESRS S1-11, paragraph 75).",external-standard,entity-specific,entity-assessment-required
urn:sds:reg:esrs:s1_12_01,"Percentage of persons with disabilities amongst employees, subject to legal restrictions on collection of data",Social,ESRS/CSRD,S1-12_01,,percent,Ratio,annual,numeric,"Disclosure datapoint as defined in IG3 (ESRS S1-12, paragraph 79).",external-standard,entity-specific,entity-assessment-required
urn:sds:reg:esrs:s1_12_02,Percentage of employees with disabilities in own workforce breakdown by gender,Social,ESRS/CSRD,S1-12_02,,percent,Ratio,annual,numeric,"Disclosure datapoint as defined in IG3 (ESRS S1-12, paragraph 80).",external-standard,entity-specific,entity-assessment-required
urn:sds:reg:esrs:s1_12_03,Disclosure of contextual information necessary to understand data and how data has been compiled (persons with disabilities)),Social,ESRS/CSRD,S1-12_03,,Text,Text,annual,narrative,"Disclosure datapoint as defined in IG3 (ESRS S1-12, paragraph ar.76).",external-standard,entity-specific,entity-assessment-required
urn:sds:reg:esrs:s1_13_01,Training and skills development indicators gender,Social,ESRS/CSRD,S1-13_01,,percent,Ratio,annual,numeric,"Disclosure datapoint as defined in IG3 (ESRS S1-13, paragraph 83.a).",external-standard,entity-specific,entity-assessment-required
urn:sds:reg:esrs:s1_13_02,Percentage of employees that participated in regular performance and career development reviews,Social,ESRS/CSRD,S1-13_02,,percent,Ratio,annual,numeric,"Disclosure datapoint as defined in IG3 (ESRS S1-13, paragraph 83.a).",external-standard,entity-specific,entity-assessment-required
urn:sds:reg:esrs:s1_13_03,Average number of training hours by gender,Social,ESRS/CSRD,S1-13_03,,hour,Time,annual,numeric,"Disclosure datapoint as defined in IG3 (ESRS S1-13, paragraph 83.b).",external-standard,entity-specific,entity-assessment-required
urn:sds:reg:esrs:s1_13_04,Average number of training hours per person for employees,Social,ESRS/CSRD,S1-13_04,,hour,Time,annual,numeric,"Disclosure datapoint as defined in IG3 (ESRS S1-13, paragraph 83.b).",external-standard,entity-specific,entity-assessment-required
urn:sds:reg:esrs:s1_13_05,Percentage of employees that participated in regular performance and career development reviews by employee category,Social,ESRS/CSRD,S1-13_05,,percent,Ratio,annual,numeric,"Disclosure datapoint as defined in IG3 (ESRS S1-13, paragraph 84).",external-standard,entity-specific,entity-assessment-required
urn:sds:reg:esrs:s1_13_06,Average number of employees that participated in regular performance and career development reviews by employee category,Social,ESRS/CSRD,S1-13_06,,percent,Ratio,annual,numeric,"Disclosure datapoint as defined in IG3 (ESRS S1-13, paragraph 84).",external-standard,entity-specific,entity-assessment-required
urn:sds:reg:esrs:s1_13_07,Percentage of non-employees that participated in regular performance and career development reviews,Social,ESRS/CSRD,S1-13_07,,percent,Ratio,annual,numeric,"Disclosure datapoint as defined in IG3 (ESRS S1-13, paragraph 85).",external-standard,entity-specific,entity-assessment-required
urn:sds:reg:esrs:s1_14_01,Percentage of people in its own workforce who are covered by health and safety management system based on legal requirements and (or) recognised standards or guidelines,Social,ESRS/CSRD,S1-14_01,,percent,Ratio,annual,numeric,"Disclosure datapoint as defined in IG3 (ESRS S1-14, paragraph 88.a).",external-standard,entity-specific,entity-assessment-required
urn:sds:reg:esrs:s1_14_02,Number of fatalities in own workforce as result of work-related injuries and work-related ill health,Social,ESRS/CSRD,S1-14_02,,count,Count,annual,numeric,"Disclosure datapoint as defined in IG3 (ESRS S1-14, paragraph 88.b).",external-standard,entity-specific,entity-assessment-required
urn:sds:reg:esrs:s1_14_03,Number of fatalities as result of work-related injuries and work-related ill health of other workers working on undertaking's sites,Social,ESRS/CSRD,S1-14_03,,count,Count,annual,numeric,"Disclosure datapoint as defined in IG3 (ESRS S1-14, paragraph 88.b).",external-standard,entity-specific,entity-assessment-required
urn:sds:reg:esrs:s1_14_04,Number of recordable work-related accidents for own workforce,Social,ESRS/CSRD,S1-14_04,,count,Count,annual,numeric,"Disclosure datapoint as defined in IG3 (ESRS S1-14, paragraph 88.c).",external-standard,entity-specific,entity-assessment-required
urn:sds:reg:esrs:s1_14_05,Rate of recordable work-related accidents for own workforce,Social,ESRS/CSRD,S1-14_05,,percent,Ratio,annual,numeric,"Disclosure datapoint as defined in IG3 (ESRS S1-14, paragraph 88.c).",external-standard,entity-specific,entity-assessment-required
urn:sds:reg:esrs:s1_14_06,Number of cases of recordable work-related ill health of employees,Social,ESRS/CSRD,S1-14_06,,employees,Count,annual,numeric,"Disclosure datapoint as defined in IG3 (ESRS S1-14, paragraph 88.d).",external-standard,entity-specific,entity-assessment-required
urn:sds:reg:esrs:s1_14_07,"Number of days lost to work-related injuries and fatalities from work-related accidents, work-related ill health and fatalities from ill health related to employees",Social,ESRS/CSRD,S1-14_07,,day,Time,annual,numeric,"Disclosure datapoint as defined in IG3 (ESRS S1-14, paragraph 88.e).",external-standard,entity-specific,entity-assessment-required
urn:sds:reg:esrs:s1_14_08,Number of cases of recordable work-related ill health of non-employees,Social,ESRS/CSRD,S1-14_08,,employees,Count,annual,numeric,"Disclosure datapoint as defined in IG3 (ESRS S1-14, paragraph 89).",external-standard,entity-specific,entity-assessment-required
urn:sds:reg:esrs:s1_14_09,"Number of days lost to work-related injuries and fatalities from work-related accidents, work-related ill health and fatalities from ill health realted to non-employees",Social,ESRS/CSRD,S1-14_09,,day,Time,annual,numeric,"Disclosure datapoint as defined in IG3 (ESRS S1-14, paragraph 89).",external-standard,entity-specific,entity-assessment-required
urn:sds:reg:esrs:s1_14_10,Percentage of own workforce who are covered by health and safety management system based on legal requirements and (or) recognised standards or guidelines and which has been internally audited and (or) audited or certified by external party,Social,ESRS/CSRD,S1-14_10,,percent,Ratio,annual,numeric,"Disclosure datapoint as defined in IG3 (ESRS S1-14, paragraph 90).",external-standard,entity-specific,entity-assessment-required
urn:sds:reg:esrs:s1_14_11,Description of underlying standards for internal audit or external certification of health and safety management system,Social,ESRS/CSRD,S1-14_11,,Text,Text,annual,narrative,"Disclosure datapoint as defined in IG3 (ESRS S1-14, paragraph ar.81).",external-standard,entity-specific,entity-assessment-required
urn:sds:reg:esrs:s1_14_12,Number of cases of recordable work-related ill health detected among former own workforce,Social,ESRS/CSRD,S1-14_12,,count,Count,annual,numeric,"Disclosure datapoint as defined in IG3 (ESRS S1-14, paragraph ar.94).",external-standard,entity-specific,entity-assessment-required
urn:sds:reg:esrs:s1_15_01,Percentage of employees entitled to take family-related leave,Social,ESRS/CSRD,S1-15_01,,percent,Ratio,annual,numeric,"Disclosure datapoint as defined in IG3 (ESRS S1-15, paragraph 93.a).",external-standard,entity-specific,entity-assessment-required
urn:sds:reg:esrs:s1_15_02,Percentage of entitled employees that took family-related leave,Social,ESRS/CSRD,S1-15_02,,percent,Ratio,annual,numeric,"Disclosure datapoint as defined in IG3 (ESRS S1-15, paragraph 93.b).",external-standard,entity-specific,entity-assessment-required
urn:sds:reg:esrs:s1_15_03,Percentage of entitled employees that took family-related leave by gender,Social,ESRS/CSRD,S1-15_03,,Text,Text,annual,narrative,"Disclosure datapoint as defined in IG3 (ESRS S1-15, paragraph 93.b).",external-standard,entity-specific,entity-assessment-required
urn:sds:reg:esrs:s1_15_04,All employees are entitled to family-related leaves through social policy and (or) collective bargaining agreements,Social,ESRS/CSRD,S1-15_04,,Boolean,Boolean,annual,boolean,"Disclosure datapoint as defined in IG3 (ESRS S1-15, paragraph 94).",external-standard,entity-specific,entity-assessment-required
urn:sds:reg:esrs:s1_16_01,Gender pay gap,Social,ESRS/CSRD,S1-16_01,,percent,Ratio,annual,numeric,"Disclosure datapoint as defined in IG3 (ESRS S1-16, paragraph 97.a).",external-standard,entity-specific,entity-assessment-required
urn:sds:reg:esrs:s1_16_02,Annual total remuneration ratio,Social,ESRS/CSRD,S1-16_02,,percent,Ratio,annual,numeric,"Disclosure datapoint as defined in IG3 (ESRS S1-16, paragraph 97.b).",external-standard,entity-specific,entity-assessment-required
urn:sds:reg:esrs:s1_16_03,"Disclosure of contextual information necessary to understand data, how data has been compiled and other changes to underlying data that are to be considered",Social,ESRS/CSRD,S1-16_03,,Text,Text,annual,narrative,"Disclosure datapoint as defined in IG3 (ESRS S1-16, paragraph 97.c).",external-standard,entity-specific,entity-assessment-required
urn:sds:reg:esrs:s1_16_04,Gender pay gap breakdown by employee category and/or country/segment,Social,ESRS/CSRD,S1-16_04,,percent,Ratio,annual,numeric,"Disclosure datapoint as defined in IG3 (ESRS S1-16, paragraph 98).",external-standard,entity-specific,entity-assessment-required
urn:sds:reg:esrs:s1_16_05,Gender pay gap breakdown by employee category and ordinary basic salary and complementary/variable components,Social,ESRS/CSRD,S1-16_05,,percent,Ratio,annual,numeric,"Disclosure datapoint as defined in IG3 (ESRS S1-16, paragraph 98).",external-standard,entity-specific,entity-assessment-required
urn:sds:reg:esrs:s1_16_06,Remuneration ratio adjusted for purchasing power differences between countries,Social,ESRS/CSRD,S1-16_06,,percent,Ratio,annual,numeric,"Disclosure datapoint as defined in IG3 (ESRS S1-16, paragraph 99).",external-standard,entity-specific,entity-assessment-required
urn:sds:reg:esrs:s1_16_07,Description of methodology used for calculation of remuneration ratio adjusted for purchasing power differences between countries,Social,ESRS/CSRD,S1-16_07,,Text,Text,annual,narrative,"Disclosure datapoint as defined in IG3 (ESRS S1-16, paragraph 99).",external-standard,entity-specific,entity-assessment-required
urn:sds:reg:esrs:s1_17_01,Number of incidents of discrimination,Social,ESRS/CSRD,S1-17_01,,count,Count,annual,numeric,"Disclosure datapoint as defined in IG3 (ESRS S1-17, paragraph 103.a).",external-standard,entity-specific,entity-assessment-required
urn:sds:reg:esrs:s1_17_02,Number of incidents of discrimination,Social,ESRS/CSRD,S1-17_02,,count,Count,annual,numeric,"Disclosure datapoint as defined in IG3 (ESRS S1-17, paragraph 103.a).",external-standard,entity-specific,entity-assessment-required
urn:sds:reg:esrs:s1_17_03,Number of complaints filed through channels for people in own workforce to raise concerns,Social,ESRS/CSRD,S1-17_03,,count,Count,annual,numeric,"Disclosure datapoint as defined in IG3 (ESRS S1-17, paragraph 103.b).",external-standard,entity-specific,entity-assessment-required
urn:sds:reg:esrs:s1_17_04,Number of complaints filed to National Contact Points for OECD Multinational Enterprises,Social,ESRS/CSRD,S1-17_04,,count,Count,annual,numeric,"Disclosure datapoint as defined in IG3 (ESRS S1-17, paragraph 103.b).",external-standard,entity-specific,entity-assessment-required
urn:sds:reg:esrs:s1_17_05,"Amount of fines, penalties, and compensation for damages as result of incidents of discrimination, including harassment and complaints filed",Social,ESRS/CSRD,S1-17_05,,EUR,Currency,annual,monetary,"Disclosure datapoint as defined in IG3 (ESRS S1-17, paragraph 103.c).",external-standard,entity-specific,entity-assessment-required
urn:sds:reg:esrs:s1_17_06,"Information about reconciliation of fines, penalties, and compensation for damages as result of violations regarding swork-related discrimination and harassment with most relevant amount presented in financial statements",Social,ESRS/CSRD,S1-17_06,,Text,Text,annual,narrative,"Disclosure datapoint as defined in IG3 (ESRS S1-17, paragraph 103.c).",external-standard,entity-specific,entity-assessment-required
urn:sds:reg:esrs:s1_17_07,"Disclosure of contextual information necessary to understand data and how data has been compiled (work-related grievances, incidents and complaints related to social and human rights matters)",Social,ESRS/CSRD,S1-17_07,,Text,Text,annual,narrative,"Disclosure datapoint as defined in IG3 (ESRS S1-17, paragraph 103.d).",external-standard,entity-specific,entity-assessment-required
urn:sds:reg:esrs:s1_17_08,Number of severe human rights issues and incidents connected to own workforce,Social,ESRS/CSRD,S1-17_08,,count,Count,annual,numeric,"Disclosure datapoint as defined in IG3 (ESRS S1-17, paragraph 104.a).",external-standard,entity-specific,entity-assessment-required
urn:sds:reg:esrs:s1_17_09,Number of severe human rights issues and incidents connected to own workforce that are cases of non respect of UN Guiding Principles and OECD Guidelines for Multinational Enterprises,Social,ESRS/CSRD,S1-17_09,,count,Count,annual,numeric,"Disclosure datapoint as defined in IG3 (ESRS S1-17, paragraph 104.a).",external-standard,entity-specific,entity-assessment-required
urn:sds:reg:esrs:s1_17_10,No severe human rights issues and incidents connected to own workforce have occurred,Social,ESRS/CSRD,S1-17_10,,Boolean,Boolean,annual,boolean,"Disclosure datapoint as defined in IG3 (ESRS S1-17, paragraph 104.a).",external-standard,entity-specific,entity-assessment-required
urn:sds:reg:esrs:s1_17_11,"Amount of fines, penalties, and compensation for severe human rights issues and incidents connected to own workforce",Social,ESRS/CSRD,S1-17_11,,EUR,Currency,annual,monetary,"Disclosure datapoint as defined in IG3 (ESRS S1-17, paragraph 104.b).",external-standard,entity-specific,entity-assessment-required
urn:sds:reg:esrs:s1_17_12,"Information about reconciliation of amount of fines, penalties, and compensation for severe human rights issues and incidents connected to own workforce with most relevant amount presented in financial statements",Social,ESRS/CSRD,S1-17_12,,Text,Text,annual,narrative,"Disclosure datapoint as defined in IG3 (ESRS S1-17, paragraph 104.b).",external-standard,entity-specific,entity-assessment-required
urn:sds:reg:esrs:s1_17_13,Disclosure of the status of incidents and/or complaints and actions taken,Social,ESRS/CSRD,S1-17_13,,Text,Text,annual,narrative,"Disclosure datapoint as defined in IG3 (ESRS S1-17, paragraph ar.103).",external-standard,entity-specific,entity-assessment-required
urn:sds:reg:esrs:s1_17_14,Number of severe human rights cases where undertaking played role securing remedy for those affected,Social,ESRS/CSRD,S1-17_14,,count,Count,annual,numeric,"Disclosure datapoint as defined in IG3 (ESRS S1-17, paragraph ar.106).",external-standard,entity-specific,entity-assessment-required
urn:sds:reg:esrs:s1_1_01,"Policies to manage material impacts, risks and opportunities related to own workforce, including for specific groups within workforce or all own workforce",Social,ESRS/CSRD,S1-1_01,,Text,Text,annual,narrative,"Disclosure datapoint as defined in IG3 (ESRS S1-1, paragraph 19).",external-standard,entity-specific,entity-assessment-required
urn:sds:reg:esrs:s1_1_02,Disclosure of explanations of significant changes to policies adopted during reporting year,Social,ESRS/CSRD,S1-1_02,,Text,Text,annual,narrative,"Disclosure datapoint as defined in IG3 (ESRS S1-1, paragraph AR10).",external-standard,entity-specific,entity-assessment-required
urn:sds:reg:esrs:s1_1_03,Description of relevant human rights policy commitments relevant to own workforce,Social,ESRS/CSRD,S1-1_03,,Text,Text,annual,narrative,"Disclosure datapoint as defined in IG3 (ESRS S1-1, paragraph 20).",external-standard,entity-specific,entity-assessment-required
urn:sds:reg:esrs:s1_1_04,"Disclosure of general approach in relation to respect for human rights including labour rights, of people in its own workforce",Social,ESRS/CSRD,S1-1_04,,Text,Text,annual,narrative,"Disclosure datapoint as defined in IG3 (ESRS S1-1, paragraph 20a).",external-standard,entity-specific,entity-assessment-required
urn:sds:reg:esrs:s1_1_05,Disclosure of general approach in relation to engagement with people in its own workforce,Social,ESRS/CSRD,S1-1_05,,Text,Text,annual,narrative,"Disclosure datapoint as defined in IG3 (ESRS S1-1, paragraph 20b).",external-standard,entity-specific,entity-assessment-required
urn:sds:reg:esrs:s1_1_06,Disclosure of general approach in relation to measures to provide and (or) enable remedy for human rights impacts,Social,ESRS/CSRD,S1-1_06,,Text,Text,annual,narrative,"Disclosure datapoint as defined in IG3 (ESRS S1-1, paragraph 20c).",external-standard,entity-specific,entity-assessment-required
urn:sds:reg:esrs:s1_1_07,Disclosure of whether and how policies are aligned with relevant internationally recognised instruments,Social,ESRS/CSRD,S1-1_07,,Text,Text,annual,narrative,"Disclosure datapoint as defined in IG3 (ESRS S1-1, paragraph 21).",external-standard,entity-specific,entity-assessment-required
urn:sds:reg:esrs:s1_1_08,"Policies explicitly address trafficking in human beings, forced labour or compulsory labour and child labour",Social,ESRS/CSRD,S1-1_08,,Boolean,Boolean,annual,boolean,"Disclosure datapoint as defined in IG3 (ESRS S1-1, paragraph 22).",external-standard,entity-specific,entity-assessment-required
urn:sds:reg:esrs:s1_1_09,Workplace accident prevention policy or management system is in place,Social,ESRS/CSRD,S1-1_09,,Boolean,Boolean,annual,boolean,"Disclosure datapoint as defined in IG3 (ESRS S1-1, paragraph 23).",external-standard,entity-specific,entity-assessment-required
urn:sds:reg:esrs:s1_1_10,Specific policies aimed at elimination of discrimination are in place,Social,ESRS/CSRD,S1-1_10,,Boolean,Boolean,annual,boolean,"Disclosure datapoint as defined in IG3 (ESRS S1-1, paragraph 24a).",external-standard,entity-specific,entity-assessment-required
urn:sds:reg:esrs:s1_1_11,Grounds for discrimination are specifically covered in policy,Social,ESRS/CSRD,S1-1_11,,Text,Text,annual,semi-narrative,"Disclosure datapoint as defined in IG3 (ESRS S1-1, paragraph 24b).",external-standard,entity-specific,entity-assessment-required
urn:sds:reg:esrs:s1_1_12,Disclosure of specific policy commitments related to inclusion and (or) positive action for people from groups at particular risk of vulnerability in own workforce,Social,ESRS/CSRD,S1-1_12,,Text,Text,annual,narrative,"Disclosure datapoint as defined in IG3 (ESRS S1-1, paragraph 24c).",external-standard,entity-specific,entity-assessment-required
urn:sds:reg:esrs:s1_1_13,"Disclosure of whether and how policies are implemented through specific procedures to ensure discrimination is prevented, mitigated and acted upon once detected, as well as to advance diversity and inclusion",Social,ESRS/CSRD,S1-1_13,,Text,Text,annual,narrative,"Disclosure datapoint as defined in IG3 (ESRS S1-1, paragraph 24d).",external-standard,entity-specific,entity-assessment-required
urn:sds:reg:esrs:s1_1_14,"Disclosure on an illustration of the types of communication of its policies to those individuals, group of individuals or entities for whom they are relevant",Social,ESRS/CSRD,S1-1_14,,Text,Text,annual,narrative,"Disclosure datapoint as defined in IG3 (ESRS S1-1, paragraph ar.14).",external-standard,entity-specific,entity-assessment-required
urn:sds:reg:esrs:s1_1_15,"Policies and procedures which make qualifications, skills and experience the basis for the recruitment, placement, training and advancement are in place",Social,ESRS/CSRD,S1-1_15,,Boolean,Boolean,annual,boolean,"Disclosure datapoint as defined in IG3 (ESRS S1-1, paragraph ar.17.a).",external-standard,entity-specific,entity-assessment-required
urn:sds:reg:esrs:s1_1_16,"Has assigned responsibility at top management level for equal treatment and opportunities in employment, issue clear company-wide policies and procedures to guide equal employment practices, and link advancement to desired performance in this area",Social,ESRS/CSRD,S1-1_16,,Boolean,Boolean,annual,boolean,"Disclosure datapoint as defined in IG3 (ESRS S1-1, paragraph ar.17.b).",external-standard,entity-specific,entity-assessment-required
urn:sds:reg:esrs:s1_1_17,Staff training on non-discrimination policies and practices are in place,Social,ESRS/CSRD,S1-1_17,,Boolean,Boolean,annual,boolean,"Disclosure datapoint as defined in IG3 (ESRS S1-1, paragraph ar.17.c).",external-standard,entity-specific,entity-assessment-required
urn:sds:reg:esrs:s1_1_18,"Adjustments to the physical environment to ensure health and safety for workers, customers and other visitors with disabilities are in place",Social,ESRS/CSRD,S1-1_18,,Boolean,Boolean,annual,boolean,"Disclosure datapoint as defined in IG3 (ESRS S1-1, paragraph ar.17.d).",external-standard,entity-specific,entity-assessment-required
urn:sds:reg:esrs:s1_1_19,Has evaluated whether a there is a risk that job requirements have been defined in a way that would systematically disadvantage certain groups,Social,ESRS/CSRD,S1-1_19,,Boolean,Boolean,annual,boolean,"Disclosure datapoint as defined in IG3 (ESRS S1-1, paragraph ar.17.e).",external-standard,entity-specific,entity-assessment-required
urn:sds:reg:esrs:s1_1_20,"Keeping an up-to-date records on recruitment, training and promotion that provide a transparent view of opportunities for employees and their progression",Social,ESRS/CSRD,S1-1_20,,Boolean,Boolean,annual,boolean,"Disclosure datapoint as defined in IG3 (ESRS S1-1, paragraph ar.17.f).",external-standard,entity-specific,entity-assessment-required
urn:sds:reg:esrs:s1_1_21,"Has put in place grievance procedures to address complaints, handle appeals and provide recourse for employees when discrimination is identified, and is alert to formal structures and informal cultural issues that can prevent employees from raising concerns and grievances",Social,ESRS/CSRD,S1-1_21,,Boolean,Boolean,annual,boolean,"Disclosure datapoint as defined in IG3 (ESRS S1-1, paragraph ar.17.g).",external-standard,entity-specific,entity-assessment-required
urn:sds:reg:esrs:s1_1_22,Has programs to promote access to skills development.,Social,ESRS/CSRD,S1-1_22,,Boolean,Boolean,annual,boolean,"Disclosure datapoint as defined in IG3 (ESRS S1-1, paragraph ar.17.h).",external-standard,entity-specific,entity-assessment-required
urn:sds:reg:esrs:s1_2_01,Disclosure of whether and how perspectives of own workforce inform decisions or activities aimed at managing actual and potential impacts,Social,ESRS/CSRD,S1-2_01,,Text,Text,annual,narrative,"Disclosure datapoint as defined in IG3 (ESRS S1-2, paragraph 27).",external-standard,entity-specific,entity-assessment-required
urn:sds:reg:esrs:s1_2_02,Engagement occurs with own workforce or their representatives,Social,ESRS/CSRD,S1-2_02,,Text,Text,annual,semi-narrative,"Disclosure datapoint as defined in IG3 (ESRS S1-2, paragraph 27.a).",external-standard,entity-specific,entity-assessment-required
urn:sds:reg:esrs:s1_2_03,"Disclosure of stage at which engagement occurs, type of engagement and frequency of engagement",Social,ESRS/CSRD,S1-2_03,,Text,Text,annual,narrative,"Disclosure datapoint as defined in IG3 (ESRS S1-2, paragraph 27.b).",external-standard,entity-specific,entity-assessment-required
urn:sds:reg:esrs:s1_2_04,Disclosure of function and most senior role within undertaking that has operational responsibility for ensuring that engagement happens and that results inform undertakingâ€™s approach,Social,ESRS/CSRD,S1-2_04,,Text,Text,annual,narrative,"Disclosure datapoint as defined in IG3 (ESRS S1-2, paragraph 27.c).",external-standard,entity-specific,entity-assessment-required
urn:sds:reg:esrs:s1_2_05,Disclosure of Global Framework Agreement or other agreements related to respect of human rights of workers,Social,ESRS/CSRD,S1-2_05,,Text,Text,annual,narrative,"Disclosure datapoint as defined in IG3 (ESRS S1-2, paragraph 27.d).",external-standard,entity-specific,entity-assessment-required
urn:sds:reg:esrs:s1_2_06,Disclosure of how effectiveness of engagement with its own workforce is assessed,Social,ESRS/CSRD,S1-2_06,,Text,Text,annual,narrative,"Disclosure datapoint as defined in IG3 (ESRS S1-2, paragraph 27.e).",external-standard,entity-specific,entity-assessment-required
urn:sds:reg:esrs:s1_2_07,Disclosure of steps taken to gain insight into perspectives of people in its own workforce that may be particularly vulnerable to impacts and (or) marginalised,Social,ESRS/CSRD,S1-2_07,,Text,Text,annual,narrative,"Disclosure datapoint as defined in IG3 (ESRS S1-2, paragraph 28).",external-standard,entity-specific,entity-assessment-required
urn:sds:reg:esrs:s1_2_08,Statement in case the undertaking has not adopted a general process to engage with its own workforce,Social,ESRS/CSRD,S1-2_08,,Boolean,Boolean,annual,boolean,"Disclosure datapoint as defined in IG3 (ESRS S1-2, paragraph 29).",external-standard,entity-specific,entity-assessment-required
urn:sds:reg:esrs:s1_2_09,Disclosure of timeframe for adoption of general process to engage with its own workforce in case the undertaking has not adopted a general process for engagement,Social,ESRS/CSRD,S1-2_09,,Text,Text,annual,narrative,"Disclosure datapoint as defined in IG3 (ESRS S1-2, paragraph 29).",external-standard,entity-specific,entity-assessment-required
urn:sds:reg:esrs:s1_2_10,Disclosure of how undertaking engages with at-risk or persons in vulnerable situations,Social,ESRS/CSRD,S1-2_10,,Text,Text,annual,narrative,"Disclosure datapoint as defined in IG3 (ESRS S1-2, paragraph ar.25.a).",external-standard,entity-specific,entity-assessment-required
urn:sds:reg:esrs:s1_2_11,Disclosure of how potential barriers to engagement with people in its workforce are taken into account,Social,ESRS/CSRD,S1-2_11,,Text,Text,annual,narrative,"Disclosure datapoint as defined in IG3 (ESRS S1-2, paragraph ar.25.b).",external-standard,entity-specific,entity-assessment-required
urn:sds:reg:esrs:s1_2_12,Disclosure of how people in its workforce are provided with information that is understandable and accessible through appropriate communication channels,Social,ESRS/CSRD,S1-2_12,,Text,Text,annual,narrative,"Disclosure datapoint as defined in IG3 (ESRS S1-2, paragraph ar.25.c).",external-standard,entity-specific,entity-assessment-required
urn:sds:reg:esrs:s1_2_13,Disclosure of any conflicting interests that have arisen among different workers and how these conflicting interests have been resolved,Social,ESRS/CSRD,S1-2_13,,Text,Text,annual,narrative,"Disclosure datapoint as defined in IG3 (ESRS S1-2, paragraph ar.25.d).",external-standard,entity-specific,entity-assessment-required
urn:sds:reg:esrs:s1_2_14,Disclosure of how undertaking seeks to respect human rights of all stakeholders engaged,Social,ESRS/CSRD,S1-2_14,,Text,Text,annual,narrative,"Disclosure datapoint as defined in IG3 (ESRS S1-2, paragraph ar.25.e).",external-standard,entity-specific,entity-assessment-required
urn:sds:reg:esrs:s1_2_15,Information about effectiveness of processes for engaging with its own workforce from previous reporting periods,Social,ESRS/CSRD,S1-2_15,,Text,Text,annual,narrative,"Disclosure datapoint as defined in IG3 (ESRS S1-2, paragraph ar.26).",external-standard,entity-specific,entity-assessment-required
urn:sds:reg:esrs:s1_3_01,Disclosure of general approach to and processes for providing or contributing to remedy where undertaking has caused or contributed to a material negative impact on people in its own workforce,Social,ESRS/CSRD,S1-3_01,,Text,Text,annual,narrative,"Disclosure datapoint as defined in IG3 (ESRS S1-3, paragraph 32a).",external-standard,entity-specific,entity-assessment-required
urn:sds:reg:esrs:s1_3_02,Disclosure of specific channels in place for its own workforce to raise concerns or needs directly with undertaking and have them addressed,Social,ESRS/CSRD,S1-3_02,,Text,Text,annual,narrative,"Disclosure datapoint as defined in IG3 (ESRS S1-3, paragraph 32.b).",external-standard,entity-specific,entity-assessment-required
urn:sds:reg:esrs:s1_3_03,Third-party mechanisms are accessible to all own workforce,Social,ESRS/CSRD,S1-3_03,,Text,Text,annual,semi-narrative,"Disclosure datapoint as defined in IG3 (ESRS S1-3, paragraph ar.29).",external-standard,entity-specific,entity-assessment-required
urn:sds:reg:esrs:s1_3_04,Disclosure of whether and how own workforce and their workers' representatives are able to access channels at level of undertaking they are employed by or contracted to work for,Social,ESRS/CSRD,S1-3_04,,Text,Text,annual,narrative,"Disclosure datapoint as defined in IG3 (ESRS S1-3, paragraph ar.30).",external-standard,entity-specific,entity-assessment-required
urn:sds:reg:esrs:s1_3_05,Grievance or complaints handling mechanisms related to employee matters exist,Social,ESRS/CSRD,S1-3_05,,Boolean,Boolean,annual,boolean,"Disclosure datapoint as defined in IG3 (ESRS S1-3, paragraph 32.c).",external-standard,entity-specific,entity-assessment-required
urn:sds:reg:esrs:s1_3_06,Disclosure of processes through which undertaking supports or requires availability of channels,Social,ESRS/CSRD,S1-3_06,,Text,Text,annual,narrative,"Disclosure datapoint as defined in IG3 (ESRS S1-3, paragraph 32.d).",external-standard,entity-specific,entity-assessment-required
urn:sds:reg:esrs:s1_3_07,Disclosure of how issues raised and addressed are tracked and monitored and how effectiveness of channels is ensured,Social,ESRS/CSRD,S1-3_07,,Text,Text,annual,narrative,"Disclosure datapoint as defined in IG3 (ESRS S1-3, paragraph 32.e).",external-standard,entity-specific,entity-assessment-required
urn:sds:reg:esrs:s1_3_08,Disclosure of whether and how it is assessed that its own workforce is aware of and trust structures or processes as way to raise their concerns or needs and have them addressed,Social,ESRS/CSRD,S1-3_08,,Text,Text,annual,narrative,"Disclosure datapoint as defined in IG3 (ESRS S1-3, paragraph 33).",external-standard,entity-specific,entity-assessment-required
urn:sds:reg:esrs:s1_3_09,Policies regarding protection against retaliation for individuals that use channels to raise concerns or needs are in place,Social,ESRS/CSRD,S1-3_09,,Boolean,Boolean,annual,boolean,"Disclosure datapoint as defined in IG3 (ESRS S1-3, paragraph 33).",external-standard,entity-specific,entity-assessment-required
urn:sds:reg:esrs:s1_3_10,Statement in case the undertaking has not adopted a channel for raising concerns,Social,ESRS/CSRD,S1-3_10,,Boolean,Boolean,annual,boolean,"Disclosure datapoint as defined in IG3 (ESRS S1-3, paragraph 34).",external-standard,entity-specific,entity-assessment-required
urn:sds:reg:esrs:s1_3_11,Disclosure of timeframe for channel for raising concerns to be in place,Social,ESRS/CSRD,S1-3_11,,Text,Text,annual,narrative,"Disclosure datapoint as defined in IG3 (ESRS S1-3, paragraph 34).",external-standard,entity-specific,entity-assessment-required
urn:sds:reg:esrs:s1_4_01,"Description of action taken, planned or underway to prevent or mitigate negative impacts on own workforce",Social,ESRS/CSRD,S1-4_01,,Boolean,Boolean,annual,boolean,"Disclosure datapoint as defined in IG3 (ESRS S1-4, paragraph 38.a).",external-standard,entity-specific,entity-assessment-required
urn:sds:reg:esrs:s1_4_02,Disclosure on whether and how action has been taken to provide or enable remedy in relation to actual material impact,Social,ESRS/CSRD,S1-4_02,,Boolean,Boolean,annual,boolean,"Disclosure datapoint as defined in IG3 (ESRS S1-4, paragraph 38.b).",external-standard,entity-specific,entity-assessment-required
urn:sds:reg:esrs:s1_4_03,Description of additional initiatives or actions with primary purpose of delivering positive impacts for own workforce,Social,ESRS/CSRD,S1-4_03,,Text,Text,annual,narrative,"Disclosure datapoint as defined in IG3 (ESRS S1-4, paragraph 38.c).",external-standard,entity-specific,entity-assessment-required
urn:sds:reg:esrs:s1_4_04,Description of how effectiveness of actions and initiatives in delivering outcomes for own workforce is tracked and assessed,Social,ESRS/CSRD,S1-4_04,,Text,Text,annual,narrative,"Disclosure datapoint as defined in IG3 (ESRS S1-4, paragraph 38.d).",external-standard,entity-specific,entity-assessment-required
urn:sds:reg:esrs:s1_4_05,Description of process through which it identifies what action is needed and appropriate in response to particular actual or potential negative impact on own workforce,Social,ESRS/CSRD,S1-4_05,,Text,Text,annual,narrative,"Disclosure datapoint as defined in IG3 (ESRS S1-4, paragraph 39).",external-standard,entity-specific,entity-assessment-required
urn:sds:reg:esrs:s1_4_06,Description of what action is planned or underway to mitigate material risks arising from impacts and dependencies on own workforce and how effectiveness is tracked,Social,ESRS/CSRD,S1-4_06,,Text,Text,annual,narrative,"Disclosure datapoint as defined in IG3 (ESRS S1-4, paragraph 40.a).",external-standard,entity-specific,entity-assessment-required
urn:sds:reg:esrs:s1_4_07,Description of what action is planned or underway to pursue material opportunities in relation to own workforce,Social,ESRS/CSRD,S1-4_07,,Text,Text,annual,narrative,"Disclosure datapoint as defined in IG3 (ESRS S1-4, paragraph 40.b).",external-standard,entity-specific,entity-assessment-required
urn:sds:reg:esrs:s1_4_08,Disclosure of whether and how it is ensured that own practices do not cause or contribute to material negative impacts on own workforce,Social,ESRS/CSRD,S1-4_08,,Text,Text,annual,narrative,"Disclosure datapoint as defined in IG3 (ESRS S1-4, paragraph 41).",external-standard,entity-specific,entity-assessment-required
urn:sds:reg:esrs:s1_4_09,Disclosure of resources are allocated to the management of material impacts,Social,ESRS/CSRD,S1-4_09,,Text,Text,annual,narrative,"Disclosure datapoint as defined in IG3 (ESRS S1-4, paragraph 43).",external-standard,entity-specific,entity-assessment-required
urn:sds:reg:esrs:s1_4_10,Disclosure of general and specific approaches to addressing material negative impacts,Social,ESRS/CSRD,S1-4_10,,Text,Text,annual,narrative,"Disclosure datapoint as defined in IG3 (ESRS S1-4, paragraph ar.33.a).",external-standard,entity-specific,entity-assessment-required
urn:sds:reg:esrs:s1_4_11,Disclosure of initiatives aimed at contributing to additional material positive impacts,Social,ESRS/CSRD,S1-4_11,,Text,Text,annual,narrative,"Disclosure datapoint as defined in IG3 (ESRS S1-4, paragraph ar.33.b).",external-standard,entity-specific,entity-assessment-required
urn:sds:reg:esrs:s1_4_12,Disclosure of how far undertaking has progressed in efforts during reporting period,Social,ESRS/CSRD,S1-4_12,,Text,Text,annual,narrative,"Disclosure datapoint as defined in IG3 (ESRS S1-4, paragraph ar.33.c).",external-standard,entity-specific,entity-assessment-required
urn:sds:reg:esrs:s1_4_13,Disclosure of aims for continued improvement,Social,ESRS/CSRD,S1-4_13,,Text,Text,annual,narrative,"Disclosure datapoint as defined in IG3 (ESRS S1-4, paragraph ar.33.d).",external-standard,entity-specific,entity-assessment-required
urn:sds:reg:esrs:s1_4_14,Disclosure of whether and how undertaking seeks to use leverage with relevant business relationships to manage material negative impacts affecting own workforce,Social,ESRS/CSRD,S1-4_14,,Text,Text,annual,narrative,"Disclosure datapoint as defined in IG3 (ESRS S1-4, paragraph ar.35).",external-standard,entity-specific,entity-assessment-required
urn:sds:reg:esrs:s1_4_15,"Disclosure of how the initiative, and its own involvement, is aiming to address the material impact concerned",Social,ESRS/CSRD,S1-4_15,,Text,Text,annual,narrative,"Disclosure datapoint as defined in IG3 (ESRS S1-4, paragraph ar.36).",external-standard,entity-specific,entity-assessment-required
urn:sds:reg:esrs:s1_4_16,Disclosure of whether and how workers and workers' representatives play role in decisions regarding design and implementation of programmes or processes whose primary aim is to deliver positive impacts for workers,Social,ESRS/CSRD,S1-4_16,,Text,Text,annual,narrative,"Disclosure datapoint as defined in IG3 (ESRS S1-4, paragraph ar.40.a).",external-standard,entity-specific,entity-assessment-required
urn:sds:reg:esrs:s1_4_17,Information about intended or achieved positive outcomes of programmes or processes for own workforce,Social,ESRS/CSRD,S1-4_17,,Text,Text,annual,narrative,"Disclosure datapoint as defined in IG3 (ESRS S1-4, paragraph ar.40.b).",external-standard,entity-specific,entity-assessment-required
urn:sds:reg:esrs:s1_4_18,Initiatives or processes whose primary aim is to deliver positive impacts for own workforce are designed also to support achievement of one or more of Sustainable Development Goals,Social,ESRS/CSRD,S1-4_18,,Text,Text,annual,semi-narrative,"Disclosure datapoint as defined in IG3 (ESRS S1-4, paragraph ar.41).",external-standard,entity-specific,entity-assessment-required
urn:sds:reg:esrs:s1_4_19,"Information about measures taken to mitigate negative impacts on workers that arise from transition to greener, climate-neutral economy",Social,ESRS/CSRD,S1-4_19,,Text,Text,annual,narrative,"Disclosure datapoint as defined in IG3 (ESRS S1-4, paragraph ar.43).",external-standard,entity-specific,entity-assessment-required
urn:sds:reg:esrs:s1_4_20,Description of internal functions that are involved in managing impacts and types of action taken by internal functions to address negative and advance positive impacts,Social,ESRS/CSRD,S1-4_20,,Text,Text,annual,narrative,"Disclosure datapoint as defined in IG3 (ESRS S1-4, paragraph ar.48).",external-standard,entity-specific,entity-assessment-required
urn:sds:reg:esrs:s1_5_01,Disclosure of whether and how own workforce or workforce' representatives were engaged directly in setting targets,Social,ESRS/CSRD,S1-5_01,,Text,Boolean,annual,narrative,"Disclosure datapoint as defined in IG3 (ESRS S1-5, paragraph 47.a).",external-standard,entity-specific,entity-assessment-required
urn:sds:reg:esrs:s1_5_02,Disclosure of whether and how own workforce or workforce' representatives were engaged directly in tracking performance against targets,Social,ESRS/CSRD,S1-5_02,,Text,Text,annual,narrative,"Disclosure datapoint as defined in IG3 (ESRS S1-5, paragraph 47.b).",external-standard,entity-specific,entity-assessment-required
urn:sds:reg:esrs:s1_5_03,Disclosure of whether and how own workforce or workforce' representatives were engaged directly in identifying lessons or improvements as result of undertakings performance,Social,ESRS/CSRD,S1-5_03,,Text,Text,annual,narrative,"Disclosure datapoint as defined in IG3 (ESRS S1-5, paragraph 47.c).",external-standard,entity-specific,entity-assessment-required
urn:sds:reg:esrs:s1_5_04,Disclosure of intended outcomes to be achieved in lives of people in its own workforce,Social,ESRS/CSRD,S1-5_04,,Text,Text,annual,narrative,"Disclosure datapoint as defined in IG3 (ESRS S1-5, paragraph ar.49.a).",external-standard,entity-specific,entity-assessment-required
urn:sds:reg:esrs:s1_5_05,Information about stability over time of target in terms of definitions and methodologies to enable comparability,Social,ESRS/CSRD,S1-5_05,,Text,Text,annual,narrative,"Disclosure datapoint as defined in IG3 (ESRS S1-5, paragraph ar.49.b).",external-standard,entity-specific,entity-assessment-required
urn:sds:reg:esrs:s1_5_06,Disclosure of references to standards or commitments which targets are based on,Social,ESRS/CSRD,S1-5_06,,Text,Text,annual,narrative,"Disclosure datapoint as defined in IG3 (ESRS S1-5, paragraph ar.49.c).",external-standard,entity-specific,entity-assessment-required
urn:sds:reg:esrs:s1_6_01,Characteristics of undertaking's employees - number of employees by gender,Social,ESRS/CSRD,S1-6_01,,Text,Text,annual,narrative,"Disclosure datapoint as defined in IG3 (ESRS S1-6, paragraph 50.a).",external-standard,entity-specific,entity-assessment-required
urn:sds:reg:esrs:s1_6_02,Number of employees (head count),Social,ESRS/CSRD,S1-6_02,,employees,Count,annual,numeric,"Disclosure datapoint as defined in IG3 (ESRS S1-6, paragraph 50.a).",external-standard,entity-specific,entity-assessment-required
urn:sds:reg:esrs:s1_6_03,Average number of employees (head count),Social,ESRS/CSRD,S1-6_03,,employees,Count,annual,numeric,"Disclosure datapoint as defined in IG3 (ESRS S1-6, paragraph 50.a).",external-standard,entity-specific,entity-assessment-required
urn:sds:reg:esrs:s1_6_04,Characteristics of undertaking's employees - number of employees in countries with 50 or more employees representing at least 10% of total number of employees,Social,ESRS/CSRD,S1-6_04,,employees,Count,annual,numeric,"Disclosure datapoint as defined in IG3 (ESRS S1-6, paragraph 50.a).",external-standard,entity-specific,entity-assessment-required
urn:sds:reg:esrs:s1_6_05,Number of employees in countries with 50 or more employees representing at least 10% of total number of employees,Social,ESRS/CSRD,S1-6_05,,employees,Count,annual,numeric,"Disclosure datapoint as defined in IG3 (ESRS S1-6, paragraph 50.a).",external-standard,entity-specific,entity-assessment-required
urn:sds:reg:esrs:s1_6_06,Average number of employees in countries with 50 or more employees representing at least 10% of total number of employees,Social,ESRS/CSRD,S1-6_06,,employees,Count,annual,numeric,"Disclosure datapoint as defined in IG3 (ESRS S1-6, paragraph 50.a).",external-standard,entity-specific,entity-assessment-required
urn:sds:reg:esrs:s1_6_07,Characteristics of undertaking's employees - information on employees by contract type and gender,Social,ESRS/CSRD,S1-6_07,,Text,Text,annual,narrative,"Disclosure datapoint as defined in IG3 (ESRS S1-6, paragraph 50.b).",external-standard,entity-specific,entity-assessment-required
urn:sds:reg:esrs:s1_6_08,Characteristics of undertaking's employees - information on employees by region,Social,ESRS/CSRD,S1-6_08,,employees,Count,annual,numeric,"Disclosure datapoint as defined in IG3 (ESRS S1-6, paragraph 51).",external-standard,entity-specific,entity-assessment-required
urn:sds:reg:esrs:s1_6_09,Number of employees (head count or full-time equivalent),Social,ESRS/CSRD,S1-6_09,,FTE,Count,annual,numeric,"Disclosure datapoint as defined in IG3 (ESRS S1-6, paragraph 50.b.+.51).",external-standard,entity-specific,entity-assessment-required
urn:sds:reg:esrs:s1_6_10,Average number of employees (head count or full-time equivalent),Social,ESRS/CSRD,S1-6_10,,FTE,Count,annual,numeric,"Disclosure datapoint as defined in IG3 (ESRS S1-6, paragraph 50.b.+.51).",external-standard,entity-specific,entity-assessment-required
urn:sds:reg:esrs:s1_6_11,Number of employee who have left undertaking,Social,ESRS/CSRD,S1-6_11,,employees,Count,annual,numeric,"Disclosure datapoint as defined in IG3 (ESRS S1-6, paragraph 50.c).",external-standard,entity-specific,entity-assessment-required
urn:sds:reg:esrs:s1_6_12,Percentage of employee turnover,Social,ESRS/CSRD,S1-6_12,,percent,Ratio,annual,numeric,"Disclosure datapoint as defined in IG3 (ESRS S1-6, paragraph 50.c).",external-standard,entity-specific,entity-assessment-required
urn:sds:reg:esrs:s1_6_13,Description of methodologies and assumptions used to compile data (employees),Social,ESRS/CSRD,S1-6_13,,Text,Text,annual,narrative,"Disclosure datapoint as defined in IG3 (ESRS S1-6, paragraph 50.d).",external-standard,entity-specific,entity-assessment-required
urn:sds:reg:esrs:s1_6_14,Employees numbers are reported in head count or full-time equivalent,Social,ESRS/CSRD,S1-6_14,,Text,Text,annual,semi-narrative,"Disclosure datapoint as defined in IG3 (ESRS S1-6, paragraph 50.d.i).",external-standard,entity-specific,entity-assessment-required
urn:sds:reg:esrs:s1_6_15,Employees numbers are reported at end of reporting period/average/other methodology,Social,ESRS/CSRD,S1-6_15,,Boolean,Boolean,annual,boolean,"Disclosure datapoint as defined in IG3 (ESRS S1-6, paragraph 50.d.ii).",external-standard,entity-specific,entity-assessment-required
urn:sds:reg:esrs:s1_6_16,Disclosure of contextual information necessary to understand data (employees),Social,ESRS/CSRD,S1-6_16,,Text,Text,annual,narrative,"Disclosure datapoint as defined in IG3 (ESRS S1-6, paragraph 50.e).",external-standard,entity-specific,entity-assessment-required
urn:sds:reg:esrs:s1_6_17,Disclosure of cross-reference of information reported under paragragph 50 (a) to most representative number in financial statements,Social,ESRS/CSRD,S1-6_17,,Text,Text,annual,narrative,"Disclosure datapoint as defined in IG3 (ESRS S1-6, paragraph 50.f).",external-standard,entity-specific,entity-assessment-required
urn:sds:reg:esrs:s1_6_18,Further detailed breakdown by gender and by region,Social,ESRS/CSRD,S1-6_18,,Text,,annual,table,"Disclosure datapoint as defined in IG3 (ESRS S1-6, paragraph 52).",external-standard,entity-specific,entity-assessment-required
urn:sds:reg:esrs:s1_6_19,Number of full-time employees by head count or full time equivalent,Social,ESRS/CSRD,S1-6_19,,employees,Count,annual,numeric,"Disclosure datapoint as defined in IG3 (ESRS S1-6, paragraph 52.a).",external-standard,entity-specific,entity-assessment-required
urn:sds:reg:esrs:s1_6_20,Number of part-time employees by head count or full time equivalent,Social,ESRS/CSRD,S1-6_20,,employees,Count,annual,numeric,"Disclosure datapoint as defined in IG3 (ESRS S1-6, paragraph 52.b).",external-standard,entity-specific,entity-assessment-required
urn:sds:reg:esrs:s1_7_01,Number of non-employees in own workforce,Social,ESRS/CSRD,S1-7_01,,employees,Count,annual,numeric,"Disclosure datapoint as defined in IG3 (ESRS S1-7, paragraph 55.a).",external-standard,entity-specific,entity-assessment-required
urn:sds:reg:esrs:s1_7_02,Number of non-employees in own workforce - self-employed people,Social,ESRS/CSRD,S1-7_02,,employees,Count,annual,numeric,"Disclosure datapoint as defined in IG3 (ESRS S1-7, paragraph 55.a).",external-standard,entity-specific,entity-assessment-required
urn:sds:reg:esrs:s1_7_03,Number of non-employees in own workforce - people provided by undertakings primarily engaged in employment activities,Social,ESRS/CSRD,S1-7_03,,employees,Count,annual,numeric,"Disclosure datapoint as defined in IG3 (ESRS S1-7, paragraph 55.a).",external-standard,entity-specific,entity-assessment-required
urn:sds:reg:esrs:s1_7_04,Undertaking does not have non-employees in own workforce,Social,ESRS/CSRD,S1-7_04,,Boolean,Boolean,annual,boolean,"Disclosure datapoint as defined in IG3 (ESRS S1-7, paragraph ar.61).",external-standard,entity-specific,entity-assessment-required
urn:sds:reg:esrs:s1_7_05,"Disclosure of the most common types of non-employees (for example, self-employed people, people provided by undertakings primarily engaged in employment activities, and other types relevant to the undertaking), their relationship with the undertaking, and the type of work that they perform.",Social,ESRS/CSRD,S1-7_05,,Text,Text,annual,narrative,"Disclosure datapoint as defined in IG3 (ESRS S1-7, paragraph 56).",external-standard,entity-specific,entity-assessment-required
urn:sds:reg:esrs:s1_7_06,Description of methodologies and assumptions used to compile data (non-employees),Social,ESRS/CSRD,S1-7_06,,Text,Text,annual,narrative,"Disclosure datapoint as defined in IG3 (ESRS S1-7, paragraph 55.b).",external-standard,entity-specific,entity-assessment-required
urn:sds:reg:esrs:s1_7_07,Non-employees numbers are reported in head count/full time equivalent,Social,ESRS/CSRD,S1-7_07,,Text,Text,annual,semi-narrative,"Disclosure datapoint as defined in IG3 (ESRS S1-7, paragraph 55.b.i).",external-standard,entity-specific,entity-assessment-required
urn:sds:reg:esrs:s1_7_08,Non-employees numbers are reported at end of reporting period/average/other methodology,Social,ESRS/CSRD,S1-7_08,,Boolean,Boolean,annual,boolean,"Disclosure datapoint as defined in IG3 (ESRS S1-7, paragraph 55.b.ii).",external-standard,entity-specific,entity-assessment-required
urn:sds:reg:esrs:s1_7_09,Disclosure of contextual information necessary to understand data (non-employee workers),Social,ESRS/CSRD,S1-7_09,,Text,Text,annual,narrative,"Disclosure datapoint as defined in IG3 (ESRS S1-7, paragraph 55c).",external-standard,entity-specific,entity-assessment-required
urn:sds:reg:esrs:s1_7_10,Description of basis of preparation of non-employees estimated number,Social,ESRS/CSRD,S1-7_10,,Text,Text,annual,narrative,"Disclosure datapoint as defined in IG3 (ESRS S1-7, paragraph 57).",external-standard,entity-specific,entity-assessment-required
urn:sds:reg:esrs:s1_8_01,Percentage of total employees covered by collective bargaining agreements,Social,ESRS/CSRD,S1-8_01,,percent,Ratio,annual,numeric,"Disclosure datapoint as defined in IG3 (ESRS S1-8, paragraph 60.a).",external-standard,entity-specific,entity-assessment-required
urn:sds:reg:esrs:s1_8_02,Percentage of own employees covered by collective bargaining agreements are within coverage rate by country with significant employment (in the EEA),Social,ESRS/CSRD,S1-8_02,,Text,Text,annual,semi-narrative,"Disclosure datapoint as defined in IG3 (ESRS S1-8, paragraph 60.b).",external-standard,entity-specific,entity-assessment-required
urn:sds:reg:esrs:s1_8_03,Percentage of own employees covered by collective bargaining agreements (outside EEA) by region,Social,ESRS/CSRD,S1-8_03,,Text,Text,annual,semi-narrative,"Disclosure datapoint as defined in IG3 (ESRS S1-8, paragraph 60.c).",external-standard,entity-specific,entity-assessment-required
urn:sds:reg:esrs:s1_8_04,Working conditions and terms of employment for employees not covered by collective bargaining agreements are determined based on collective bargaining agreements that cover other employees or based on collective bargaining agreements from other undertakings,Social,ESRS/CSRD,S1-8_04,,Text,Text,annual,semi-narrative,"Disclosure datapoint as defined in IG3 (ESRS S1-8, paragraph 61).",external-standard,entity-specific,entity-assessment-required
urn:sds:reg:esrs:s1_8_05,Description of extent to which working conditions and terms of employment of non-employees in own workforce are determined or influenced by collective bargaining agreements,Social,ESRS/CSRD,S1-8_05,,Text,Text,annual,narrative,"Disclosure datapoint as defined in IG3 (ESRS S1-8, paragraph 62).",external-standard,entity-specific,entity-assessment-required
urn:sds:reg:esrs:s1_8_06,Percentage of employees in country country with significant employment (in the EEA) covered by workers' representatives,Social,ESRS/CSRD,S1-8_06,,Text,Text,annual,semi-narrative,"Disclosure datapoint as defined in IG3 (ESRS S1-8, paragraph 63.a).",external-standard,entity-specific,entity-assessment-required
urn:sds:reg:esrs:s1_8_07,"Disclosure of existence of any agreement with employees for representation by European Works Council (EWC), Societas Europaea (SE) Works Council, or Societas Cooperativa Europaea (SCE) Works Council",Social,ESRS/CSRD,S1-8_07,,Text,Text,annual,narrative,"Disclosure datapoint as defined in IG3 (ESRS S1-8, paragraph 63.b).",external-standard,entity-specific,entity-assessment-required
urn:sds:reg:esrs:s1_8_08,Collective bargaining coverage and social dialogue disaggregated by country and/or region,Social,ESRS/CSRD,S1-8_08,,Text,Text,annual,semi-narrative,"Disclosure datapoint as defined in IG3 (ESRS S1-8, paragraph ar.70).",external-standard,entity-specific,entity-assessment-required
urn:sds:reg:esrs:s1_9_01,Gender distribution in number of employees (head count) at top management level,Social,ESRS/CSRD,S1-9_01,,employees,Count,annual,numeric,"Disclosure datapoint as defined in IG3 (ESRS S1-9, paragraph 66a).",external-standard,entity-specific,entity-assessment-required
urn:sds:reg:esrs:s1_9_02,Gender distribution in percentage of employees at top management level,Social,ESRS/CSRD,S1-9_02,,percent,Ratio,annual,numeric,"Disclosure datapoint as defined in IG3 (ESRS S1-9, paragraph 66.a).",external-standard,entity-specific,entity-assessment-required
urn:sds:reg:esrs:s1_9_03,Distribution of employees (head count) under 30 years old,Social,ESRS/CSRD,S1-9_03,,employees,Count,annual,numeric,"Disclosure datapoint as defined in IG3 (ESRS S1-9, paragraph 66.b).",external-standard,entity-specific,entity-assessment-required
urn:sds:reg:esrs:s1_9_04,Distribution of employees (head count) between 30 and 50 years old,Social,ESRS/CSRD,S1-9_04,,percent,Count,annual,numeric,"Disclosure datapoint as defined in IG3 (ESRS S1-9, paragraph 66.b).",external-standard,entity-specific,entity-assessment-required
urn:sds:reg:esrs:s1_9_05,Distribution of employees (head count) over 50 years old,Social,ESRS/CSRD,S1-9_05,,employees,Count,annual,numeric,"Disclosure datapoint as defined in IG3 (ESRS S1-9, paragraph 66.b).",external-standard,entity-specific,entity-assessment-required
urn:sds:reg:esrs:s1_9_06,Disclosure of own definition of top management used,Social,ESRS/CSRD,S1-9_06,,Text,Text,annual,narrative,"Disclosure datapoint as defined in IG3 (ESRS S1-9, paragraph ar.71).",external-standard,entity-specific,entity-assessment-required
urn:sds:reg:esrs:s1_sbm_3_01,All people in its own workforce who can be materially impacted by undertaking are included in scope of disclosure under ESRS 2,Social,ESRS/CSRD,S1.SBM-3_01,,Boolean,Boolean,annual,boolean,"Disclosure datapoint as defined in IG3 (ESRS S1.SBM-3, paragraph 14).",external-standard,entity-specific,entity-assessment-required
urn:sds:reg:esrs:s1_sbm_3_02,Description of types of employees and non-employees in its own workforce subject to material impacts,Social,ESRS/CSRD,S1.SBM-3_02,,Text,Text,annual,narrative,"Disclosure datapoint as defined in IG3 (ESRS S1.SBM-3, paragraph 14.a).",external-standard,entity-specific,entity-assessment-required
urn:sds:reg:esrs:s1_sbm_3_03,Material negative impacts occurrence (own workforce),Social,ESRS/CSRD,S1.SBM-3_03,,Text,Text,annual,semi-narrative,"Disclosure datapoint as defined in IG3 (ESRS S1.SBM-3, paragraph 14.b).",external-standard,entity-specific,entity-assessment-required
urn:sds:reg:esrs:s1_sbm_3_04,Description of activities that result in positive impacts and types of employees and non-employees in its own workforce that are positively affected or could be positively affected,Social,ESRS/CSRD,S1.SBM-3_04,,Text,Text,annual,narrative,"Disclosure datapoint as defined in IG3 (ESRS S1.SBM-3, paragraph 14.c).",external-standard,entity-specific,entity-assessment-required
urn:sds:reg:esrs:s1_sbm_3_05,Description of material risks and opportunities arising from impacts and dependencies on own workforce,Social,ESRS/CSRD,S1.SBM-3_05,,Text,Text,annual,narrative,"Disclosure datapoint as defined in IG3 (ESRS S1.SBM-3, paragraph 14.d).",external-standard,entity-specific,entity-assessment-required
urn:sds:reg:esrs:s1_sbm_3_06,Description of material impacts on workers that may arise from transition plans for reducing negative impacts on environment and achieving greener and climate-neutral operations,Social,ESRS/CSRD,S1.SBM-3_06,,Text,Text,annual,narrative,"Disclosure datapoint as defined in IG3 (ESRS S1.SBM-3, paragraph 14.e).",external-standard,entity-specific,entity-assessment-required
urn:sds:reg:esrs:s1_sbm_3_07,Information about type of operations at significant risk of incidents of forced labour or compulsory labour,Social,ESRS/CSRD,S1.SBM-3_07,,Text,Text,annual,narrative,"Disclosure datapoint as defined in IG3 (ESRS S1.SBM-3, paragraph 14.f.i).",external-standard,entity-specific,entity-assessment-required
urn:sds:reg:esrs:s1_sbm_3_08,Information about countries or geographic areas with operations considered at significant risk of incidents of forced labour or compulsory labour,Social,ESRS/CSRD,S1.SBM-3_08,,Text,Text,annual,narrative,"Disclosure datapoint as defined in IG3 (ESRS S1.SBM-3, paragraph 14.f.ii).",external-standard,entity-specific,entity-assessment-required
urn:sds:reg:esrs:s1_sbm_3_09,Information about type of operations at significant risk of incidents of child labour,Social,ESRS/CSRD,S1.SBM-3_09,,Text,Text,annual,narrative,"Disclosure datapoint as defined in IG3 (ESRS S1.SBM-3, paragraph 14.g.i).",external-standard,entity-specific,entity-assessment-required
urn:sds:reg:esrs:s1_sbm_3_10,Information about countries or geographic areas with operations considered at significant risk of incidents of child labour,Social,ESRS/CSRD,S1.SBM-3_10,,Text,Text,annual,narrative,"Disclosure datapoint as defined in IG3 (ESRS S1.SBM-3, paragraph 14.g.ii).",external-standard,entity-specific,entity-assessment-required
urn:sds:reg:esrs:s1_sbm_3_11,"Disclosure of whether and how understanding of people in its own workforce with particular characteristics, working in particular contexts, or undertaking particular activities may be at greater risk of harm has been developed",Social,ESRS/CSRD,S1.SBM-3_11,,Text,Boolean,annual,narrative,"Disclosure datapoint as defined in IG3 (ESRS S1.SBM-3, paragraph 15).",external-standard,entity-specific,entity-assessment-required
urn:sds:reg:esrs:s1_sbm_3_12,Disclosure of which of material risks and opportunities arising from impacts and dependencies on people in its own workforce relate to specific groups of people,Social,ESRS/CSRD,S1.SBM-3_12,,Boolean,Boolean,annual,boolean,"Disclosure datapoint as defined in IG3 (ESRS S1.SBM-3, paragraph 16).",external-standard,entity-specific,entity-assessment-required
urn:sds:reg:esrs:s2_1_01,Description of relevant human rights policy commitments relevant to value chain workers,Social,ESRS/CSRD,S2-1_01,,Text,Text,annual,narrative,"Disclosure datapoint as defined in IG3 (ESRS S2-1, paragraph 17).",external-standard,entity-specific,entity-assessment-required
urn:sds:reg:esrs:s2_1_02,Disclosure of general approach in relation to respect for human rights relevant to value chain workers,Social,ESRS/CSRD,S2-1_02,,Text,Text,annual,narrative,"Disclosure datapoint as defined in IG3 (ESRS S2-1, paragraph 17a).",external-standard,entity-specific,entity-assessment-required
urn:sds:reg:esrs:s2_1_03,Disclosure of general approach in relation to engagement with value chain workers,Social,ESRS/CSRD,S2-1_03,,Text,Text,annual,narrative,"Disclosure datapoint as defined in IG3 (ESRS S2-1, paragraph 17b).",external-standard,entity-specific,entity-assessment-required
urn:sds:reg:esrs:s2_1_04,Disclosure of general approach in relation to measures to provide and (or) enable remedy for human rights impacts,Social,ESRS/CSRD,S2-1_04,,Text,Text,annual,narrative,"Disclosure datapoint as defined in IG3 (ESRS S2-1, paragraph 17.c).",external-standard,entity-specific,entity-assessment-required
urn:sds:reg:esrs:s2_1_05,"Policies explicitly address trafficking in human beings, forced labour or compulsory labour and child labour",Social,ESRS/CSRD,S2-1_05,,Boolean,Boolean,annual,boolean,"Disclosure datapoint as defined in IG3 (ESRS S2-1, paragraph 18).",external-standard,entity-specific,entity-assessment-required
urn:sds:reg:esrs:s2_1_06,Undertaking has supplier code of conduct,Social,ESRS/CSRD,S2-1_06,,Boolean,Boolean,annual,boolean,"Disclosure datapoint as defined in IG3 (ESRS S2-1, paragraph 18).",external-standard,entity-specific,entity-assessment-required
urn:sds:reg:esrs:s2_1_07,Provisions in supplier codes of conudct are fully in line with applicable ILO standards,Social,ESRS/CSRD,S2-1_07,,Text,Text,annual,semi-narrative,"Disclosure datapoint as defined in IG3 (ESRS S2-1, paragraph ar.15).",external-standard,entity-specific,entity-assessment-required
urn:sds:reg:esrs:s2_1_08,Disclosure of whether and how policies are aligned with relevant internationally recognised instruments,Social,ESRS/CSRD,S2-1_08,,Text,Text,annual,narrative,"Disclosure datapoint as defined in IG3 (ESRS S2-1, paragraph 19).",external-standard,entity-specific,entity-assessment-required
urn:sds:reg:esrs:s2_1_09,"Disclosure of extent and indication of nature of cases of non-respect of the UN Guiding Principles on Business and Human Rights, ILO Declaration on Fundamental Principles and Rights at Work or OECD Guidelines for Multinational Enterprises that involve value chain workers",Social,ESRS/CSRD,S2-1_09,,Text,Text,annual,narrative,"Disclosure datapoint as defined in IG3 (ESRS S2-1, paragraph 19).",external-standard,entity-specific,entity-assessment-required
urn:sds:reg:esrs:s2_1_10,Disclosure of explanations of significant changes to policies adopted during reporting year,Social,ESRS/CSRD,S2-1_10,,Text,Text,annual,narrative,"Disclosure datapoint as defined in IG3 (ESRS S2-1, paragraph ar.12).",external-standard,entity-specific,entity-assessment-required
urn:sds:reg:esrs:s2_1_11,"Disclosure on an illustration of the types of communication of its policies to those individuals, group of individuals or entities for whom they are relevant",Social,ESRS/CSRD,S2-1_11,,Text,Text,annual,narrative,"Disclosure datapoint as defined in IG3 (ESRS S2-1, paragraph ar.16).",external-standard,entity-specific,entity-assessment-required
urn:sds:reg:esrs:s2_2_01,Disclosure of whether and how perspectives of value chain workers inform decisions or activities aimed at managing actual and potential impacts,Social,ESRS/CSRD,S2-2_01,,Text,Text,annual,narrative,"Disclosure datapoint as defined in IG3 (ESRS S2-2, paragraph 22).",external-standard,entity-specific,entity-assessment-required
urn:sds:reg:esrs:s2_2_02,"Engagement occurs with value chain workers or their legitimate representatives directly, or with credible proxies",Social,ESRS/CSRD,S2-2_02,,Text,Text,annual,semi-narrative,"Disclosure datapoint as defined in IG3 (ESRS S2-2, paragraph 22.a).",external-standard,entity-specific,entity-assessment-required
urn:sds:reg:esrs:s2_2_03,"Disclosure of stage at which engagement occurs, type of engagement and frequency of engagement",Social,ESRS/CSRD,S2-2_03,,Text,Text,annual,narrative,"Disclosure datapoint as defined in IG3 (ESRS S2-2, paragraph 22.b).",external-standard,entity-specific,entity-assessment-required
urn:sds:reg:esrs:s2_2_04,Disclosure of function and most senior role within undertaking that has operational responsibility for ensuring that engagement happens and that results inform undertakings approach,Social,ESRS/CSRD,S2-2_04,,Text,Text,annual,narrative,"Disclosure datapoint as defined in IG3 (ESRS S2-2, paragraph 22.c).",external-standard,entity-specific,entity-assessment-required
urn:sds:reg:esrs:s2_2_05,Disclosure of Global Framework Agreement or other agreements related to respect of human rights of workers,Social,ESRS/CSRD,S2-2_05,,Text,Text,annual,narrative,"Disclosure datapoint as defined in IG3 (ESRS S2-2, paragraph 22.d).",external-standard,entity-specific,entity-assessment-required
urn:sds:reg:esrs:s2_2_06,Disclosure of how effectiveness of engagement with value chain workers is assessed,Social,ESRS/CSRD,S2-2_06,,Text,Text,annual,narrative,"Disclosure datapoint as defined in IG3 (ESRS S2-2, paragraph 22.e).",external-standard,entity-specific,entity-assessment-required
urn:sds:reg:esrs:s2_2_07,Disclosure of steps taken to gain insight into perspectives of value chain workers that may be particularly vulnerable to impacts and (or) marginalised,Social,ESRS/CSRD,S2-2_07,,Text,Text,annual,narrative,"Disclosure datapoint as defined in IG3 (ESRS S2-2, paragraph 23).",external-standard,entity-specific,entity-assessment-required
urn:sds:reg:esrs:s2_2_08,Statement in case the undertaking has not adopted a general process to engage with value chain workers,Social,ESRS/CSRD,S2-2_08,,Boolean,Boolean,annual,boolean,"Disclosure datapoint as defined in IG3 (ESRS S2-2, paragraph 24).",external-standard,entity-specific,entity-assessment-required
urn:sds:reg:esrs:s2_2_09,Disclosure of timeframe for adoption of general process to engage with value chain workers in case the undertaking has not adopted a general process for engagement,Social,ESRS/CSRD,S2-2_09,,Text,Text,annual,narrative,"Disclosure datapoint as defined in IG3 (ESRS S2-2, paragraph 24).",external-standard,entity-specific,entity-assessment-required
urn:sds:reg:esrs:s2_3_01,Disclosure of general approach to and processes for providing or contributing to remedy where undertaking has identified that it connected with a material negative impact on value chain workers,Social,ESRS/CSRD,S2-3_01,,Text,Text,annual,narrative,"Disclosure datapoint as defined in IG3 (ESRS S2-3, paragraph 27.a).",external-standard,entity-specific,entity-assessment-required
urn:sds:reg:esrs:s2_3_02,Disclosure of specific channels in place for value chain workers to raise concerns or needs directly with undertaking and have them addressed,Social,ESRS/CSRD,S2-3_02,,Text,Text,annual,narrative,"Disclosure datapoint as defined in IG3 (ESRS S2-3, paragraph 27.b).",external-standard,entity-specific,entity-assessment-required
urn:sds:reg:esrs:s2_3_03,Disclosure of processes through which undertaking supports or requires availability of channels,Social,ESRS/CSRD,S2-3_03,,Text,Text,annual,narrative,"Disclosure datapoint as defined in IG3 (ESRS S2-3, paragraph 27.c).",external-standard,entity-specific,entity-assessment-required
urn:sds:reg:esrs:s2_3_04,Disclosure of how issues raised and addressed are tracked and monitored and how effectiveness of channels is ensured,Social,ESRS/CSRD,S2-3_04,,Text,Text,annual,narrative,"Disclosure datapoint as defined in IG3 (ESRS S2-3, paragraph 27.d).",external-standard,entity-specific,entity-assessment-required
urn:sds:reg:esrs:s2_3_05,Disclosure of whether and how it is assessed that value chain workers are aware of and trust structures or processes as way to raise their concerns or needs and have them addressed,Social,ESRS/CSRD,S2-3_05,,Text,Text,annual,narrative,"Disclosure datapoint as defined in IG3 (ESRS S2-3, paragraph 28).",external-standard,entity-specific,entity-assessment-required
urn:sds:reg:esrs:s2_3_06,Policies regarding protection against retaliation for individuals that use channels to raise concerns or needs are in place,Social,ESRS/CSRD,S2-3_06,,Boolean,Boolean,annual,boolean,"Disclosure datapoint as defined in IG3 (ESRS S2-3, paragraph 28).",external-standard,entity-specific,entity-assessment-required
urn:sds:reg:esrs:s2_3_07,Statement in case the undertaking has not adopted a channel for raising concerns,Social,ESRS/CSRD,S2-3_07,,Boolean,Boolean,annual,boolean,"Disclosure datapoint as defined in IG3 (ESRS S2-3, paragraph 29).",external-standard,entity-specific,entity-assessment-required
urn:sds:reg:esrs:s2_3_08,Disclosure of timeframe for channel for raising concerns to be in place,Social,ESRS/CSRD,S2-3_08,,Text,Text,annual,narrative,"Disclosure datapoint as defined in IG3 (ESRS S2-3, paragraph 29).",external-standard,entity-specific,entity-assessment-required
urn:sds:reg:esrs:s2_3_09,Disclosure of whether and how value chain workers are able to access channels at level of undertaking they are employed by or contracted to work for,Social,ESRS/CSRD,S2-3_09,,Text,Text,annual,narrative,"Disclosure datapoint as defined in IG3 (ESRS S2-3, paragraph ar.23).",external-standard,entity-specific,entity-assessment-required
urn:sds:reg:esrs:s2_3_10,Third-party mechanisms are accessible to all workers,Social,ESRS/CSRD,S2-3_10,,Text,Text,annual,semi-narrative,"Disclosure datapoint as defined in IG3 (ESRS S2-3, paragraph ar.24).",external-standard,entity-specific,entity-assessment-required
urn:sds:reg:esrs:s2_3_11,Grievances are treated confidentially and with respect to rights of privacy and data protection,Social,ESRS/CSRD,S2-3_11,,Boolean,Boolean,annual,boolean,"Disclosure datapoint as defined in IG3 (ESRS S2-3, paragraph ar.25).",external-standard,entity-specific,entity-assessment-required
urn:sds:reg:esrs:s2_3_12,Channels to raise concerns or needs allow for value chain workers to use them anonymously,Social,ESRS/CSRD,S2-3_12,,Boolean,Boolean,annual,boolean,"Disclosure datapoint as defined in IG3 (ESRS S2-3, paragraph ar.25).",external-standard,entity-specific,entity-assessment-required
urn:sds:reg:esrs:s2_4_01,"Description of action planned or underway to prevent, mitigate or remediate material negative impacts on value chain workers",Social,ESRS/CSRD,S2-4_01,,Boolean,Boolean,annual,boolean,"Disclosure datapoint as defined in IG3 (ESRS S2-4, paragraph 32.a).",external-standard,entity-specific,entity-assessment-required
urn:sds:reg:esrs:s2_4_02,Description of whether and how action to provide or enable remedy in relation to an actual material impact,Social,ESRS/CSRD,S2-4_02,,Boolean,Boolean,annual,boolean,"Disclosure datapoint as defined in IG3 (ESRS S2-4, paragraph 32.b).",external-standard,entity-specific,entity-assessment-required
urn:sds:reg:esrs:s2_4_03,Description of additional initiatives or processes with primary purpose of delivering positive impacts for value chain workers,Social,ESRS/CSRD,S2-4_03,,Text,Text,annual,narrative,"Disclosure datapoint as defined in IG3 (ESRS S2-4, paragraph 32.c).",external-standard,entity-specific,entity-assessment-required
urn:sds:reg:esrs:s2_4_04,Description of how effectiveness of actions or initiatives in delivering outcomes for value chain workersis tracked and assessed,Social,ESRS/CSRD,S2-4_04,,Text,Text,annual,narrative,"Disclosure datapoint as defined in IG3 (ESRS S2-4, paragraph 32.d).",external-standard,entity-specific,entity-assessment-required
urn:sds:reg:esrs:s2_4_05,Description of processes to identifying what action is needed and appropriate in response to particular actual or potential material negative impact on value chain workers,Social,ESRS/CSRD,S2-4_05,,Text,Text,annual,narrative,"Disclosure datapoint as defined in IG3 (ESRS S2-4, paragraph 33.a).",external-standard,entity-specific,entity-assessment-required
urn:sds:reg:esrs:s2_4_06,Description of approach to taking action in relation to specific material negative impacts on value chain workers,Social,ESRS/CSRD,S2-4_06,,Text,Text,annual,narrative,"Disclosure datapoint as defined in IG3 (ESRS S2-4, paragraph 33.b).",external-standard,entity-specific,entity-assessment-required
urn:sds:reg:esrs:s2_4_07,Description of approach to ensuring that processes to provide or enable remedy in event of material negative impacts on value chain workers are available and effective in their implementation and outcomes,Social,ESRS/CSRD,S2-4_07,,Text,Text,annual,narrative,"Disclosure datapoint as defined in IG3 (ESRS S2-4, paragraph 33.c).",external-standard,entity-specific,entity-assessment-required
urn:sds:reg:esrs:s2_4_08,Description of what action is planned or underway to mitigate material risks arising from impacts and dependencies on value chain workers and how effectiveness is tracked,Social,ESRS/CSRD,S2-4_08,,Text,Text,annual,narrative,"Disclosure datapoint as defined in IG3 (ESRS S2-4, paragraph 34.a).",external-standard,entity-specific,entity-assessment-required
urn:sds:reg:esrs:s2_4_09,Description of what action is planned or underway to pursue material opportunities in relation to value chain workers,Social,ESRS/CSRD,S2-4_09,,Text,Text,annual,narrative,"Disclosure datapoint as defined in IG3 (ESRS S2-4, paragraph 34.b).",external-standard,entity-specific,entity-assessment-required
urn:sds:reg:esrs:s2_4_10,Disclosure of whether and how it is ensured that own practices do not cause or contribute to material negative impacts on value chain workers,Social,ESRS/CSRD,S2-4_10,,Text,Text,annual,narrative,"Disclosure datapoint as defined in IG3 (ESRS S2-4, paragraph 35).",external-standard,entity-specific,entity-assessment-required
urn:sds:reg:esrs:s2_4_11,Disclosure of severe human rights issues and incidents connected to upstream and downstream value chain,Social,ESRS/CSRD,S2-4_11,,Text,Text,annual,narrative,"Disclosure datapoint as defined in IG3 (ESRS S2-4, paragraph 36).",external-standard,entity-specific,entity-assessment-required
urn:sds:reg:esrs:s2_4_12,Disclosure of resources allocated to management of material impacts,Social,ESRS/CSRD,S2-4_12,,Text,Text,annual,narrative,"Disclosure datapoint as defined in IG3 (ESRS S2-4, paragraph 38).",external-standard,entity-specific,entity-assessment-required
urn:sds:reg:esrs:s2_4_13,Disclosure of whether and how undertaking seeks to use leverage with relevant business relationships to manage material negative impacts affecting value chain workers,Social,ESRS/CSRD,S2-4_13,,Text,Text,annual,narrative,"Disclosure datapoint as defined in IG3 (ESRS S2-4, paragraph ar.30).",external-standard,entity-specific,entity-assessment-required
urn:sds:reg:esrs:s2_4_14,Disclosure of how participation in industry or multi-stakeholder initiative and undertaking's own involvement is aiming to address material impacts,Social,ESRS/CSRD,S2-4_14,,Text,Text,annual,narrative,"Disclosure datapoint as defined in IG3 (ESRS S2-4, paragraph ar.31).",external-standard,entity-specific,entity-assessment-required
urn:sds:reg:esrs:s2_4_15,Disclosure of whether and how value chain workers and legitimate representatives or their credible proxies play role in decisions regarding design and implementation of programmes or processes,Social,ESRS/CSRD,S2-4_15,,Text,Text,annual,narrative,"Disclosure datapoint as defined in IG3 (ESRS S2-4, paragraph ar.36.a).",external-standard,entity-specific,entity-assessment-required
urn:sds:reg:esrs:s2_4_16,Information about intended or achieved positive outcomes of programmes or processes for value chain workers,Social,ESRS/CSRD,S2-4_16,,Text,Text,annual,narrative,"Disclosure datapoint as defined in IG3 (ESRS S2-4, paragraph ar.36.b).",external-standard,entity-specific,entity-assessment-required
urn:sds:reg:esrs:s2_4_17,Initiatives or processes whose primary aim is to deliver positive impacts for value chain workers are designed also to support achievement of one or more of Sustainable Development Goals,Social,ESRS/CSRD,S2-4_17,,Text,Text,annual,semi-narrative,"Disclosure datapoint as defined in IG3 (ESRS S2-4, paragraph ar.37).",external-standard,entity-specific,entity-assessment-required
urn:sds:reg:esrs:s2_4_18,Description of internal functions that are involved in managing impacts and types of action taken by internal functions to address negative and advance positive impacts,Social,ESRS/CSRD,S2-4_18,,Text,Text,annual,narrative,"Disclosure datapoint as defined in IG3 (ESRS S2-4, paragraph ar.44).",external-standard,entity-specific,entity-assessment-required
urn:sds:reg:esrs:s2_5_01,"Disclosure of whether and how value chain workers , their legitimate representatives or credible proxies were engaged directly in setting targets",Social,ESRS/CSRD,S2-5_01,,Text,Text,annual,narrative,"Disclosure datapoint as defined in IG3 (ESRS S2-5, paragraph 42.a).",external-standard,entity-specific,entity-assessment-required
urn:sds:reg:esrs:s2_5_02,"Disclosure of whether and how value chain workers , their legitimate representatives or credible proxies were engaged directly in tracking performance against targets",Social,ESRS/CSRD,S2-5_02,,Text,Text,annual,narrative,"Disclosure datapoint as defined in IG3 (ESRS S2-5, paragraph 42.b).",external-standard,entity-specific,entity-assessment-required
urn:sds:reg:esrs:s2_5_03,"Disclosure of whether and how value chain workers , their legitimate representatives or credible proxies were engaged directly in identifying lessons or improvements as result of undertaking’s performance",Social,ESRS/CSRD,S2-5_03,,Text,Text,annual,narrative,"Disclosure datapoint as defined in IG3 (ESRS S2-5, paragraph 42.c).",external-standard,entity-specific,entity-assessment-required
urn:sds:reg:esrs:s2_5_04,Disclosure of intended outcomes to be achieved in lives of value chain workers,Social,ESRS/CSRD,S2-5_04,,Text,Text,annual,narrative,"Disclosure datapoint as defined in IG3 (ESRS S2-5, paragraph ar.45.a).",external-standard,entity-specific,entity-assessment-required
urn:sds:reg:esrs:s2_5_05,Information about stability over time of target in terms of definitions and methodologies to enable comparability,Social,ESRS/CSRD,S2-5_05,,Text,Text,annual,narrative,"Disclosure datapoint as defined in IG3 (ESRS S2-5, paragraph ar.45.b).",external-standard,entity-specific,entity-assessment-required
urn:sds:reg:esrs:s2_5_06,Disclosure of references to standards or commitments on which target is based,Social,ESRS/CSRD,S2-5_06,,Text,Text,annual,narrative,"Disclosure datapoint as defined in IG3 (ESRS S2-5, paragraph ar.45.c).",external-standard,entity-specific,entity-assessment-required
urn:sds:reg:esrs:s2_sbm_3_01,All value chain workers who can be materially impacted by undertaking are included in scope of disclosure under ESRS 2,Social,ESRS/CSRD,S2.SBM-3_01,,Boolean,Boolean,annual,boolean,"Disclosure datapoint as defined in IG3 (ESRS S2.SBM-3, paragraph 11).",external-standard,entity-specific,entity-assessment-required
urn:sds:reg:esrs:s2_sbm_3_02,Description of types of value chain workers subject to material impacts,Social,ESRS/CSRD,S2.SBM-3_02,,Text,Text,annual,narrative,"Disclosure datapoint as defined in IG3 (ESRS S2.SBM-3, paragraph 11.a).",external-standard,entity-specific,entity-assessment-required
urn:sds:reg:esrs:s2_sbm_3_03,Type of value chain workers subject to material impacts by own operations or through value chain,Social,ESRS/CSRD,S2.SBM-3_03,,Text,Text,annual,semi-narrative,"Disclosure datapoint as defined in IG3 (ESRS S2.SBM-3, paragraph 11.a.i-v).",external-standard,entity-specific,entity-assessment-required
urn:sds:reg:esrs:s2_sbm_3_04,"Disclosure of geographies or commodities for which there is significant risk of child labour, or of forced or compulsory labour, among workers in undertaking’s value chain",Social,ESRS/CSRD,S2.SBM-3_04,,Text,Text,annual,narrative,"Disclosure datapoint as defined in IG3 (ESRS S2.SBM-3, paragraph 11.b).",external-standard,entity-specific,entity-assessment-required
urn:sds:reg:esrs:s2_sbm_3_05,Material negative impacts occurrence (value chain workers),Social,ESRS/CSRD,S2.SBM-3_05,,Text,Text,annual,semi-narrative,"Disclosure datapoint as defined in IG3 (ESRS S2.SBM-3, paragraph 11.c).",external-standard,entity-specific,entity-assessment-required
urn:sds:reg:esrs:s2_sbm_3_06,Description of activities that result in positive impacts and types of value chain workers that are positively affected or could be positively affected,Social,ESRS/CSRD,S2.SBM-3_06,,Text,Text,annual,narrative,"Disclosure datapoint as defined in IG3 (ESRS S2.SBM-3, paragraph 11.d).",external-standard,entity-specific,entity-assessment-required
urn:sds:reg:esrs:s2_sbm_3_07,Description of material risks and opportunities arising from impacts and dependencies on value chain workers,Social,ESRS/CSRD,S2.SBM-3_07,,Text,Text,annual,narrative,"Disclosure datapoint as defined in IG3 (ESRS S2.SBM-3, paragraph 11.e).",external-standard,entity-specific,entity-assessment-required
urn:sds:reg:esrs:s2_sbm_3_08,"Disclosure of whether and how the undertaking has developed an understanding of how workers with particular characteristics, those working in particular contexts, or those undertaking particular activities may be at greater risk of harm.",Social,ESRS/CSRD,S2.SBM-3_08,,Text,Boolean,annual,narrative,"Disclosure datapoint as defined in IG3 (ESRS S2.SBM-3, paragraph 12).",external-standard,entity-specific,entity-assessment-required
urn:sds:reg:esrs:s2_sbm_3_09,Disclosure of which of material risks and opportunities arising from impacts and dependencies on value chain workers are impacts on specific groups,Social,ESRS/CSRD,S2.SBM-3_09,,Boolean,Boolean,annual,boolean,"Disclosure datapoint as defined in IG3 (ESRS S2.SBM-3, paragraph 13).",external-standard,entity-specific,entity-assessment-required
urn:sds:reg:esrs:s3_1_01,Disclosure of any any particular policy provisions for preventing and addressing impacts on indigenous peoples,Social,ESRS/CSRD,S3-1_01,,Text,Text,annual,narrative,"Disclosure datapoint as defined in IG3 (ESRS S3-1, paragraph 15).",external-standard,entity-specific,entity-assessment-required
urn:sds:reg:esrs:s3_1_02,Description of relevant human rights policy commitments relevant to affected communities,Social,ESRS/CSRD,S3-1_02,,Text,Text,annual,narrative,"Disclosure datapoint as defined in IG3 (ESRS S3-1, paragraph 16).",external-standard,entity-specific,entity-assessment-required
urn:sds:reg:esrs:s3_1_03,"Disclosure of general approach in relation to respect for human rights of communities, and indigenous peoples specifically",Social,ESRS/CSRD,S3-1_03,,Text,Text,annual,narrative,"Disclosure datapoint as defined in IG3 (ESRS S3-1, paragraph 16.a).",external-standard,entity-specific,entity-assessment-required
urn:sds:reg:esrs:s3_1_04,Disclosure of general approach in relation to engagement with affected communities,Social,ESRS/CSRD,S3-1_04,,Text,Text,annual,narrative,"Disclosure datapoint as defined in IG3 (ESRS S3-1, paragraph 16.b).",external-standard,entity-specific,entity-assessment-required
urn:sds:reg:esrs:s3_1_05,Disclosure of general approach in relation to measures to provide and (or) enable remedy for human rights impacts,Social,ESRS/CSRD,S3-1_05,,Text,Text,annual,narrative,"Disclosure datapoint as defined in IG3 (ESRS S3-1, paragraph 16.c).",external-standard,entity-specific,entity-assessment-required
urn:sds:reg:esrs:s3_1_06,Disclosure of whether and how policies are aligned with relevant internationally recognised instruments,Social,ESRS/CSRD,S3-1_06,,Text,Text,annual,narrative,"Disclosure datapoint as defined in IG3 (ESRS S3-1, paragraph 17).",external-standard,entity-specific,entity-assessment-required
urn:sds:reg:esrs:s3_1_07,"Disclosure of extent and indication of nature of cases of non-respect of the UN Guiding Principles on Business and Human Rights, ILO Declaration on Fundamental Principles and Rights at Work or OECD Guidelines for Multinational Enterprises that involve affected communities",Social,ESRS/CSRD,S3-1_07,,Text,Text,annual,narrative,"Disclosure datapoint as defined in IG3 (ESRS S3-1, paragraph 17).",external-standard,entity-specific,entity-assessment-required
urn:sds:reg:esrs:s3_1_08,Disclosure of explanations of significant changes to policies adopted during reporting year,Social,ESRS/CSRD,S3-1_08,,Text,Text,annual,narrative,"Disclosure datapoint as defined in IG3 (ESRS S3-1, paragraph ar.9).",external-standard,entity-specific,entity-assessment-required
urn:sds:reg:esrs:s3_1_09,"Disclosure on an illustration of the types of communication of its policies to those individuals, group of individuals or entities for whom they are relevant",Social,ESRS/CSRD,S3-1_09,,Text,Text,annual,narrative,"Disclosure datapoint as defined in IG3 (ESRS S3-1, paragraph ar.11).",external-standard,entity-specific,entity-assessment-required
urn:sds:reg:esrs:s3_2_01,Disclosure of whether and how perspectives of affected communities inform decisions or activities aimed at managing actual and potential impacts,Social,ESRS/CSRD,S3-2_01,,Text,Text,annual,narrative,"Disclosure datapoint as defined in IG3 (ESRS S3-2, paragraph 21).",external-standard,entity-specific,entity-assessment-required
urn:sds:reg:esrs:s3_2_02,"Engagement occurs with affected communities or their legitimate representatives directly, or with credible proxies",Social,ESRS/CSRD,S3-2_02,,Text,Text,annual,semi-narrative,"Disclosure datapoint as defined in IG3 (ESRS S3-2, paragraph 21.a).",external-standard,entity-specific,entity-assessment-required
urn:sds:reg:esrs:s3_2_03,"Disclosure of stage at which engagement occurs, type of engagement and frequency of engagement",Social,ESRS/CSRD,S3-2_03,,Text,Text,annual,narrative,"Disclosure datapoint as defined in IG3 (ESRS S3-2, paragraph 21.b).",external-standard,entity-specific,entity-assessment-required
urn:sds:reg:esrs:s3_2_04,Disclosure of function and most senior role within undertaking that has operational responsibility for ensuring that engagement happens and that results inform undertakings approach,Social,ESRS/CSRD,S3-2_04,,Text,Text,annual,narrative,"Disclosure datapoint as defined in IG3 (ESRS S3-2, paragraph 21.c).",external-standard,entity-specific,entity-assessment-required
urn:sds:reg:esrs:s3_2_05,Disclosure of how the undertaking assesses the effectiveness of its engagement with affected communities,Social,ESRS/CSRD,S3-2_05,,Text,Text,annual,narrative,"Disclosure datapoint as defined in IG3 (ESRS S3-2, paragraph 21.d).",external-standard,entity-specific,entity-assessment-required
urn:sds:reg:esrs:s3_2_06,Disclosure of steps taken to gain insight into perspectives of affected communities hat may be particularly vulnerable to impacts and (or) marginalised,Social,ESRS/CSRD,S3-2_06,,Text,Text,annual,narrative,"Disclosure datapoint as defined in IG3 (ESRS S3-2, paragraph 22).",external-standard,entity-specific,entity-assessment-required
urn:sds:reg:esrs:s3_2_07,Disclosure of whether and how the undertaking takes into account and ensures respect of particular rights of indigenous peoples in its stakeholder engagement approach,Social,ESRS/CSRD,S3-2_07,,Text,Text,annual,narrative,"Disclosure datapoint as defined in IG3 (ESRS S3-2, paragraph 23).",external-standard,entity-specific,entity-assessment-required
urn:sds:reg:esrs:s3_2_08,Statement in case the undertaking has not adopted a general process to engage with affected communities,Social,ESRS/CSRD,S3-2_08,,Boolean,Boolean,annual,boolean,"Disclosure datapoint as defined in IG3 (ESRS S3-2, paragraph 24).",external-standard,entity-specific,entity-assessment-required
urn:sds:reg:esrs:s3_2_09,Disclosure of timeframe for adoption of general process to engage with affected communities in case the undertaking has not adopted a general process for engagement,Social,ESRS/CSRD,S3-2_09,,Text,Text,annual,narrative,"Disclosure datapoint as defined in IG3 (ESRS S3-2, paragraph 24).",external-standard,entity-specific,entity-assessment-required
urn:sds:reg:esrs:s3_3_10,Disclosure of general approach to and processes for providing or contributing to remedy where undertaking has identified that it connected with a material negative impact on affected communities,Social,ESRS/CSRD,S3-3_10,,Text,Text,annual,narrative,"Disclosure datapoint as defined in IG3 (ESRS S3-3, paragraph 27.a).",external-standard,entity-specific,entity-assessment-required
urn:sds:reg:esrs:s3_3_11,Disclosure of specific channels in place for affected communities to raise concerns or needs directly with undertaking and have them addressed,Social,ESRS/CSRD,S3-3_11,,Text,Text,annual,narrative,"Disclosure datapoint as defined in IG3 (ESRS S3-3, paragraph 27.b).",external-standard,entity-specific,entity-assessment-required
urn:sds:reg:esrs:s3_3_12,Disclosure of processes through which undertaking supports or requires availability of channels,Social,ESRS/CSRD,S3-3_12,,Text,Text,annual,narrative,"Disclosure datapoint as defined in IG3 (ESRS S3-3, paragraph 27.c).",external-standard,entity-specific,entity-assessment-required
urn:sds:reg:esrs:s3_3_13,Disclosure of how issues raised and addressed are tracked and monitored and how effectiveness of channels is ensured,Social,ESRS/CSRD,S3-3_13,,Text,Text,annual,narrative,"Disclosure datapoint as defined in IG3 (ESRS S3-3, paragraph 27.d).",external-standard,entity-specific,entity-assessment-required
urn:sds:reg:esrs:s3_3_14,Disclosure of whether and how it is assessed that affected communities are aware of and trust structures or processes as way to raise their concerns or needs and have them addressed,Social,ESRS/CSRD,S3-3_14,,Text,Text,annual,narrative,"Disclosure datapoint as defined in IG3 (ESRS S3-3, paragraph 28).",external-standard,entity-specific,entity-assessment-required
urn:sds:reg:esrs:s3_3_15,Policies regarding protection against retaliation for individuals that use channels to raise concerns or needs are in place,Social,ESRS/CSRD,S3-3_15,,Boolean,Boolean,annual,boolean,"Disclosure datapoint as defined in IG3 (ESRS S3-3, paragraph 28).",external-standard,entity-specific,entity-assessment-required
urn:sds:reg:esrs:s3_3_16,Statement in case the undertaking has not adopted a general process to engage with affected communities,Social,ESRS/CSRD,S3-3_16,,Boolean,Boolean,annual,boolean,"Disclosure datapoint as defined in IG3 (ESRS S3-3, paragraph 29).",external-standard,entity-specific,entity-assessment-required
urn:sds:reg:esrs:s3_3_17,Disclosure of timeframe for channel or processes for raising concerns to be in place,Social,ESRS/CSRD,S3-3_17,,Text,Text,annual,narrative,"Disclosure datapoint as defined in IG3 (ESRS S3-3, paragraph 29).",external-standard,entity-specific,entity-assessment-required
urn:sds:reg:esrs:s3_3_18,Disclosure of whether and how affected communities are able to access channels at level of undertaking they are affected by,Social,ESRS/CSRD,S3-3_18,,Text,Text,annual,narrative,"Disclosure datapoint as defined in IG3 (ESRS S3-3, paragraph ar.19).",external-standard,entity-specific,entity-assessment-required
urn:sds:reg:esrs:s3_3_19,Third-party mechanisms are accessible to all affected communities,Social,ESRS/CSRD,S3-3_19,,Text,Text,annual,semi-narrative,"Disclosure datapoint as defined in IG3 (ESRS S3-3, paragraph ar.20).",external-standard,entity-specific,entity-assessment-required
urn:sds:reg:esrs:s3_3_20,Grievances are treated confidentially and with respect to rights of privacy and data protection,Social,ESRS/CSRD,S3-3_20,,Boolean,Boolean,annual,boolean,"Disclosure datapoint as defined in IG3 (ESRS S3-3, paragraph ar.21).",external-standard,entity-specific,entity-assessment-required
urn:sds:reg:esrs:s3_3_21,affected communities are allowed to use anonymously channels to raise concerns or needs,Social,ESRS/CSRD,S3-3_21,,Boolean,Boolean,annual,boolean,"Disclosure datapoint as defined in IG3 (ESRS S3-3, paragraph ar.21).",external-standard,entity-specific,entity-assessment-required
urn:sds:reg:esrs:s3_4_01,"Description of action taken, planned or underway to prevent, mitigate or remediate material negative impacts on affected communities",Social,ESRS/CSRD,S3-4_01,,Boolean,Boolean,annual,boolean,"Disclosure datapoint as defined in IG3 (ESRS S3-4, paragraph 32.a).",external-standard,entity-specific,entity-assessment-required
urn:sds:reg:esrs:s3_4_02,Description of whether and how the undertaking has taken action to provide or enable remedy in relation to an actual material impact,Social,ESRS/CSRD,S3-4_02,,Boolean,Boolean,annual,boolean,"Disclosure datapoint as defined in IG3 (ESRS S3-4, paragraph 32.b).",external-standard,entity-specific,entity-assessment-required
urn:sds:reg:esrs:s3_4_03,Description of additional initiatives or processes with primary purpose of delivering positive impacts for affected communities,Social,ESRS/CSRD,S3-4_03,,Text,Text,annual,narrative,"Disclosure datapoint as defined in IG3 (ESRS S3-4, paragraph 32.c).",external-standard,entity-specific,entity-assessment-required
urn:sds:reg:esrs:s3_4_04,Description of how effectiveness of actions or initiatives in delivering outcomes for affected communities is tracked and assessed,Social,ESRS/CSRD,S3-4_04,,Text,Text,annual,narrative,"Disclosure datapoint as defined in IG3 (ESRS S3-4, paragraph 32.d).",external-standard,entity-specific,entity-assessment-required
urn:sds:reg:esrs:s3_4_05,Description of processes to identifying what action is needed and appropriate in response to particular actual or potential material negative impact on affected communities,Social,ESRS/CSRD,S3-4_05,,Text,Text,annual,narrative,"Disclosure datapoint as defined in IG3 (ESRS S3-4, paragraph 33.a).",external-standard,entity-specific,entity-assessment-required
urn:sds:reg:esrs:s3_4_06,Description of approach to taking action in relation to specific material negative impacts on affected communities,Social,ESRS/CSRD,S3-4_06,,Text,Text,annual,narrative,"Disclosure datapoint as defined in IG3 (ESRS S3-4, paragraph 33.b).",external-standard,entity-specific,entity-assessment-required
urn:sds:reg:esrs:s3_4_07,Description of approach to ensuring that processes to provide or enable remedy in event of material negative impacts on affected communities are available and effective in their implementation and outcomes,Social,ESRS/CSRD,S3-4_07,,Text,Text,annual,narrative,"Disclosure datapoint as defined in IG3 (ESRS S3-4, paragraph 33.c).",external-standard,entity-specific,entity-assessment-required
urn:sds:reg:esrs:s3_4_08,Description of what action is planned or underway to mitigate material risks arising from impacts and dependencies on affected communities and how effectiveness is tracked,Social,ESRS/CSRD,S3-4_08,,Text,Text,annual,narrative,"Disclosure datapoint as defined in IG3 (ESRS S3-4, paragraph 34.a).",external-standard,entity-specific,entity-assessment-required
urn:sds:reg:esrs:s3_4_09,Description of what action is planned or underway to pursue material opportunities in relation to affected communities,Social,ESRS/CSRD,S3-4_09,,Text,Text,annual,narrative,"Disclosure datapoint as defined in IG3 (ESRS S3-4, paragraph 34.b).",external-standard,entity-specific,entity-assessment-required
urn:sds:reg:esrs:s3_4_10,Disclosure of whether and how it is ensured that own practices do not cause or contribute to material negative impacts on affected communities,Social,ESRS/CSRD,S3-4_10,,Text,Text,annual,narrative,"Disclosure datapoint as defined in IG3 (ESRS S3-4, paragraph 35).",external-standard,entity-specific,entity-assessment-required
urn:sds:reg:esrs:s3_4_11,Disclosure of severe human rights issues and incidents connected to affected communities,Social,ESRS/CSRD,S3-4_11,,Text,Text,annual,narrative,"Disclosure datapoint as defined in IG3 (ESRS S3-4, paragraph 36).",external-standard,entity-specific,entity-assessment-required
urn:sds:reg:esrs:s3_4_12,Disclosure of resources allocated to management of material impacts,Social,ESRS/CSRD,S3-4_12,,Text,Text,annual,narrative,"Disclosure datapoint as defined in IG3 (ESRS S3-4, paragraph 38).",external-standard,entity-specific,entity-assessment-required
urn:sds:reg:esrs:s3_4_13,Disclosure of whether and how undertaking seeks to use leverage with relevant business relationships to manage material negative impacts affecting affected communities,Social,ESRS/CSRD,S3-4_13,,Text,Text,annual,narrative,"Disclosure datapoint as defined in IG3 (ESRS S3-4, paragraph ar.27).",external-standard,entity-specific,entity-assessment-required
urn:sds:reg:esrs:s3_4_14,Disclosure of how participation in industry or multi-stakeholder initiative and undertaking's own involvement is aiming to address material impacts,Social,ESRS/CSRD,S3-4_14,,Text,Text,annual,narrative,"Disclosure datapoint as defined in IG3 (ESRS S3-4, paragraph ar.28).",external-standard,entity-specific,entity-assessment-required
urn:sds:reg:esrs:s3_4_15,Disclosure of whether and how affected communities play role in decisions regarding design and implementation of programmes or investments,Social,ESRS/CSRD,S3-4_15,,Text,Text,annual,narrative,"Disclosure datapoint as defined in IG3 (ESRS S3-4, paragraph ar.34.a).",external-standard,entity-specific,entity-assessment-required
urn:sds:reg:esrs:s3_4_16,Information about intended or achieved positive outcomes of programmes or investments for affected communities,Social,ESRS/CSRD,S3-4_16,,Text,Text,annual,narrative,"Disclosure datapoint as defined in IG3 (ESRS S3-4, paragraph ar.34.b).",external-standard,entity-specific,entity-assessment-required
urn:sds:reg:esrs:s3_4_17,"Explanation of the approximate scope of affected communities covered by the described social investment or development programmes, and, where applicable, the rationale for why selected communities were chosen",Social,ESRS/CSRD,S3-4_17,,Text,Text,annual,narrative,"Disclosure datapoint as defined in IG3 (ESRS S3-4, paragraph ar.34.c).",external-standard,entity-specific,entity-assessment-required
urn:sds:reg:esrs:s3_4_18,Initiatives or processes whose primary aim is to deliver positive impacts for affected communities are designed also to support achievement of one or more of Sustainable Development Goals,Social,ESRS/CSRD,S3-4_18,,Text,Text,annual,semi-narrative,"Disclosure datapoint as defined in IG3 (ESRS S3-4, paragraph ar.35).",external-standard,entity-specific,entity-assessment-required
urn:sds:reg:esrs:s3_4_19,Description of internal functions that are involved in managing impacts and types of action taken by internal functions to address negative and advance positive impacts,Social,ESRS/CSRD,S3-4_19,,Text,Text,annual,narrative,"Disclosure datapoint as defined in IG3 (ESRS S3-4, paragraph ar.43).",external-standard,entity-specific,entity-assessment-required
urn:sds:reg:esrs:s3_5_01,Disclosure of whether and how affected communities were engaged directly in setting targets,Social,ESRS/CSRD,S3-5_01,,Text,Text,annual,narrative,"Disclosure datapoint as defined in IG3 (ESRS S3-5, paragraph 42.a).",external-standard,entity-specific,entity-assessment-required
urn:sds:reg:esrs:s3_5_02,Disclosure of whether and how affected communities were engaged directly in tracking performance against targets,Social,ESRS/CSRD,S3-5_02,,Text,Text,annual,narrative,"Disclosure datapoint as defined in IG3 (ESRS S3-5, paragraph 42.b).",external-standard,entity-specific,entity-assessment-required
urn:sds:reg:esrs:s3_5_03,Disclosure of whether and how affected communities were engaged directly in identifying lessons or improvements as result of undertaking’s performance,Social,ESRS/CSRD,S3-5_03,,Text,Text,annual,narrative,"Disclosure datapoint as defined in IG3 (ESRS S3-5, paragraph 42.c).",external-standard,entity-specific,entity-assessment-required
urn:sds:reg:esrs:s3_5_04,Disclosure of intended outcomes to be achieved in lives of affected communities,Social,ESRS/CSRD,S3-5_04,,Text,Text,annual,narrative,"Disclosure datapoint as defined in IG3 (ESRS S3-5, paragraph ar.44.a).",external-standard,entity-specific,entity-assessment-required
urn:sds:reg:esrs:s3_5_05,Information about stability over time of target in terms of definitions and methodologies to enable comparability,Social,ESRS/CSRD,S3-5_05,,Text,Text,annual,narrative,"Disclosure datapoint as defined in IG3 (ESRS S3-5, paragraph ar.44.b).",external-standard,entity-specific,entity-assessment-required
urn:sds:reg:esrs:s3_5_06,Disclosure of references to standards or commitments on which target is based,Social,ESRS/CSRD,S3-5_06,,Text,Text,annual,narrative,"Disclosure datapoint as defined in IG3 (ESRS S3-5, paragraph ar.44.c).",external-standard,entity-specific,entity-assessment-required
urn:sds:reg:esrs:s3_sbm_3_01,All affected communities who can be materially impacted by undertaking are included in scope of disclosure under ESRS 2,Social,ESRS/CSRD,S3.SBM-3_01,,Boolean,Boolean,annual,boolean,"Disclosure datapoint as defined in IG3 (ESRS S3.SBM-3, paragraph 9).",external-standard,entity-specific,entity-assessment-required
urn:sds:reg:esrs:s3_sbm_3_02,Description of types of affected communities subject to material impacts,Social,ESRS/CSRD,S3.SBM-3_02,,Text,Text,annual,narrative,"Disclosure datapoint as defined in IG3 (ESRS S3.SBM-3, paragraph 9.a).",external-standard,entity-specific,entity-assessment-required
urn:sds:reg:esrs:s3_sbm_3_03,Type of communities subject to material impacts by own operations or through value chain,Social,ESRS/CSRD,S3.SBM-3_03,,Text,Text,annual,semi-narrative,"Disclosure datapoint as defined in IG3 (ESRS S3.SBM-3, paragraph 9.a.i-iv).",external-standard,entity-specific,entity-assessment-required
urn:sds:reg:esrs:s3_sbm_3_04,Material negative impacts occurrence (affected communities),Social,ESRS/CSRD,S3.SBM-3_04,,Text,Text,annual,semi-narrative,"Disclosure datapoint as defined in IG3 (ESRS S3.SBM-3, paragraph 9.b).",external-standard,entity-specific,entity-assessment-required
urn:sds:reg:esrs:s3_sbm_3_05,Description of activities that result in positive impacts and types of affected communities that are positively affected or could be positively affected,Social,ESRS/CSRD,S3.SBM-3_05,,Text,Text,annual,narrative,"Disclosure datapoint as defined in IG3 (ESRS S3.SBM-3, paragraph 9.c).",external-standard,entity-specific,entity-assessment-required
urn:sds:reg:esrs:s3_sbm_3_06,Description of material risks and opportunities arising from impacts and dependencies on affected communities,Social,ESRS/CSRD,S3.SBM-3_06,,Text,Text,annual,narrative,"Disclosure datapoint as defined in IG3 (ESRS S3.SBM-3, paragraph 9.d).",external-standard,entity-specific,entity-assessment-required
urn:sds:reg:esrs:s3_sbm_3_07,"Disclosure of whether and how the undertaking has developed an understanding of how affected communities with particular characteristics or those living in particular contexts, or those undertaking particular activities may be at greater risk of harm",Social,ESRS/CSRD,S3.SBM-3_07,,Text,Boolean,annual,narrative,"Disclosure datapoint as defined in IG3 (ESRS S3.SBM-3, paragraph 10).",external-standard,entity-specific,entity-assessment-required
urn:sds:reg:esrs:s3_sbm_3_08,Disclosure of which of material risks and opportunities arising from impacts and dependencies on affected communities are impacts on specific groups,Social,ESRS/CSRD,S3.SBM-3_08,,Boolean,Boolean,annual,boolean,"Disclosure datapoint as defined in IG3 (ESRS S3.SBM-3, paragraph 11).",external-standard,entity-specific,entity-assessment-required
urn:sds:reg:esrs:s4_1_01,"Policies to manage material impacts, risks and opportunities related to affected consumers and end-users, including specific groups or all consumers / end-users",Social,ESRS/CSRD,S4-1_01,,Text,Text,annual,narrative,"Disclosure datapoint as defined in IG3 (ESRS S4-1, paragraph 15).",external-standard,entity-specific,entity-assessment-required
urn:sds:reg:esrs:s4_1_02,Description of relevant human rights policy commitments relevant to consumers and/or end-users,Social,ESRS/CSRD,S4-1_02,,Text,Text,annual,narrative,"Disclosure datapoint as defined in IG3 (ESRS S4-1, paragraph 16).",external-standard,entity-specific,entity-assessment-required
urn:sds:reg:esrs:s4_1_03,Disclosure of general approach in relation to respect for human rights of consumers and end-users,Social,ESRS/CSRD,S4-1_03,,Text,Text,annual,narrative,"Disclosure datapoint as defined in IG3 (ESRS S4-1, paragraph 16.a).",external-standard,entity-specific,entity-assessment-required
urn:sds:reg:esrs:s4_1_04,Disclosure of general approach in relation to engagement with consumers and/or end-users,Social,ESRS/CSRD,S4-1_04,,Text,Text,annual,narrative,"Disclosure datapoint as defined in IG3 (ESRS S4-1, paragraph 16.b).",external-standard,entity-specific,entity-assessment-required
urn:sds:reg:esrs:s4_1_05,Disclosure of general approach in relation to measures to provide and (or) enable remedy for human rights impacts,Social,ESRS/CSRD,S4-1_05,,Text,Text,annual,narrative,"Disclosure datapoint as defined in IG3 (ESRS S4-1, paragraph 16.c).",external-standard,entity-specific,entity-assessment-required
urn:sds:reg:esrs:s4_1_06,Description of whether and how policies are aligned with relevant internationally recognised instruments,Social,ESRS/CSRD,S4-1_06,,Text,Text,annual,narrative,"Disclosure datapoint as defined in IG3 (ESRS S4-1, paragraph 17).",external-standard,entity-specific,entity-assessment-required
urn:sds:reg:esrs:s4_1_07,"Disclosure of extent and indication of nature of cases of non-respect of the UN Guiding Principles on Business and Human Rights, ILO Declaration on Fundamental Principles and Rights at Work or OECD Guidelines for Multinational Enterprises that involve consumers and/or end-users",Social,ESRS/CSRD,S4-1_07,,Text,Text,annual,narrative,"Disclosure datapoint as defined in IG3 (ESRS S4-1, paragraph 17).",external-standard,entity-specific,entity-assessment-required
urn:sds:reg:esrs:s4_1_08,Disclosure of explanations of significant changes to policies adopted during reporting year,Social,ESRS/CSRD,S4-1_08,,Text,Text,annual,narrative,"Disclosure datapoint as defined in IG3 (ESRS S4-1, paragraph ar.9).",external-standard,entity-specific,entity-assessment-required
urn:sds:reg:esrs:s4_1_09,"Disclosure on an illustration of the types of communication of its policies to those individuals, group of individuals or entities for whom they are relevant",Social,ESRS/CSRD,S4-1_09,,Text,Text,annual,narrative,"Disclosure datapoint as defined in IG3 (ESRS S4-1, paragraph ar.13).",external-standard,entity-specific,entity-assessment-required
urn:sds:reg:esrs:s4_2_01,Disclosure of whether and how perspectives of consumers and end-users inform decisions or activities aimed at managing actual and potential impacts,Social,ESRS/CSRD,S4-2_01,,Text,Text,annual,narrative,"Disclosure datapoint as defined in IG3 (ESRS S4-2, paragraph 20).",external-standard,entity-specific,entity-assessment-required
urn:sds:reg:esrs:s4_2_02,"Engagement occurs with consumers and end-users or their legitimate representatives directly, or with credible proxies",Social,ESRS/CSRD,S4-2_02,,Text,Text,annual,semi-narrative,"Disclosure datapoint as defined in IG3 (ESRS S4-2, paragraph 20.a).",external-standard,entity-specific,entity-assessment-required
urn:sds:reg:esrs:s4_2_03,"Disclosure of stage at which engagement occurs, type of engagement and frequency of engagement",Social,ESRS/CSRD,S4-2_03,,Text,Text,annual,narrative,"Disclosure datapoint as defined in IG3 (ESRS S4-2, paragraph 20.b).",external-standard,entity-specific,entity-assessment-required
urn:sds:reg:esrs:s4_2_04,Disclosure of function and most senior role within undertaking that has operational responsibility for ensuring that engagement happens and that results inform undertakings approach,Social,ESRS/CSRD,S4-2_04,,Text,Text,annual,narrative,"Disclosure datapoint as defined in IG3 (ESRS S4-2, paragraph 20.c).",external-standard,entity-specific,entity-assessment-required
urn:sds:reg:esrs:s4_2_05,Disclosure of how effectiveness of engagement with consumers and end-users is assessed,Social,ESRS/CSRD,S4-2_05,,Text,Text,annual,narrative,"Disclosure datapoint as defined in IG3 (ESRS S4-2, paragraph 20.d).",external-standard,entity-specific,entity-assessment-required
urn:sds:reg:esrs:s4_2_06,Disclosure of steps taken to gain insight into perspectives of consumers and end-users / consumers and end-users that may be particularly vulnerable to impacts and (or) marginalised,Social,ESRS/CSRD,S4-2_06,,Text,Text,annual,narrative,"Disclosure datapoint as defined in IG3 (ESRS S4-2, paragraph 21).",external-standard,entity-specific,entity-assessment-required
urn:sds:reg:esrs:s4_2_07,Statement in case the undertaking has not adopted a general process to engage with consumers and/or end-users,Social,ESRS/CSRD,S4-2_07,,Boolean,Boolean,annual,boolean,"Disclosure datapoint as defined in IG3 (ESRS S4-2, paragraph 22).",external-standard,entity-specific,entity-assessment-required
urn:sds:reg:esrs:s4_2_08,Disclosure of timeframe for adoption of general process to engage with consumers and end-users in case the undertaking has not adopted a general process for engageme,Social,ESRS/CSRD,S4-2_08,,Text,Text,annual,narrative,"Disclosure datapoint as defined in IG3 (ESRS S4-2, paragraph 22).",external-standard,entity-specific,entity-assessment-required
urn:sds:reg:esrs:s4_2_09,Type of role or function handling with engagement,Social,ESRS/CSRD,S4-2_09,,Text,Text,annual,semi-narrative,"Disclosure datapoint as defined in IG3 (ESRS S4-2, paragraph ar.15).",external-standard,entity-specific,entity-assessment-required
urn:sds:reg:esrs:s4_3_01,Disclosure of general approach to and processes for providing or contributing to remedy where undertaking has identified that it connected with a material negative impact on consumers and end-users,Social,ESRS/CSRD,S4-3_01,,Text,Text,annual,narrative,"Disclosure datapoint as defined in IG3 (ESRS S4-3, paragraph 25.a).",external-standard,entity-specific,entity-assessment-required
urn:sds:reg:esrs:s4_3_02,Disclosure of specific channels in place for consumers and end-users to raise concerns or needs directly with undertaking and have them addressed,Social,ESRS/CSRD,S4-3_02,,Text,Text,annual,narrative,"Disclosure datapoint as defined in IG3 (ESRS S4-3, paragraph 25.b).",external-standard,entity-specific,entity-assessment-required
urn:sds:reg:esrs:s4_3_03,Disclosure of processes through which undertaking supports or requires availability of channels,Social,ESRS/CSRD,S4-3_03,,Text,Text,annual,narrative,"Disclosure datapoint as defined in IG3 (ESRS S4-3, paragraph 25.c).",external-standard,entity-specific,entity-assessment-required
urn:sds:reg:esrs:s4_3_04,Disclosure of how issues raised and addressed are tracked and monitored and how effectiveness of channels is ensured,Social,ESRS/CSRD,S4-3_04,,Text,Text,annual,narrative,"Disclosure datapoint as defined in IG3 (ESRS S4-3, paragraph 25.d).",external-standard,entity-specific,entity-assessment-required
urn:sds:reg:esrs:s4_3_05,Disclosure of whether and how it is assessed that consumers and end-users are aware of and trust structures or processes as way to raise their concerns or needs and have them addressed,Social,ESRS/CSRD,S4-3_05,,Text,Text,annual,narrative,"Disclosure datapoint as defined in IG3 (ESRS S4-3, paragraph 26).",external-standard,entity-specific,entity-assessment-required
urn:sds:reg:esrs:s4_3_06,Policies regarding protection against retaliation for individuals that use channels to raise concerns or needs are in place,Social,ESRS/CSRD,S4-3_06,,Boolean,Boolean,annual,boolean,"Disclosure datapoint as defined in IG3 (ESRS S4-3, paragraph 26).",external-standard,entity-specific,entity-assessment-required
urn:sds:reg:esrs:s4_3_07,Statement in case the undertaking has not adopted a general process to engage with consumers and/or end-users,Social,ESRS/CSRD,S4-3_07,,Boolean,Boolean,annual,boolean,"Disclosure datapoint as defined in IG3 (ESRS S4-3, paragraph 27).",external-standard,entity-specific,entity-assessment-required
urn:sds:reg:esrs:s4_3_08,Disclosure of timeframe for channel or processes for raising concerns to be in place,Social,ESRS/CSRD,S4-3_08,,Text,Text,annual,narrative,"Disclosure datapoint as defined in IG3 (ESRS S4-3, paragraph 27).",external-standard,entity-specific,entity-assessment-required
urn:sds:reg:esrs:s4_3_09,Disclosure of whether and how consumers and/or end-users are able to access channels at level of undertaking they are affected by,Social,ESRS/CSRD,S4-3_09,,Text,Text,annual,narrative,"Disclosure datapoint as defined in IG3 (ESRS S4-3, paragraph ar.20).",external-standard,entity-specific,entity-assessment-required
urn:sds:reg:esrs:s4_3_10,Third-party mechanisms are accessible to all consumers and/or end-users,Social,ESRS/CSRD,S4-3_10,,Text,Text,annual,semi-narrative,"Disclosure datapoint as defined in IG3 (ESRS S4-3, paragraph ar.21).",external-standard,entity-specific,entity-assessment-required
urn:sds:reg:esrs:s4_3_11,Grievances are treated confidentially and with respect to rights of privacy and data protection,Social,ESRS/CSRD,S4-3_11,,Boolean,Boolean,annual,boolean,"Disclosure datapoint as defined in IG3 (ESRS S4-3, paragraph ar.22).",external-standard,entity-specific,entity-assessment-required
urn:sds:reg:esrs:s4_3_12,consumers and end-users are allowed to use anonymously channels to raise concerns or needs,Social,ESRS/CSRD,S4-3_12,,Boolean,Boolean,annual,boolean,"Disclosure datapoint as defined in IG3 (ESRS S4-3, paragraph ar.22).",external-standard,entity-specific,entity-assessment-required
urn:sds:reg:esrs:s4_3_13,Number of complaints received from consumers and/or end users during the reporting period,Social,ESRS/CSRD,S4-3_13,,count,Count,annual,numeric,"Disclosure datapoint as defined in IG3 (ESRS S4-3, paragraph ar.23).",external-standard,entity-specific,entity-assessment-required
urn:sds:reg:esrs:s4_4_01,"Description of action planned or underway to prevent, mitigate or remediate material negative impacts on consumers and end-users",Social,ESRS/CSRD,S4-4_01,,Boolean,Boolean,annual,boolean,"Disclosure datapoint as defined in IG3 (ESRS S4-4, paragraph 31.a).",external-standard,entity-specific,entity-assessment-required
urn:sds:reg:esrs:s4_4_02,Description of whether and how action has been taken to provide or enable remedy in relation to an actual material impact,Social,ESRS/CSRD,S4-4_02,,Boolean,Boolean,annual,boolean,"Disclosure datapoint as defined in IG3 (ESRS S4-4, paragraph 31.b).",external-standard,entity-specific,entity-assessment-required
urn:sds:reg:esrs:s4_4_03,Description of additional initiatives or processes with primary purpose of delivering positive impacts for consumers and end-users,Social,ESRS/CSRD,S4-4_03,,Text,Text,annual,narrative,"Disclosure datapoint as defined in IG3 (ESRS S4-4, paragraph 31.c).",external-standard,entity-specific,entity-assessment-required
urn:sds:reg:esrs:s4_4_04,Description of how effectiveness of actions or initiatives in delivering outcomes for consumers and end-users is tracked and assessed,Social,ESRS/CSRD,S4-4_04,,Text,Text,annual,narrative,"Disclosure datapoint as defined in IG3 (ESRS S4-4, paragraph 31.d).",external-standard,entity-specific,entity-assessment-required
urn:sds:reg:esrs:s4_4_05,Description of approach to identifying what action is needed and appropriate in response to particular actual or potential material negative impact on consumers and end-users,Social,ESRS/CSRD,S4-4_05,,Text,Text,annual,narrative,"Disclosure datapoint as defined in IG3 (ESRS S4-4, paragraph 32.a).",external-standard,entity-specific,entity-assessment-required
urn:sds:reg:esrs:s4_4_06,Description of approach to taking action in relation to specific material impacts on consumers and end-users,Social,ESRS/CSRD,S4-4_06,,Text,Text,annual,narrative,"Disclosure datapoint as defined in IG3 (ESRS S4-4, paragraph 32.b).",external-standard,entity-specific,entity-assessment-required
urn:sds:reg:esrs:s4_4_07,Description of approach to ensuring that processes to provide or enable remedy in event of material negative impacts on consumers and end-users are available and effective in their implementation and outcomes,Social,ESRS/CSRD,S4-4_07,,Text,Text,annual,narrative,"Disclosure datapoint as defined in IG3 (ESRS S4-4, paragraph 32.c).",external-standard,entity-specific,entity-assessment-required
urn:sds:reg:esrs:s4_4_08,Description of what action is planned or underway to mitigate material risks arising from impacts and dependencies on consumers and end-users and how effectiveness is tracked,Social,ESRS/CSRD,S4-4_08,,Text,Text,annual,narrative,"Disclosure datapoint as defined in IG3 (ESRS S4-4, paragraph 33.a).",external-standard,entity-specific,entity-assessment-required
urn:sds:reg:esrs:s4_4_09,Description of what action is planned or underway to pursue material opportunities in relation to consumers and end-users,Social,ESRS/CSRD,S4-4_09,,Text,Text,annual,narrative,"Disclosure datapoint as defined in IG3 (ESRS S4-4, paragraph 33.b).",external-standard,entity-specific,entity-assessment-required
urn:sds:reg:esrs:s4_4_10,Disclosure of whether and how it is ensured that own practices do not cause or contribute to material negative impacts on consumers and end-users,Social,ESRS/CSRD,S4-4_10,,Text,Text,annual,narrative,"Disclosure datapoint as defined in IG3 (ESRS S4-4, paragraph 34).",external-standard,entity-specific,entity-assessment-required
urn:sds:reg:esrs:s4_4_11,Disclosure of severe human rights issues and incidents connected to consumers and/or end-users,Social,ESRS/CSRD,S4-4_11,,Text,Text,annual,narrative,"Disclosure datapoint as defined in IG3 (ESRS S4-4, paragraph 35).",external-standard,entity-specific,entity-assessment-required
urn:sds:reg:esrs:s4_4_12,Disclosure of resources allocated to management of material impacts,Social,ESRS/CSRD,S4-4_12,,Text,Text,annual,narrative,"Disclosure datapoint as defined in IG3 (ESRS S4-4, paragraph 37).",external-standard,entity-specific,entity-assessment-required
urn:sds:reg:esrs:s4_4_13,Disclosure of whether and how undertaking seeks to use leverage with relevant business relationships to manage material negative impacts affecting consumers and end-users,Social,ESRS/CSRD,S4-4_13,,Text,Text,annual,narrative,"Disclosure datapoint as defined in IG3 (ESRS S4-4, paragraph ar.27).",external-standard,entity-specific,entity-assessment-required
urn:sds:reg:esrs:s4_4_14,Disclosure of how participation in industry or multi-stakeholder initiative and undertaking's own involvement is aiming to address material impacts,Social,ESRS/CSRD,S4-4_14,,Text,Text,annual,narrative,"Disclosure datapoint as defined in IG3 (ESRS S4-4, paragraph ar.28).",external-standard,entity-specific,entity-assessment-required
urn:sds:reg:esrs:s4_4_15,Disclosure of how consumers and end-users play role in decisions regarding design and implementation of programmes or processes,Social,ESRS/CSRD,S4-4_15,,Text,Text,annual,narrative,"Disclosure datapoint as defined in IG3 (ESRS S4-4, paragraph ar.33.a).",external-standard,entity-specific,entity-assessment-required
urn:sds:reg:esrs:s4_4_16,Information about intended or achieved positive outcomes of programmes or processes for consumers and end-users,Social,ESRS/CSRD,S4-4_16,,Text,Text,annual,narrative,"Disclosure datapoint as defined in IG3 (ESRS S4-4, paragraph ar.33.b).",external-standard,entity-specific,entity-assessment-required
urn:sds:reg:esrs:s4_4_17,Initiatives or processes whose primary aim is to deliver positive impacts for consumers and/or end-users are designed also to support achievement of one or more of Sustainable Development Goals,Social,ESRS/CSRD,S4-4_17,,Text,Text,annual,semi-narrative,"Disclosure datapoint as defined in IG3 (ESRS S4-4, paragraph ar.34).",external-standard,entity-specific,entity-assessment-required
urn:sds:reg:esrs:s4_4_18,Description of internal functions that are involved in managing impacts and types of action taken by internal functions to address negative and advance positive impacts,Social,ESRS/CSRD,S4-4_18,,Text,Text,annual,narrative,"Disclosure datapoint as defined in IG3 (ESRS S4-4, paragraph ar.41).",external-standard,entity-specific,entity-assessment-required
urn:sds:reg:esrs:s4_5_01,Disclosure of whether and how consumers and end-users were engaged directly in setting targets,Social,ESRS/CSRD,S4-5_01,,Text,Text,annual,narrative,"Disclosure datapoint as defined in IG3 (ESRS S4-5, paragraph 41.a).",external-standard,entity-specific,entity-assessment-required
urn:sds:reg:esrs:s4_5_02,Disclosure of whether and how consumers and end-users were engaged directly in tracking performance against targets,Social,ESRS/CSRD,S4-5_02,,Text,Text,annual,narrative,"Disclosure datapoint as defined in IG3 (ESRS S4-5, paragraph 41.b).",external-standard,entity-specific,entity-assessment-required
urn:sds:reg:esrs:s4_5_03,Disclosure of whether and how consumers and end-users were engaged directly in identifying lessons or improvements as result of undertaking’s performance,Social,ESRS/CSRD,S4-5_03,,Text,Text,annual,narrative,"Disclosure datapoint as defined in IG3 (ESRS S4-5, paragraph 41.c).",external-standard,entity-specific,entity-assessment-required
urn:sds:reg:esrs:s4_5_04,Disclosure of intended outcomes to be achieved in lives of consumers and end-users,Social,ESRS/CSRD,S4-5_04,,Text,Text,annual,narrative,"Disclosure datapoint as defined in IG3 (ESRS S4-5, paragraph ar.42.a).",external-standard,entity-specific,entity-assessment-required
urn:sds:reg:esrs:s4_5_05,Information about stability over time of target in terms of definitions and methodologies to enable comparability,Social,ESRS/CSRD,S4-5_05,,Text,Text,annual,narrative,"Disclosure datapoint as defined in IG3 (ESRS S4-5, paragraph ar.42.b).",external-standard,entity-specific,entity-assessment-required
urn:sds:reg:esrs:s4_5_06,Disclosure of references to standards or commitments on which target is based,Social,ESRS/CSRD,S4-5_06,,Text,Text,annual,narrative,"Disclosure datapoint as defined in IG3 (ESRS S4-5, paragraph ar.42.c).",external-standard,entity-specific,entity-assessment-required
urn:sds:reg:esrs:s4_sbm_3_01,All consumers and end-users who can be materially impacted by undertaking are included in scope of disclosure under ESRS 2,Social,ESRS/CSRD,S4.SBM-3_01,,Boolean,Boolean,annual,boolean,"Disclosure datapoint as defined in IG3 (ESRS S4.SBM-3, paragraph 10).",external-standard,entity-specific,entity-assessment-required
urn:sds:reg:esrs:s4_sbm_3_02,Description of types of consumers and end-users subject to material impacts,Social,ESRS/CSRD,S4.SBM-3_02,,Text,Text,annual,narrative,"Disclosure datapoint as defined in IG3 (ESRS S4.SBM-3, paragraph 10.a).",external-standard,entity-specific,entity-assessment-required
urn:sds:reg:esrs:s4_sbm_3_03,Type of consumers and end-users subject to material impacts by own operations or through value chain,Social,ESRS/CSRD,S4.SBM-3_03,,Text,Text,annual,semi-narrative,"Disclosure datapoint as defined in IG3 (ESRS S4.SBM-3, paragraph 10.a.i-iv).",external-standard,entity-specific,entity-assessment-required
urn:sds:reg:esrs:s4_sbm_3_04,Material negative impacts occurrence (consumers and end-users),Social,ESRS/CSRD,S4.SBM-3_04,,Text,Text,annual,semi-narrative,"Disclosure datapoint as defined in IG3 (ESRS S4.SBM-3, paragraph 10.b).",external-standard,entity-specific,entity-assessment-required
urn:sds:reg:esrs:s4_sbm_3_05,Description of activities that result in positive impacts and types of consumers and end-users that are positively affected or could be positively affected,Social,ESRS/CSRD,S4.SBM-3_05,,Text,Text,annual,narrative,"Disclosure datapoint as defined in IG3 (ESRS S4.SBM-3, paragraph 10.c).",external-standard,entity-specific,entity-assessment-required
urn:sds:reg:esrs:s4_sbm_3_06,Description of material risks and opportunities arising from impacts and dependencies on consumers and end-users,Social,ESRS/CSRD,S4.SBM-3_06,,Text,Text,annual,narrative,"Disclosure datapoint as defined in IG3 (ESRS S4.SBM-3, paragraph 10.d).",external-standard,entity-specific,entity-assessment-required
urn:sds:reg:esrs:s4_sbm_3_07,"Disclosure of whether and how understanding of how consumers and end-users with particular characteristics, working in particular contexts, or undertaking particular activities may be at greater risk of harm has been developed",Social,ESRS/CSRD,S4.SBM-3_07,,Text,Boolean,annual,narrative,"Disclosure datapoint as defined in IG3 (ESRS S4.SBM-3, paragraph 11).",external-standard,entity-specific,entity-assessment-required
urn:sds:reg:esrs:s4_sbm_3_08,Disclosure of which of material risks and opportunities arising from impacts and dependencies on consumers and end-users are impacts on specific groups,Social,ESRS/CSRD,S4.SBM-3_08,,Boolean,Boolean,annual,boolean,"Disclosure datapoint as defined in IG3 (ESRS S4.SBM-3, paragraph 12).",external-standard,entity-specific,entity-assessment-required
urn:sds:reg:esrs:sbm_1_01,Description of significant groups of products and (or) services offered,Transversal/General,ESRS/CSRD,SBM-1_01,,Text,Text,annual,narrative,"Disclosure datapoint as defined in IG3 (ESRS 2 SBM-1, paragraph 40.a.i).",external-standard,entity-specific,entity-assessment-required
urn:sds:reg:esrs:sbm_1_02,Description of significant markets and (or) customer groups served,Transversal/General,ESRS/CSRD,SBM-1_02,,Text,Text,annual,narrative,"Disclosure datapoint as defined in IG3 (ESRS 2 SBM-1, paragraph 40.a.ii).",external-standard,entity-specific,entity-assessment-required
urn:sds:reg:esrs:sbm_1_03,"Number of employees (head count), at end of period",Transversal/General,ESRS/CSRD,SBM-1_03,,employees,Count,annual,numeric,"Disclosure datapoint as defined in IG3 (ESRS 2 SBM-1, paragraph 40.a.iii).",external-standard,entity-specific,entity-assessment-required
urn:sds:reg:esrs:sbm_1_04,"Number of employees (head count), during period",Transversal/General,ESRS/CSRD,SBM-1_04,,employees,Count,annual,numeric,"Disclosure datapoint as defined in IG3 (ESRS 2 SBM-1, paragraph 40.a.iii).",external-standard,entity-specific,entity-assessment-required
urn:sds:reg:esrs:sbm_1_05,Description of products and services that are banned in certain markets,Transversal/General,ESRS/CSRD,SBM-1_05,,Text,Text,annual,narrative,"Disclosure datapoint as defined in IG3 (ESRS 2 SBM-1, paragraph 40.a.iv).",external-standard,entity-specific,entity-assessment-required
urn:sds:reg:esrs:sbm_1_06,Total revenue,Transversal/General,ESRS/CSRD,SBM-1_06,,EUR,Currency,annual,monetary,"Disclosure datapoint as defined in IG3 (ESRS 2 SBM-1, paragraph 40.b).",external-standard,entity-specific,entity-assessment-required
urn:sds:reg:esrs:sbm_1_07,Revenue by significant ESRS Sectors,Transversal/General,ESRS/CSRD,SBM-1_07,,EUR,Currency,annual,monetary,"Disclosure datapoint as defined in IG3 (ESRS 2 SBM-1, paragraph 40.b).",external-standard,entity-specific,entity-assessment-required
urn:sds:reg:esrs:sbm_1_08,List of additional significant ESRS sectors in which significant activities are developed or in which undertaking is or may be connected to material impacts,Transversal/General,ESRS/CSRD,SBM-1_08,,Text,Text,annual,semi-narrative,"Disclosure datapoint as defined in IG3 (ESRS 2 SBM-1, paragraph 40.c).",external-standard,entity-specific,entity-assessment-required
urn:sds:reg:esrs:sbm_1_09,"Undertaking is active in fossil fuel (coal, oil and gas) sector",Transversal/General,ESRS/CSRD,SBM-1_09,,Boolean,Boolean,annual,boolean,"Disclosure datapoint as defined in IG3 (ESRS 2 SBM-1, paragraph 40.d.i).",external-standard,entity-specific,entity-assessment-required
urn:sds:reg:esrs:sbm_1_10,"Revenue from fossil fuel (coal, oil and gas) sector",Transversal/General,ESRS/CSRD,SBM-1_10,,EUR,Currency,annual,monetary,"Disclosure datapoint as defined in IG3 (ESRS 2 SBM-1, paragraph 40.d.i).",external-standard,entity-specific,entity-assessment-required
urn:sds:reg:esrs:sbm_1_11,Revenue from coal,Transversal/General,ESRS/CSRD,SBM-1_11,,EUR,Currency,annual,monetary,"Disclosure datapoint as defined in IG3 (ESRS 2 SBM-1, paragraph 40.d.i).",external-standard,entity-specific,entity-assessment-required
urn:sds:reg:esrs:sbm_1_12,Revenue from oil,Transversal/General,ESRS/CSRD,SBM-1_12,,EUR,Currency,annual,monetary,"Disclosure datapoint as defined in IG3 (ESRS 2 SBM-1, paragraph 40.d.i).",external-standard,entity-specific,entity-assessment-required
urn:sds:reg:esrs:sbm_1_13,Revenue from gas,Transversal/General,ESRS/CSRD,SBM-1_13,,EUR,Currency,annual,monetary,"Disclosure datapoint as defined in IG3 (ESRS 2 SBM-1, paragraph 40.d.i).",external-standard,entity-specific,entity-assessment-required
urn:sds:reg:esrs:sbm_1_14,Revenue from Taxonomy-aligned economic activities related to fossil gas,Transversal/General,ESRS/CSRD,SBM-1_14,,EUR,Currency,annual,monetary,"Disclosure datapoint as defined in IG3 (ESRS 2 SBM-1, paragraph 40.d.i).",external-standard,entity-specific,entity-assessment-required
urn:sds:reg:esrs:sbm_1_15,Undertaking is active in chemicals production,Transversal/General,ESRS/CSRD,SBM-1_15,,Boolean,Boolean,annual,boolean,"Disclosure datapoint as defined in IG3 (ESRS 2 SBM-1, paragraph 40.d.ii).",external-standard,entity-specific,entity-assessment-required
urn:sds:reg:esrs:sbm_1_16,"Revenue from chemical production, i.e., its activities fall under Division 20.2 of Annex I to Regulation (EC) No 1893/2006",Transversal/General,ESRS/CSRD,SBM-1_16,,EUR,Currency,annual,monetary,"Disclosure datapoint as defined in IG3 (ESRS 2 SBM-1, paragraph 40.d.ii).",external-standard,entity-specific,entity-assessment-required
urn:sds:reg:esrs:sbm_1_17,Undertaking is active in controversial weapons,Transversal/General,ESRS/CSRD,SBM-1_17,,Boolean,Boolean,annual,boolean,"Disclosure datapoint as defined in IG3 (ESRS 2 SBM-1, paragraph 40.d.iii).",external-standard,entity-specific,entity-assessment-required
urn:sds:reg:esrs:sbm_1_18,Revenue from controversial weapons,Transversal/General,ESRS/CSRD,SBM-1_18,,EUR,Currency,annual,monetary,"Disclosure datapoint as defined in IG3 (ESRS 2 SBM-1, paragraph 40.d.iii).",external-standard,entity-specific,entity-assessment-required
urn:sds:reg:esrs:sbm_1_19,Undertaking is active in cultivation and production of tobacco,Transversal/General,ESRS/CSRD,SBM-1_19,,Boolean,Boolean,annual,boolean,"Disclosure datapoint as defined in IG3 (ESRS 2 SBM-1, paragraph 40.d.iv).",external-standard,entity-specific,entity-assessment-required
urn:sds:reg:esrs:sbm_1_20,Revenue from cultivation and production of tobacco,Transversal/General,ESRS/CSRD,SBM-1_20,,EUR,Currency,annual,monetary,"Disclosure datapoint as defined in IG3 (ESRS 2 SBM-1, paragraph 40.d.iv).",external-standard,entity-specific,entity-assessment-required
urn:sds:reg:esrs:sbm_1_21,"Description of sustainability-related goals in terms of significant groups of products and services, customer categories, geographical areas and relationships with stakeholders",Transversal/General,ESRS/CSRD,SBM-1_21,,Text,Text,annual,narrative,"Disclosure datapoint as defined in IG3 (ESRS 2 SBM-1, paragraph 40.e).",external-standard,entity-specific,entity-assessment-required
urn:sds:reg:esrs:sbm_1_22,"Disclosure of assessment of current significant products and (or) services, and significant markets and customer groups, in relation to sustainability-related goals",Transversal/General,ESRS/CSRD,SBM-1_22,,Text,Text,annual,narrative,"Disclosure datapoint as defined in IG3 (ESRS 2 SBM-1, paragraph 40.f).",external-standard,entity-specific,entity-assessment-required
urn:sds:reg:esrs:sbm_1_23,Disclosure of elements of strategy that relate to or impact sustainability matters,Transversal/General,ESRS/CSRD,SBM-1_23,,Text,Text,annual,narrative,"Disclosure datapoint as defined in IG3 (ESRS 2 SBM-1, paragraph 40.g).",external-standard,entity-specific,entity-assessment-required
urn:sds:reg:esrs:sbm_1_24,List of ESRS sectors that are significant for undertaking,Transversal/General,ESRS/CSRD,SBM-1_24,,Text,Text,annual,semi-narrative,"Disclosure datapoint as defined in IG3 (ESRS 2 SBM-1, paragraph 41).",external-standard,entity-specific,entity-assessment-required
urn:sds:reg:esrs:sbm_1_25,Description of business model and value chain,Transversal/General,ESRS/CSRD,SBM-1_25,,Text,Text,annual,narrative,"Disclosure datapoint as defined in IG3 (ESRS 2 SBM-1, paragraph 42).",external-standard,entity-specific,entity-assessment-required
urn:sds:reg:esrs:sbm_1_26,"Description of inputs and approach to gathering, developing and securing inputs",Transversal/General,ESRS/CSRD,SBM-1_26,,Text,Text,annual,narrative,"Disclosure datapoint as defined in IG3 (ESRS 2 SBM-1, paragraph 42.a).",external-standard,entity-specific,entity-assessment-required
urn:sds:reg:esrs:sbm_1_27,"Description of outputs and outcomes in terms of current and expected benefits for customers, investors and other stakeholders",Transversal/General,ESRS/CSRD,SBM-1_27,,Text,Text,annual,narrative,"Disclosure datapoint as defined in IG3 (ESRS 2 SBM-1, paragraph 42.b).",external-standard,entity-specific,entity-assessment-required
urn:sds:reg:esrs:sbm_1_28,Description of main features of upstream and downstream value chain and undertakings position in value chain,Transversal/General,ESRS/CSRD,SBM-1_28,,Text,Text,annual,narrative,"Disclosure datapoint as defined in IG3 (ESRS 2 SBM-1, paragraph 42.c).",external-standard,entity-specific,entity-assessment-required
urn:sds:reg:esrs:sbm_2_01,Description of stakeholder engagement,Transversal/General,ESRS/CSRD,SBM-2_01,,Text,Text,annual,narrative,"Disclosure datapoint as defined in IG3 (ESRS 2 SBM-2, paragraph 45.a).",external-standard,entity-specific,entity-assessment-required
urn:sds:reg:esrs:sbm_2_02,Description of key stakeholders,Transversal/General,ESRS/CSRD,SBM-2_02,,Text,Text,annual,narrative,"Disclosure datapoint as defined in IG3 (ESRS 2 SBM-2, paragraph 45.a.i).",external-standard,entity-specific,entity-assessment-required
urn:sds:reg:esrs:sbm_2_03,Description of categories of stakeholders for which engagement occurs,Transversal/General,ESRS/CSRD,SBM-2_03,,Text,Text,annual,narrative,"Disclosure datapoint as defined in IG3 (ESRS 2 SBM-2, paragraph 45.a.ii).",external-standard,entity-specific,entity-assessment-required
urn:sds:reg:esrs:sbm_2_04,Description of how stakeholder engagement is organised,Transversal/General,ESRS/CSRD,SBM-2_04,,Text,Text,annual,narrative,"Disclosure datapoint as defined in IG3 (ESRS 2 SBM-2, paragraph 45.a.iii).",external-standard,entity-specific,entity-assessment-required
urn:sds:reg:esrs:sbm_2_05,Description of purpose of stakeholder engagement,Transversal/General,ESRS/CSRD,SBM-2_05,,Text,Text,annual,narrative,"Disclosure datapoint as defined in IG3 (ESRS 2 SBM-2, paragraph 45.a.iv).",external-standard,entity-specific,entity-assessment-required
urn:sds:reg:esrs:sbm_2_06,Description of how outcome of stakeholder engagement is taken into account,Transversal/General,ESRS/CSRD,SBM-2_06,,Text,Text,annual,narrative,"Disclosure datapoint as defined in IG3 (ESRS 2 SBM-2, paragraph 45.a.v).",external-standard,entity-specific,entity-assessment-required
urn:sds:reg:esrs:sbm_2_07,Description of understanding of interests and views of key stakeholders as they relate to undertaking's strategy and business model,Transversal/General,ESRS/CSRD,SBM-2_07,,Text,Text,annual,narrative,"Disclosure datapoint as defined in IG3 (ESRS 2 SBM-2, paragraph 45.b).",external-standard,entity-specific,entity-assessment-required
urn:sds:reg:esrs:sbm_2_08,Description of amendments to strategy and (or) business model,Transversal/General,ESRS/CSRD,SBM-2_08,,Text,Text,annual,narrative,"Disclosure datapoint as defined in IG3 (ESRS 2 SBM-2, paragraph 45.c).",external-standard,entity-specific,entity-assessment-required
urn:sds:reg:esrs:sbm_2_09,Description of how strategy and (or) business model have been amended or are expected to be amended to address interests and views of stakeholders,Transversal/General,ESRS/CSRD,SBM-2_09,,Text,Text,annual,narrative,"Disclosure datapoint as defined in IG3 (ESRS 2 SBM-2, paragraph 45.c.i).",external-standard,entity-specific,entity-assessment-required
urn:sds:reg:esrs:sbm_2_10,Description of any further steps that are being planned and in what timeline,Transversal/General,ESRS/CSRD,SBM-2_10,,Text,Text,annual,narrative,"Disclosure datapoint as defined in IG3 (ESRS 2 SBM-2, paragraph 45.c.ii).",external-standard,entity-specific,entity-assessment-required
urn:sds:reg:esrs:sbm_2_11,Further steps that are being planned are likely to modify relationship with and views of stakeholders,Transversal/General,ESRS/CSRD,SBM-2_11,,Boolean,Boolean,annual,boolean,"Disclosure datapoint as defined in IG3 (ESRS 2 SBM-2, paragraph 45.c.iii).",external-standard,entity-specific,entity-assessment-required
urn:sds:reg:esrs:sbm_2_12,"Description of how administrative, management and supervisory bodies are informed about views and interests of affected stakeholders with regard to sustainability-related impacts",Transversal/General,ESRS/CSRD,SBM-2_12,,Text,Text,annual,narrative,"Disclosure datapoint as defined in IG3 (ESRS 2 SBM-2, paragraph 45.d).",external-standard,entity-specific,entity-assessment-required
urn:sds:reg:esrs:sbm_3_01,Description of material impacts resulting from materiality assessment,Transversal/General,ESRS/CSRD,SBM-3_01,,Text,Text,annual,narrative,"Disclosure datapoint as defined in IG3 (ESRS 2 SBM-3, paragraph 48.a).",external-standard,entity-specific,entity-assessment-required
urn:sds:reg:esrs:sbm_3_02,Description of material risks and opportunities resulting from materiality assessment,Transversal/General,ESRS/CSRD,SBM-3_02,,Text,Text,annual,narrative,"Disclosure datapoint as defined in IG3 (ESRS 2 SBM-3, paragraph 48.a).",external-standard,entity-specific,entity-assessment-required
urn:sds:reg:esrs:sbm_3_03,"Disclosure of current and anticipated effects of material impacts, risks and opportunities on business model, value chain, strategy and decision-making, and how undertaking has responded or plans to respond to these effects",Transversal/General,ESRS/CSRD,SBM-3_03,,Text,Text,annual,narrative,"Disclosure datapoint as defined in IG3 (ESRS 2 SBM-3, paragraph 48.b).",external-standard,entity-specific,entity-assessment-required
urn:sds:reg:esrs:sbm_3_04,Disclosure of how material negative and positive impacts affect (or are likely to affect) people or environment,Transversal/General,ESRS/CSRD,SBM-3_04,,Text,Text,annual,narrative,"Disclosure datapoint as defined in IG3 (ESRS 2 SBM-3, paragraph 48.c.i).",external-standard,entity-specific,entity-assessment-required
urn:sds:reg:esrs:sbm_3_05,Disclosure of whether and how material impacts originate from or are connected to strategy and business model,Transversal/General,ESRS/CSRD,SBM-3_05,,Text,Text,annual,narrative,"Disclosure datapoint as defined in IG3 (ESRS 2 SBM-3, paragraph 48.c.ii).",external-standard,entity-specific,entity-assessment-required
urn:sds:reg:esrs:sbm_3_06,Disclosure of reasonably expected time horizons of material impacts,Transversal/General,ESRS/CSRD,SBM-3_06,,Text,Text,annual,semi-narrative,"Disclosure datapoint as defined in IG3 (ESRS 2 SBM-3, paragraph 48.c.iii).",external-standard,entity-specific,entity-assessment-required
urn:sds:reg:esrs:sbm_3_07,Description of nature of activities or business relationships through which undertaking is involved with material impacts,Transversal/General,ESRS/CSRD,SBM-3_07,,Text,Text,annual,narrative,"Disclosure datapoint as defined in IG3 (ESRS 2 SBM-3, paragraph 48.c.iv).",external-standard,entity-specific,entity-assessment-required
urn:sds:reg:esrs:sbm_3_08,"Disclosure of current financial effects of material risks and opportunities on financial position, financial performance and cash flows and material risks and opportunities for which there is significant risk of material adjustment within next annual reporting period to carrying amounts of assets and liabilities reported in related financial statements",Transversal/General,ESRS/CSRD,SBM-3_08,,Text,Text,annual,narrative,"Disclosure datapoint as defined in IG3 (ESRS 2 SBM-3, paragraph 48.d).",external-standard,entity-specific,entity-assessment-required
urn:sds:reg:esrs:sbm_3_09,"Disclosure of anticipated financial effects of material risks and opportunities on financial position, financial performance and cash flows over short-, medium- and long-term",Transversal/General,ESRS/CSRD,SBM-3_09,,Text,Text,annual,narrative,"Disclosure datapoint as defined in IG3 (ESRS 2 SBM-3, paragraph 48.e).",external-standard,entity-specific,entity-assessment-required
urn:sds:reg:esrs:sbm_3_10,Information about resilience of strategy and business model regarding capacity to address material impacts and risks and to take advantage of material opportunities,Transversal/General,ESRS/CSRD,SBM-3_10,,Text,Text,annual,narrative,"Disclosure datapoint as defined in IG3 (ESRS 2 SBM-3, paragraph 48.f).",external-standard,entity-specific,entity-assessment-required
urn:sds:reg:esrs:sbm_3_11,"Disclosure of changes to material impacts, risks and opportunities compared to previous reporting period",Transversal/General,ESRS/CSRD,SBM-3_11,,Text,Text,annual,narrative,"Disclosure datapoint as defined in IG3 (ESRS 2 SBM-3, paragraph 48.g).",external-standard,entity-specific,entity-assessment-required
urn:sds:reg:esrs:sbm_3_12,"Disclosure of specification of impacts, risks and opportunities that are covered by ESRS Disclosure Requirements as opposed to those covered by additional entity-specific disclosures",Transversal/General,ESRS/CSRD,SBM-3_12,,Text,Text,annual,semi-narrative,"Disclosure datapoint as defined in IG3 (ESRS 2 SBM-3, paragraph 48.h).",external-standard,entity-specific,entity-assessment-required
urn:sds:reg:gri:gri_101_1_a,"describe its policies or commitments to halt and reverse biodiversity loss, and how
these are informed by the 2050 Goals and 2030 Targets in the Kunming-Montreal Global
Biodiversity Framework;",Ambiental,GRI,,GRI 101-1.a,Text,Text,annual,narrative,Disclosure datapoint as defined in GRI masterfile (GRI 101-1.a).,external-standard,entity-specific,entity-assessment-required
urn:sds:reg:gri:gri_101_1_b,"report the extent to which these policies or commitments apply to the organization’s
activities and to its business relationships;",Ambiental,GRI,,GRI 101-1.b,Text,Text,annual,narrative,Disclosure datapoint as defined in GRI masterfile (GRI 101-1.b).,external-standard,entity-specific,entity-assessment-required
urn:sds:reg:gri:gri_101_1_c,"report the goals and targets to halt and reverse biodiversity loss, whether they are
informed by scientific consensus, the base year, and the indicators used to evaluate
progress.",Ambiental,GRI,,GRI 101-1.c,Text,Text,annual,narrative,Disclosure datapoint as defined in GRI masterfile (GRI 101-1.c).,external-standard,entity-specific,entity-assessment-required
urn:sds:reg:gri:gri_101_2_a,report how it applies the mitigation hierarchy by describing:,Ambiental,GRI,,GRI 101-2.a,Text,Text,annual,narrative,Disclosure datapoint as defined in GRI masterfile (GRI 101-2.a).,external-standard,entity-specific,entity-assessment-required
urn:sds:reg:gri:gri_101_2_a_i,actions taken to avoid negative impacts on biodiversity;,Ambiental,GRI,,GRI 101-2.a.i,Text,Text,annual,narrative,Disclosure datapoint as defined in GRI masterfile (GRI 101-2.a.i).,external-standard,entity-specific,entity-assessment-required
urn:sds:reg:gri:gri_101_2_a_ii,actions taken to minimize negative impacts on biodiversity that were not avoided;,Ambiental,GRI,,GRI 101-2.a.ii,Text,Text,annual,narrative,Disclosure datapoint as defined in GRI masterfile (GRI 101-2.a.ii).,external-standard,entity-specific,entity-assessment-required
urn:sds:reg:gri:gri_101_2_a_iii,"actions taken to restore and rehabilitate affected ecosystems, including the goals
of the restoration and rehabilitation, and how stakeholders are engaged
throughout the restoration and rehabilitation actions;",Ambiental,GRI,,GRI 101-2.a.iii,Text,Text,annual,narrative,Disclosure datapoint as defined in GRI masterfile (GRI 101-2.a.iii).,external-standard,entity-specific,entity-assessment-required
urn:sds:reg:gri:gri_101_2_a_iv,actions taken to offset residual negative impacts on biodiversity;,Ambiental,GRI,,GRI 101-2.a.iv,Text,Text,annual,narrative,Disclosure datapoint as defined in GRI masterfile (GRI 101-2.a.iv).,external-standard,entity-specific,entity-assessment-required
urn:sds:reg:gri:gri_101_2_a_v,transformative actions taken and additional conservation actions taken;,Ambiental,GRI,,GRI 101-2.a.v,Text,Text,annual,narrative,Disclosure datapoint as defined in GRI masterfile (GRI 101-2.a.v).,external-standard,entity-specific,entity-assessment-required
urn:sds:reg:gri:gri_101_2_b,"with reference to 101-2-a-iii, report for each site with the most significant impacts on
biodiversity:",Ambiental,GRI,,GRI 101-2.b,Text,Text,annual,narrative,Disclosure datapoint as defined in GRI masterfile (GRI 101-2.b).,external-standard,entity-specific,entity-assessment-required
urn:sds:reg:gri:gri_101_2_b_i,the size in hectares of the area under restoration or rehabilitation;,Ambiental,GRI,,GRI 101-2.b.i,Hectares,Numeric,annual,numeric,Disclosure datapoint as defined in GRI masterfile (GRI 101-2.b.i).,external-standard,entity-specific,entity-assessment-required
urn:sds:reg:gri:gri_101_2_b_ii,the size in hectares of the area restored or rehabilitated;,Ambiental,GRI,,GRI 101-2.b.ii,Hectares,Numeric,annual,numeric,Disclosure datapoint as defined in GRI masterfile (GRI 101-2.b.ii).,external-standard,entity-specific,entity-assessment-required
urn:sds:reg:gri:gri_101_2_c,"with reference to 101-2-a-iv, report for each offset:",Ambiental,GRI,,GRI 101-2.c,Text,Text,annual,narrative,Disclosure datapoint as defined in GRI masterfile (GRI 101-2.c).,external-standard,entity-specific,entity-assessment-required
urn:sds:reg:gri:gri_101_2_c_i,the goals;,Ambiental,GRI,,GRI 101-2.c.i,Text,Text,annual,narrative,Disclosure datapoint as defined in GRI masterfile (GRI 101-2.c.i).,external-standard,entity-specific,entity-assessment-required
urn:sds:reg:gri:gri_101_2_c_ii,the geographic location;,Ambiental,GRI,,GRI 101-2.c.ii,Text,Text,annual,narrative,Disclosure datapoint as defined in GRI masterfile (GRI 101-2.c.ii).,external-standard,entity-specific,entity-assessment-required
urn:sds:reg:gri:gri_101_2_c_iii,whether and how principles of good offset practices are met;,Ambiental,GRI,,GRI 101-2.c.iii,Text,Text,annual,narrative,Disclosure datapoint as defined in GRI masterfile (GRI 101-2.c.iii).,external-standard,entity-specific,entity-assessment-required
urn:sds:reg:gri:gri_101_2_c_iv,whether and how the offset is certified or verified by a third party;,Ambiental,GRI,,GRI 101-2.c.iv,Text,Text,annual,narrative,Disclosure datapoint as defined in GRI masterfile (GRI 101-2.c.iv).,external-standard,entity-specific,entity-assessment-required
urn:sds:reg:gri:gri_101_2_d,"list which of its sites with the most significant impacts on biodiversity have a
biodiversity management plan and explain why the other sites do not have a
management plan;",Ambiental,GRI,,GRI 101-2.d,Text,Text,annual,narrative,Disclosure datapoint as defined in GRI masterfile (GRI 101-2.d).,external-standard,entity-specific,entity-assessment-required
urn:sds:reg:gri:gri_101_2_e,"describe how it enhances synergies and reduces trade-offs between actions taken to
manage its biodiversity and climate change impacts;",Ambiental,GRI,,GRI 101-2.e,Text,Text,annual,narrative,Disclosure datapoint as defined in GRI masterfile (GRI 101-2.e).,external-standard,entity-specific,entity-assessment-required
urn:sds:reg:gri:gri_101_2_f,"describe how it ensures that the actions taken to manage its impacts on biodiversity
avoid and minimize negative impacts and maximize positive impacts for stakeholders.",Ambiental,GRI,,GRI 101-2.f,Text,Text,annual,narrative,Disclosure datapoint as defined in GRI masterfile (GRI 101-2.f).,external-standard,entity-specific,entity-assessment-required
urn:sds:reg:gri:gri_101_3_a,"describe the process to ensure compliance with access and benefit-sharing
regulations and measures;",Ambiental,GRI,,GRI 101-3.a,Text,Text,annual,narrative,Disclosure datapoint as defined in GRI masterfile (GRI 101-3.a).,external-standard,entity-specific,entity-assessment-required
urn:sds:reg:gri:gri_101_3_b,"describe voluntary actions taken to advance access and benefit-sharing that are
additional to legal obligations or when there are no regulations and measures.",Ambiental,GRI,,GRI 101-3.b,Text,Text,annual,narrative,Disclosure datapoint as defined in GRI masterfile (GRI 101-3.b).,external-standard,entity-specific,entity-assessment-required
urn:sds:reg:gri:gri_101_4_a,"explain how it has determined which of its sites and which products and services in its
supply chain have the most significant actual and potential impacts on biodiversity.",Ambiental,GRI,,GRI 101-4.a,Text,Text,annual,narrative,Disclosure datapoint as defined in GRI masterfile (GRI 101-4.a).,external-standard,entity-specific,entity-assessment-required
urn:sds:reg:gri:gri_101_5_a,report the location and size in hectares of its sites with the most significant impacts on biodiversity;,Ambiental,GRI,,GRI 101-5.a,Text,Text,annual,narrative,Disclosure datapoint as defined in GRI masterfile (GRI 101-5.a).,external-standard,entity-specific,entity-assessment-required
urn:sds:reg:gri:gri_101_5_b,"for each site reported under 101-5-a, report whether it is in or near an ecologically sensitive area, the distance to these areas, and whether these are:",Ambiental,GRI,,GRI 101-5.b,Text,Text,annual,narrative,Disclosure datapoint as defined in GRI masterfile (GRI 101-5.b).,external-standard,entity-specific,entity-assessment-required
urn:sds:reg:gri:gri_101_5_b_i,areas of biodiversity importance;,Ambiental,GRI,,GRI 101-5.b.i,Text,Text,annual,narrative,Disclosure datapoint as defined in GRI masterfile (GRI 101-5.b.i).,external-standard,entity-specific,entity-assessment-required
urn:sds:reg:gri:gri_101_5_b_ii,areas of high ecosystem integrity;,Ambiental,GRI,,GRI 101-5.b.ii,Text,Text,annual,narrative,Disclosure datapoint as defined in GRI masterfile (GRI 101-5.b.ii).,external-standard,entity-specific,entity-assessment-required
urn:sds:reg:gri:gri_101_5_b_iii,areas of rapid decline in ecosystem integrity;,Ambiental,GRI,,GRI 101-5.b.iii,Text,Text,annual,narrative,Disclosure datapoint as defined in GRI masterfile (GRI 101-5.b.iii).,external-standard,entity-specific,entity-assessment-required
urn:sds:reg:gri:gri_101_5_b_iv,areas of high physical water risks;,Ambiental,GRI,,GRI 101-5.b.iv,Text,Text,annual,narrative,Disclosure datapoint as defined in GRI masterfile (GRI 101-5.b.iv).,external-standard,entity-specific,entity-assessment-required
urn:sds:reg:gri:gri_101_5_b_v,"areas important for the delivery of ecosystem service benefits to Indigenous Peoples, local communities, and other stakeholders;",Ambiental,GRI,,GRI 101-5.b.v,Text,Text,annual,narrative,Disclosure datapoint as defined in GRI masterfile (GRI 101-5.b.v).,external-standard,entity-specific,entity-assessment-required
urn:sds:reg:gri:gri_101_5_c,report the activities that take place in each site reported under 101-5-a;,Ambiental,GRI,,GRI 101-5.c,Text,Text,annual,narrative,Disclosure datapoint as defined in GRI masterfile (GRI 101-5.c).,external-standard,entity-specific,entity-assessment-required
urn:sds:reg:gri:gri_101_5_d,report the products and services in its supply chain with the most significant impacts on biodiversity and the countries or jurisdictions where the activities associated with these products and services take place.,Ambiental,GRI,,GRI 101-5.d,Text,Text,annual,narrative,Disclosure datapoint as defined in GRI masterfile (GRI 101-5.d).,external-standard,entity-specific,entity-assessment-required
urn:sds:reg:gri:gri_101_6_a,"for each site reported under 101-5-a where its activities lead or could lead to land and sea use change, report:",Ambiental,GRI,,GRI 101-6.a,Text,Text,annual,narrative,Disclosure datapoint as defined in GRI masterfile (GRI 101-6.a).,external-standard,entity-specific,entity-assessment-required
urn:sds:reg:gri:gri_101_6_a_i,"the size in hectares of natural ecosystem converted since a cut-off or reference date, the cut-off date or reference date, and the type of ecosystem before and after conversion;",Ambiental,GRI,,GRI 101-6.a.i,Date,Date,annual,narrative,Disclosure datapoint as defined in GRI masterfile (GRI 101-6.a.i).,external-standard,entity-specific,entity-assessment-required
urn:sds:reg:gri:gri_101_6_a_ii,"the size in hectares of land and sea converted from one intensively used or modified ecosystem to another during the reporting period, and the type of ecosystem before and after conversion;",Ambiental,GRI,,GRI 101-6.a.ii,Text,Text,annual,narrative,Disclosure datapoint as defined in GRI masterfile (GRI 101-6.a.ii).,external-standard,entity-specific,entity-assessment-required
urn:sds:reg:gri:gri_101_6_b,"for each site reported under 101-5-a where its activities lead or could lead to the exploitation of natural resources, report:",Ambiental,GRI,,GRI 101-6.b,Text,Text,annual,narrative,Disclosure datapoint as defined in GRI masterfile (GRI 101-6.b).,external-standard,entity-specific,entity-assessment-required
urn:sds:reg:gri:gri_101_6_b_i,"for each wild species harvested, the quantity, the type, and extinction risk;",Ambiental,GRI,,GRI 101-6.b.i,Text,Text,annual,narrative,Disclosure datapoint as defined in GRI masterfile (GRI 101-6.b.i).,external-standard,entity-specific,entity-assessment-required
urn:sds:reg:gri:gri_101_6_b_ii,water withdrawal and water consumption in megaliters;,Ambiental,GRI,,GRI 101-6.b.ii,MegaLiters,Volume,annual,numeric,Disclosure datapoint as defined in GRI masterfile (GRI 101-6.b.ii).,external-standard,entity-specific,entity-assessment-required
urn:sds:reg:gri:gri_101_6_c,"for each site reported under 101-5-a where its activities lead or could lead to pollution, report the quantity and the type of each pollutant generated;",Ambiental,GRI,,GRI 101-6.c,Text,Text,annual,narrative,Disclosure datapoint as defined in GRI masterfile (GRI 101-6.c).,external-standard,entity-specific,entity-assessment-required
urn:sds:reg:gri:gri_101_6_d,"for each site reported under 101-5-a where its activities lead or could lead to the introduction of invasive alien species, describe how invasive alien species are or may be introduced;",Ambiental,GRI,,GRI 101-6.d,Text,Text,annual,narrative,Disclosure datapoint as defined in GRI masterfile (GRI 101-6.d).,external-standard,entity-specific,entity-assessment-required
urn:sds:reg:gri:gri_101_6_e,"for each product and service in its supply chain reported under 101-5-d, report the information required under 101-6-a, 101-6-b, 101-6-c, and 101-6-d, with a breakdown by country or jurisdiction;",Ambiental,GRI,,GRI 101-6.e,Text,Text,annual,narrative,Disclosure datapoint as defined in GRI masterfile (GRI 101-6.e).,external-standard,entity-specific,entity-assessment-required
urn:sds:reg:gri:gri_101_6_f,"report contextual information necessary to understand how the data has been compiled, including standards, methodologies, and assumptions used.",Ambiental,GRI,,GRI 101-6.f,Text,Text,annual,narrative,Disclosure datapoint as defined in GRI masterfile (GRI 101-6.f).,external-standard,entity-specific,entity-assessment-required
urn:sds:reg:gri:gri_101_7_a,"for each site reported under 101-5-a, report the following information on affected or potentially affected ecosystems:",Ambiental,GRI,,GRI 101-7.a,Text,Text,annual,narrative,Disclosure datapoint as defined in GRI masterfile (GRI 101-7.a).,external-standard,entity-specific,entity-assessment-required
urn:sds:reg:gri:gri_101_7_a_i,the ecosystem type for the base year;,Ambiental,GRI,,GRI 101-7.a.i,Text,Text,annual,narrative,Disclosure datapoint as defined in GRI masterfile (GRI 101-7.a.i).,external-standard,entity-specific,entity-assessment-required
urn:sds:reg:gri:gri_101_7_a_ii,the ecosystem size in hectares for the base year;,Ambiental,GRI,,GRI 101-7.a.ii,Hectares,Numeric,annual,numeric,Disclosure datapoint as defined in GRI masterfile (GRI 101-7.a.ii).,external-standard,entity-specific,entity-assessment-required
urn:sds:reg:gri:gri_101_7_a_iii,the ecosystem condition for the base year and the current reporting period;,Ambiental,GRI,,GRI 101-7.a.iii,Text,Text,annual,narrative,Disclosure datapoint as defined in GRI masterfile (GRI 101-7.a.iii).,external-standard,entity-specific,entity-assessment-required
urn:sds:reg:gri:gri_101_7_b,"report contextual information necessary to understand how the data has been compiled, including standards, methodologies, and assumptions used.",Ambiental,GRI,,GRI 101-7.b,Text,Text,annual,narrative,Disclosure datapoint as defined in GRI masterfile (GRI 101-7.b).,external-standard,entity-specific,entity-assessment-required
urn:sds:reg:gri:gri_101_8_a,"for each site reported under 101-5-a, list the ecosystem services and beneficiaries affected or potentially affected by the organization’s activities;",Ambiental,GRI,,GRI 101-8.a,Text,Text,annual,narrative,Disclosure datapoint as defined in GRI masterfile (GRI 101-8.a).,external-standard,entity-specific,entity-assessment-required
urn:sds:reg:gri:gri_101_8_b,explain how the ecosystem services and beneficiaries are or could be affected by the organization's activities.,Ambiental,GRI,,GRI 101-8.b,Text,Text,annual,narrative,Disclosure datapoint as defined in GRI masterfile (GRI 101-8.b).,external-standard,entity-specific,entity-assessment-required
urn:sds:reg:gri:gri_2_1_a,report its legal name;,Gobernanza,GRI,,GRI 2-1.a,Text,Text,annual,semi-narrative,Disclosure datapoint as defined in GRI masterfile (GRI 2-1.a).,external-standard,entity-specific,entity-assessment-required
urn:sds:reg:gri:gri_2_1_b,report its nature of ownership and legal form;,Gobernanza,GRI,,GRI 2-1.b,Text,Text,annual,semi-narrative,Disclosure datapoint as defined in GRI masterfile (GRI 2-1.b).,external-standard,entity-specific,entity-assessment-required
urn:sds:reg:gri:gri_2_1_c,report the location of its headquarters;,Gobernanza,GRI,,GRI 2-1.c,Text,Text,annual,semi-narrative,Disclosure datapoint as defined in GRI masterfile (GRI 2-1.c).,external-standard,entity-specific,entity-assessment-required
urn:sds:reg:gri:gri_2_1_d,report its countries of operation.,Gobernanza,GRI,,GRI 2-1.d,Text,Text,annual,semi-narrative,Disclosure datapoint as defined in GRI masterfile (GRI 2-1.d).,external-standard,entity-specific,entity-assessment-required
urn:sds:reg:gri:gri_2_10_a,describe the nomination and selection processes for the highest governance body and its committees;,Gobernanza,GRI,,GRI 2-10.a,Text,Text,annual,narrative,Disclosure datapoint as defined in GRI masterfile (GRI 2-10.a).,external-standard,entity-specific,entity-assessment-required
urn:sds:reg:gri:gri_2_10_b,"describe the criteria used for nominating and selecting highest governance body members, including whether and how the following are taken into consideration:",Gobernanza,GRI,,GRI 2-10.b,Text,Text,annual,narrative,Disclosure datapoint as defined in GRI masterfile (GRI 2-10.b).,external-standard,entity-specific,entity-assessment-required
urn:sds:reg:gri:gri_2_10_b_i,views of stakeholders (including shareholders);,Gobernanza,GRI,,GRI 2-10.b.i,Text,Text,annual,narrative,Disclosure datapoint as defined in GRI masterfile (GRI 2-10.b.i).,external-standard,entity-specific,entity-assessment-required
urn:sds:reg:gri:gri_2_10_b_ii,diversity;,Gobernanza,GRI,,GRI 2-10.b.ii,Text,Text,annual,narrative,Disclosure datapoint as defined in GRI masterfile (GRI 2-10.b.ii).,external-standard,entity-specific,entity-assessment-required
urn:sds:reg:gri:gri_2_10_b_iii,independence;,Gobernanza,GRI,,GRI 2-10.b.iii,Text,Text,annual,narrative,Disclosure datapoint as defined in GRI masterfile (GRI 2-10.b.iii).,external-standard,entity-specific,entity-assessment-required
urn:sds:reg:gri:gri_2_10_b_iv,competencies relevant to the impacts of the organization.,Gobernanza,GRI,,GRI 2-10.b.iv,Text,Text,annual,narrative,Disclosure datapoint as defined in GRI masterfile (GRI 2-10.b.iv).,external-standard,entity-specific,entity-assessment-required
urn:sds:reg:gri:gri_2_11_a,report whether the chair of the highest governance body is also a senior executive in the organization;,Gobernanza,GRI,,GRI 2-11.a,Text,Text,annual,narrative,Disclosure datapoint as defined in GRI masterfile (GRI 2-11.a).,external-standard,entity-specific,entity-assessment-required
urn:sds:reg:gri:gri_2_11_b,"if the chair is also a senior executive, explain their function within the organization’s management, the reasons for this arrangement, and how conflicts of interest are prevented and mitigated.",Gobernanza,GRI,,GRI 2-11.b,Text,Text,annual,narrative,Disclosure datapoint as defined in GRI masterfile (GRI 2-11.b).,external-standard,entity-specific,entity-assessment-required
urn:sds:reg:gri:gri_2_12_a,"describe the role of the highest governance body and of senior executives in developing, approving, and updating the organization’s purpose, value or mission statements, strategies, policies, and goals related to sustainable development;",Gobernanza,GRI,,GRI 2-12.a,Text,Text,annual,narrative,Disclosure datapoint as defined in GRI masterfile (GRI 2-12.a).,external-standard,entity-specific,entity-assessment-required
urn:sds:reg:gri:gri_2_12_b,"describe the role of the highest governance body in overseeing the organization’s due diligence and other processes to identify and manage the organization’s impacts on the economy, environment, and people, including:",Gobernanza,GRI,,GRI 2-12.b,Text,Text,annual,narrative,Disclosure datapoint as defined in GRI masterfile (GRI 2-12.b).,external-standard,entity-specific,entity-assessment-required
urn:sds:reg:gri:gri_2_12_b_i,whether and how the highest governance body engages with stakeholders to support these processes;,Gobernanza,GRI,,GRI 2-12.b.i,Text,Text,annual,narrative,Disclosure datapoint as defined in GRI masterfile (GRI 2-12.b.i).,external-standard,entity-specific,entity-assessment-required
urn:sds:reg:gri:gri_2_12_b_ii,how the highest governance body considers the outcomes of these processes;,Gobernanza,GRI,,GRI 2-12.b.ii,Text,Text,annual,narrative,Disclosure datapoint as defined in GRI masterfile (GRI 2-12.b.ii).,external-standard,entity-specific,entity-assessment-required
urn:sds:reg:gri:gri_2_12_c,"describe the role of the highest governance body in reviewing the effectiveness of the organization’s processes as described in 2-12-b, and report the frequency of this review.",Gobernanza,GRI,,GRI 2-12.c,Text,Text,annual,narrative,Disclosure datapoint as defined in GRI masterfile (GRI 2-12.c).,external-standard,entity-specific,entity-assessment-required
urn:sds:reg:gri:gri_2_13_a,"describe how the highest governance body delegates responsibility for managing the organization’s impacts on the economy, environment, and people, including:",Gobernanza,GRI,,GRI 2-13.a,Text,Text,annual,narrative,Disclosure datapoint as defined in GRI masterfile (GRI 2-13.a).,external-standard,entity-specific,entity-assessment-required
urn:sds:reg:gri:gri_2_13_a_i,whether it has appointed any senior executives with responsibility for the management of impacts;,Gobernanza,GRI,,GRI 2-13.a.i,Text,Text,annual,semi-narrative,Disclosure datapoint as defined in GRI masterfile (GRI 2-13.a.i).,external-standard,entity-specific,entity-assessment-required
urn:sds:reg:gri:gri_2_13_a_ii,whether it has delegated responsibility for the management of impacts to other employees;,Gobernanza,GRI,,GRI 2-13.a.ii,Text,Text,annual,semi-narrative,Disclosure datapoint as defined in GRI masterfile (GRI 2-13.a.ii).,external-standard,entity-specific,entity-assessment-required
urn:sds:reg:gri:gri_2_13_b,"describe the process and frequency for senior executives or other employees to report back to the highest governance body on the management of the organization’s impacts on the economy, environment, and people.",Gobernanza,GRI,,GRI 2-13.b,Text,Text,annual,narrative,Disclosure datapoint as defined in GRI masterfile (GRI 2-13.b).,external-standard,entity-specific,entity-assessment-required
urn:sds:reg:gri:gri_2_14_a,"report whether the highest governance body is responsible for reviewing and approving the reported information, including the organization’s material topics, and if so, describe the process for reviewing and approving the information;",Gobernanza,GRI,,GRI 2-14.a,Text,Text,annual,narrative,Disclosure datapoint as defined in GRI masterfile (GRI 2-14.a).,external-standard,entity-specific,entity-assessment-required
urn:sds:reg:gri:gri_2_14_b,"if the highest governance body is not responsible for reviewing and approving the reported information, including the organization’s material topics, explain the reason for this.",Gobernanza,GRI,,GRI 2-14.b,Text,Text,annual,narrative,Disclosure datapoint as defined in GRI masterfile (GRI 2-14.b).,external-standard,entity-specific,entity-assessment-required
urn:sds:reg:gri:gri_2_15_a,describe the processes for the highest governance body to ensure that conflicts of interest are prevented and mitigated;,Gobernanza,GRI,,GRI 2-15.a,Text,Text,annual,narrative,Disclosure datapoint as defined in GRI masterfile (GRI 2-15.a).,external-standard,entity-specific,entity-assessment-required
urn:sds:reg:gri:gri_2_15_b,"report whether conflicts of interest are disclosed to stakeholders, including, at a minimum, conflicts of interest relating to:",Gobernanza,GRI,,GRI 2-15.b,Text,Text,annual,semi-narrative,Disclosure datapoint as defined in GRI masterfile (GRI 2-15.b).,external-standard,entity-specific,entity-assessment-required
urn:sds:reg:gri:gri_2_15_b_i,cross-board membership;,Gobernanza,GRI,,GRI 2-15.b.i,Text,Text,annual,semi-narrative,Disclosure datapoint as defined in GRI masterfile (GRI 2-15.b.i).,external-standard,entity-specific,entity-assessment-required
urn:sds:reg:gri:gri_2_15_b_ii,cross-shareholding with suppliers and other stakeholders;,Gobernanza,GRI,,GRI 2-15.b.ii,Text,Text,annual,semi-narrative,Disclosure datapoint as defined in GRI masterfile (GRI 2-15.b.ii).,external-standard,entity-specific,entity-assessment-required
urn:sds:reg:gri:gri_2_15_b_iii,existence of controlling shareholders;,Gobernanza,GRI,,GRI 2-15.b.iii,Text,Text,annual,semi-narrative,Disclosure datapoint as defined in GRI masterfile (GRI 2-15.b.iii).,external-standard,entity-specific,entity-assessment-required
urn:sds:reg:gri:gri_2_15_b_iv,"related parties, their relationships, transactions, and outstanding balances.",Gobernanza,GRI,,GRI 2-15.b.iv,Text,Text,annual,semi-narrative,Disclosure datapoint as defined in GRI masterfile (GRI 2-15.b.iv).,external-standard,entity-specific,entity-assessment-required
urn:sds:reg:gri:gri_2_16_a,describe whether and how critical concerns are communicated to the highest governance body;,Gobernanza,GRI,,GRI 2-16.a,Text,Text,annual,narrative,Disclosure datapoint as defined in GRI masterfile (GRI 2-16.a).,external-standard,entity-specific,entity-assessment-required
urn:sds:reg:gri:gri_2_16_b,report the total number and the nature of critical concerns that were communicated to the highest governance body during the reporting period.,Gobernanza,GRI,,GRI 2-16.b,Text,Text,annual,narrative,Disclosure datapoint as defined in GRI masterfile (GRI 2-16.b).,external-standard,entity-specific,entity-assessment-required
urn:sds:reg:gri:gri_2_17_a,"report measures taken to advance the collective knowledge, skills, and experience of the highest governance body on sustainable development.",Gobernanza,GRI,,GRI 2-17.a,Text,Text,annual,narrative,Disclosure datapoint as defined in GRI masterfile (GRI 2-17.a).,external-standard,entity-specific,entity-assessment-required
urn:sds:reg:gri:gri_2_18_a,"describe the processes for evaluating the performance of the highest governance body in overseeing the management of the organization’s impacts on the economy, environment, and people;",Gobernanza,GRI,,GRI 2-18.a,Text,Text,annual,narrative,Disclosure datapoint as defined in GRI masterfile (GRI 2-18.a).,external-standard,entity-specific,entity-assessment-required
urn:sds:reg:gri:gri_2_18_b,"report whether the evaluations are independent or not, and the frequency of the evaluations;",Gobernanza,GRI,,GRI 2-18.b,Text,Text,annual,narrative,Disclosure datapoint as defined in GRI masterfile (GRI 2-18.b).,external-standard,entity-specific,entity-assessment-required
urn:sds:reg:gri:gri_2_18_c,"describe actions taken in response to the evaluations, including changes to the composition of the highest governance body and organizational practices.",Gobernanza,GRI,,GRI 2-18.c,Text,Text,annual,narrative,Disclosure datapoint as defined in GRI masterfile (GRI 2-18.c).,external-standard,entity-specific,entity-assessment-required
urn:sds:reg:gri:gri_2_19_a,"describe the remuneration policies for members of the highest governance body and senior executives, including:",Gobernanza,GRI,,GRI 2-19.a,Text,Text,annual,narrative,Disclosure datapoint as defined in GRI masterfile (GRI 2-19.a).,external-standard,entity-specific,entity-assessment-required
urn:sds:reg:gri:gri_2_19_a_i,fixed pay and variable pay;,Gobernanza,GRI,,GRI 2-19.a.i,Text,Text,annual,narrative,Disclosure datapoint as defined in GRI masterfile (GRI 2-19.a.i).,external-standard,entity-specific,entity-assessment-required
urn:sds:reg:gri:gri_2_19_a_ii,sign-on bonuses or recruitment incentive payments;,Gobernanza,GRI,,GRI 2-19.a.ii,Text,Text,annual,narrative,Disclosure datapoint as defined in GRI masterfile (GRI 2-19.a.ii).,external-standard,entity-specific,entity-assessment-required
urn:sds:reg:gri:gri_2_19_a_iii,termination payments;,Gobernanza,GRI,,GRI 2-19.a.iii,Text,Text,annual,narrative,Disclosure datapoint as defined in GRI masterfile (GRI 2-19.a.iii).,external-standard,entity-specific,entity-assessment-required
urn:sds:reg:gri:gri_2_19_a_iv,clawbacks;,Gobernanza,GRI,,GRI 2-19.a.iv,Text,Text,annual,narrative,Disclosure datapoint as defined in GRI masterfile (GRI 2-19.a.iv).,external-standard,entity-specific,entity-assessment-required
urn:sds:reg:gri:gri_2_19_a_v,retirement benefits;,Gobernanza,GRI,,GRI 2-19.a.v,Text,Text,annual,narrative,Disclosure datapoint as defined in GRI masterfile (GRI 2-19.a.v).,external-standard,entity-specific,entity-assessment-required
urn:sds:reg:gri:gri_2_19_b,"describe how the remuneration policies for members of the highest governance body and senior executives relate to their objectives and performance in relation to the management of the organization’s impacts on the economy, environment, and people",Gobernanza,GRI,,GRI 2-19.b,Text,Text,annual,narrative,Disclosure datapoint as defined in GRI masterfile (GRI 2-19.b).,external-standard,entity-specific,entity-assessment-required
urn:sds:reg:gri:gri_2_2_a,list all its entities included in its sustainability reporting;,Gobernanza,GRI,,GRI 2-2.a,Text,Text,annual,narrative,Disclosure datapoint as defined in GRI masterfile (GRI 2-2.a).,external-standard,entity-specific,entity-assessment-required
urn:sds:reg:gri:gri_2_2_b,"if the organization has audited consolidated financial statements or financial information filed on public record, specify the differences between the list of entities included in its financial reporting and the list included in its sustainability reporting;",Gobernanza,GRI,,GRI 2-2.b,Text,Text,annual,narrative,Disclosure datapoint as defined in GRI masterfile (GRI 2-2.b).,external-standard,entity-specific,entity-assessment-required
urn:sds:reg:gri:gri_2_2_c,"if the organization consists of multiple entities, explain the approach used for consolidating the information, including:",Gobernanza,GRI,,GRI 2-2.c,Text,Text,annual,narrative,Disclosure datapoint as defined in GRI masterfile (GRI 2-2.c).,external-standard,entity-specific,entity-assessment-required
urn:sds:reg:gri:gri_2_2_c_i,whether the approach involves adjustments to information for minority interests;,Gobernanza,GRI,,GRI 2-2.c.i,Text,Text,annual,semi-narrative,Disclosure datapoint as defined in GRI masterfile (GRI 2-2.c.i).,external-standard,entity-specific,entity-assessment-required
urn:sds:reg:gri:gri_2_2_c_ii,"how the approach takes into account mergers, acquisitions, and disposal of entities or parts of entities;",Gobernanza,GRI,,GRI 2-2.c.ii,Text,Text,annual,narrative,Disclosure datapoint as defined in GRI masterfile (GRI 2-2.c.ii).,external-standard,entity-specific,entity-assessment-required
urn:sds:reg:gri:gri_2_2_c_iii,whether and how the approach differs across the disclosures in this Standard and across material topics.,Gobernanza,GRI,,GRI 2-2.c.iii,Text,Text,annual,narrative,Disclosure datapoint as defined in GRI masterfile (GRI 2-2.c.iii).,external-standard,entity-specific,entity-assessment-required
urn:sds:reg:gri:gri_2_20_a,"describe the process for designing its remuneration policies and for determining remuneration, including:",Gobernanza,GRI,,GRI 2-20.a,Text,Text,annual,narrative,Disclosure datapoint as defined in GRI masterfile (GRI 2-20.a).,external-standard,entity-specific,entity-assessment-required
urn:sds:reg:gri:gri_2_20_a_i,whether independent highest governance body members or an independent remuneration committee oversees the process for determining remuneration;,Gobernanza,GRI,,GRI 2-20.a.i,Text,Text,annual,semi-narrative,Disclosure datapoint as defined in GRI masterfile (GRI 2-20.a.i).,external-standard,entity-specific,entity-assessment-required
urn:sds:reg:gri:gri_2_20_a_ii,how the views of stakeholders (including shareholders) regarding remuneration are sought and taken into consideration;,Gobernanza,GRI,,GRI 2-20.a.ii,Text,Text,annual,narrative,Disclosure datapoint as defined in GRI masterfile (GRI 2-20.a.ii).,external-standard,entity-specific,entity-assessment-required
urn:sds:reg:gri:gri_2_20_a_iii,"whether remuneration consultants are involved in determining remuneration and, if so, whether they are independent of the organization, its highest governance body and senior executives;",Gobernanza,GRI,,GRI 2-20.a.iii,Text,Text,annual,narrative,Disclosure datapoint as defined in GRI masterfile (GRI 2-20.a.iii).,external-standard,entity-specific,entity-assessment-required
urn:sds:reg:gri:gri_2_20_b,"report the results of votes of stakeholders (including shareholders) on remuneration policies and proposals, if applicable.",Gobernanza,GRI,,GRI 2-20.b,Text,Text,annual,narrative,Disclosure datapoint as defined in GRI masterfile (GRI 2-20.b).,external-standard,entity-specific,entity-assessment-required
urn:sds:reg:gri:gri_2_21_a,report the ratio of the annual total compensation for the organization’s highest-paid individual to the median annual total compensation for all employees(excluding the highest-paid individual);,Gobernanza,GRI,,GRI 2-21.a,Numeric,Numeric,annual,numeric,Disclosure datapoint as defined in GRI masterfile (GRI 2-21.a).,external-standard,entity-specific,entity-assessment-required
urn:sds:reg:gri:gri_2_21_b,report the ratio of the percentage increase in annual total compensation for the organization’s highest-paid individual to the median percentage increase in annual total compensation for all employees (excluding the highest-paid individual);,Gobernanza,GRI,,GRI 2-21.b,Numeric,Numeric,annual,numeric,Disclosure datapoint as defined in GRI masterfile (GRI 2-21.b).,external-standard,entity-specific,entity-assessment-required
urn:sds:reg:gri:gri_2_21_c,report contextual information necessary to understand the data and how the data has been compiled.,Gobernanza,GRI,,GRI 2-21.c,Text,Text,annual,narrative,Disclosure datapoint as defined in GRI masterfile (GRI 2-21.c).,external-standard,entity-specific,entity-assessment-required
urn:sds:reg:gri:gri_2_22_a,report a statement from the highest governance body or most senior executive of the organization about the relevance of sustainable development to the organization and its strategy for contributing to sustainable development.,Gobernanza,GRI,,GRI 2-22.a,Text,Text,annual,narrative,Disclosure datapoint as defined in GRI masterfile (GRI 2-22.a).,external-standard,entity-specific,entity-assessment-required
urn:sds:reg:gri:gri_2_23_a,"describe its policy commitments for responsible business conduct, including:",Gobernanza,GRI,,GRI 2-23.a,Text,Text,annual,narrative,Disclosure datapoint as defined in GRI masterfile (GRI 2-23.a).,external-standard,entity-specific,entity-assessment-required
urn:sds:reg:gri:gri_2_23_a_i,the authoritative intergovernmental instruments that the commitments reference;,Gobernanza,GRI,,GRI 2-23.a.i,Text,Text,annual,narrative,Disclosure datapoint as defined in GRI masterfile (GRI 2-23.a.i).,external-standard,entity-specific,entity-assessment-required
urn:sds:reg:gri:gri_2_23_a_ii,whether the commitments stipulate conducting due diligence;,Gobernanza,GRI,,GRI 2-23.a.ii,Text,Text,annual,semi-narrative,Disclosure datapoint as defined in GRI masterfile (GRI 2-23.a.ii).,external-standard,entity-specific,entity-assessment-required
urn:sds:reg:gri:gri_2_23_a_iii,whether the commitments stipulate applying the precautionary principle;,Gobernanza,GRI,,GRI 2-23.a.iii,Text,Text,annual,semi-narrative,Disclosure datapoint as defined in GRI masterfile (GRI 2-23.a.iii).,external-standard,entity-specific,entity-assessment-required
urn:sds:reg:gri:gri_2_23_a_iv,whether the commitments stipulate respecting human rights;,Gobernanza,GRI,,GRI 2-23.a.iv,Text,Text,annual,semi-narrative,Disclosure datapoint as defined in GRI masterfile (GRI 2-23.a.iv).,external-standard,entity-specific,entity-assessment-required
urn:sds:reg:gri:gri_2_23_b,"describe its specific policy commitment to respect human rights, including:",Gobernanza,GRI,,GRI 2-23.b,Text,Text,annual,narrative,Disclosure datapoint as defined in GRI masterfile (GRI 2-23.b).,external-standard,entity-specific,entity-assessment-required
urn:sds:reg:gri:gri_2_23_b_i,the internationally recognized human rights that the commitment covers;,Gobernanza,GRI,,GRI 2-23.b.i,Text,Text,annual,narrative,Disclosure datapoint as defined in GRI masterfile (GRI 2-23.b.i).,external-standard,entity-specific,entity-assessment-required
urn:sds:reg:gri:gri_2_23_b_ii,"the categories of stakeholders, including at-risk or vulnerable groups, that the organization gives particular attention to in the commitment;",Gobernanza,GRI,,GRI 2-23.b.ii,Text,Text,annual,narrative,Disclosure datapoint as defined in GRI masterfile (GRI 2-23.b.ii).,external-standard,entity-specific,entity-assessment-required
urn:sds:reg:gri:gri_2_23_c,"provide links to the policy commitments if publicly available, or, if the policy commitments are not publicly available, explain the reason for this;",Gobernanza,GRI,,GRI 2-23.c,Text,Text,annual,narrative,Disclosure datapoint as defined in GRI masterfile (GRI 2-23.c).,external-standard,entity-specific,entity-assessment-required
urn:sds:reg:gri:gri_2_23_d,"report the level at which each of the policy commitments was approved within the organization, including whether this is the most senior level;",Gobernanza,GRI,,GRI 2-23.d,Text,Text,annual,narrative,Disclosure datapoint as defined in GRI masterfile (GRI 2-23.d).,external-standard,entity-specific,entity-assessment-required
urn:sds:reg:gri:gri_2_23_e,report the extent to which the policy commitments apply to the organization’s activities and to its business relationships;,Gobernanza,GRI,,GRI 2-23.e,Text,Text,annual,narrative,Disclosure datapoint as defined in GRI masterfile (GRI 2-23.e).,external-standard,entity-specific,entity-assessment-required
urn:sds:reg:gri:gri_2_23_f,"describe how the policy commitments are communicated to workers, business partners, and other relevant parties.",Gobernanza,GRI,,GRI 2-23.f,Text,Text,annual,narrative,Disclosure datapoint as defined in GRI masterfile (GRI 2-23.f).,external-standard,entity-specific,entity-assessment-required
urn:sds:reg:gri:gri_2_24_a,"describe how it embeds each of its policy commitments for responsible business conduct throughout its activities and business relationships, including:",Gobernanza,GRI,,GRI 2-24.a,Text,Text,annual,narrative,Disclosure datapoint as defined in GRI masterfile (GRI 2-24.a).,external-standard,entity-specific,entity-assessment-required
urn:sds:reg:gri:gri_2_24_a_i,how it allocates responsibility to implement the commitments across different levels within the organization;,Gobernanza,GRI,,GRI 2-24.a.i,Text,Text,annual,narrative,Disclosure datapoint as defined in GRI masterfile (GRI 2-24.a.i).,external-standard,entity-specific,entity-assessment-required
urn:sds:reg:gri:gri_2_24_a_ii,"how it integrates the commitments into organizational strategies, operational policies, and operational procedures;",Gobernanza,GRI,,GRI 2-24.a.ii,Text,Text,annual,narrative,Disclosure datapoint as defined in GRI masterfile (GRI 2-24.a.ii).,external-standard,entity-specific,entity-assessment-required
urn:sds:reg:gri:gri_2_24_a_iii,how it implements its commitments with and through its business relationships;,Gobernanza,GRI,,GRI 2-24.a.iii,Text,Text,annual,narrative,Disclosure datapoint as defined in GRI masterfile (GRI 2-24.a.iii).,external-standard,entity-specific,entity-assessment-required
urn:sds:reg:gri:gri_2_24_a_iv,training that the organization provides on implementing the commitments.,Gobernanza,GRI,,GRI 2-24.a.iv,Text,Text,annual,narrative,Disclosure datapoint as defined in GRI masterfile (GRI 2-24.a.iv).,external-standard,entity-specific,entity-assessment-required
urn:sds:reg:gri:gri_2_25_a,describe its commitments to provide for or cooperate in the remediation of negative impacts that the organization identifies it has caused or contributed to;,Gobernanza,GRI,,GRI 2-25.a,Text,Text,annual,narrative,Disclosure datapoint as defined in GRI masterfile (GRI 2-25.a).,external-standard,entity-specific,entity-assessment-required
urn:sds:reg:gri:gri_2_25_b,"describe its approach to identify and address grievances, including the grievance mechanisms that the organization has established or participates in;",Gobernanza,GRI,,GRI 2-25.b,Text,Text,annual,narrative,Disclosure datapoint as defined in GRI masterfile (GRI 2-25.b).,external-standard,entity-specific,entity-assessment-required
urn:sds:reg:gri:gri_2_25_c,describe other processes by which the organization provides for or cooperates in the remediation of negative impacts that it identifies it has caused or contributed to;,Gobernanza,GRI,,GRI 2-25.c,Text,Text,annual,narrative,Disclosure datapoint as defined in GRI masterfile (GRI 2-25.c).,external-standard,entity-specific,entity-assessment-required
urn:sds:reg:gri:gri_2_25_d,"describe how the stakeholders who are the intended users of the grievance mechanisms are involved in the design, review, operation, and improvement of these mechanisms;",Gobernanza,GRI,,GRI 2-25.d,Text,Text,annual,narrative,Disclosure datapoint as defined in GRI masterfile (GRI 2-25.d).,external-standard,entity-specific,entity-assessment-required
urn:sds:reg:gri:gri_2_25_e,"describe how the organization tracks the effectiveness of the grievance mechanisms and other remediation processes, and report examples of their effectiveness, including stakeholder feedback.",Gobernanza,GRI,,GRI 2-25.e,Text,Text,annual,narrative,Disclosure datapoint as defined in GRI masterfile (GRI 2-25.e).,external-standard,entity-specific,entity-assessment-required
urn:sds:reg:gri:gri_2_26_a,describe the mechanisms for individuals to:,Gobernanza,GRI,,GRI 2-26.a,Text,Text,annual,narrative,Disclosure datapoint as defined in GRI masterfile (GRI 2-26.a).,external-standard,entity-specific,entity-assessment-required
urn:sds:reg:gri:gri_2_26_a_i,seek advice on implementing the organization’s policies and practices for responsible business conduct;,Gobernanza,GRI,,GRI 2-26.a.i,Text,Text,annual,narrative,Disclosure datapoint as defined in GRI masterfile (GRI 2-26.a.i).,external-standard,entity-specific,entity-assessment-required
urn:sds:reg:gri:gri_2_26_a_ii,raise concerns about the organization’s business conduct.,Gobernanza,GRI,,GRI 2-26.a.ii,Text,Text,annual,narrative,Disclosure datapoint as defined in GRI masterfile (GRI 2-26.a.ii).,external-standard,entity-specific,entity-assessment-required
urn:sds:reg:gri:gri_2_27_a,"report the total number of significant instances of non-compliance with laws and regulations during the reporting period, and a breakdown of this total by:",Gobernanza,GRI,,GRI 2-27.a,Numeric,Numeric,annual,numeric,Disclosure datapoint as defined in GRI masterfile (GRI 2-27.a).,external-standard,entity-specific,entity-assessment-required
urn:sds:reg:gri:gri_2_27_a_i,instances for which fines were incurred;,Gobernanza,GRI,,GRI 2-27.a.i,Numeric,Numeric,annual,numeric,Disclosure datapoint as defined in GRI masterfile (GRI 2-27.a.i).,external-standard,entity-specific,entity-assessment-required
urn:sds:reg:gri:gri_2_27_a_ii,instances for which non-monetary sanctions were incurred;,Gobernanza,GRI,,GRI 2-27.a.ii,Numeric,Numeric,annual,numeric,Disclosure datapoint as defined in GRI masterfile (GRI 2-27.a.ii).,external-standard,entity-specific,entity-assessment-required
urn:sds:reg:gri:gri_2_27_b,"report the total number and the monetary value of fines for instances of non-compliance with laws and regulations that were paid during the reporting period, and a breakdown of this total by:",Gobernanza,GRI,,GRI 2-27.b,Currency,Numeric,annual,numeric,Disclosure datapoint as defined in GRI masterfile (GRI 2-27.b).,external-standard,entity-specific,entity-assessment-required
urn:sds:reg:gri:gri_2_27_b_i,fines for instances of non-compliance with laws and regulations that occurred in the current reporting period;,Gobernanza,GRI,,GRI 2-27.b.i,Currency,Numeric,annual,numeric,Disclosure datapoint as defined in GRI masterfile (GRI 2-27.b.i).,external-standard,entity-specific,entity-assessment-required
urn:sds:reg:gri:gri_2_27_b_ii,fines for instances of non-compliance with laws and regulations that occurred in previous reporting periods;,Gobernanza,GRI,,GRI 2-27.b.ii,Currency,Numeric,annual,numeric,Disclosure datapoint as defined in GRI masterfile (GRI 2-27.b.ii).,external-standard,entity-specific,entity-assessment-required
urn:sds:reg:gri:gri_2_27_c,describe the significant instances of non-compliance;,Gobernanza,GRI,,GRI 2-27.c,Text,Text,annual,narrative,Disclosure datapoint as defined in GRI masterfile (GRI 2-27.c).,external-standard,entity-specific,entity-assessment-required
urn:sds:reg:gri:gri_2_27_d,describe how it has determined significant instances of non-compliance.,Gobernanza,GRI,,GRI 2-27.d,Text,Text,annual,narrative,Disclosure datapoint as defined in GRI masterfile (GRI 2-27.d).,external-standard,entity-specific,entity-assessment-required
urn:sds:reg:gri:gri_2_28_a,"report industry associations, other membership associations, and national or international advocacy organizations in which it participates in a significant role.",Gobernanza,GRI,,GRI 2-28.a,Text,Text,annual,narrative,Disclosure datapoint as defined in GRI masterfile (GRI 2-28.a).,external-standard,entity-specific,entity-assessment-required
urn:sds:reg:gri:gri_2_29_a,"describe its approach to engaging with stakeholders, including:",Gobernanza,GRI,,GRI 2-29.a,Text,Text,annual,narrative,Disclosure datapoint as defined in GRI masterfile (GRI 2-29.a).,external-standard,entity-specific,entity-assessment-required
urn:sds:reg:gri:gri_2_29_a_i,"the categories of stakeholders it engages with, and how they are identified;",Gobernanza,GRI,,GRI 2-29.a.i,Text,Text,annual,narrative,Disclosure datapoint as defined in GRI masterfile (GRI 2-29.a.i).,external-standard,entity-specific,entity-assessment-required
urn:sds:reg:gri:gri_2_29_a_ii,the purpose of the stakeholder engagement;,Gobernanza,GRI,,GRI 2-29.a.ii,Text,Text,annual,narrative,Disclosure datapoint as defined in GRI masterfile (GRI 2-29.a.ii).,external-standard,entity-specific,entity-assessment-required
urn:sds:reg:gri:gri_2_29_a_iii,how the organization seeks to ensure meaningful engagement with stakeholders.,Gobernanza,GRI,,GRI 2-29.a.iii,Text,Text,annual,narrative,Disclosure datapoint as defined in GRI masterfile (GRI 2-29.a.iii).,external-standard,entity-specific,entity-assessment-required
urn:sds:reg:gri:gri_2_3_a,"specify the reporting period for, and the frequency of, its sustainability reporting;",Gobernanza,GRI,,GRI 2-3.a,Date,Date,annual,narrative,Disclosure datapoint as defined in GRI masterfile (GRI 2-3.a).,external-standard,entity-specific,entity-assessment-required
urn:sds:reg:gri:gri_2_3_b,"specify the reporting period for its financial reporting and, if it does not align with the period for its sustainability reporting, explain the reason for this;",Gobernanza,GRI,,GRI 2-3.b,Date,Date,annual,narrative,Disclosure datapoint as defined in GRI masterfile (GRI 2-3.b).,external-standard,entity-specific,entity-assessment-required
urn:sds:reg:gri:gri_2_3_c,report the publication date of the report or reported information;,Gobernanza,GRI,,GRI 2-3.c,Date,Date,annual,narrative,Disclosure datapoint as defined in GRI masterfile (GRI 2-3.c).,external-standard,entity-specific,entity-assessment-required
urn:sds:reg:gri:gri_2_3_d,specify the contact point for questions about the report or reported information.,Gobernanza,GRI,,GRI 2-3.d,Text,Text,annual,narrative,Disclosure datapoint as defined in GRI masterfile (GRI 2-3.d).,external-standard,entity-specific,entity-assessment-required
urn:sds:reg:gri:gri_2_30_a,report the percentage of total employees covered by collective bargaining agreements;,Gobernanza,GRI,,GRI 2-30.a,Percentage,Numeric,annual,numeric,Disclosure datapoint as defined in GRI masterfile (GRI 2-30.a).,external-standard,entity-specific,entity-assessment-required
urn:sds:reg:gri:gri_2_30_b,"for employees not covered by collective bargaining agreements, report whether the organization determines their working conditions and terms of employment based on collective bargaining agreements that cover its other employees or based on collective bargaining agreements from other organizations.",Gobernanza,GRI,,GRI 2-30.b,Text,Text,annual,narrative,Disclosure datapoint as defined in GRI masterfile (GRI 2-30.b).,external-standard,entity-specific,entity-assessment-required
urn:sds:reg:gri:gri_2_4_a,report restatements of information made from previous reporting periods and explain:,Gobernanza,GRI,,GRI 2-4.a,Text,Text,annual,narrative,Disclosure datapoint as defined in GRI masterfile (GRI 2-4.a).,external-standard,entity-specific,entity-assessment-required
urn:sds:reg:gri:gri_2_4_a_i,the reasons for the restatements,Gobernanza,GRI,,GRI 2-4.a.i,Text,Text,annual,narrative,Disclosure datapoint as defined in GRI masterfile (GRI 2-4.a.i).,external-standard,entity-specific,entity-assessment-required
urn:sds:reg:gri:gri_2_4_a_ii,the effect of the restatements.,Gobernanza,GRI,,GRI 2-4.a.ii,Text,Text,annual,narrative,Disclosure datapoint as defined in GRI masterfile (GRI 2-4.a.ii).,external-standard,entity-specific,entity-assessment-required
urn:sds:reg:gri:gri_2_5_a,"describe its policy and practice for seeking external assurance, including whether and how the highest governance body and senior executives are involved;",Gobernanza,GRI,,GRI 2-5.a,Text,Text,annual,narrative,Disclosure datapoint as defined in GRI masterfile (GRI 2-5.a).,external-standard,entity-specific,entity-assessment-required
urn:sds:reg:gri:gri_2_5_b,if the organization’s sustainability reporting has been externally assured:,Gobernanza,GRI,,GRI 2-5.b,Text,Text,annual,semi-narrative,Disclosure datapoint as defined in GRI masterfile (GRI 2-5.b).,external-standard,entity-specific,entity-assessment-required
urn:sds:reg:gri:gri_2_5_b_i,provide a link or reference to the external assurance report(s) or assurance statement(s);,Gobernanza,GRI,,GRI 2-5.b.i,Text,Text,annual,narrative,Disclosure datapoint as defined in GRI masterfile (GRI 2-5.b.i).,external-standard,entity-specific,entity-assessment-required
urn:sds:reg:gri:gri_2_5_b_ii,"describe what has been assured and on what basis, including the assurance standards used, the level of assurance obtained, and any limitations of the assurance process;",Gobernanza,GRI,,GRI 2-5.b.ii,Text,Text,annual,narrative,Disclosure datapoint as defined in GRI masterfile (GRI 2-5.b.ii).,external-standard,entity-specific,entity-assessment-required
urn:sds:reg:gri:gri_2_5_b_iii,describe the relationship between the organization and the assurance provider.,Gobernanza,GRI,,GRI 2-5.b.iii,Text,Text,annual,narrative,Disclosure datapoint as defined in GRI masterfile (GRI 2-5.b.iii).,external-standard,entity-specific,entity-assessment-required
urn:sds:reg:gri:gri_2_6_a,report the sector(s) in which it is active;,Gobernanza,GRI,,GRI 2-6.a,Text,Text,annual,narrative,Disclosure datapoint as defined in GRI masterfile (GRI 2-6.a).,external-standard,entity-specific,entity-assessment-required
urn:sds:reg:gri:gri_2_6_b,"describe its value chain, including:",Gobernanza,GRI,,GRI 2-6.b,Text,Text,annual,narrative,Disclosure datapoint as defined in GRI masterfile (GRI 2-6.b).,external-standard,entity-specific,entity-assessment-required
urn:sds:reg:gri:gri_2_6_b_i,"the organization’s activities, products, services, and markets served;",Gobernanza,GRI,,GRI 2-6.b.i,Text,Text,annual,narrative,Disclosure datapoint as defined in GRI masterfile (GRI 2-6.b.i).,external-standard,entity-specific,entity-assessment-required
urn:sds:reg:gri:gri_2_6_b_ii,the organization’s supply chain;,Gobernanza,GRI,,GRI 2-6.b.ii,Text,Text,annual,narrative,Disclosure datapoint as defined in GRI masterfile (GRI 2-6.b.ii).,external-standard,entity-specific,entity-assessment-required
urn:sds:reg:gri:gri_2_6_b_iii,the entities downstream from the organization and their activities;,Gobernanza,GRI,,GRI 2-6.b.iii,Text,Text,annual,narrative,Disclosure datapoint as defined in GRI masterfile (GRI 2-6.b.iii).,external-standard,entity-specific,entity-assessment-required
urn:sds:reg:gri:gri_2_6_c,report other relevant business relationships;,Gobernanza,GRI,,GRI 2-6.c,Text,Text,annual,narrative,Disclosure datapoint as defined in GRI masterfile (GRI 2-6.c).,external-standard,entity-specific,entity-assessment-required
urn:sds:reg:gri:gri_2_6_d,"describe significant changes in 2-6-a, 2-6-b, and 2-6-c compared to the previous reporting period.",Gobernanza,GRI,,GRI 2-6.d,Text,Text,annual,narrative,Disclosure datapoint as defined in GRI masterfile (GRI 2-6.d).,external-standard,entity-specific,entity-assessment-required
urn:sds:reg:gri:gri_2_7_a,"report the total number of employees, and a breakdown of this total by gender and by region;",Gobernanza,GRI,,GRI 2-7.a,"Head count, FTE, or other",Numeric,annual,numeric,Disclosure datapoint as defined in GRI masterfile (GRI 2-7.a).,external-standard,entity-specific,entity-assessment-required
urn:sds:reg:gri:gri_2_7_b,report the total number of:,Gobernanza,GRI,,GRI 2-7.b,"Head count, FTE, or other",Numeric,annual,numeric,Disclosure datapoint as defined in GRI masterfile (GRI 2-7.b).,external-standard,entity-specific,entity-assessment-required
urn:sds:reg:gri:gri_2_7_b_i,"permanent employees, and a breakdown by gender and by region;",Gobernanza,GRI,,GRI 2-7.b.i,"Head count, FTE, or other",Numeric,annual,numeric,Disclosure datapoint as defined in GRI masterfile (GRI 2-7.b.i).,external-standard,entity-specific,entity-assessment-required
urn:sds:reg:gri:gri_2_7_b_ii,"temporary employees, and a breakdown by gender and by region;",Gobernanza,GRI,,GRI 2-7.b.ii,"Head count, FTE, or other",Numeric,annual,numeric,Disclosure datapoint as defined in GRI masterfile (GRI 2-7.b.ii).,external-standard,entity-specific,entity-assessment-required
urn:sds:reg:gri:gri_2_7_b_iii,"non-guaranteed hours employees, and a breakdown by gender and by region;",Gobernanza,GRI,,GRI 2-7.b.iii,"Head count, FTE, or other",Numeric,annual,numeric,Disclosure datapoint as defined in GRI masterfile (GRI 2-7.b.iii).,external-standard,entity-specific,entity-assessment-required
urn:sds:reg:gri:gri_2_7_b_iv,"full-time employees, and a breakdown by gender and by region;",Gobernanza,GRI,,GRI 2-7.b.iv,"Head count, FTE, or other",Numeric,annual,numeric,Disclosure datapoint as defined in GRI masterfile (GRI 2-7.b.iv).,external-standard,entity-specific,entity-assessment-required
urn:sds:reg:gri:gri_2_7_b_v,"part-time employees, and a breakdown by gender and by region;",Gobernanza,GRI,,GRI 2-7.b.v,"Head count, FTE, or other",Numeric,annual,numeric,Disclosure datapoint as defined in GRI masterfile (GRI 2-7.b.v).,external-standard,entity-specific,entity-assessment-required
urn:sds:reg:gri:gri_2_7_c,"describe the methodologies and assumptions used to compile the data, including whether the numbers are reported:",Gobernanza,GRI,,GRI 2-7.c,Text,Text,annual,narrative,Disclosure datapoint as defined in GRI masterfile (GRI 2-7.c).,external-standard,entity-specific,entity-assessment-required
urn:sds:reg:gri:gri_2_7_c_i,"in head count, full-time equivalent (FTE), or using another methodology;",Gobernanza,GRI,,GRI 2-7.c.i,Text,Text,annual,narrative,Disclosure datapoint as defined in GRI masterfile (GRI 2-7.c.i).,external-standard,entity-specific,entity-assessment-required
urn:sds:reg:gri:gri_2_7_c_ii,"at the end of the reporting period, as an average across the reporting period, or using another methodology;",Gobernanza,GRI,,GRI 2-7.c.ii,Text,Text,annual,narrative,Disclosure datapoint as defined in GRI masterfile (GRI 2-7.c.ii).,external-standard,entity-specific,entity-assessment-required
urn:sds:reg:gri:gri_2_7_d,report contextual information necessary to understand the data reported under 2-7-a and 2-7-b;,Gobernanza,GRI,,GRI 2-7.d,Text,Text,annual,narrative,Disclosure datapoint as defined in GRI masterfile (GRI 2-7.d).,external-standard,entity-specific,entity-assessment-required
urn:sds:reg:gri:gri_2_7_e,describe significant fluctuations in the number of employees during the reporting period and between reporting periods.,Gobernanza,GRI,,GRI 2-7.e,Text,Text,annual,narrative,Disclosure datapoint as defined in GRI masterfile (GRI 2-7.e).,external-standard,entity-specific,entity-assessment-required
urn:sds:reg:gri:gri_2_8_a,report the total number of workers who are not employees and whose work is controlled by the organization and describe:,Gobernanza,GRI,,GRI 2-8.a,"Head count, FTE, or other",Numeric,annual,numeric,Disclosure datapoint as defined in GRI masterfile (GRI 2-8.a).,external-standard,entity-specific,entity-assessment-required
urn:sds:reg:gri:gri_2_8_a_i,the most common types of worker and their contractual relationship with the organization;,Gobernanza,GRI,,GRI 2-8.a.i,Text,Text,annual,narrative,Disclosure datapoint as defined in GRI masterfile (GRI 2-8.a.i).,external-standard,entity-specific,entity-assessment-required
urn:sds:reg:gri:gri_2_8_a_ii,the type of work they perform;,Gobernanza,GRI,,GRI 2-8.a.ii,Text,Text,annual,narrative,Disclosure datapoint as defined in GRI masterfile (GRI 2-8.a.ii).,external-standard,entity-specific,entity-assessment-required
urn:sds:reg:gri:gri_2_8_b,"describe the methodologies and assumptions used to compile the data, including whether the number of workers who are not employees is reported:",Gobernanza,GRI,,GRI 2-8.b,Text,Text,annual,narrative,Disclosure datapoint as defined in GRI masterfile (GRI 2-8.b).,external-standard,entity-specific,entity-assessment-required
urn:sds:reg:gri:gri_2_8_b_i,"in head count, full-time equivalent (FTE), or using another methodology",Gobernanza,GRI,,GRI 2-8.b.i,Text,Text,annual,narrative,Disclosure datapoint as defined in GRI masterfile (GRI 2-8.b.i).,external-standard,entity-specific,entity-assessment-required
urn:sds:reg:gri:gri_2_8_b_ii,"at the end of the reporting period, as an average across the reporting period, or using another methodology;",Gobernanza,GRI,,GRI 2-8.b.ii,Text,Text,annual,narrative,Disclosure datapoint as defined in GRI masterfile (GRI 2-8.b.ii).,external-standard,entity-specific,entity-assessment-required
urn:sds:reg:gri:gri_2_8_c,describe significant fluctuations in the number of workers who are not employees during the reporting period and between reporting periods.,Gobernanza,GRI,,GRI 2-8.c,Text,Text,annual,narrative,Disclosure datapoint as defined in GRI masterfile (GRI 2-8.c).,external-standard,entity-specific,entity-assessment-required
urn:sds:reg:gri:gri_2_9_a,"describe its governance structure, including committees of the highest governance body;",Gobernanza,GRI,,GRI 2-9.a,Text,Text,annual,narrative,Disclosure datapoint as defined in GRI masterfile (GRI 2-9.a).,external-standard,entity-specific,entity-assessment-required
urn:sds:reg:gri:gri_2_9_b,"list the committees of the highest governance body that are responsible for decision-making on and overseeing the management of the organization’s impacts on the economy, environment, and people;",Gobernanza,GRI,,GRI 2-9.b,Text,Text,annual,narrative,Disclosure datapoint as defined in GRI masterfile (GRI 2-9.b).,external-standard,entity-specific,entity-assessment-required
urn:sds:reg:gri:gri_2_9_c,describe the composition of the highest governance body and its committees by:,Gobernanza,GRI,,GRI 2-9.c,Text,Text,annual,narrative,Disclosure datapoint as defined in GRI masterfile (GRI 2-9.c).,external-standard,entity-specific,entity-assessment-required
urn:sds:reg:gri:gri_2_9_c_i,executive and non-executive members;,Gobernanza,GRI,,GRI 2-9.c.i,Text,Text,annual,narrative,Disclosure datapoint as defined in GRI masterfile (GRI 2-9.c.i).,external-standard,entity-specific,entity-assessment-required
urn:sds:reg:gri:gri_2_9_c_ii,independence;,Gobernanza,GRI,,GRI 2-9.c.ii,Text,Text,annual,narrative,Disclosure datapoint as defined in GRI masterfile (GRI 2-9.c.ii).,external-standard,entity-specific,entity-assessment-required
urn:sds:reg:gri:gri_2_9_c_iii,tenure of members on the governance body;,Gobernanza,GRI,,GRI 2-9.c.iii,Text,Text,annual,narrative,Disclosure datapoint as defined in GRI masterfile (GRI 2-9.c.iii).,external-standard,entity-specific,entity-assessment-required
urn:sds:reg:gri:gri_2_9_c_iv,"number of other significant positions and commitments held by each member, and the nature of the commitments;",Gobernanza,GRI,,GRI 2-9.c.iv,Text,Text,annual,narrative,Disclosure datapoint as defined in GRI masterfile (GRI 2-9.c.iv).,external-standard,entity-specific,entity-assessment-required
urn:sds:reg:gri:gri_2_9_c_v,gender;,Gobernanza,GRI,,GRI 2-9.c.v,Text,Text,annual,narrative,Disclosure datapoint as defined in GRI masterfile (GRI 2-9.c.v).,external-standard,entity-specific,entity-assessment-required
urn:sds:reg:gri:gri_2_9_c_vi,under-represented social groups;,Gobernanza,GRI,,GRI 2-9.c.vi,Text,Text,annual,narrative,Disclosure datapoint as defined in GRI masterfile (GRI 2-9.c.vi).,external-standard,entity-specific,entity-assessment-required
urn:sds:reg:gri:gri_2_9_c_vii,competencies relevant to the impacts of the organization;,Gobernanza,GRI,,GRI 2-9.c.vii,Text,Text,annual,narrative,Disclosure datapoint as defined in GRI masterfile (GRI 2-9.c.vii).,external-standard,entity-specific,entity-assessment-required
urn:sds:reg:gri:gri_2_9_c_viii,stakeholder representation.,Gobernanza,GRI,,GRI 2-9.c.viii,Text,Text,annual,narrative,Disclosure datapoint as defined in GRI masterfile (GRI 2-9.c.viii).,external-standard,entity-specific,entity-assessment-required
urn:sds:reg:gri:gri_201_1_a,"Direct economic value generated and distributed (EVG&D) on an accruals basis, including the basic components for the organization’s global operations as listed below. If data are presented on a cash basis, report the justification for this decision in addition to reporting the following basic components:",Gobernanza,GRI,,GRI 201-1.a,Text,Text,annual,narrative,Disclosure datapoint as defined in GRI masterfile (GRI 201-1.a).,external-standard,entity-specific,entity-assessment-required
urn:sds:reg:gri:gri_201_1_a_i,Direct economic value generated: revenues;,Gobernanza,GRI,,GRI 201-1.a.i,Text,Text,annual,narrative,Disclosure datapoint as defined in GRI masterfile (GRI 201-1.a.i).,external-standard,entity-specific,entity-assessment-required
urn:sds:reg:gri:gri_201_1_a_ii,"Economic value distributed: operating costs, employee wages and benefits,",Gobernanza,GRI,,GRI 201-1.a.ii,Text,Text,annual,narrative,Disclosure datapoint as defined in GRI masterfile (GRI 201-1.a.ii).,external-standard,entity-specific,entity-assessment-required
urn:sds:reg:gri:gri_201_1_a_iii,Economic value retained: ‘direct economic value generated’ less ‘economic value distributed’.,Gobernanza,GRI,,GRI 201-1.a.iii,Text,Text,annual,narrative,Disclosure datapoint as defined in GRI masterfile (GRI 201-1.a.iii).,external-standard,entity-specific,entity-assessment-required
urn:sds:reg:gri:gri_201_1_b,"Where significant, report EVG&D separately at country, regional, or market levels, and the criteria used for defining significance.",Gobernanza,GRI,,GRI 201-1.b,Text,Text,annual,narrative,Disclosure datapoint as defined in GRI masterfile (GRI 201-1.b).,external-standard,entity-specific,entity-assessment-required
urn:sds:reg:gri:gri_201_2_a,"Risks and opportunities posed by climate change that have the potential to generate substantive changes in operations, revenue, or expenditure, including:",Gobernanza,GRI,,GRI 201-2.a,Text,Text,annual,narrative,Disclosure datapoint as defined in GRI masterfile (GRI 201-2.a).,external-standard,entity-specific,entity-assessment-required
urn:sds:reg:gri:gri_201_2_a_i,"a description of the risk or opportunity and its classification as either physical, regulatory, or other;",Gobernanza,GRI,,GRI 201-2.a.i,Text,Text,annual,narrative,Disclosure datapoint as defined in GRI masterfile (GRI 201-2.a.i).,external-standard,entity-specific,entity-assessment-required
urn:sds:reg:gri:gri_201_2_a_ii,a description of the impact associated with the risk or opportunity;,Gobernanza,GRI,,GRI 201-2.a.ii,Text,Text,annual,narrative,Disclosure datapoint as defined in GRI masterfile (GRI 201-2.a.ii).,external-standard,entity-specific,entity-assessment-required
urn:sds:reg:gri:gri_201_2_a_iii,the financial implications of the risk or opportunity before action is taken;,Gobernanza,GRI,,GRI 201-2.a.iii,Text,Text,annual,narrative,Disclosure datapoint as defined in GRI masterfile (GRI 201-2.a.iii).,external-standard,entity-specific,entity-assessment-required
urn:sds:reg:gri:gri_201_2_a_iv,the methods used to manage the risk or opportunity;,Gobernanza,GRI,,GRI 201-2.a.iv,Text,Text,annual,narrative,Disclosure datapoint as defined in GRI masterfile (GRI 201-2.a.iv).,external-standard,entity-specific,entity-assessment-required
urn:sds:reg:gri:gri_201_2_a_v,the costs of actions taken to manage the risk or opportunity.,Gobernanza,GRI,,GRI 201-2.a.v,Text,Text,annual,narrative,Disclosure datapoint as defined in GRI masterfile (GRI 201-2.a.v).,external-standard,entity-specific,entity-assessment-required
urn:sds:reg:gri:gri_201_3_a,"If the plan’s liabilities are met by the organization’s general resources, the estimated value of those liabilities.",Gobernanza,GRI,,GRI 201-3.a,Currency,Numeric,annual,numeric,Disclosure datapoint as defined in GRI masterfile (GRI 201-3.a).,external-standard,entity-specific,entity-assessment-required
urn:sds:reg:gri:gri_201_3_b,If a separate fund exists to pay the plan’s pension liabilities:,Gobernanza,GRI,,GRI 201-3.b,Text,Text,annual,semi-narrative,Disclosure datapoint as defined in GRI masterfile (GRI 201-3.b).,external-standard,entity-specific,entity-assessment-required
urn:sds:reg:gri:gri_201_3_b_i,the extent to which the scheme’s liabilities are estimated to be covered by the assets that have been set aside to meet them;,Gobernanza,GRI,,GRI 201-3.b.i,Text,Text,annual,narrative,Disclosure datapoint as defined in GRI masterfile (GRI 201-3.b.i).,external-standard,entity-specific,entity-assessment-required
urn:sds:reg:gri:gri_201_3_b_ii,the basis on which that estimate has been arrived at;,Gobernanza,GRI,,GRI 201-3.b.ii,Text,Text,annual,narrative,Disclosure datapoint as defined in GRI masterfile (GRI 201-3.b.ii).,external-standard,entity-specific,entity-assessment-required
urn:sds:reg:gri:gri_201_3_b_iii,when that estimate was made.,Gobernanza,GRI,,GRI 201-3.b.iii,Text,Text,annual,narrative,Disclosure datapoint as defined in GRI masterfile (GRI 201-3.b.iii).,external-standard,entity-specific,entity-assessment-required
urn:sds:reg:gri:gri_201_3_c,"If a fund set up to pay the plan’s pension liabilities is not fully covered, explain the strategy, if any, adopted by the employer to work towards full coverage, and the timescale, if any, by which the employer hopes to achieve full coverage.",Gobernanza,GRI,,GRI 201-3.c,Text,Text,annual,narrative,Disclosure datapoint as defined in GRI masterfile (GRI 201-3.c).,external-standard,entity-specific,entity-assessment-required
urn:sds:reg:gri:gri_201_3_d,Percentage of salary contributed by employee or employer.,Gobernanza,GRI,,GRI 201-3.d,Percentage,Numeric,annual,numeric,Disclosure datapoint as defined in GRI masterfile (GRI 201-3.d).,external-standard,entity-specific,entity-assessment-required
urn:sds:reg:gri:gri_201_3_e,"Level of participation in retirement plans, such as participation in mandatory or voluntary schemes, regional, or country-based schemes, or those with financial impact.",Gobernanza,GRI,,GRI 201-3.e,Text,Text,annual,narrative,Disclosure datapoint as defined in GRI masterfile (GRI 201-3.e).,external-standard,entity-specific,entity-assessment-required
urn:sds:reg:gri:gri_201_4_a,"Total monetary value of financial assistance received by the organization from any government during the reporting period, including:",Gobernanza,GRI,,GRI 201-4.a,Currency,Numeric,annual,numeric,Disclosure datapoint as defined in GRI masterfile (GRI 201-4.a).,external-standard,entity-specific,entity-assessment-required
urn:sds:reg:gri:gri_201_4_a_i,tax relief and tax credits;,Gobernanza,GRI,,GRI 201-4.a.i,Currency,Numeric,annual,numeric,Disclosure datapoint as defined in GRI masterfile (GRI 201-4.a.i).,external-standard,entity-specific,entity-assessment-required
urn:sds:reg:gri:gri_201_4_a_ii,subsidies;,Gobernanza,GRI,,GRI 201-4.a.ii,Currency,Numeric,annual,numeric,Disclosure datapoint as defined in GRI masterfile (GRI 201-4.a.ii).,external-standard,entity-specific,entity-assessment-required
urn:sds:reg:gri:gri_201_4_a_iii,"investment grants, research and development grants, and other relevant types of grant;",Gobernanza,GRI,,GRI 201-4.a.iii,Currency,Numeric,annual,numeric,Disclosure datapoint as defined in GRI masterfile (GRI 201-4.a.iii).,external-standard,entity-specific,entity-assessment-required
urn:sds:reg:gri:gri_201_4_a_iv,awards;,Gobernanza,GRI,,GRI 201-4.a.iv,Currency,Numeric,annual,numeric,Disclosure datapoint as defined in GRI masterfile (GRI 201-4.a.iv).,external-standard,entity-specific,entity-assessment-required
urn:sds:reg:gri:gri_201_4_a_v,royalty holidays;,Gobernanza,GRI,,GRI 201-4.a.v,Currency,Numeric,annual,numeric,Disclosure datapoint as defined in GRI masterfile (GRI 201-4.a.v).,external-standard,entity-specific,entity-assessment-required
urn:sds:reg:gri:gri_201_4_a_vi,financial assistance from Export Credit Agencies (ECAs);,Gobernanza,GRI,,GRI 201-4.a.vi,Currency,Numeric,annual,numeric,Disclosure datapoint as defined in GRI masterfile (GRI 201-4.a.vi).,external-standard,entity-specific,entity-assessment-required
urn:sds:reg:gri:gri_201_4_a_vii,financial incentives;,Gobernanza,GRI,,GRI 201-4.a.vii,Currency,Numeric,annual,numeric,Disclosure datapoint as defined in GRI masterfile (GRI 201-4.a.vii).,external-standard,entity-specific,entity-assessment-required
urn:sds:reg:gri:gri_201_4_a_viii,other financial benefits received or receivable from any government for any operation.,Gobernanza,GRI,,GRI 201-4.a.viii,Currency,Numeric,annual,numeric,Disclosure datapoint as defined in GRI masterfile (GRI 201-4.a.viii).,external-standard,entity-specific,entity-assessment-required
urn:sds:reg:gri:gri_201_4_b,The information in 201-4-a by country.,Gobernanza,GRI,,GRI 201-4.b,Text,Text,annual,narrative,Disclosure datapoint as defined in GRI masterfile (GRI 201-4.b).,external-standard,entity-specific,entity-assessment-required
urn:sds:reg:gri:gri_201_4_c,"Whether, and the extent to which, any government is present in the shareholding structure.",Gobernanza,GRI,,GRI 201-4.c,Text,Text,annual,narrative,Disclosure datapoint as defined in GRI masterfile (GRI 201-4.c).,external-standard,entity-specific,entity-assessment-required
urn:sds:reg:gri:gri_202_1_a,"When a significant proportion of employees are compensated based on wages subject to minimum wage rules, report the relevant ratio of the entry level wage by gender at significant locations of operation to the minimum wage",Gobernanza,GRI,,GRI 202-1.a,Text,Text,annual,narrative,Disclosure datapoint as defined in GRI masterfile (GRI 202-1.a).,external-standard,entity-specific,entity-assessment-required
urn:sds:reg:gri:gri_202_1_b,"When a significant proportion of other workers (excluding employees) performing the organization’s activities are compensated based on wages subject to minimum wage rules, describe the actions taken to determine whether these workers are paid above the minimum wage.",Gobernanza,GRI,,GRI 202-1.b,Text,Text,annual,narrative,Disclosure datapoint as defined in GRI masterfile (GRI 202-1.b).,external-standard,entity-specific,entity-assessment-required
urn:sds:reg:gri:gri_202_1_c,"Whether a local minimum wage is absent or variable at significant locations of operation, by gender. In circumstances in which different minimums can be used as a reference, report which minimum wage is being used.",Gobernanza,GRI,,GRI 202-1.c,Text,Text,annual,narrative,Disclosure datapoint as defined in GRI masterfile (GRI 202-1.c).,external-standard,entity-specific,entity-assessment-required
urn:sds:reg:gri:gri_202_1_d,The definition used for ‘significant locations of operation’.,Gobernanza,GRI,,GRI 202-1.d,Text,Text,annual,narrative,Disclosure datapoint as defined in GRI masterfile (GRI 202-1.d).,external-standard,entity-specific,entity-assessment-required
urn:sds:reg:gri:gri_202_2_a,Percentage of senior management at significant locations of operation that are hired from the local community.,Gobernanza,GRI,,GRI 202-2.a,Text,Text,annual,narrative,Disclosure datapoint as defined in GRI masterfile (GRI 202-2.a).,external-standard,entity-specific,entity-assessment-required
urn:sds:reg:gri:gri_202_2_b,The definition used for ‘senior management’.,Gobernanza,GRI,,GRI 202-2.b,Text,Text,annual,narrative,Disclosure datapoint as defined in GRI masterfile (GRI 202-2.b).,external-standard,entity-specific,entity-assessment-required
urn:sds:reg:gri:gri_202_2_c,The organization’s geographical definition of ‘local’.,Gobernanza,GRI,,GRI 202-2.c,Text,Text,annual,narrative,Disclosure datapoint as defined in GRI masterfile (GRI 202-2.c).,external-standard,entity-specific,entity-assessment-required
urn:sds:reg:gri:gri_202_2_d,The definition used for ‘significant locations of operation’.,Gobernanza,GRI,,GRI 202-2.d,Text,Text,annual,narrative,Disclosure datapoint as defined in GRI masterfile (GRI 202-2.d).,external-standard,entity-specific,entity-assessment-required
urn:sds:reg:gri:gri_203_1_a,Extent of development of significant  infrastructure investments and services supported.,Gobernanza,GRI,,GRI 203-1.a,Text,Text,annual,narrative,Disclosure datapoint as defined in GRI masterfile (GRI 203-1.a).,external-standard,entity-specific,entity-assessment-required
urn:sds:reg:gri:gri_203_1_b,"Current or expected impacts on communities and local economies, including positive and negative impacts where relevant.",Gobernanza,GRI,,GRI 203-1.b,Text,Text,annual,narrative,Disclosure datapoint as defined in GRI masterfile (GRI 203-1.b).,external-standard,entity-specific,entity-assessment-required
urn:sds:reg:gri:gri_203_1_c,"Whether these investments and services are commercial, in-kind, or pro bono engagements.",Gobernanza,GRI,,GRI 203-1.c,Text,Text,annual,narrative,Disclosure datapoint as defined in GRI masterfile (GRI 203-1.c).,external-standard,entity-specific,entity-assessment-required
urn:sds:reg:gri:gri_203_2_a,"Examples of significant identified indirect economic impacts of the organization, including positive and negative impacts.",Gobernanza,GRI,,GRI 203-2.a,Text,Text,annual,narrative,Disclosure datapoint as defined in GRI masterfile (GRI 203-2.a).,external-standard,entity-specific,entity-assessment-required
urn:sds:reg:gri:gri_203_2_b,"Significance of the indirect economic impacts in the context of external benchmarks and stakeholder priorities, such as national and international standards, protocols, and policy agendas.",Gobernanza,GRI,,GRI 203-2.b,Text,Text,annual,narrative,Disclosure datapoint as defined in GRI masterfile (GRI 203-2.b).,external-standard,entity-specific,entity-assessment-required
urn:sds:reg:gri:gri_204_1_a,Percentage of the procurement budget used for significant locations of operation that is spent on suppliers local to that operation (such as percentage of products and services purchased locally).,Gobernanza,GRI,,GRI 204-1.a,Percentage,Numeric,annual,numeric,Disclosure datapoint as defined in GRI masterfile (GRI 204-1.a).,external-standard,entity-specific,entity-assessment-required
urn:sds:reg:gri:gri_204_1_b,The organization’s geographical definition of ‘local’.,Gobernanza,GRI,,GRI 204-1.b,Text,Text,annual,narrative,Disclosure datapoint as defined in GRI masterfile (GRI 204-1.b).,external-standard,entity-specific,entity-assessment-required
urn:sds:reg:gri:gri_204_1_c,The definition used for ‘significant locations of operation’.,Gobernanza,GRI,,GRI 204-1.c,Text,Text,annual,narrative,Disclosure datapoint as defined in GRI masterfile (GRI 204-1.c).,external-standard,entity-specific,entity-assessment-required
urn:sds:reg:gri:gri_205_1_a,Total number and percentage of operations assessed for risks related to corruption.,Gobernanza,GRI,,GRI 205-1.a,Text,Text,annual,narrative,Disclosure datapoint as defined in GRI masterfile (GRI 205-1.a).,external-standard,entity-specific,entity-assessment-required
urn:sds:reg:gri:gri_205_1_b,Significant risks related to corruption identified through the risk assessment.,Gobernanza,GRI,,GRI 205-1.b,Text,Text,annual,narrative,Disclosure datapoint as defined in GRI masterfile (GRI 205-1.b).,external-standard,entity-specific,entity-assessment-required
urn:sds:reg:gri:gri_205_2_a,"Total number and percentage of governance body members that the organization’s anti-corruption policies and procedures have been communicated to, broken down by region.",Gobernanza,GRI,,GRI 205-2.a,Text,Text,annual,narrative,Disclosure datapoint as defined in GRI masterfile (GRI 205-2.a).,external-standard,entity-specific,entity-assessment-required
urn:sds:reg:gri:gri_205_2_b,"Total number and percentage of employees that the organization’s anti-corruption policies and procedures have been communicated to, broken down by employee category and region.",Gobernanza,GRI,,GRI 205-2.b,Text,Text,annual,narrative,Disclosure datapoint as defined in GRI masterfile (GRI 205-2.b).,external-standard,entity-specific,entity-assessment-required
urn:sds:reg:gri:gri_205_2_c,"Total number and percentage of business partners that the organization’s anti-corruption policies and procedures have been communicated to, broken down by type of business partner and region. Describe if the organization’s anti-corruption policies and procedures have been communicated to any other persons or organizations.",Gobernanza,GRI,,GRI 205-2.c,Text,Text,annual,narrative,Disclosure datapoint as defined in GRI masterfile (GRI 205-2.c).,external-standard,entity-specific,entity-assessment-required
urn:sds:reg:gri:gri_205_2_d,"Total number and percentage of governance body members that have received training on anti-corruption, broken down by region.",Gobernanza,GRI,,GRI 205-2.d,Text,Text,annual,narrative,Disclosure datapoint as defined in GRI masterfile (GRI 205-2.d).,external-standard,entity-specific,entity-assessment-required
urn:sds:reg:gri:gri_205_2_e,"Total number and percentage of employees that have received training on anti-corruption, broken down by employee category and region.",Gobernanza,GRI,,GRI 205-2.e,Text,Text,annual,narrative,Disclosure datapoint as defined in GRI masterfile (GRI 205-2.e).,external-standard,entity-specific,entity-assessment-required
urn:sds:reg:gri:gri_205_3_a,Total number and nature of confirmed incidents of corruption.,Gobernanza,GRI,,GRI 205-3.a,Text,Text,annual,narrative,Disclosure datapoint as defined in GRI masterfile (GRI 205-3.a).,external-standard,entity-specific,entity-assessment-required
urn:sds:reg:gri:gri_205_3_b,Total number of confirmed incidents in which employees were dismissed or disciplined for corruption.,Gobernanza,GRI,,GRI 205-3.b,Numeric,Numeric,annual,numeric,Disclosure datapoint as defined in GRI masterfile (GRI 205-3.b).,external-standard,entity-specific,entity-assessment-required
urn:sds:reg:gri:gri_205_3_c,Total number of confirmed incidents when contracts with business partners were terminated or not renewed due to violations related to corruption.,Gobernanza,GRI,,GRI 205-3.c,Numeric,Numeric,annual,numeric,Disclosure datapoint as defined in GRI masterfile (GRI 205-3.c).,external-standard,entity-specific,entity-assessment-required
urn:sds:reg:gri:gri_205_3_d,Public legal cases regarding corruption brought against the organization or its employees during the reporting period and the outcomes of such cases.,Gobernanza,GRI,,GRI 205-3.d,Text,Text,annual,narrative,Disclosure datapoint as defined in GRI masterfile (GRI 205-3.d).,external-standard,entity-specific,entity-assessment-required
urn:sds:reg:gri:gri_206_1_a,Number of legal actions pending or completed during the reporting period regarding anti-competitive behavior and violations of anti-trust and monopoly legislation in which the organization has been identified as a participant.,Gobernanza,GRI,,GRI 206-1.a,Text,Text,annual,narrative,Disclosure datapoint as defined in GRI masterfile (GRI 206-1.a).,external-standard,entity-specific,entity-assessment-required
urn:sds:reg:gri:gri_206_1_b,"Main outcomes of completed legal actions, including any decisions or judgements.",Gobernanza,GRI,,GRI 206-1.b,Text,Text,annual,narrative,Disclosure datapoint as defined in GRI masterfile (GRI 206-1.b).,external-standard,entity-specific,entity-assessment-required
urn:sds:reg:gri:gri_207_1_a,"A description of the approach to tax, including:",Gobernanza,GRI,,GRI 207-1.a,Text,Text,annual,narrative,Disclosure datapoint as defined in GRI masterfile (GRI 207-1.a).,external-standard,entity-specific,entity-assessment-required
urn:sds:reg:gri:gri_207_1_a_i,"whether the organization has a tax strategy and, if so, a link to this strategy if publicly available;",Gobernanza,GRI,,GRI 207-1.a.i,Text,Text,annual,narrative,Disclosure datapoint as defined in GRI masterfile (GRI 207-1.a.i).,external-standard,entity-specific,entity-assessment-required
urn:sds:reg:gri:gri_207_1_a_ii,"the governance body or executive-level position within the organization that formally reviews and approves the tax strategy, and the frequency of this review;",Gobernanza,GRI,,GRI 207-1.a.ii,Text,Text,annual,narrative,Disclosure datapoint as defined in GRI masterfile (GRI 207-1.a.ii).,external-standard,entity-specific,entity-assessment-required
urn:sds:reg:gri:gri_207_1_a_iii,the approach to regulatory compliance;,Gobernanza,GRI,,GRI 207-1.a.iii,Text,Text,annual,narrative,Disclosure datapoint as defined in GRI masterfile (GRI 207-1.a.iii).,external-standard,entity-specific,entity-assessment-required
urn:sds:reg:gri:gri_207_1_a_iv,how the approach to tax is linked to the business and sustainable development strategies of the organization.,Gobernanza,GRI,,GRI 207-1.a.iv,Text,Text,annual,narrative,Disclosure datapoint as defined in GRI masterfile (GRI 207-1.a.iv).,external-standard,entity-specific,entity-assessment-required
urn:sds:reg:gri:gri_207_2_a,"A description of the tax governance and control framework, including:",Gobernanza,GRI,,GRI 207-2.a,Text,Text,annual,narrative,Disclosure datapoint as defined in GRI masterfile (GRI 207-2.a).,external-standard,entity-specific,entity-assessment-required
urn:sds:reg:gri:gri_207_2_a_i,the governance body or executive-level position within the organization accountable for compliance with the tax strategy;,Gobernanza,GRI,,GRI 207-2.a.i,Text,Text,annual,narrative,Disclosure datapoint as defined in GRI masterfile (GRI 207-2.a.i).,external-standard,entity-specific,entity-assessment-required
urn:sds:reg:gri:gri_207_2_a_ii,how the approach to tax is embedded within the organization;,Gobernanza,GRI,,GRI 207-2.a.ii,Text,Text,annual,narrative,Disclosure datapoint as defined in GRI masterfile (GRI 207-2.a.ii).,external-standard,entity-specific,entity-assessment-required
urn:sds:reg:gri:gri_207_2_a_iii,"the approach to tax risks, including how risks are identified, managed, and monitored;",Gobernanza,GRI,,GRI 207-2.a.iii,Text,Text,annual,narrative,Disclosure datapoint as defined in GRI masterfile (GRI 207-2.a.iii).,external-standard,entity-specific,entity-assessment-required
urn:sds:reg:gri:gri_207_2_a_iv,how compliance with the tax governance and control framework is evaluated.,Gobernanza,GRI,,GRI 207-2.a.iv,Text,Text,annual,narrative,Disclosure datapoint as defined in GRI masterfile (GRI 207-2.a.iv).,external-standard,entity-specific,entity-assessment-required
urn:sds:reg:gri:gri_207_2_b,A description of the mechanisms to raise concerns about the organization’s business conduct and the organization’s integrity in relation to tax.,Gobernanza,GRI,,GRI 207-2.b,Text,Text,annual,narrative,Disclosure datapoint as defined in GRI masterfile (GRI 207-2.b).,external-standard,entity-specific,entity-assessment-required
urn:sds:reg:gri:gri_207_2_c,"A description of the assurance process for disclosures on tax including, if applicable, a link or reference to the external assurance report(s) or assurance statement(s).",Gobernanza,GRI,,GRI 207-2.c,Text,Text,annual,narrative,Disclosure datapoint as defined in GRI masterfile (GRI 207-2.c).,external-standard,entity-specific,entity-assessment-required
urn:sds:reg:gri:gri_207_3_a,"A description of the approach to stakeholder engagement and management of stakeholder concerns related to tax, including:",Gobernanza,GRI,,GRI 207-3.a,Text,Text,annual,narrative,Disclosure datapoint as defined in GRI masterfile (GRI 207-3.a).,external-standard,entity-specific,entity-assessment-required
urn:sds:reg:gri:gri_207_3_a_i,the approach to engagement with tax authorities;,Gobernanza,GRI,,GRI 207-3.a.i,Text,Text,annual,narrative,Disclosure datapoint as defined in GRI masterfile (GRI 207-3.a.i).,external-standard,entity-specific,entity-assessment-required
urn:sds:reg:gri:gri_207_3_a_ii,the approach to public policy advocacy on tax;,Gobernanza,GRI,,GRI 207-3.a.ii,Text,Text,annual,narrative,Disclosure datapoint as defined in GRI masterfile (GRI 207-3.a.ii).,external-standard,entity-specific,entity-assessment-required
urn:sds:reg:gri:gri_207_3_a_iii,"the processes for collecting and considering the views and concerns of stakeholders, including external stakeholders.",Gobernanza,GRI,,GRI 207-3.a.iii,Text,Text,annual,narrative,Disclosure datapoint as defined in GRI masterfile (GRI 207-3.a.iii).,external-standard,entity-specific,entity-assessment-required
urn:sds:reg:gri:gri_207_4_a,"All tax jurisdictions where the entities included in the organization’s audited consolidated financial statements, or in the financial information filed on public record, are resident for tax purposes",Gobernanza,GRI,,GRI 207-4.a,Text,Text,annual,narrative,Disclosure datapoint as defined in GRI masterfile (GRI 207-4.a).,external-standard,entity-specific,entity-assessment-required
urn:sds:reg:gri:gri_207_4_b,For each tax jurisdiction reported in Disclosure 207-4-a:,Gobernanza,GRI,,GRI 207-4.b,Text,Text,annual,narrative,Disclosure datapoint as defined in GRI masterfile (GRI 207-4.b).,external-standard,entity-specific,entity-assessment-required
urn:sds:reg:gri:gri_207_4_b_i,Names of the resident entities;,Gobernanza,GRI,,GRI 207-4.b.i,Text,Text,annual,narrative,Disclosure datapoint as defined in GRI masterfile (GRI 207-4.b.i).,external-standard,entity-specific,entity-assessment-required
urn:sds:reg:gri:gri_207_4_b_ii,Primary activities of the organization;,Gobernanza,GRI,,GRI 207-4.b.ii,Text,Text,annual,narrative,Disclosure datapoint as defined in GRI masterfile (GRI 207-4.b.ii).,external-standard,entity-specific,entity-assessment-required
urn:sds:reg:gri:gri_207_4_b_iii,"Number of employees, and the basis of calculation of this number;",Gobernanza,GRI,,GRI 207-4.b.iii,Text,Text,annual,narrative,Disclosure datapoint as defined in GRI masterfile (GRI 207-4.b.iii).,external-standard,entity-specific,entity-assessment-required
urn:sds:reg:gri:gri_207_4_b_iv,Revenues from third-party sales;,Gobernanza,GRI,,GRI 207-4.b.iv,Currency,Numeric,annual,numeric,Disclosure datapoint as defined in GRI masterfile (GRI 207-4.b.iv).,external-standard,entity-specific,entity-assessment-required
urn:sds:reg:gri:gri_207_4_b_ix,Corporate income tax accrued on profit/loss;,Gobernanza,GRI,,GRI 207-4.b.ix,Currency,Numeric,annual,numeric,Disclosure datapoint as defined in GRI masterfile (GRI 207-4.b.ix).,external-standard,entity-specific,entity-assessment-required
urn:sds:reg:gri:gri_207_4_b_v,Revenues from intra-group transactions with other tax jurisdictions;,Gobernanza,GRI,,GRI 207-4.b.v,Currency,Numeric,annual,numeric,Disclosure datapoint as defined in GRI masterfile (GRI 207-4.b.v).,external-standard,entity-specific,entity-assessment-required
urn:sds:reg:gri:gri_207_4_b_vi,Profit/loss before tax;,Gobernanza,GRI,,GRI 207-4.b.vi,Currency,Numeric,annual,numeric,Disclosure datapoint as defined in GRI masterfile (GRI 207-4.b.vi).,external-standard,entity-specific,entity-assessment-required
urn:sds:reg:gri:gri_207_4_b_vii,Tangible assets other than cash and cash equivalents;,Gobernanza,GRI,,GRI 207-4.b.vii,Currency,Numeric,annual,numeric,Disclosure datapoint as defined in GRI masterfile (GRI 207-4.b.vii).,external-standard,entity-specific,entity-assessment-required
urn:sds:reg:gri:gri_207_4_b_viii,Corporate income tax paid on a cash basis;,Gobernanza,GRI,,GRI 207-4.b.viii,Currency,Numeric,annual,numeric,Disclosure datapoint as defined in GRI masterfile (GRI 207-4.b.viii).,external-standard,entity-specific,entity-assessment-required
urn:sds:reg:gri:gri_207_4_b_x,Reasons for the difference between corporate income tax accrued on profit/loss and the tax due if the statutory tax rate is applied to profit/loss before tax.,Gobernanza,GRI,,GRI 207-4.b.x,Text,Text,annual,narrative,Disclosure datapoint as defined in GRI masterfile (GRI 207-4.b.x).,external-standard,entity-specific,entity-assessment-required
urn:sds:reg:gri:gri_207_4_c,The time period covered by the information reported in Disclosure 207-4.,Gobernanza,GRI,,GRI 207-4.c,Date,Date,annual,narrative,Disclosure datapoint as defined in GRI masterfile (GRI 207-4.c).,external-standard,entity-specific,entity-assessment-required
urn:sds:reg:gri:gri_3_1_a,"describe the process it has followed to determine its material topics, including:",Transversal/General,GRI,,GRI 3-1.a,Text,Text,annual,narrative,Disclosure datapoint as defined in GRI masterfile (GRI 3-1.a).,external-standard,entity-specific,entity-assessment-required
urn:sds:reg:gri:gri_3_1_a_i,"how it has identified actual and potential, negative and positive impacts on the economy, environment, and people, including impacts on their human rights, across its activities and business relationships;",Transversal/General,GRI,,GRI 3-1.a.i,Text,Text,annual,narrative,Disclosure datapoint as defined in GRI masterfile (GRI 3-1.a.i).,external-standard,entity-specific,entity-assessment-required
urn:sds:reg:gri:gri_3_1_a_ii,how it has prioritized the impacts for reporting based on their significance;,Transversal/General,GRI,,GRI 3-1.a.ii,Text,Text,annual,narrative,Disclosure datapoint as defined in GRI masterfile (GRI 3-1.a.ii).,external-standard,entity-specific,entity-assessment-required
urn:sds:reg:gri:gri_3_1_b,specify the stakeholders and experts whose views have informed the process of determining its material topics.,Transversal/General,GRI,,GRI 3-1.b,Text,Text,annual,narrative,Disclosure datapoint as defined in GRI masterfile (GRI 3-1.b).,external-standard,entity-specific,entity-assessment-required
urn:sds:reg:gri:gri_3_2_a,list its material topics;,Transversal/General,GRI,,GRI 3-2.a,Text,Text,annual,semi-narrative,Disclosure datapoint as defined in GRI masterfile (GRI 3-2.a).,external-standard,entity-specific,entity-assessment-required
urn:sds:reg:gri:gri_3_2_b,report changes to the list of material topics compared to the previous reporting period.,Transversal/General,GRI,,GRI 3-2.b,Text,Text,annual,narrative,Disclosure datapoint as defined in GRI masterfile (GRI 3-2.b).,external-standard,entity-specific,entity-assessment-required
urn:sds:reg:gri:gri_3_3_a,"describe the actual and potential, negative and positive impacts on the economy, environment, and people, including impacts on their human rights;",Transversal/General,GRI,,GRI 3-3.a,Text,Text,annual,narrative,Disclosure datapoint as defined in GRI masterfile (GRI 3-3.a).,external-standard,entity-specific,entity-assessment-required
urn:sds:reg:gri:gri_3_3_b,"report whether the organization is involved with the negative impacts through its activities or as a result of its business relationships, and describe the activities or business relationships;",Transversal/General,GRI,,GRI 3-3.b,Text,Text,annual,narrative,Disclosure datapoint as defined in GRI masterfile (GRI 3-3.b).,external-standard,entity-specific,entity-assessment-required
urn:sds:reg:gri:gri_3_3_c,describe its policies or commitments regarding the material topic;,Transversal/General,GRI,,GRI 3-3.c,Text,Text,annual,narrative,Disclosure datapoint as defined in GRI masterfile (GRI 3-3.c).,external-standard,entity-specific,entity-assessment-required
urn:sds:reg:gri:gri_3_3_d,"describe actions taken to manage the topic and related impacts, including:",Transversal/General,GRI,,GRI 3-3.d,Text,Text,annual,narrative,Disclosure datapoint as defined in GRI masterfile (GRI 3-3.d).,external-standard,entity-specific,entity-assessment-required
urn:sds:reg:gri:gri_3_3_d_i,actions to prevent or mitigate potential negative impacts;,Transversal/General,GRI,,GRI 3-3.d.i,Text,Text,annual,narrative,Disclosure datapoint as defined in GRI masterfile (GRI 3-3.d.i).,external-standard,entity-specific,entity-assessment-required
urn:sds:reg:gri:gri_3_3_d_ii,"actions to address actual negative impacts, including actions to provide for or cooperate in their remediation;",Transversal/General,GRI,,GRI 3-3.d.ii,Text,Text,annual,narrative,Disclosure datapoint as defined in GRI masterfile (GRI 3-3.d.ii).,external-standard,entity-specific,entity-assessment-required
urn:sds:reg:gri:gri_3_3_d_iii,actions to manage actual and potential positive impacts;,Transversal/General,GRI,,GRI 3-3.d.iii,Text,Text,annual,narrative,Disclosure datapoint as defined in GRI masterfile (GRI 3-3.d.iii).,external-standard,entity-specific,entity-assessment-required
urn:sds:reg:gri:gri_3_3_e,report the following information about tracking the effectiveness of the actions taken:,Transversal/General,GRI,,GRI 3-3.e,Text,Text,annual,narrative,Disclosure datapoint as defined in GRI masterfile (GRI 3-3.e).,external-standard,entity-specific,entity-assessment-required
urn:sds:reg:gri:gri_3_3_e_i,processes used to track the effectiveness of the actions;,Transversal/General,GRI,,GRI 3-3.e.i,Text,Text,annual,narrative,Disclosure datapoint as defined in GRI masterfile (GRI 3-3.e.i).,external-standard,entity-specific,entity-assessment-required
urn:sds:reg:gri:gri_3_3_e_ii,"goals, targets, and indicators used to evaluate progress;",Transversal/General,GRI,,GRI 3-3.e.ii,Text,Text,annual,narrative,Disclosure datapoint as defined in GRI masterfile (GRI 3-3.e.ii).,external-standard,entity-specific,entity-assessment-required
urn:sds:reg:gri:gri_3_3_e_iii,"the effectiveness of the actions, including progress toward the goals and targets;",Transversal/General,GRI,,GRI 3-3.e.iii,Text,Text,annual,narrative,Disclosure datapoint as defined in GRI masterfile (GRI 3-3.e.iii).,external-standard,entity-specific,entity-assessment-required
urn:sds:reg:gri:gri_3_3_e_iv,lessons learned and how these have been incorporated into the organization’s operational policies and procedures;,Transversal/General,GRI,,GRI 3-3.e.iv,Text,Text,annual,narrative,Disclosure datapoint as defined in GRI masterfile (GRI 3-3.e.iv).,external-standard,entity-specific,entity-assessment-required
urn:sds:reg:gri:gri_3_3_f,describe how engagement with stakeholders has informed the actions taken (3-3-d) and how it has informed whether the actions have been effective (3-3-e).,Transversal/General,GRI,,GRI 3-3.f,Text,Text,annual,narrative,Disclosure datapoint as defined in GRI masterfile (GRI 3-3.f).,external-standard,entity-specific,entity-assessment-required
urn:sds:reg:gri:gri_301_1_a,"Total weight or volume of materials that are used to produce and package the organization’s primary products and services during the reporting period, by:",Ambiental,GRI,,GRI 301-1.a,weight or volume,Numeric,annual,numeric,Disclosure datapoint as defined in GRI masterfile (GRI 301-1.a).,external-standard,entity-specific,entity-assessment-required
urn:sds:reg:gri:gri_301_1_a_i,non-renewable materials used;,Ambiental,GRI,,GRI 301-1.a.i,weight or volume,Numeric,annual,numeric,Disclosure datapoint as defined in GRI masterfile (GRI 301-1.a.i).,external-standard,entity-specific,entity-assessment-required
urn:sds:reg:gri:gri_301_1_a_ii,renewable materials used.,Ambiental,GRI,,GRI 301-1.a.ii,weight or volume,Numeric,annual,numeric,Disclosure datapoint as defined in GRI masterfile (GRI 301-1.a.ii).,external-standard,entity-specific,entity-assessment-required
urn:sds:reg:gri:gri_301_2_a,Percentage of recycled input materials used to manufacture the organization's primary products and services.,Ambiental,GRI,,GRI 301-2.a,Percentage,Numeric,annual,numeric,Disclosure datapoint as defined in GRI masterfile (GRI 301-2.a).,external-standard,entity-specific,entity-assessment-required
urn:sds:reg:gri:gri_301_3_a,Percentage of reclaimed products and their packaging materials for each product category.,Ambiental,GRI,,GRI 301-3.a,Text,Text,annual,narrative,Disclosure datapoint as defined in GRI masterfile (GRI 301-3.a).,external-standard,entity-specific,entity-assessment-required
urn:sds:reg:gri:gri_301_3_b,How the data for this disclosure have been collected.,Ambiental,GRI,,GRI 301-3.b,Text,Text,annual,narrative,Disclosure datapoint as defined in GRI masterfile (GRI 301-3.b).,external-standard,entity-specific,entity-assessment-required
urn:sds:reg:gri:gri_302_1_c_iv,steam consumption,Ambiental,GRI,,GRI 302-1 c.iv,"Joules, watt-hours or multiples",Numeric,annual,numeric,Disclosure datapoint as defined in GRI masterfile (GRI 302-1 c.iv).,external-standard,entity-specific,entity-assessment-required
urn:sds:reg:gri:gri_302_1_a,"Total fuel consumption within the organization from non-renewable sources, in joules or multiples, and including fuel types used.",Ambiental,GRI,,GRI 302-1.a,Text,Text,annual,narrative,Disclosure datapoint as defined in GRI masterfile (GRI 302-1.a).,external-standard,entity-specific,entity-assessment-required
urn:sds:reg:gri:gri_302_1_b,"Total fuel consumption within the organization from renewable sources, in joules or multiples, and including fuel types used.",Ambiental,GRI,,GRI 302-1.b,Text,Text,annual,narrative,Disclosure datapoint as defined in GRI masterfile (GRI 302-1.b).,external-standard,entity-specific,entity-assessment-required
urn:sds:reg:gri:gri_302_1_c,"In joules, watt-hours or multiples, the total:",Ambiental,GRI,,GRI 302-1.c,"Joules, watt-hours or multiples",Energy,annual,numeric,Disclosure datapoint as defined in GRI masterfile (GRI 302-1.c).,external-standard,entity-specific,entity-assessment-required
urn:sds:reg:gri:gri_302_1_c_i,electricity consumption,Ambiental,GRI,,GRI 302-1.c.i,"Joules, watt-hours or multiples",Numeric,annual,numeric,Disclosure datapoint as defined in GRI masterfile (GRI 302-1.c.i).,external-standard,entity-specific,entity-assessment-required
urn:sds:reg:gri:gri_302_1_c_ii,heating consumption,Ambiental,GRI,,GRI 302-1.c.ii,"Joules, watt-hours or multiples",Numeric,annual,numeric,Disclosure datapoint as defined in GRI masterfile (GRI 302-1.c.ii).,external-standard,entity-specific,entity-assessment-required
urn:sds:reg:gri:gri_302_1_c_iii,cooling consumption,Ambiental,GRI,,GRI 302-1.c.iii,"Joules, watt-hours or multiples",Numeric,annual,numeric,Disclosure datapoint as defined in GRI masterfile (GRI 302-1.c.iii).,external-standard,entity-specific,entity-assessment-required
urn:sds:reg:gri:gri_302_1_d,"In joules, watt-hours or multiples, the total:",Ambiental,GRI,,GRI 302-1.d,"Joules, watt-hours or multiples",Energy,annual,numeric,Disclosure datapoint as defined in GRI masterfile (GRI 302-1.d).,external-standard,entity-specific,entity-assessment-required
urn:sds:reg:gri:gri_302_1_d_i,electricity sold,Ambiental,GRI,,GRI 302-1.d.i,"Joules, watt-hours or multiples",Numeric,annual,numeric,Disclosure datapoint as defined in GRI masterfile (GRI 302-1.d.i).,external-standard,entity-specific,entity-assessment-required
urn:sds:reg:gri:gri_302_1_d_ii,heating sold,Ambiental,GRI,,GRI 302-1.d.ii,"Joules, watt-hours or multiples",Numeric,annual,numeric,Disclosure datapoint as defined in GRI masterfile (GRI 302-1.d.ii).,external-standard,entity-specific,entity-assessment-required
urn:sds:reg:gri:gri_302_1_d_iii,cooling sold,Ambiental,GRI,,GRI 302-1.d.iii,"Joules, watt-hours or multiples",Numeric,annual,numeric,Disclosure datapoint as defined in GRI masterfile (GRI 302-1.d.iii).,external-standard,entity-specific,entity-assessment-required
urn:sds:reg:gri:gri_302_1_d_iv,steam sold,Ambiental,GRI,,GRI 302-1.d.iv,"Joules, watt-hours or multiples",Numeric,annual,numeric,Disclosure datapoint as defined in GRI masterfile (GRI 302-1.d.iv).,external-standard,entity-specific,entity-assessment-required
urn:sds:reg:gri:gri_302_1_e,"Total energy consumption within the organization, in joules or multiples.",Ambiental,GRI,,GRI 302-1.e,Joules or multiples,Energy,annual,numeric,Disclosure datapoint as defined in GRI masterfile (GRI 302-1.e).,external-standard,entity-specific,entity-assessment-required
urn:sds:reg:gri:gri_302_1_f,"Standards, methodologies, assumptions, and/or calculation tools used.",Ambiental,GRI,,GRI 302-1.f,Text,Text,annual,narrative,Disclosure datapoint as defined in GRI masterfile (GRI 302-1.f).,external-standard,entity-specific,entity-assessment-required
urn:sds:reg:gri:gri_302_1_g,Source of the conversion factors used.,Ambiental,GRI,,GRI 302-1.g,Text,Text,annual,narrative,Disclosure datapoint as defined in GRI masterfile (GRI 302-1.g).,external-standard,entity-specific,entity-assessment-required
urn:sds:reg:gri:gri_302_2_a,"Energy consumption outside of the organization, in joules or multiples.",Ambiental,GRI,,GRI 302-2.a,Joules or multiples,Energy,annual,numeric,Disclosure datapoint as defined in GRI masterfile (GRI 302-2.a).,external-standard,entity-specific,entity-assessment-required
urn:sds:reg:gri:gri_302_2_b,"Standards, methodologies, assumptions, and/or calculation tools used.",Ambiental,GRI,,GRI 302-2.b,Text,Text,annual,narrative,Disclosure datapoint as defined in GRI masterfile (GRI 302-2.b).,external-standard,entity-specific,entity-assessment-required
urn:sds:reg:gri:gri_302_2_c,Source of the conversion factors used.,Ambiental,GRI,,GRI 302-2.c,Text,Text,annual,narrative,Disclosure datapoint as defined in GRI masterfile (GRI 302-2.c).,external-standard,entity-specific,entity-assessment-required
urn:sds:reg:gri:gri_302_3_a,Energy intensity ratio for the organization.,Ambiental,GRI,,GRI 302-3.a,MWh/(organization-specific denominator),Intensity,annual,numeric,Disclosure datapoint as defined in GRI masterfile (GRI 302-3.a).,external-standard,entity-specific,entity-assessment-required
urn:sds:reg:gri:gri_302_3_b,Organization-specific metric (the denominator) chosen to calculate the ratio.,Ambiental,GRI,,GRI 302-3.b,Text,Text,annual,narrative,Disclosure datapoint as defined in GRI masterfile (GRI 302-3.b).,external-standard,entity-specific,entity-assessment-required
urn:sds:reg:gri:gri_302_3_c,"Types of energy included in the intensity ratio; whether fuel, electricity, heating, cooling, steam, or all.",Ambiental,GRI,,GRI 302-3.c,Text,Boolean,annual,semi-narrative,Disclosure datapoint as defined in GRI masterfile (GRI 302-3.c).,external-standard,entity-specific,entity-assessment-required
urn:sds:reg:gri:gri_302_3_d,"Whether the ratio uses energy consumption within the organization, outside of it, or both.",Ambiental,GRI,,GRI 302-3.d,Text,Boolean,annual,narrative,Disclosure datapoint as defined in GRI masterfile (GRI 302-3.d).,external-standard,entity-specific,entity-assessment-required
urn:sds:reg:gri:gri_302_4_a,"Amount of reductions in energy consumption achieved as a direct result of conservation and efficiency initiatives, in joules or multiples.",Ambiental,GRI,,GRI 302-4.a,Joules or multiples,Numeric,annual,numeric,Disclosure datapoint as defined in GRI masterfile (GRI 302-4.a).,external-standard,entity-specific,entity-assessment-required
urn:sds:reg:gri:gri_302_4_b,"Types of energy included in the reductions; whether fuel, electricity, heating, cooling, steam, or all.",Ambiental,GRI,,GRI 302-4.b,Text,Text,annual,semi-narrative,Disclosure datapoint as defined in GRI masterfile (GRI 302-4.b).,external-standard,entity-specific,entity-assessment-required
urn:sds:reg:gri:gri_302_4_c,"Basis for calculating reductions in energy consumption, such as base year or baseline, including the rationale for choosing it.",Ambiental,GRI,,GRI 302-4.c,Text,Text,annual,narrative,Disclosure datapoint as defined in GRI masterfile (GRI 302-4.c).,external-standard,entity-specific,entity-assessment-required
urn:sds:reg:gri:gri_302_4_d,"Standards, methodologies, assumptions, and/or calculation tools used.",Ambiental,GRI,,GRI 302-4.d,Text,Text,annual,narrative,Disclosure datapoint as defined in GRI masterfile (GRI 302-4.d).,external-standard,entity-specific,entity-assessment-required
urn:sds:reg:gri:gri_302_5_a,"Reductions in energy requirements of sold products and services achieved during the reporting period, in joules or multiples.",Ambiental,GRI,,GRI 302-5.a,Joules or multiples,Numeric,annual,numeric,Disclosure datapoint as defined in GRI masterfile (GRI 302-5.a).,external-standard,entity-specific,entity-assessment-required
urn:sds:reg:gri:gri_302_5_b,"Basis for calculating reductions in energy consumption, such as base year or baseline, including the rationale for choosing it.",Ambiental,GRI,,GRI 302-5.b,Text,Text,annual,narrative,Disclosure datapoint as defined in GRI masterfile (GRI 302-5.b).,external-standard,entity-specific,entity-assessment-required
urn:sds:reg:gri:gri_302_5_c,"Standards, methodologies, assumptions, and/or calculation tools used.",Ambiental,GRI,,GRI 302-5.c,Text,Text,annual,narrative,Disclosure datapoint as defined in GRI masterfile (GRI 302-5.c).,external-standard,entity-specific,entity-assessment-required
urn:sds:reg:gri:gri_303_1_a,"A description of how the organization interacts with water, including how and where water is withdrawn, consumed, and discharged, and the water-related impacts the organization has caused or contributed to, or that are directly linked to its operations, products, or services by its business relationships (e.g., impacts caused by runoff).",Ambiental,GRI,,GRI 303-1.a,Text,Text,annual,narrative,Disclosure datapoint as defined in GRI masterfile (GRI 303-1.a).,external-standard,entity-specific,entity-assessment-required
urn:sds:reg:gri:gri_303_1_b,"A description of the approach used to identify water-related impacts, including the scope of assessments, their timeframe, and any tools or methodologies used.",Ambiental,GRI,,GRI 303-1.b,Text,Text,annual,narrative,Disclosure datapoint as defined in GRI masterfile (GRI 303-1.b).,external-standard,entity-specific,entity-assessment-required
urn:sds:reg:gri:gri_303_1_c,"A description of how water-related impacts are addressed, including how the organization works with stakeholders to steward water as a shared resource, and how it engages with suppliers or customers with significant water-related impacts.",Ambiental,GRI,,GRI 303-1.c,Text,Text,annual,narrative,Disclosure datapoint as defined in GRI masterfile (GRI 303-1.c).,external-standard,entity-specific,entity-assessment-required
urn:sds:reg:gri:gri_303_1_d,"An explanation of the process for setting any water-related goals and targets that are part of the organization’s approach to managing water and effluents, and how they relate to public policy and the local context of each area with water stress.",Ambiental,GRI,,GRI 303-1.d,Text,Text,annual,narrative,Disclosure datapoint as defined in GRI masterfile (GRI 303-1.d).,external-standard,entity-specific,entity-assessment-required
urn:sds:reg:gri:gri_303_2_a,"A description of any minimum standards set for the quality of effluent discharge, and how these minimum standards were determined, including:",Ambiental,GRI,,GRI 303-2.a,Text,Text,annual,narrative,Disclosure datapoint as defined in GRI masterfile (GRI 303-2.a).,external-standard,entity-specific,entity-assessment-required
urn:sds:reg:gri:gri_303_2_a_i,how standards for facilities operating in locations with no local discharge requirements were determined;,Ambiental,GRI,,GRI 303-2.a.i,Text,Text,annual,narrative,Disclosure datapoint as defined in GRI masterfile (GRI 303-2.a.i).,external-standard,entity-specific,entity-assessment-required
urn:sds:reg:gri:gri_303_2_a_ii,any internally developed water quality standards or guidelines;,Ambiental,GRI,,GRI 303-2.a.ii,Text,Text,annual,narrative,Disclosure datapoint as defined in GRI masterfile (GRI 303-2.a.ii).,external-standard,entity-specific,entity-assessment-required
urn:sds:reg:gri:gri_303_2_a_iii,any sector-specific standards considered;,Ambiental,GRI,,GRI 303-2.a.iii,Text,Text,annual,narrative,Disclosure datapoint as defined in GRI masterfile (GRI 303-2.a.iii).,external-standard,entity-specific,entity-assessment-required
urn:sds:reg:gri:gri_303_2_a_iv,whether the profile of the receiving waterbody was considered.,Ambiental,GRI,,GRI 303-2.a.iv,Text,Text,annual,narrative,Disclosure datapoint as defined in GRI masterfile (GRI 303-2.a.iv).,external-standard,entity-specific,entity-assessment-required
urn:sds:reg:gri:gri_303_3_a,"Total water withdrawal from all areas in megaliters, and a breakdown of this total by the following sources, if applicable:",Ambiental,GRI,,GRI 303-3.a,megaliters,Volume,annual,numeric,Disclosure datapoint as defined in GRI masterfile (GRI 303-3.a).,external-standard,entity-specific,entity-assessment-required
urn:sds:reg:gri:gri_303_3_a_i,Surface water;,Ambiental,GRI,,GRI 303-3.a.i,megaliters,Volume,annual,numeric,Disclosure datapoint as defined in GRI masterfile (GRI 303-3.a.i).,external-standard,entity-specific,entity-assessment-required
urn:sds:reg:gri:gri_303_3_a_ii,Groundwater;,Ambiental,GRI,,GRI 303-3.a.ii,megaliters,Volume,annual,numeric,Disclosure datapoint as defined in GRI masterfile (GRI 303-3.a.ii).,external-standard,entity-specific,entity-assessment-required
urn:sds:reg:gri:gri_303_3_a_iii,Seawater;,Ambiental,GRI,,GRI 303-3.a.iii,megaliters,Volume,annual,numeric,Disclosure datapoint as defined in GRI masterfile (GRI 303-3.a.iii).,external-standard,entity-specific,entity-assessment-required
urn:sds:reg:gri:gri_303_3_a_iv,Produced water;,Ambiental,GRI,,GRI 303-3.a.iv,megaliters,Volume,annual,numeric,Disclosure datapoint as defined in GRI masterfile (GRI 303-3.a.iv).,external-standard,entity-specific,entity-assessment-required
urn:sds:reg:gri:gri_303_3_a_v,Third-party water.,Ambiental,GRI,,GRI 303-3.a.v,megaliters,Volume,annual,numeric,Disclosure datapoint as defined in GRI masterfile (GRI 303-3.a.v).,external-standard,entity-specific,entity-assessment-required
urn:sds:reg:gri:gri_303_3_b,"Total water withdrawal from all areas with water stress in megaliters, and a breakdown of this total by the following sources, if applicable:",Ambiental,GRI,,GRI 303-3.b,megaliters,Volume,annual,numeric,Disclosure datapoint as defined in GRI masterfile (GRI 303-3.b).,external-standard,entity-specific,entity-assessment-required
urn:sds:reg:gri:gri_303_3_b_i,Surface water;,Ambiental,GRI,,GRI 303-3.b.i,megaliters,Volume,annual,numeric,Disclosure datapoint as defined in GRI masterfile (GRI 303-3.b.i).,external-standard,entity-specific,entity-assessment-required
urn:sds:reg:gri:gri_303_3_b_ii,Groundwater;,Ambiental,GRI,,GRI 303-3.b.ii,megaliters,Volume,annual,numeric,Disclosure datapoint as defined in GRI masterfile (GRI 303-3.b.ii).,external-standard,entity-specific,entity-assessment-required
urn:sds:reg:gri:gri_303_3_b_iii,Seawater;,Ambiental,GRI,,GRI 303-3.b.iii,megaliters,Volume,annual,numeric,Disclosure datapoint as defined in GRI masterfile (GRI 303-3.b.iii).,external-standard,entity-specific,entity-assessment-required
urn:sds:reg:gri:gri_303_3_b_iv,Produced water;,Ambiental,GRI,,GRI 303-3.b.iv,megaliters,Volume,annual,numeric,Disclosure datapoint as defined in GRI masterfile (GRI 303-3.b.iv).,external-standard,entity-specific,entity-assessment-required
urn:sds:reg:gri:gri_303_3_b_v,"Third-party water, and a breakdown of this total by the withdrawal sources listed in i-iv.",Ambiental,GRI,,GRI 303-3.b.v,megaliters,Volume,annual,numeric,Disclosure datapoint as defined in GRI masterfile (GRI 303-3.b.v).,external-standard,entity-specific,entity-assessment-required
urn:sds:reg:gri:gri_303_3_c,A breakdown of total water withdrawal from each of the sources listed in Disclosures 303-3-a and 303-3-b in megaliters by the following categories:,Ambiental,GRI,,GRI 303-3.c,megaliters,Volume,annual,numeric,Disclosure datapoint as defined in GRI masterfile (GRI 303-3.c).,external-standard,entity-specific,entity-assessment-required
urn:sds:reg:gri:gri_303_3_c_i,"Freshwater (≤1,000 mg/L Total Dissolved Solids);",Ambiental,GRI,,GRI 303-3.c.i,megaliters,Volume,annual,numeric,Disclosure datapoint as defined in GRI masterfile (GRI 303-3.c.i).,external-standard,entity-specific,entity-assessment-required
urn:sds:reg:gri:gri_303_3_c_ii,"Other water (>1,000 mg/L Total Dissolved Solids).",Ambiental,GRI,,GRI 303-3.c.ii,megaliters,Volume,annual,numeric,Disclosure datapoint as defined in GRI masterfile (GRI 303-3.c.ii).,external-standard,entity-specific,entity-assessment-required
urn:sds:reg:gri:gri_303_3_d,"Any contextual information necessary to understand how the data have been compiled, such as any standards, methodologies, and assumptions used.",Ambiental,GRI,,GRI 303-3.d,Text,Text,annual,narrative,Disclosure datapoint as defined in GRI masterfile (GRI 303-3.d).,external-standard,entity-specific,entity-assessment-required
urn:sds:reg:gri:gri_303_4_a,"Total water discharge to all areas in megaliters, and a breakdown of this total by the following types of destination, if applicable:",Ambiental,GRI,,GRI 303-4.a,megaliters,Volume,annual,numeric,Disclosure datapoint as defined in GRI masterfile (GRI 303-4.a).,external-standard,entity-specific,entity-assessment-required
urn:sds:reg:gri:gri_303_4_a_i,Surface water;,Ambiental,GRI,,GRI 303-4.a.i,megaliters,Volume,annual,numeric,Disclosure datapoint as defined in GRI masterfile (GRI 303-4.a.i).,external-standard,entity-specific,entity-assessment-required
urn:sds:reg:gri:gri_303_4_a_ii,Groundwater;,Ambiental,GRI,,GRI 303-4.a.ii,megaliters,Volume,annual,numeric,Disclosure datapoint as defined in GRI masterfile (GRI 303-4.a.ii).,external-standard,entity-specific,entity-assessment-required
urn:sds:reg:gri:gri_303_4_a_iii,Seawater;,Ambiental,GRI,,GRI 303-4.a.iii,megaliters,Volume,annual,numeric,Disclosure datapoint as defined in GRI masterfile (GRI 303-4.a.iii).,external-standard,entity-specific,entity-assessment-required
urn:sds:reg:gri:gri_303_4_a_iv,"Third-party water, and the volume of this total sent for use to other organizations, if applicable.",Ambiental,GRI,,GRI 303-4.a.iv,Text,Text,annual,narrative,Disclosure datapoint as defined in GRI masterfile (GRI 303-4.a.iv).,external-standard,entity-specific,entity-assessment-required
urn:sds:reg:gri:gri_303_4_b,A breakdown of total water discharge to all areas in megaliters by the following categories:,Ambiental,GRI,,GRI 303-4.b,megaliters,Volume,annual,numeric,Disclosure datapoint as defined in GRI masterfile (GRI 303-4.b).,external-standard,entity-specific,entity-assessment-required
urn:sds:reg:gri:gri_303_4_b_i,"Freshwater (≤1,000 mg/L Total Dissolved Solids);",Ambiental,GRI,,GRI 303-4.b.i,megaliters,Volume,annual,numeric,Disclosure datapoint as defined in GRI masterfile (GRI 303-4.b.i).,external-standard,entity-specific,entity-assessment-required
urn:sds:reg:gri:gri_303_4_b_ii,"Other water (>1,000 mg/L Total Dissolved Solids).",Ambiental,GRI,,GRI 303-4.b.ii,megaliters,Volume,annual,numeric,Disclosure datapoint as defined in GRI masterfile (GRI 303-4.b.ii).,external-standard,entity-specific,entity-assessment-required
urn:sds:reg:gri:gri_303_4_c,"Total water discharge to all areas with water stress in megaliters, and a breakdown of this total by the following categories:",Ambiental,GRI,,GRI 303-4.c,megaliters,Volume,annual,numeric,Disclosure datapoint as defined in GRI masterfile (GRI 303-4.c).,external-standard,entity-specific,entity-assessment-required
urn:sds:reg:gri:gri_303_4_c_i,"Freshwater (≤1,000 mg/L Total Dissolved Solids);",Ambiental,GRI,,GRI 303-4.c.i,megaliters,Volume,annual,numeric,Disclosure datapoint as defined in GRI masterfile (GRI 303-4.c.i).,external-standard,entity-specific,entity-assessment-required
urn:sds:reg:gri:gri_303_4_c_ii,"Other water (>1,000 mg/L Total Dissolved Solids).",Ambiental,GRI,,GRI 303-4.c.ii,megaliters,Volume,annual,numeric,Disclosure datapoint as defined in GRI masterfile (GRI 303-4.c.ii).,external-standard,entity-specific,entity-assessment-required
urn:sds:reg:gri:gri_303_4_d,"Priority substances of concern for which discharges are treated, including:",Ambiental,GRI,,GRI 303-4.d,Text,Text,annual,narrative,Disclosure datapoint as defined in GRI masterfile (GRI 303-4.d).,external-standard,entity-specific,entity-assessment-required
urn:sds:reg:gri:gri_303_4_d_i,"how priority substances of concern were defined, and any international standard, authoritative list, or criteria used;",Ambiental,GRI,,GRI 303-4.d.i,Text,Text,annual,narrative,Disclosure datapoint as defined in GRI masterfile (GRI 303-4.d.i).,external-standard,entity-specific,entity-assessment-required
urn:sds:reg:gri:gri_303_4_d_ii,the approach for setting discharge limits for priority substances of concern;,Ambiental,GRI,,GRI 303-4.d.ii,Text,Text,annual,narrative,Disclosure datapoint as defined in GRI masterfile (GRI 303-4.d.ii).,external-standard,entity-specific,entity-assessment-required
urn:sds:reg:gri:gri_303_4_d_iii,number of incidents of non-compliance with discharge limits.,Ambiental,GRI,,GRI 303-4.d.iii,Numeric,Numeric,annual,numeric,Disclosure datapoint as defined in GRI masterfile (GRI 303-4.d.iii).,external-standard,entity-specific,entity-assessment-required
urn:sds:reg:gri:gri_303_4_e,"Any contextual information necessary to understand how the data have been compiled, such as any standards, methodologies, and assumptions used.",Ambiental,GRI,,GRI 303-4.e,Text,Text,annual,narrative,Disclosure datapoint as defined in GRI masterfile (GRI 303-4.e).,external-standard,entity-specific,entity-assessment-required
urn:sds:reg:gri:gri_303_5_a,Total water consumption from all areas in megaliters.,Ambiental,GRI,,GRI 303-5.a,megaliters,Volume,annual,numeric,Disclosure datapoint as defined in GRI masterfile (GRI 303-5.a).,external-standard,entity-specific,entity-assessment-required
urn:sds:reg:gri:gri_303_5_b,Total water consumption from all areas with water stress in megaliters.,Ambiental,GRI,,GRI 303-5.b,megaliters,Volume,annual,numeric,Disclosure datapoint as defined in GRI masterfile (GRI 303-5.b).,external-standard,entity-specific,entity-assessment-required
urn:sds:reg:gri:gri_303_5_c,"Change in water storage in megaliters, if water storage has been identified as having a significant water-related impact.",Ambiental,GRI,,GRI 303-5.c,megaliters,Volume,annual,numeric,Disclosure datapoint as defined in GRI masterfile (GRI 303-5.c).,external-standard,entity-specific,entity-assessment-required
urn:sds:reg:gri:gri_303_5_d,"Any contextual information necessary to understand how the data have been compiled, such as any standards, methodologies, and assumptions used, including whether the information is calculated, estimated, modeled, or sourced from direct measurements, and the approach taken for this, such as the use of any sector-specific factors.",Ambiental,GRI,,GRI 303-5.d,Text,Text,annual,narrative,Disclosure datapoint as defined in GRI masterfile (GRI 303-5.d).,external-standard,entity-specific,entity-assessment-required
urn:sds:reg:gri:gri_304_1_a,"For each operational site owned, leased, managed in, or adjacent to, protected areas and areas of high biodiversity value outside protected areas, the following information:",Ambiental,GRI,,GRI 304-1.a,Text,Text,annual,narrative,Disclosure datapoint as defined in GRI masterfile (GRI 304-1.a).,external-standard,entity-specific,entity-assessment-required
urn:sds:reg:gri:gri_304_1_a_i,Geographic location;,Ambiental,GRI,,GRI 304-1.a.i,Text,Text,annual,narrative,Disclosure datapoint as defined in GRI masterfile (GRI 304-1.a.i).,external-standard,entity-specific,entity-assessment-required
urn:sds:reg:gri:gri_304_1_a_ii,"Subsurface and underground land that may be owned, leased, or managed by the organization;",Ambiental,GRI,,GRI 304-1.a.ii,Text,Text,annual,narrative,Disclosure datapoint as defined in GRI masterfile (GRI 304-1.a.ii).,external-standard,entity-specific,entity-assessment-required
urn:sds:reg:gri:gri_304_1_a_iii,"Position in relation to the protected area (in the area, adjacent to, or containing portions of the protected area) or the high biodiversity value area outside protected areas;",Ambiental,GRI,,GRI 304-1.a.iii,Text,Text,annual,semi-narrative,Disclosure datapoint as defined in GRI masterfile (GRI 304-1.a.iii).,external-standard,entity-specific,entity-assessment-required
urn:sds:reg:gri:gri_304_1_a_iv,"Type of operation (office, manufacturing or production, or extractive);",Ambiental,GRI,,GRI 304-1.a.iv,Text,Text,annual,semi-narrative,Disclosure datapoint as defined in GRI masterfile (GRI 304-1.a.iv).,external-standard,entity-specific,entity-assessment-required
urn:sds:reg:gri:gri_304_1_a_v,"Size of operational site in km2 (or another unit, if appropriate);",Ambiental,GRI,,GRI 304-1.a.v,"km2 (or another unit, if appropriate)",Numeric,annual,numeric,Disclosure datapoint as defined in GRI masterfile (GRI 304-1.a.v).,external-standard,entity-specific,entity-assessment-required
urn:sds:reg:gri:gri_304_1_a_vi,"Biodiversity value characterized by the attribute of the protected area or area of high biodiversity value outside the protected area (terrestrial, freshwater, or maritime ecosystem);",Ambiental,GRI,,GRI 304-1.a.vi,Text,Text,annual,semi-narrative,Disclosure datapoint as defined in GRI masterfile (GRI 304-1.a.vi).,external-standard,entity-specific,entity-assessment-required
urn:sds:reg:gri:gri_304_1_a_vii,"Biodiversity value characterized by listing of protected status (such as IUCN Protected Area Management Categories, Ramsar Convention, national legislation).",Ambiental,GRI,,GRI 304-1.a.vii,Text,Text,annual,narrative,Disclosure datapoint as defined in GRI masterfile (GRI 304-1.a.vii).,external-standard,entity-specific,entity-assessment-required
urn:sds:reg:gri:gri_304_2_a,Nature of significant direct and indirect impacts on biodiversity with reference to one or more of the following:,Ambiental,GRI,,GRI 304-2.a,Text,Text,annual,narrative,Disclosure datapoint as defined in GRI masterfile (GRI 304-2.a).,external-standard,entity-specific,entity-assessment-required
urn:sds:reg:gri:gri_304_2_a_i,"Construction or use of manufacturing plants, mines, and transport infrastructure;",Ambiental,GRI,,GRI 304-2.a.i,Text,Text,annual,narrative,Disclosure datapoint as defined in GRI masterfile (GRI 304-2.a.i).,external-standard,entity-specific,entity-assessment-required
urn:sds:reg:gri:gri_304_2_a_ii,Pollution (introduction of substances that do not naturally occur in the habitat from point and non-point sources);,Ambiental,GRI,,GRI 304-2.a.ii,Text,Text,annual,narrative,Disclosure datapoint as defined in GRI masterfile (GRI 304-2.a.ii).,external-standard,entity-specific,entity-assessment-required
urn:sds:reg:gri:gri_304_2_a_iii,"Introduction of invasive species, pests, and pathogens;",Ambiental,GRI,,GRI 304-2.a.iii,Text,Text,annual,narrative,Disclosure datapoint as defined in GRI masterfile (GRI 304-2.a.iii).,external-standard,entity-specific,entity-assessment-required
urn:sds:reg:gri:gri_304_2_a_iv,Reduction of species;,Ambiental,GRI,,GRI 304-2.a.iv,Text,Text,annual,narrative,Disclosure datapoint as defined in GRI masterfile (GRI 304-2.a.iv).,external-standard,entity-specific,entity-assessment-required
urn:sds:reg:gri:gri_304_2_a_v,Habitat conversion;,Ambiental,GRI,,GRI 304-2.a.v,Text,Text,annual,narrative,Disclosure datapoint as defined in GRI masterfile (GRI 304-2.a.v).,external-standard,entity-specific,entity-assessment-required
urn:sds:reg:gri:gri_304_2_a_vi,Changes in ecological processes outside the natural range of variation (such as salinity or changes in groundwater level).,Ambiental,GRI,,GRI 304-2.a.vi,Text,Text,annual,narrative,Disclosure datapoint as defined in GRI masterfile (GRI 304-2.a.vi).,external-standard,entity-specific,entity-assessment-required
urn:sds:reg:gri:gri_304_2_b,Significant direct and indirect positive and negative impacts with reference to the following:,Ambiental,GRI,,GRI 304-2.b,Text,Text,annual,narrative,Disclosure datapoint as defined in GRI masterfile (GRI 304-2.b).,external-standard,entity-specific,entity-assessment-required
urn:sds:reg:gri:gri_304_2_b_i,Species affected;,Ambiental,GRI,,GRI 304-2.b.i,Text,Text,annual,narrative,Disclosure datapoint as defined in GRI masterfile (GRI 304-2.b.i).,external-standard,entity-specific,entity-assessment-required
urn:sds:reg:gri:gri_304_2_b_ii,Extent of areas impacted;,Ambiental,GRI,,GRI 304-2.b.ii,Text,Text,annual,narrative,Disclosure datapoint as defined in GRI masterfile (GRI 304-2.b.ii).,external-standard,entity-specific,entity-assessment-required
urn:sds:reg:gri:gri_304_2_b_iii,Duration of impacts;,Ambiental,GRI,,GRI 304-2.b.iii,Text,Text,annual,narrative,Disclosure datapoint as defined in GRI masterfile (GRI 304-2.b.iii).,external-standard,entity-specific,entity-assessment-required
urn:sds:reg:gri:gri_304_2_b_iv,Reversibility or irreversibility of the impacts.,Ambiental,GRI,,GRI 304-2.b.iv,Text,Text,annual,narrative,Disclosure datapoint as defined in GRI masterfile (GRI 304-2.b.iv).,external-standard,entity-specific,entity-assessment-required
urn:sds:reg:gri:gri_304_3_a,"Size and location of all habitat areas protected or restored, and whether the success of the restoration measure was or is approved by independent external professionals.",Ambiental,GRI,,GRI 304-3.a,Text,Text,annual,narrative,Disclosure datapoint as defined in GRI masterfile (GRI 304-3.a).,external-standard,entity-specific,entity-assessment-required
urn:sds:reg:gri:gri_304_3_b,Whether partnerships exist with third parties to protect or restore habitat areas distinct from where the organization has overseen and implemented restoration or protection measures.,Ambiental,GRI,,GRI 304-3.b,Text,Text,annual,semi-narrative,Disclosure datapoint as defined in GRI masterfile (GRI 304-3.b).,external-standard,entity-specific,entity-assessment-required
urn:sds:reg:gri:gri_304_3_c,Status of each area based on its condition at the close of the reporting period.,Ambiental,GRI,,GRI 304-3.c,Text,Text,annual,narrative,Disclosure datapoint as defined in GRI masterfile (GRI 304-3.c).,external-standard,entity-specific,entity-assessment-required
urn:sds:reg:gri:gri_304_3_d,"Standards, methodologies, and assumptions used.",Ambiental,GRI,,GRI 304-3.d,Text,Text,annual,narrative,Disclosure datapoint as defined in GRI masterfile (GRI 304-3.d).,external-standard,entity-specific,entity-assessment-required
urn:sds:reg:gri:gri_304_4_a,"Total number of IUCN Red List species and national conservation list species with habitats in areas affected by the operations of the organization, by level of extinction risk:",Ambiental,GRI,,GRI 304-4.a,Text,Text,annual,narrative,Disclosure datapoint as defined in GRI masterfile (GRI 304-4.a).,external-standard,entity-specific,entity-assessment-required
urn:sds:reg:gri:gri_304_4_a_i,Critically endangered,Ambiental,GRI,,GRI 304-4.a.i,Numeric,Numeric,annual,numeric,Disclosure datapoint as defined in GRI masterfile (GRI 304-4.a.i).,external-standard,entity-specific,entity-assessment-required
urn:sds:reg:gri:gri_304_4_a_ii,Endangered,Ambiental,GRI,,GRI 304-4.a.ii,Numeric,Numeric,annual,numeric,Disclosure datapoint as defined in GRI masterfile (GRI 304-4.a.ii).,external-standard,entity-specific,entity-assessment-required
urn:sds:reg:gri:gri_304_4_a_iii,Vulnerable,Ambiental,GRI,,GRI 304-4.a.iii,Numeric,Numeric,annual,numeric,Disclosure datapoint as defined in GRI masterfile (GRI 304-4.a.iii).,external-standard,entity-specific,entity-assessment-required
urn:sds:reg:gri:gri_304_4_a_iv,Near threatened,Ambiental,GRI,,GRI 304-4.a.iv,Numeric,Numeric,annual,numeric,Disclosure datapoint as defined in GRI masterfile (GRI 304-4.a.iv).,external-standard,entity-specific,entity-assessment-required
urn:sds:reg:gri:gri_304_4_a_v,Least concern,Ambiental,GRI,,GRI 304-4.a.v,Numeric,Numeric,annual,numeric,Disclosure datapoint as defined in GRI masterfile (GRI 304-4.a.v).,external-standard,entity-specific,entity-assessment-required
urn:sds:reg:gri:gri_305_1_a,"Gross direct (Scope 1) GHG emissions in metric tons of CO
2
equivalent.",Ambiental,GRI,,GRI 305-1.a,Metric tons of CO2 equivalent,GhgEmissions,annual,numeric,Disclosure datapoint as defined in GRI masterfile (GRI 305-1.a).,external-standard,entity-specific,entity-assessment-required
urn:sds:reg:gri:gri_305_1_b,"Gases included in the calculation; whether CO2, CH4, N2O, HFCs, PFCs, SF6, NF3, or all.",Ambiental,GRI,,GRI 305-1.b,Text,Boolean,annual,semi-narrative,Disclosure datapoint as defined in GRI masterfile (GRI 305-1.b).,external-standard,entity-specific,entity-assessment-required
urn:sds:reg:gri:gri_305_1_c,"Biogenic CO
2
emissions in metric tons of CO2 equivalent.",Ambiental,GRI,,GRI 305-1.c,Metric tons of CO2 equivalent,GhgEmissions,annual,numeric,Disclosure datapoint as defined in GRI masterfile (GRI 305-1.c).,external-standard,entity-specific,entity-assessment-required
urn:sds:reg:gri:gri_305_1_d,"Base year for the calculation, if applicable, including:",Ambiental,GRI,,GRI 305-1.d,Text,Text,annual,narrative,Disclosure datapoint as defined in GRI masterfile (GRI 305-1.d).,external-standard,entity-specific,entity-assessment-required
urn:sds:reg:gri:gri_305_1_d_i,the rationale for choosing it;,Ambiental,GRI,,GRI 305-1.d.i,Text,Text,annual,narrative,Disclosure datapoint as defined in GRI masterfile (GRI 305-1.d.i).,external-standard,entity-specific,entity-assessment-required
urn:sds:reg:gri:gri_305_1_d_ii,emissions in the base year;,Ambiental,GRI,,GRI 305-1.d.ii,Metric tons of CO2 equivalent,GhgEmissions,annual,numeric,Disclosure datapoint as defined in GRI masterfile (GRI 305-1.d.ii).,external-standard,entity-specific,entity-assessment-required
urn:sds:reg:gri:gri_305_1_d_iii,the context for any significant changes in emissions that triggered recalculations of base year emissions.,Ambiental,GRI,,GRI 305-1.d.iii,Text,Text,annual,narrative,Disclosure datapoint as defined in GRI masterfile (GRI 305-1.d.iii).,external-standard,entity-specific,entity-assessment-required
urn:sds:reg:gri:gri_305_1_e,"Source of the emission factors and the global warming potential (GWP) rates used, or a reference to the GWP source.",Ambiental,GRI,,GRI 305-1.e,Text,Text,annual,narrative,Disclosure datapoint as defined in GRI masterfile (GRI 305-1.e).,external-standard,entity-specific,entity-assessment-required
urn:sds:reg:gri:gri_305_1_f,"Consolidation approach for emissions; whether equity share, financial control, or operational control.",Ambiental,GRI,,GRI 305-1.f,Text,Text,annual,semi-narrative,Disclosure datapoint as defined in GRI masterfile (GRI 305-1.f).,external-standard,entity-specific,entity-assessment-required
urn:sds:reg:gri:gri_305_1_g,"Standards, methodologies, assumptions, and/or calculation tools used.",Ambiental,GRI,,GRI 305-1.g,Text,Text,annual,narrative,Disclosure datapoint as defined in GRI masterfile (GRI 305-1.g).,external-standard,entity-specific,entity-assessment-required
urn:sds:reg:gri:gri_305_2_a,"Gross location-based energy indirect (Scope 2) GHG emissions in metric tons of CO
2
equivalent.",Ambiental,GRI,,GRI 305-2.a,Metric tons of CO2 equivalent,GhgEmissions,annual,numeric,Disclosure datapoint as defined in GRI masterfile (GRI 305-2.a).,external-standard,entity-specific,entity-assessment-required
urn:sds:reg:gri:gri_305_2_b,"If applicable, gross market-based energy indirect (Scope 2) GHG emissions in metric tons of CO2 equivalent.",Ambiental,GRI,,GRI 305-2.b,Metric tons of CO2 equivalent,GhgEmissions,annual,numeric,Disclosure datapoint as defined in GRI masterfile (GRI 305-2.b).,external-standard,entity-specific,entity-assessment-required
urn:sds:reg:gri:gri_305_2_c,"If available, the gases included in the calculation; whether CO2, CH4, N2O, HFCs, PFCs, SF6, NF3, or all.",Ambiental,GRI,,GRI 305-2.c,Text,Boolean,annual,semi-narrative,Disclosure datapoint as defined in GRI masterfile (GRI 305-2.c).,external-standard,entity-specific,entity-assessment-required
urn:sds:reg:gri:gri_305_2_d,"Base year for the calculation, if applicable, including:",Ambiental,GRI,,GRI 305-2.d,Text,Text,annual,narrative,Disclosure datapoint as defined in GRI masterfile (GRI 305-2.d).,external-standard,entity-specific,entity-assessment-required
urn:sds:reg:gri:gri_305_2_d_i,the rationale for choosing it;,Ambiental,GRI,,GRI 305-2.d.i,Text,Text,annual,narrative,Disclosure datapoint as defined in GRI masterfile (GRI 305-2.d.i).,external-standard,entity-specific,entity-assessment-required
urn:sds:reg:gri:gri_305_2_d_ii,emissions in the base year;,Ambiental,GRI,,GRI 305-2.d.ii,Metric tons of CO2 equivalent,GhgEmissions,annual,numeric,Disclosure datapoint as defined in GRI masterfile (GRI 305-2.d.ii).,external-standard,entity-specific,entity-assessment-required
urn:sds:reg:gri:gri_305_2_d_iii,the context for any significant changes in emissions that triggered recalculations of base year emissions.,Ambiental,GRI,,GRI 305-2.d.iii,Text,Text,annual,narrative,Disclosure datapoint as defined in GRI masterfile (GRI 305-2.d.iii).,external-standard,entity-specific,entity-assessment-required
urn:sds:reg:gri:gri_305_2_e,"Source of the emission factors and the global warming potential (GWP) rates used, or a reference to the GWP source.",Ambiental,GRI,,GRI 305-2.e,Text,Text,annual,narrative,Disclosure datapoint as defined in GRI masterfile (GRI 305-2.e).,external-standard,entity-specific,entity-assessment-required
urn:sds:reg:gri:gri_305_2_f,"Consolidation approach for emissions; whether equity share, financial control, or operational control.",Ambiental,GRI,,GRI 305-2.f,Text,Text,annual,semi-narrative,Disclosure datapoint as defined in GRI masterfile (GRI 305-2.f).,external-standard,entity-specific,entity-assessment-required
urn:sds:reg:gri:gri_305_2_g,"Standards, methodologies, assumptions, and/or calculation tools used.",Ambiental,GRI,,GRI 305-2.g,Text,Text,annual,narrative,Disclosure datapoint as defined in GRI masterfile (GRI 305-2.g).,external-standard,entity-specific,entity-assessment-required
urn:sds:reg:gri:gri_305_3_a,"Gross other indirect (Scope 3) GHG emissions in metric tons of CO
2
equivalent.",Ambiental,GRI,,GRI 305-3.a,tCO2e,GhgEmissions,annual,numeric,Disclosure datapoint as defined in GRI masterfile (GRI 305-3.a).,external-standard,entity-specific,entity-assessment-required
urn:sds:reg:gri:gri_305_3_b,"If available, the gases included in the calculation; whether CO2, CH4, N2O, HFCs, PFCs, SF6, NF3, or all.",Ambiental,GRI,,GRI 305-3.b,Text,Boolean,annual,semi-narrative,Disclosure datapoint as defined in GRI masterfile (GRI 305-3.b).,external-standard,entity-specific,entity-assessment-required
urn:sds:reg:gri:gri_305_3_c,"Biogenic CO
2
emissions in metric tons of CO2equivalent.",Ambiental,GRI,,GRI 305-3.c,tCO2e,GhgEmissions,annual,numeric,Disclosure datapoint as defined in GRI masterfile (GRI 305-3.c).,external-standard,entity-specific,entity-assessment-required
urn:sds:reg:gri:gri_305_3_d,Other indirect (Scope 3) GHG emissions categories and activities included in the calculation.,Ambiental,GRI,,GRI 305-3.d,Text,Text,annual,narrative,Disclosure datapoint as defined in GRI masterfile (GRI 305-3.d).,external-standard,entity-specific,entity-assessment-required
urn:sds:reg:gri:gri_305_3_e,"Base year for the calculation, if applicable, including:",Ambiental,GRI,,GRI 305-3.e,Text,Text,annual,narrative,Disclosure datapoint as defined in GRI masterfile (GRI 305-3.e).,external-standard,entity-specific,entity-assessment-required
urn:sds:reg:gri:gri_305_3_e_i,the rationale for choosing it;,Ambiental,GRI,,GRI 305-3.e.i,Text,Text,annual,narrative,Disclosure datapoint as defined in GRI masterfile (GRI 305-3.e.i).,external-standard,entity-specific,entity-assessment-required
urn:sds:reg:gri:gri_305_3_e_ii,emissions in the base year;,Ambiental,GRI,,GRI 305-3.e.ii,tCO2e,GhgEmissions,annual,numeric,Disclosure datapoint as defined in GRI masterfile (GRI 305-3.e.ii).,external-standard,entity-specific,entity-assessment-required
urn:sds:reg:gri:gri_305_3_e_iii,the context for any significant changes in emissions that triggered recalculations of base year emissions.,Ambiental,GRI,,GRI 305-3.e.iii,Text,Text,annual,narrative,Disclosure datapoint as defined in GRI masterfile (GRI 305-3.e.iii).,external-standard,entity-specific,entity-assessment-required
urn:sds:reg:gri:gri_305_3_f,"Source of the emission factors and the global warming potential (GWP) rates used, or a reference to the GWP source.",Ambiental,GRI,,GRI 305-3.f,Text,Text,annual,narrative,Disclosure datapoint as defined in GRI masterfile (GRI 305-3.f).,external-standard,entity-specific,entity-assessment-required
urn:sds:reg:gri:gri_305_3_g,"Standards, methodologies, assumptions, and/or calculation tools used.",Ambiental,GRI,,GRI 305-3.g,Text,Text,annual,narrative,Disclosure datapoint as defined in GRI masterfile (GRI 305-3.g).,external-standard,entity-specific,entity-assessment-required
urn:sds:reg:gri:gri_305_4_a,GHG emissions intensity ratio for the organization.,Ambiental,GRI,,GRI 305-4.a,tCO2e/(organization-specific denominator),Intensity,annual,numeric,Disclosure datapoint as defined in GRI masterfile (GRI 305-4.a).,external-standard,entity-specific,entity-assessment-required
urn:sds:reg:gri:gri_305_4_b,Organization-specific metric (the denominator) chosen to calculate the ratio.,Ambiental,GRI,,GRI 305-4.b,organization-specific denominator (numeric),Numeric,annual,numeric,Disclosure datapoint as defined in GRI masterfile (GRI 305-4.b).,external-standard,entity-specific,entity-assessment-required
urn:sds:reg:gri:gri_305_4_c,"Types of GHG emissions included in the intensity ratio; whether direct (Scope 1), energy indirect (Scope 2), and/or other indirect (Scope 3).",Ambiental,GRI,,GRI 305-4.c,Text,Boolean,annual,semi-narrative,Disclosure datapoint as defined in GRI masterfile (GRI 305-4.c).,external-standard,entity-specific,entity-assessment-required
urn:sds:reg:gri:gri_305_4_d,"Gases included in the calculation; whether CO2, CH4, N2O, HFCs, PFCs, SF6, NF3, or all.",Ambiental,GRI,,GRI 305-4.d,Text,Boolean,annual,semi-narrative,Disclosure datapoint as defined in GRI masterfile (GRI 305-4.d).,external-standard,entity-specific,entity-assessment-required
urn:sds:reg:gri:gri_305_5_a,"GHG emissions reduced as a direct result of reduction initiatives, in metric tons of CO2 equivalent.",Ambiental,GRI,,GRI 305-5.a,tCO2e,GhgEmissions,annual,numeric,Disclosure datapoint as defined in GRI masterfile (GRI 305-5.a).,external-standard,entity-specific,entity-assessment-required
urn:sds:reg:gri:gri_305_5_b,"Gases included in the calculation; whether CO2, CH4, N2O, HFCs, PFCs, SF6, NF3, or all.",Ambiental,GRI,,GRI 305-5.b,Text,Text,annual,semi-narrative,Disclosure datapoint as defined in GRI masterfile (GRI 305-5.b).,external-standard,entity-specific,entity-assessment-required
urn:sds:reg:gri:gri_305_5_c,"Base year or baseline, including the rationale for choosing it.",Ambiental,GRI,,GRI 305-5.c,Text,Text,annual,narrative,Disclosure datapoint as defined in GRI masterfile (GRI 305-5.c).,external-standard,entity-specific,entity-assessment-required
urn:sds:reg:gri:gri_305_5_d,"Scopes in which reductions took place; whether direct (Scope 1), energy indirect (Scope 2), and/or other indirect (Scope 3).",Ambiental,GRI,,GRI 305-5.d,Text,Boolean,annual,semi-narrative,Disclosure datapoint as defined in GRI masterfile (GRI 305-5.d).,external-standard,entity-specific,entity-assessment-required
urn:sds:reg:gri:gri_305_5_e,"Standards, methodologies, assumptions, and/or calculation tools used.",Ambiental,GRI,,GRI 305-5.e,Text,Text,annual,narrative,Disclosure datapoint as defined in GRI masterfile (GRI 305-5.e).,external-standard,entity-specific,entity-assessment-required
urn:sds:reg:gri:gri_305_6_a,"Production, imports, and exports of ODS in metric tons of CFC-11 (trichlorofluoromethane) equivalent.",Ambiental,GRI,,GRI 305-6.a,Metric tons of CFC-11 (trichlorofluoromethane) equivalent,Numeric,annual,numeric,Disclosure datapoint as defined in GRI masterfile (GRI 305-6.a).,external-standard,entity-specific,entity-assessment-required
urn:sds:reg:gri:gri_305_6_b,Substances included in the calculation.,Ambiental,GRI,,GRI 305-6.b,Text,Text,annual,narrative,Disclosure datapoint as defined in GRI masterfile (GRI 305-6.b).,external-standard,entity-specific,entity-assessment-required
urn:sds:reg:gri:gri_305_6_c,Source of the emission factors used.,Ambiental,GRI,,GRI 305-6.c,Text,Text,annual,narrative,Disclosure datapoint as defined in GRI masterfile (GRI 305-6.c).,external-standard,entity-specific,entity-assessment-required
urn:sds:reg:gri:gri_305_6_d,"Standards, methodologies, assumptions, and/or calculation tools used.",Ambiental,GRI,,GRI 305-6.d,Text,Text,annual,narrative,Disclosure datapoint as defined in GRI masterfile (GRI 305-6.d).,external-standard,entity-specific,entity-assessment-required
urn:sds:reg:gri:gri_305_7_a,"Significant air emissions, in kilograms or multiples, for each of the following:",Ambiental,GRI,,GRI 305-7.a,kilograms or multiples,Numeric,annual,numeric,Disclosure datapoint as defined in GRI masterfile (GRI 305-7.a).,external-standard,entity-specific,entity-assessment-required
urn:sds:reg:gri:gri_305_7_a_i,Nox,Ambiental,GRI,,GRI 305-7.a.i,kilograms or multiples,Numeric,annual,numeric,Disclosure datapoint as defined in GRI masterfile (GRI 305-7.a.i).,external-standard,entity-specific,entity-assessment-required
urn:sds:reg:gri:gri_305_7_a_ii,Sox,Ambiental,GRI,,GRI 305-7.a.ii,kilograms or multiples,Numeric,annual,numeric,Disclosure datapoint as defined in GRI masterfile (GRI 305-7.a.ii).,external-standard,entity-specific,entity-assessment-required
urn:sds:reg:gri:gri_305_7_a_iii,Persistent organic pollutants (POP),Ambiental,GRI,,GRI 305-7.a.iii,kilograms or multiples,Numeric,annual,numeric,Disclosure datapoint as defined in GRI masterfile (GRI 305-7.a.iii).,external-standard,entity-specific,entity-assessment-required
urn:sds:reg:gri:gri_305_7_a_iv,Volatile organic compounds (VOC),Ambiental,GRI,,GRI 305-7.a.iv,kilograms or multiples,Numeric,annual,numeric,Disclosure datapoint as defined in GRI masterfile (GRI 305-7.a.iv).,external-standard,entity-specific,entity-assessment-required
urn:sds:reg:gri:gri_305_7_a_v,Hazardous air pollutants (HAP),Ambiental,GRI,,GRI 305-7.a.v,kilograms or multiples,Numeric,annual,numeric,Disclosure datapoint as defined in GRI masterfile (GRI 305-7.a.v).,external-standard,entity-specific,entity-assessment-required
urn:sds:reg:gri:gri_305_7_a_vi,Particulate matter (PM),Ambiental,GRI,,GRI 305-7.a.vi,kilograms or multiples,Numeric,annual,numeric,Disclosure datapoint as defined in GRI masterfile (GRI 305-7.a.vi).,external-standard,entity-specific,entity-assessment-required
urn:sds:reg:gri:gri_305_7_a_vii,Other standard categories of air emissions identified in relevant regulations,Ambiental,GRI,,GRI 305-7.a.vii,kilograms or multiples,Numeric,annual,numeric,Disclosure datapoint as defined in GRI masterfile (GRI 305-7.a.vii).,external-standard,entity-specific,entity-assessment-required
urn:sds:reg:gri:gri_305_7_b,Source of the emission factors used.,Ambiental,GRI,,GRI 305-7.b,Text,Text,annual,narrative,Disclosure datapoint as defined in GRI masterfile (GRI 305-7.b).,external-standard,entity-specific,entity-assessment-required
urn:sds:reg:gri:gri_305_7_c,"Standards, methodologies, assumptions, and/or calculation tools used.",Ambiental,GRI,,GRI 305-7.c,Text,Text,annual,narrative,Disclosure datapoint as defined in GRI masterfile (GRI 305-7.c).,external-standard,entity-specific,entity-assessment-required
urn:sds:reg:gri:gri_306_1_a,"For the organization’s significant actual and potential waste-related impacts, a description of:",Ambiental,GRI,,GRI 306-1.a,Text,Text,annual,narrative,Disclosure datapoint as defined in GRI masterfile (GRI 306-1.a).,external-standard,entity-specific,entity-assessment-required
urn:sds:reg:gri:gri_306_1_a_i,"the inputs, activities, and outputs that lead or could lead to these impacts;",Ambiental,GRI,,GRI 306-1.a.i,Text,Text,annual,narrative,Disclosure datapoint as defined in GRI masterfile (GRI 306-1.a.i).,external-standard,entity-specific,entity-assessment-required
urn:sds:reg:gri:gri_306_1_a_ii,whether these impacts relate to waste generated in the organization’s own activities or to waste generated upstream or downstream in its value chain.,Ambiental,GRI,,GRI 306-1.a.ii,Text,Text,annual,narrative,Disclosure datapoint as defined in GRI masterfile (GRI 306-1.a.ii).,external-standard,entity-specific,entity-assessment-required
urn:sds:reg:gri:gri_306_2_a,"Actions, including circularity measures, taken to prevent waste generation in the organization’s own activities and upstream and downstream in its value chain, and to manage significant impacts from waste generated.",Ambiental,GRI,,GRI 306-2.a,Text,Text,annual,narrative,Disclosure datapoint as defined in GRI masterfile (GRI 306-2.a).,external-standard,entity-specific,entity-assessment-required
urn:sds:reg:gri:gri_306_2_b,"If the waste generated by the organization in its own activities is managed by a third party, a description of the processes used to determine whether the third party manages the waste in line with contractual or legislative obligations.",Ambiental,GRI,,GRI 306-2.b,Text,Text,annual,narrative,Disclosure datapoint as defined in GRI masterfile (GRI 306-2.b).,external-standard,entity-specific,entity-assessment-required
urn:sds:reg:gri:gri_306_2_c,The processes used to collect and monitor waste-related data.,Ambiental,GRI,,GRI 306-2.c,Text,Text,annual,narrative,Disclosure datapoint as defined in GRI masterfile (GRI 306-2.c).,external-standard,entity-specific,entity-assessment-required
urn:sds:reg:gri:gri_306_3_a,"Total weight of waste generated in metric tons, and a breakdown of this total by composition of the waste.",Ambiental,GRI,,GRI 306-3.a,Text,Text,annual,narrative,Disclosure datapoint as defined in GRI masterfile (GRI 306-3.a).,external-standard,entity-specific,entity-assessment-required
urn:sds:reg:gri:gri_306_3_a_2106,Total number and total volume of recorded significant spills.,Ambiental,GRI,,GRI 306-3.a.2106,Numeric,Numeric,annual,numeric,Disclosure datapoint as defined in GRI masterfile (GRI 306-3.a.2106).,external-standard,entity-specific,entity-assessment-required
urn:sds:reg:gri:gri_306_3_b,Contextual information necessary to understand the data and how the data has been compiled.,Ambiental,GRI,,GRI 306-3.b,Text,Text,annual,narrative,Disclosure datapoint as defined in GRI masterfile (GRI 306-3.b).,external-standard,entity-specific,entity-assessment-required
urn:sds:reg:gri:gri_306_3_b_2106,The following additional information for each spill that was reported in the organization’s financial statements:,Ambiental,GRI,,GRI 306-3.b.2106,Text,Text,annual,narrative,Disclosure datapoint as defined in GRI masterfile (GRI 306-3.b.2106).,external-standard,entity-specific,entity-assessment-required
urn:sds:reg:gri:gri_306_3_b_i_2106,Location of spill;,Ambiental,GRI,,GRI 306-3.b.i.2106,Text,Text,annual,narrative,Disclosure datapoint as defined in GRI masterfile (GRI 306-3.b.i.2106).,external-standard,entity-specific,entity-assessment-required
urn:sds:reg:gri:gri_306_3_b_ii_2106,Volume of spill;,Ambiental,GRI,,GRI 306-3.b.ii.2106,Numeric,Numeric,annual,numeric,Disclosure datapoint as defined in GRI masterfile (GRI 306-3.b.ii.2106).,external-standard,entity-specific,entity-assessment-required
urn:sds:reg:gri:gri_306_3_b_iii_2106,"Material of spill, categorized by: oil spills (soil or water surfaces), fuel spills (soil or water surfaces), spills of wastes (soil or water surfaces), spills of chemicals (mostly soil or water surfaces), and other (to be specified by the organization).",Ambiental,GRI,,GRI 306-3.b.iii.2106,Text,Text,annual,narrative,Disclosure datapoint as defined in GRI masterfile (GRI 306-3.b.iii.2106).,external-standard,entity-specific,entity-assessment-required
urn:sds:reg:gri:gri_306_3_c_2106,Impacts of significant spills.,Ambiental,GRI,,GRI 306-3.c.2106,Text,Text,annual,narrative,Disclosure datapoint as defined in GRI masterfile (GRI 306-3.c.2106).,external-standard,entity-specific,entity-assessment-required
urn:sds:reg:gri:gri_306_4_a,"Total weight of waste diverted from disposal in metric tons, and a breakdown of this total by composition of the waste.",Ambiental,GRI,,GRI 306-4.a,Text,Text,annual,narrative,Disclosure datapoint as defined in GRI masterfile (GRI 306-4.a).,external-standard,entity-specific,entity-assessment-required
urn:sds:reg:gri:gri_306_4_b,"Total weight of hazardous waste diverted from disposal in metric tons, and a breakdown of this total by the following recovery operations:",Ambiental,GRI,,GRI 306-4.b,Metric Tons,Mass,annual,numeric,Disclosure datapoint as defined in GRI masterfile (GRI 306-4.b).,external-standard,entity-specific,entity-assessment-required
urn:sds:reg:gri:gri_306_4_b_i,Preparation for reuse;,Ambiental,GRI,,GRI 306-4.b.i,Metric Tons,Numeric,annual,numeric,Disclosure datapoint as defined in GRI masterfile (GRI 306-4.b.i).,external-standard,entity-specific,entity-assessment-required
urn:sds:reg:gri:gri_306_4_b_ii,Recycling,Ambiental,GRI,,GRI 306-4.b.ii,Metric Tons,Numeric,annual,numeric,Disclosure datapoint as defined in GRI masterfile (GRI 306-4.b.ii).,external-standard,entity-specific,entity-assessment-required
urn:sds:reg:gri:gri_306_4_b_iii,Other recovery operations.,Ambiental,GRI,,GRI 306-4.b.iii,Metric Tons,Numeric,annual,numeric,Disclosure datapoint as defined in GRI masterfile (GRI 306-4.b.iii).,external-standard,entity-specific,entity-assessment-required
urn:sds:reg:gri:gri_306_4_c,"Total weight of non-hazardous waste diverted from disposal in metric tons, and a breakdown of this total by the following recovery operations:",Ambiental,GRI,,GRI 306-4.c,Metric Tons,Mass,annual,numeric,Disclosure datapoint as defined in GRI masterfile (GRI 306-4.c).,external-standard,entity-specific,entity-assessment-required
urn:sds:reg:gri:gri_306_4_c_i,Preparation for reuse;,Ambiental,GRI,,GRI 306-4.c.i,Metric Tons,Numeric,annual,numeric,Disclosure datapoint as defined in GRI masterfile (GRI 306-4.c.i).,external-standard,entity-specific,entity-assessment-required
urn:sds:reg:gri:gri_306_4_c_ii,Recycling;,Ambiental,GRI,,GRI 306-4.c.ii,Metric Tons,Numeric,annual,numeric,Disclosure datapoint as defined in GRI masterfile (GRI 306-4.c.ii).,external-standard,entity-specific,entity-assessment-required
urn:sds:reg:gri:gri_306_4_c_iii,Other recovery operations.,Ambiental,GRI,,GRI 306-4.c.iii,Metric Tons,Numeric,annual,numeric,Disclosure datapoint as defined in GRI masterfile (GRI 306-4.c.iii).,external-standard,entity-specific,entity-assessment-required
urn:sds:reg:gri:gri_306_4_d,"For each recovery operation listed in Disclosures 306-4-b and 306-4-c, a breakdown of the total weight in metric tons of hazardous waste and of non-hazardous waste diverted from disposal:",Ambiental,GRI,,GRI 306-4.d,Metric Tons,Mass,annual,numeric,Disclosure datapoint as defined in GRI masterfile (GRI 306-4.d).,external-standard,entity-specific,entity-assessment-required
urn:sds:reg:gri:gri_306_4_d_i,onsite,Ambiental,GRI,,GRI 306-4.d.i,Metric Tons,Numeric,annual,numeric,Disclosure datapoint as defined in GRI masterfile (GRI 306-4.d.i).,external-standard,entity-specific,entity-assessment-required
urn:sds:reg:gri:gri_306_4_d_ii,offsite,Ambiental,GRI,,GRI 306-4.d.ii,Metric Tons,Numeric,annual,numeric,Disclosure datapoint as defined in GRI masterfile (GRI 306-4.d.ii).,external-standard,entity-specific,entity-assessment-required
urn:sds:reg:gri:gri_306_4_e,Contextual information necessary to understand the data and how the data has been compiled.,Ambiental,GRI,,GRI 306-4.e,Text,Text,annual,narrative,Disclosure datapoint as defined in GRI masterfile (GRI 306-4.e).,external-standard,entity-specific,entity-assessment-required
urn:sds:reg:gri:gri_306_5_a,"Total weight of waste directed to disposal in metric tons, and a breakdown of this total by composition of the waste.",Ambiental,GRI,,GRI 306-5.a,Text,Text,annual,narrative,Disclosure datapoint as defined in GRI masterfile (GRI 306-5.a).,external-standard,entity-specific,entity-assessment-required
urn:sds:reg:gri:gri_306_5_b,"Total weight of hazardous waste directed to disposal in metric tons, and a breakdown of this total by the following disposal operations:",Ambiental,GRI,,GRI 306-5.b,Metric Tons,Mass,annual,numeric,Disclosure datapoint as defined in GRI masterfile (GRI 306-5.b).,external-standard,entity-specific,entity-assessment-required
urn:sds:reg:gri:gri_306_5_b_i,Incineration (with energy recovery);,Ambiental,GRI,,GRI 306-5.b.i,Metric Tons,Numeric,annual,numeric,Disclosure datapoint as defined in GRI masterfile (GRI 306-5.b.i).,external-standard,entity-specific,entity-assessment-required
urn:sds:reg:gri:gri_306_5_b_ii,Incineration (without energy recovery);,Ambiental,GRI,,GRI 306-5.b.ii,Metric Tons,Numeric,annual,numeric,Disclosure datapoint as defined in GRI masterfile (GRI 306-5.b.ii).,external-standard,entity-specific,entity-assessment-required
urn:sds:reg:gri:gri_306_5_b_iii,Landfilling,Ambiental,GRI,,GRI 306-5.b.iii,Metric Tons,Numeric,annual,numeric,Disclosure datapoint as defined in GRI masterfile (GRI 306-5.b.iii).,external-standard,entity-specific,entity-assessment-required
urn:sds:reg:gri:gri_306_5_b_iv,Other disposal operations.,Ambiental,GRI,,GRI 306-5.b.iv,Metric Tons,Numeric,annual,numeric,Disclosure datapoint as defined in GRI masterfile (GRI 306-5.b.iv).,external-standard,entity-specific,entity-assessment-required
urn:sds:reg:gri:gri_306_5_c,"Total weight of non-hazardous waste directed to disposal in metric tons, and a breakdown of this total by the following disposal operations:",Ambiental,GRI,,GRI 306-5.c,Metric Tons,Mass,annual,numeric,Disclosure datapoint as defined in GRI masterfile (GRI 306-5.c).,external-standard,entity-specific,entity-assessment-required
urn:sds:reg:gri:gri_306_5_c_i,Incineration (with energy recovery);,Ambiental,GRI,,GRI 306-5.c.i,Metric Tons,Numeric,annual,numeric,Disclosure datapoint as defined in GRI masterfile (GRI 306-5.c.i).,external-standard,entity-specific,entity-assessment-required
urn:sds:reg:gri:gri_306_5_c_ii,Incineration (without energy recovery);,Ambiental,GRI,,GRI 306-5.c.ii,Metric Tons,Numeric,annual,numeric,Disclosure datapoint as defined in GRI masterfile (GRI 306-5.c.ii).,external-standard,entity-specific,entity-assessment-required
urn:sds:reg:gri:gri_306_5_c_iii,Landfilling,Ambiental,GRI,,GRI 306-5.c.iii,Metric Tons,Numeric,annual,numeric,Disclosure datapoint as defined in GRI masterfile (GRI 306-5.c.iii).,external-standard,entity-specific,entity-assessment-required
urn:sds:reg:gri:gri_306_5_c_iv,Other disposal operations.,Ambiental,GRI,,GRI 306-5.c.iv,Metric Tons,Numeric,annual,numeric,Disclosure datapoint as defined in GRI masterfile (GRI 306-5.c.iv).,external-standard,entity-specific,entity-assessment-required
urn:sds:reg:gri:gri_306_5_d,"For each disposal operation listed in Disclosures 306-5-b and 306-5-c, a breakdown of the total weight in metric tons of hazardous waste and of non-hazardous waste directed to disposal:",Ambiental,GRI,,GRI 306-5.d,Metric Tons,Mass,annual,numeric,Disclosure datapoint as defined in GRI masterfile (GRI 306-5.d).,external-standard,entity-specific,entity-assessment-required
urn:sds:reg:gri:gri_306_5_d_i,onsite,Ambiental,GRI,,GRI 306-5.d.i,Metric Tons,Numeric,annual,numeric,Disclosure datapoint as defined in GRI masterfile (GRI 306-5.d.i).,external-standard,entity-specific,entity-assessment-required
urn:sds:reg:gri:gri_306_5_d_ii,offsite,Ambiental,GRI,,GRI 306-5.d.ii,Metric Tons,Numeric,annual,numeric,Disclosure datapoint as defined in GRI masterfile (GRI 306-5.d.ii).,external-standard,entity-specific,entity-assessment-required
urn:sds:reg:gri:gri_306_5_e,Contextual information necessary to understand the data and how the data has been compiled.,Ambiental,GRI,,GRI 306-5.e,Text,Text,annual,narrative,Disclosure datapoint as defined in GRI masterfile (GRI 306-5.e).,external-standard,entity-specific,entity-assessment-required
urn:sds:reg:gri:gri_308_1_a,Percentage of new suppliers that were screened using environmental criteria.,Ambiental,GRI,,GRI 308-1.a,Percentage,Numeric,annual,numeric,Disclosure datapoint as defined in GRI masterfile (GRI 308-1.a).,external-standard,entity-specific,entity-assessment-required
urn:sds:reg:gri:gri_308_2_a,Number of suppliers assessed for environmental impacts.,Ambiental,GRI,,GRI 308-2.a,Numeric,Numeric,annual,numeric,Disclosure datapoint as defined in GRI masterfile (GRI 308-2.a).,external-standard,entity-specific,entity-assessment-required
urn:sds:reg:gri:gri_308_2_b,Number of suppliers identified as having significant actual and potential negative environmental impacts.,Ambiental,GRI,,GRI 308-2.b,Numeric,Numeric,annual,numeric,Disclosure datapoint as defined in GRI masterfile (GRI 308-2.b).,external-standard,entity-specific,entity-assessment-required
urn:sds:reg:gri:gri_308_2_c,Significant actual and potential negative environmental impacts identified in the supply chain.,Ambiental,GRI,,GRI 308-2.c,Text,Text,annual,narrative,Disclosure datapoint as defined in GRI masterfile (GRI 308-2.c).,external-standard,entity-specific,entity-assessment-required
urn:sds:reg:gri:gri_308_2_d,Percentage of suppliers identified as having significant actual and potential negative environmental impacts with which improvements were agreed upon as a result of assessment.,Ambiental,GRI,,GRI 308-2.d,Percentage,Numeric,annual,numeric,Disclosure datapoint as defined in GRI masterfile (GRI 308-2.d).,external-standard,entity-specific,entity-assessment-required
urn:sds:reg:gri:gri_308_2_e,"Percentage of suppliers identified as having significant actual and potential negative environmental impacts with which relationships were terminated as a result of assessment, and why.",Ambiental,GRI,,GRI 308-2.e,Percentage,Numeric,annual,numeric,Disclosure datapoint as defined in GRI masterfile (GRI 308-2.e).,external-standard,entity-specific,entity-assessment-required
urn:sds:reg:gri:gri_401_1_a,"Total number and rate of new employee hires during the reporting period, by age group, gender and region.",Social,GRI,,GRI 401-1.a,Text,Text,annual,narrative,Disclosure datapoint as defined in GRI masterfile (GRI 401-1.a).,external-standard,entity-specific,entity-assessment-required
urn:sds:reg:gri:gri_401_1_b,"Total number and rate of employee turnover during the reporting period, by age group, gender and region.",Social,GRI,,GRI 401-1.b,Text,Text,annual,narrative,Disclosure datapoint as defined in GRI masterfile (GRI 401-1.b).,external-standard,entity-specific,entity-assessment-required
urn:sds:reg:gri:gri_401_2_a,"Benefits which are standard for full-time employees of the organization but are not provided to temporary or part-time employees, by significant locations of operation. These include, as a minimum:",Social,GRI,,GRI 401-2.a,Text,Text,annual,narrative,Disclosure datapoint as defined in GRI masterfile (GRI 401-2.a).,external-standard,entity-specific,entity-assessment-required
urn:sds:reg:gri:gri_401_2_a_i,life insurance;,Social,GRI,,GRI 401-2.a.i,Text,Text,annual,narrative,Disclosure datapoint as defined in GRI masterfile (GRI 401-2.a.i).,external-standard,entity-specific,entity-assessment-required
urn:sds:reg:gri:gri_401_2_a_ii,health care;,Social,GRI,,GRI 401-2.a.ii,Text,Text,annual,narrative,Disclosure datapoint as defined in GRI masterfile (GRI 401-2.a.ii).,external-standard,entity-specific,entity-assessment-required
urn:sds:reg:gri:gri_401_2_a_iii,disability and invalidity coverage;,Social,GRI,,GRI 401-2.a.iii,Text,Text,annual,narrative,Disclosure datapoint as defined in GRI masterfile (GRI 401-2.a.iii).,external-standard,entity-specific,entity-assessment-required
urn:sds:reg:gri:gri_401_2_a_iv,parental leave;,Social,GRI,,GRI 401-2.a.iv,Text,Text,annual,narrative,Disclosure datapoint as defined in GRI masterfile (GRI 401-2.a.iv).,external-standard,entity-specific,entity-assessment-required
urn:sds:reg:gri:gri_401_2_a_v,retirement provision;,Social,GRI,,GRI 401-2.a.v,Text,Text,annual,narrative,Disclosure datapoint as defined in GRI masterfile (GRI 401-2.a.v).,external-standard,entity-specific,entity-assessment-required
urn:sds:reg:gri:gri_401_2_a_vi,stock ownership;,Social,GRI,,GRI 401-2.a.vi,Text,Text,annual,narrative,Disclosure datapoint as defined in GRI masterfile (GRI 401-2.a.vi).,external-standard,entity-specific,entity-assessment-required
urn:sds:reg:gri:gri_401_2_a_vii,others,Social,GRI,,GRI 401-2.a.vii,Text,Text,annual,narrative,Disclosure datapoint as defined in GRI masterfile (GRI 401-2.a.vii).,external-standard,entity-specific,entity-assessment-required
urn:sds:reg:gri:gri_401_3_a,"Total number of employees that were entitled to parental leave, by gender.",Social,GRI,,GRI 401-3.a,Text,Text,annual,narrative,Disclosure datapoint as defined in GRI masterfile (GRI 401-3.a).,external-standard,entity-specific,entity-assessment-required
urn:sds:reg:gri:gri_401_3_b,"Total number of employees that took parental leave, by gender.",Social,GRI,,GRI 401-3.b,Text,Text,annual,narrative,Disclosure datapoint as defined in GRI masterfile (GRI 401-3.b).,external-standard,entity-specific,entity-assessment-required
urn:sds:reg:gri:gri_401_3_c,"Total number of employees that returned to work in the reporting period after parental leave ended, by gender.",Social,GRI,,GRI 401-3.c,Text,Text,annual,narrative,Disclosure datapoint as defined in GRI masterfile (GRI 401-3.c).,external-standard,entity-specific,entity-assessment-required
urn:sds:reg:gri:gri_401_3_d,"Total number of employees that returned to work after parental leave ended that were still employed 12 months after their return to work, by gender.",Social,GRI,,GRI 401-3.d,Text,Text,annual,narrative,Disclosure datapoint as defined in GRI masterfile (GRI 401-3.d).,external-standard,entity-specific,entity-assessment-required
urn:sds:reg:gri:gri_401_3_e,"Return to work and retention rates of employees that took parental leave, by gender.",Social,GRI,,GRI 401-3.e,Text,Text,annual,narrative,Disclosure datapoint as defined in GRI masterfile (GRI 401-3.e).,external-standard,entity-specific,entity-assessment-required
urn:sds:reg:gri:gri_402_1_a,Minimum number of weeks’ notice typically provided to employees and their representatives prior to the implementation of significant operational changes that could substantially affect them.,Social,GRI,,GRI 402-1.a,Weeks,Numeric,annual,numeric,Disclosure datapoint as defined in GRI masterfile (GRI 402-1.a).,external-standard,entity-specific,entity-assessment-required
urn:sds:reg:gri:gri_402_1_b,"For organizations with collective bargaining agreements, report whether the notice period and provisions for consultation and negotiation are specified in collective agreements.",Social,GRI,,GRI 402-1.b,Text,Text,annual,semi-narrative,Disclosure datapoint as defined in GRI masterfile (GRI 402-1.b).,external-standard,entity-specific,entity-assessment-required
urn:sds:reg:gri:gri_403_1_a,"A statement of whether an occupational health and safety management system has been implemented, including whether:",Social,GRI,,GRI 403-1.a,Text,Text,annual,narrative,Disclosure datapoint as defined in GRI masterfile (GRI 403-1.a).,external-standard,entity-specific,entity-assessment-required
urn:sds:reg:gri:gri_403_1_a_i,"the system has been implemented because of legal requirements and, if so, a list of the requirements;",Social,GRI,,GRI 403-1.a.i,Text,Text,annual,narrative,Disclosure datapoint as defined in GRI masterfile (GRI 403-1.a.i).,external-standard,entity-specific,entity-assessment-required
urn:sds:reg:gri:gri_403_1_a_ii,"the system has been implemented based on recognized risk management and/or management system standards/guidelines and, if so, a list of the standards/guidelines.",Social,GRI,,GRI 403-1.a.ii,Text,Text,annual,narrative,Disclosure datapoint as defined in GRI masterfile (GRI 403-1.a.ii).,external-standard,entity-specific,entity-assessment-required
urn:sds:reg:gri:gri_403_1_b,"A description of the scope of workers, activities, and workplaces covered by the occupational health and safety management system, and an explanation of whether and, if so, why any workers, activities, or workplaces are not covered.",Social,GRI,,GRI 403-1.b,Text,Text,annual,narrative,Disclosure datapoint as defined in GRI masterfile (GRI 403-1.b).,external-standard,entity-specific,entity-assessment-required
urn:sds:reg:gri:gri_403_10_a,For all employees:,Social,GRI,,GRI 403-10.a,Text,Text,annual,narrative,Disclosure datapoint as defined in GRI masterfile (GRI 403-10.a).,external-standard,entity-specific,entity-assessment-required
urn:sds:reg:gri:gri_403_10_a_i,The number of fatalities as a result of work-related ill health;,Social,GRI,,GRI 403-10.a.i,Numeric,Numeric,annual,numeric,Disclosure datapoint as defined in GRI masterfile (GRI 403-10.a.i).,external-standard,entity-specific,entity-assessment-required
urn:sds:reg:gri:gri_403_10_a_ii,The number of cases of recordable work-related ill health;,Social,GRI,,GRI 403-10.a.ii,Numeric,Numeric,annual,numeric,Disclosure datapoint as defined in GRI masterfile (GRI 403-10.a.ii).,external-standard,entity-specific,entity-assessment-required
urn:sds:reg:gri:gri_403_10_a_iii,The main types of work-related ill health.,Social,GRI,,GRI 403-10.a.iii,Text,Text,annual,narrative,Disclosure datapoint as defined in GRI masterfile (GRI 403-10.a.iii).,external-standard,entity-specific,entity-assessment-required
urn:sds:reg:gri:gri_403_10_b,For all workers who are not employees but whose work and/or workplace is controlled by the organization:,Social,GRI,,GRI 403-10.b,Text,Text,annual,narrative,Disclosure datapoint as defined in GRI masterfile (GRI 403-10.b).,external-standard,entity-specific,entity-assessment-required
urn:sds:reg:gri:gri_403_10_b_i,The number of fatalities as a result of work-related ill health;,Social,GRI,,GRI 403-10.b.i,Numeric,Numeric,annual,numeric,Disclosure datapoint as defined in GRI masterfile (GRI 403-10.b.i).,external-standard,entity-specific,entity-assessment-required
urn:sds:reg:gri:gri_403_10_b_ii,The number of cases of recordable work-related ill health;,Social,GRI,,GRI 403-10.b.ii,Numeric,Numeric,annual,numeric,Disclosure datapoint as defined in GRI masterfile (GRI 403-10.b.ii).,external-standard,entity-specific,entity-assessment-required
urn:sds:reg:gri:gri_403_10_b_iii,The main types of work-related ill health.,Social,GRI,,GRI 403-10.b.iii,Text,Text,annual,narrative,Disclosure datapoint as defined in GRI masterfile (GRI 403-10.b.iii).,external-standard,entity-specific,entity-assessment-required
urn:sds:reg:gri:gri_403_10_c,"The work-related hazards that pose a risk of ill health, including:",Social,GRI,,GRI 403-10.c,Text,Text,annual,narrative,Disclosure datapoint as defined in GRI masterfile (GRI 403-10.c).,external-standard,entity-specific,entity-assessment-required
urn:sds:reg:gri:gri_403_10_c_i,how these hazards have been determined;,Social,GRI,,GRI 403-10.c.i,Text,Text,annual,narrative,Disclosure datapoint as defined in GRI masterfile (GRI 403-10.c.i).,external-standard,entity-specific,entity-assessment-required
urn:sds:reg:gri:gri_403_10_c_ii,which of these hazards have caused or contributed to cases of ill health during the reporting period;,Social,GRI,,GRI 403-10.c.ii,Text,Text,annual,narrative,Disclosure datapoint as defined in GRI masterfile (GRI 403-10.c.ii).,external-standard,entity-specific,entity-assessment-required
urn:sds:reg:gri:gri_403_10_c_iii,actions taken or underway to eliminate these hazards and minimize risks using the hierarchy of controls.,Social,GRI,,GRI 403-10.c.iii,Text,Text,annual,narrative,Disclosure datapoint as defined in GRI masterfile (GRI 403-10.c.iii).,external-standard,entity-specific,entity-assessment-required
urn:sds:reg:gri:gri_403_10_d,"Whether and, if so, why any workers have been excluded from this disclosure, including the types of worker excluded.",Social,GRI,,GRI 403-10.d,Text,Text,annual,narrative,Disclosure datapoint as defined in GRI masterfile (GRI 403-10.d).,external-standard,entity-specific,entity-assessment-required
urn:sds:reg:gri:gri_403_10_e,"Any contextual information necessary to understand how the data have been compiled, such as any standards, methodologies, and assumptions used.",Social,GRI,,GRI 403-10.e,Text,Text,annual,narrative,Disclosure datapoint as defined in GRI masterfile (GRI 403-10.e).,external-standard,entity-specific,entity-assessment-required
urn:sds:reg:gri:gri_403_2_a,"A description of the processes used to identify work-related hazards and assess risks on a routine and non-routine basis, and to apply the hierarchy of controls in order to eliminate hazards and minimize risks, including:",Social,GRI,,GRI 403-2.a,Text,Text,annual,narrative,Disclosure datapoint as defined in GRI masterfile (GRI 403-2.a).,external-standard,entity-specific,entity-assessment-required
urn:sds:reg:gri:gri_403_2_a_i,"how the organization ensures the quality of these processes, including the competency of persons who carry them out;",Social,GRI,,GRI 403-2.a.i,Text,Text,annual,narrative,Disclosure datapoint as defined in GRI masterfile (GRI 403-2.a.i).,external-standard,entity-specific,entity-assessment-required
urn:sds:reg:gri:gri_403_2_a_ii,how the results of these processes are used to evaluate and continually improve the occupational health and safety management system.,Social,GRI,,GRI 403-2.a.ii,Text,Text,annual,narrative,Disclosure datapoint as defined in GRI masterfile (GRI 403-2.a.ii).,external-standard,entity-specific,entity-assessment-required
urn:sds:reg:gri:gri_403_2_b,"A description of the processes for workers to report work-related hazards and hazardous situations, and an explanation of how workers are protected against reprisals.",Social,GRI,,GRI 403-2.b,Text,Text,annual,narrative,Disclosure datapoint as defined in GRI masterfile (GRI 403-2.b).,external-standard,entity-specific,entity-assessment-required
urn:sds:reg:gri:gri_403_2_c,"A description of the policies and processes for workers to remove themselves from work situations that they believe could cause injury or ill health, and an explanation of how workers are protected against reprisals.",Social,GRI,,GRI 403-2.c,Text,Text,annual,narrative,Disclosure datapoint as defined in GRI masterfile (GRI 403-2.c).,external-standard,entity-specific,entity-assessment-required
urn:sds:reg:gri:gri_403_2_d,"A description of the processes used to investigate work-related incidents, including the processes to identify hazards and assess risks relating to the incidents, to determine corrective actions using the hierarchy of controls, and to determine improvements needed in the occupational health and safety management system.",Social,GRI,,GRI 403-2.d,Text,Text,annual,narrative,Disclosure datapoint as defined in GRI masterfile (GRI 403-2.d).,external-standard,entity-specific,entity-assessment-required
urn:sds:reg:gri:gri_403_3_a,"A description of the occupational health services’ functions that contribute to the identification and elimination of hazards and minimization of risks, and an explanation of how the organization ensures the quality of these services and facilitates workers’ access to them.",Social,GRI,,GRI 403-3.a,Text,Text,annual,narrative,Disclosure datapoint as defined in GRI masterfile (GRI 403-3.a).,external-standard,entity-specific,entity-assessment-required
urn:sds:reg:gri:gri_403_4_a,"A description of the processes for worker participation and consultation in the development, implementation, and evaluation of the occupational health and safety management system, and for providing access to and communicating relevant information on occupational health and safety to workers.",Social,GRI,,GRI 403-4.a,Text,Text,annual,narrative,Disclosure datapoint as defined in GRI masterfile (GRI 403-4.a).,external-standard,entity-specific,entity-assessment-required
urn:sds:reg:gri:gri_403_4_b,"Where formal joint management-worker health and safety committees exist, a description of their responsibilities, meeting frequency, decision-making authority, and whether and, if so, why any workers are not represented by these committees.",Social,GRI,,GRI 403-4.b,Text,Text,annual,narrative,Disclosure datapoint as defined in GRI masterfile (GRI 403-4.b).,external-standard,entity-specific,entity-assessment-required
urn:sds:reg:gri:gri_403_5_a,"A description of any occupational health and safety training provided to workers, including generic training as well as training on specific work-related hazards, hazardous activities, or hazardous situations.",Social,GRI,,GRI 403-5.a,Text,Text,annual,narrative,Disclosure datapoint as defined in GRI masterfile (GRI 403-5.a).,external-standard,entity-specific,entity-assessment-required
urn:sds:reg:gri:gri_403_6_a,"An explanation of how the organization facilitates workers’ access to non-occupational medical and healthcare services, and the scope of access provided.",Social,GRI,,GRI 403-6.a,Text,Text,annual,narrative,Disclosure datapoint as defined in GRI masterfile (GRI 403-6.a).,external-standard,entity-specific,entity-assessment-required
urn:sds:reg:gri:gri_403_6_b,"A description of any voluntary health promotion services and programs offered to workers to address major non-work-related health risks, including the specific health risks addressed, and how the organization facilitates workers’ access to these services and programs.",Social,GRI,,GRI 403-6.b,Text,Text,annual,narrative,Disclosure datapoint as defined in GRI masterfile (GRI 403-6.b).,external-standard,entity-specific,entity-assessment-required
urn:sds:reg:gri:gri_403_7_a,"A description of the organization’s approach to preventing or mitigating significant negative occupational health and safety impacts that are directly linked to its operations, products, or services by its business relationships, and the related hazards and risks.",Social,GRI,,GRI 403-7.a,Text,Text,annual,narrative,Disclosure datapoint as defined in GRI masterfile (GRI 403-7.a).,external-standard,entity-specific,entity-assessment-required
urn:sds:reg:gri:gri_403_8_a,If the organization has implemented an occupational health and safety management system based on legal requirements and/or recognized standards/guidelines:,Social,GRI,,GRI 403-8.a,Text,Text,annual,semi-narrative,Disclosure datapoint as defined in GRI masterfile (GRI 403-8.a).,external-standard,entity-specific,entity-assessment-required
urn:sds:reg:gri:gri_403_8_a_i,"the number and percentage of all employees and workers who are not employees but whose work and/or workplace is controlled by the organization, who are covered by such a system;",Social,GRI,,GRI 403-8.a.i,Text,Text,annual,narrative,Disclosure datapoint as defined in GRI masterfile (GRI 403-8.a.i).,external-standard,entity-specific,entity-assessment-required
urn:sds:reg:gri:gri_403_8_a_ii,"the number and percentage of all employees and workers who are not employees but whose work and/or workplace is controlled by the organization, who are covered by such a system that has been internally audited;",Social,GRI,,GRI 403-8.a.ii,Text,Text,annual,narrative,Disclosure datapoint as defined in GRI masterfile (GRI 403-8.a.ii).,external-standard,entity-specific,entity-assessment-required
urn:sds:reg:gri:gri_403_8_a_iii,"the number and percentage of all employees and workers who are not employees but whose work and/or workplace is controlled by the organization, who are covered by such a system that has been audited or certified by an external party.",Social,GRI,,GRI 403-8.a.iii,Text,Text,annual,narrative,Disclosure datapoint as defined in GRI masterfile (GRI 403-8.a.iii).,external-standard,entity-specific,entity-assessment-required
urn:sds:reg:gri:gri_403_8_b,"Whether and, if so, why any workers have been excluded from this disclosure, including the types of worker excluded.",Social,GRI,,GRI 403-8.b,Text,Text,annual,narrative,Disclosure datapoint as defined in GRI masterfile (GRI 403-8.b).,external-standard,entity-specific,entity-assessment-required
urn:sds:reg:gri:gri_403_8_c,"Any contextual information necessary to understand how the data have been compiled, such as any standards, methodologies, and assumptions used.",Social,GRI,,GRI 403-8.c,Text,Text,annual,narrative,Disclosure datapoint as defined in GRI masterfile (GRI 403-8.c).,external-standard,entity-specific,entity-assessment-required
urn:sds:reg:gri:gri_403_9_a,For all employees:,Social,GRI,,GRI 403-9.a,Text,Text,annual,narrative,Disclosure datapoint as defined in GRI masterfile (GRI 403-9.a).,external-standard,entity-specific,entity-assessment-required
urn:sds:reg:gri:gri_403_9_a_i,The number and rate of fatalities as a result of work-related injury;,Social,GRI,,GRI 403-9.a.i,Text,Text,annual,narrative,Disclosure datapoint as defined in GRI masterfile (GRI 403-9.a.i).,external-standard,entity-specific,entity-assessment-required
urn:sds:reg:gri:gri_403_9_a_ii,The number and rate of high-consequence work-related injuries (excluding fatalities);,Social,GRI,,GRI 403-9.a.ii,Text,Text,annual,narrative,Disclosure datapoint as defined in GRI masterfile (GRI 403-9.a.ii).,external-standard,entity-specific,entity-assessment-required
urn:sds:reg:gri:gri_403_9_a_iii,The number and rate of recordable work-related injuries;,Social,GRI,,GRI 403-9.a.iii,Text,Text,annual,narrative,Disclosure datapoint as defined in GRI masterfile (GRI 403-9.a.iii).,external-standard,entity-specific,entity-assessment-required
urn:sds:reg:gri:gri_403_9_a_iv,The main types of work-related injury;,Social,GRI,,GRI 403-9.a.iv,Text,Text,annual,narrative,Disclosure datapoint as defined in GRI masterfile (GRI 403-9.a.iv).,external-standard,entity-specific,entity-assessment-required
urn:sds:reg:gri:gri_403_9_a_v,The number of hours worked.,Social,GRI,,GRI 403-9.a.v,Hours,Numeric,annual,numeric,Disclosure datapoint as defined in GRI masterfile (GRI 403-9.a.v).,external-standard,entity-specific,entity-assessment-required
urn:sds:reg:gri:gri_403_9_b,For all workers who are not employees but whose work and/or workplace is controlled by the organization:,Social,GRI,,GRI 403-9.b,Text,Text,annual,narrative,Disclosure datapoint as defined in GRI masterfile (GRI 403-9.b).,external-standard,entity-specific,entity-assessment-required
urn:sds:reg:gri:gri_403_9_b_i,The number and rate of fatalities as a result of work-related injury;,Social,GRI,,GRI 403-9.b.i,Text,Text,annual,narrative,Disclosure datapoint as defined in GRI masterfile (GRI 403-9.b.i).,external-standard,entity-specific,entity-assessment-required
urn:sds:reg:gri:gri_403_9_b_ii,The number and rate of high-consequence work-related injuries (excluding fatalities);,Social,GRI,,GRI 403-9.b.ii,Text,Text,annual,narrative,Disclosure datapoint as defined in GRI masterfile (GRI 403-9.b.ii).,external-standard,entity-specific,entity-assessment-required
urn:sds:reg:gri:gri_403_9_b_iii,The number and rate of recordable work-related injuries;,Social,GRI,,GRI 403-9.b.iii,Text,Text,annual,narrative,Disclosure datapoint as defined in GRI masterfile (GRI 403-9.b.iii).,external-standard,entity-specific,entity-assessment-required
urn:sds:reg:gri:gri_403_9_b_iv,The main types of work-related injury;,Social,GRI,,GRI 403-9.b.iv,Text,Text,annual,narrative,Disclosure datapoint as defined in GRI masterfile (GRI 403-9.b.iv).,external-standard,entity-specific,entity-assessment-required
urn:sds:reg:gri:gri_403_9_b_v,The number of hours worked.,Social,GRI,,GRI 403-9.b.v,Hours,Numeric,annual,numeric,Disclosure datapoint as defined in GRI masterfile (GRI 403-9.b.v).,external-standard,entity-specific,entity-assessment-required
urn:sds:reg:gri:gri_403_9_c,"The work-related hazards that pose a risk of high-consequence injury, including:",Social,GRI,,GRI 403-9.c,Text,Text,annual,narrative,Disclosure datapoint as defined in GRI masterfile (GRI 403-9.c).,external-standard,entity-specific,entity-assessment-required
urn:sds:reg:gri:gri_403_9_c_i,how these hazards have been determined;,Social,GRI,,GRI 403-9.c.i,Text,Text,annual,narrative,Disclosure datapoint as defined in GRI masterfile (GRI 403-9.c.i).,external-standard,entity-specific,entity-assessment-required
urn:sds:reg:gri:gri_403_9_c_ii,which of these hazards have caused or contributed to high-consequence injuries during the reporting period;,Social,GRI,,GRI 403-9.c.ii,Text,Text,annual,narrative,Disclosure datapoint as defined in GRI masterfile (GRI 403-9.c.ii).,external-standard,entity-specific,entity-assessment-required
urn:sds:reg:gri:gri_403_9_c_iii,actions taken or underway to eliminate these hazards and minimize risks using the hierarchy of controls.,Social,GRI,,GRI 403-9.c.iii,Text,Text,annual,narrative,Disclosure datapoint as defined in GRI masterfile (GRI 403-9.c.iii).,external-standard,entity-specific,entity-assessment-required
urn:sds:reg:gri:gri_403_9_d,Any actions taken or underway to eliminate other work-related hazards and minimize risks using the hierarchy of controls.,Social,GRI,,GRI 403-9.d,Text,Text,annual,narrative,Disclosure datapoint as defined in GRI masterfile (GRI 403-9.d).,external-standard,entity-specific,entity-assessment-required
urn:sds:reg:gri:gri_403_9_e,"Whether the rates have been calculated based on 200,000 or 1,000,000 hours worked.",Social,GRI,,GRI 403-9.e,Text,Text,annual,semi-narrative,Disclosure datapoint as defined in GRI masterfile (GRI 403-9.e).,external-standard,entity-specific,entity-assessment-required
urn:sds:reg:gri:gri_403_9_f,"Whether and, if so, why any workers have been excluded from this disclosure, including the types of worker excluded.",Social,GRI,,GRI 403-9.f,Text,Text,annual,narrative,Disclosure datapoint as defined in GRI masterfile (GRI 403-9.f).,external-standard,entity-specific,entity-assessment-required
urn:sds:reg:gri:gri_403_9_g,"Any contextual information necessary to understand how the data have been compiled, such as any standards, methodologies, and assumptions used.",Social,GRI,,GRI 403-9.g,Text,Text,annual,narrative,Disclosure datapoint as defined in GRI masterfile (GRI 403-9.g).,external-standard,entity-specific,entity-assessment-required
urn:sds:reg:gri:gri_404_1_a,"Average hours of training that the organization’s employees have undertaken during the reporting period, by:",Social,GRI,,GRI 404-1.a,hours,Numeric,annual,numeric,Disclosure datapoint as defined in GRI masterfile (GRI 404-1.a).,external-standard,entity-specific,entity-assessment-required
urn:sds:reg:gri:gri_404_1_a_i,gender,Social,GRI,,GRI 404-1.a.i,hours,Numeric,annual,numeric,Disclosure datapoint as defined in GRI masterfile (GRI 404-1.a.i).,external-standard,entity-specific,entity-assessment-required
urn:sds:reg:gri:gri_404_1_a_ii,employee category.,Social,GRI,,GRI 404-1.a.ii,hours,Numeric,annual,numeric,Disclosure datapoint as defined in GRI masterfile (GRI 404-1.a.ii).,external-standard,entity-specific,entity-assessment-required
urn:sds:reg:gri:gri_404_2_a,Type and scope of programs implemented and assistance provided to upgrade employee skills.,Social,GRI,,GRI 404-2.a,Text,Text,annual,narrative,Disclosure datapoint as defined in GRI masterfile (GRI 404-2.a).,external-standard,entity-specific,entity-assessment-required
urn:sds:reg:gri:gri_404_2_b,Transition assistance programs provided to facilitate continued employability and the management of career endings resulting from retirement or termination of employment.,Social,GRI,,GRI 404-2.b,Text,Text,annual,narrative,Disclosure datapoint as defined in GRI masterfile (GRI 404-2.b).,external-standard,entity-specific,entity-assessment-required
urn:sds:reg:gri:gri_404_3_a,Percentage of total employees by gender and by employee category who received a regular performance and career development review during the reporting period.,Social,GRI,,GRI 404-3.a,Text,Text,annual,narrative,Disclosure datapoint as defined in GRI masterfile (GRI 404-3.a).,external-standard,entity-specific,entity-assessment-required
urn:sds:reg:gri:gri_405_1_a,Percentage of individuals within the organization’s governance bodies in each of the following diversity categories:,Social,GRI,,GRI 405-1.a,Percentage,Numeric,annual,numeric,Disclosure datapoint as defined in GRI masterfile (GRI 405-1.a).,external-standard,entity-specific,entity-assessment-required
urn:sds:reg:gri:gri_405_1_a_i,Gender,Social,GRI,,GRI 405-1.a.i,Percentage,Numeric,annual,numeric,Disclosure datapoint as defined in GRI masterfile (GRI 405-1.a.i).,external-standard,entity-specific,entity-assessment-required
urn:sds:reg:gri:gri_405_1_a_ii,"Age group: under 30 years old, 30-50 years old, over 50 years old;",Social,GRI,,GRI 405-1.a.ii,Percentage,Numeric,annual,numeric,Disclosure datapoint as defined in GRI masterfile (GRI 405-1.a.ii).,external-standard,entity-specific,entity-assessment-required
urn:sds:reg:gri:gri_405_1_a_iii,Other indicators of diversity where relevant (such as minority or vulnerable groups).,Social,GRI,,GRI 405-1.a.iii,Percentage,Numeric,annual,numeric,Disclosure datapoint as defined in GRI masterfile (GRI 405-1.a.iii).,external-standard,entity-specific,entity-assessment-required
urn:sds:reg:gri:gri_405_1_b,Percentage of employees per employee category in each of the following diversity categories:,Social,GRI,,GRI 405-1.b,Percentage,Numeric,annual,numeric,Disclosure datapoint as defined in GRI masterfile (GRI 405-1.b).,external-standard,entity-specific,entity-assessment-required
urn:sds:reg:gri:gri_405_1_b_i,Gender,Social,GRI,,GRI 405-1.b.i,Percentage,Numeric,annual,numeric,Disclosure datapoint as defined in GRI masterfile (GRI 405-1.b.i).,external-standard,entity-specific,entity-assessment-required
urn:sds:reg:gri:gri_405_1_b_ii,"Age group: under 30 years old, 30-50 years old, over 50 years old;",Social,GRI,,GRI 405-1.b.ii,Percentage,Numeric,annual,numeric,Disclosure datapoint as defined in GRI masterfile (GRI 405-1.b.ii).,external-standard,entity-specific,entity-assessment-required
urn:sds:reg:gri:gri_405_1_b_iii,Other indicators of diversity where relevant (such as minority or vulnerable groups).,Social,GRI,,GRI 405-1.b.iii,Percentage,Numeric,annual,numeric,Disclosure datapoint as defined in GRI masterfile (GRI 405-1.b.iii).,external-standard,entity-specific,entity-assessment-required
urn:sds:reg:gri:gri_405_2_a,"Ratio of the basic salary and remuneration of women to men for each employee category, by significant locations of operation.",Social,GRI,,GRI 405-2.a,Text,Text,annual,narrative,Disclosure datapoint as defined in GRI masterfile (GRI 405-2.a).,external-standard,entity-specific,entity-assessment-required
urn:sds:reg:gri:gri_405_2_b,The definition used for ‘significant locations of operation’.,Social,GRI,,GRI 405-2.b,Text,Text,annual,narrative,Disclosure datapoint as defined in GRI masterfile (GRI 405-2.b).,external-standard,entity-specific,entity-assessment-required
urn:sds:reg:gri:gri_406_1_a,Total number of incidents of discrimination during the reporting period.,Social,GRI,,GRI 406-1.a,Numeric,Numeric,annual,numeric,Disclosure datapoint as defined in GRI masterfile (GRI 406-1.a).,external-standard,entity-specific,entity-assessment-required
urn:sds:reg:gri:gri_406_1_b,Status of the incidents and actions taken with reference to the following:,Social,GRI,,GRI 406-1.b,Text,Text,annual,narrative,Disclosure datapoint as defined in GRI masterfile (GRI 406-1.b).,external-standard,entity-specific,entity-assessment-required
urn:sds:reg:gri:gri_406_1_b_i,Incident reviewed by the organization;,Social,GRI,,GRI 406-1.b.i,Text,Text,annual,narrative,Disclosure datapoint as defined in GRI masterfile (GRI 406-1.b.i).,external-standard,entity-specific,entity-assessment-required
urn:sds:reg:gri:gri_406_1_b_ii,Remediation plans being implemented;,Social,GRI,,GRI 406-1.b.ii,Text,Text,annual,narrative,Disclosure datapoint as defined in GRI masterfile (GRI 406-1.b.ii).,external-standard,entity-specific,entity-assessment-required
urn:sds:reg:gri:gri_406_1_b_iii,"Remediation plans that have been implemented, with results reviewed through routine internal management review processes;",Social,GRI,,GRI 406-1.b.iii,Text,Text,annual,narrative,Disclosure datapoint as defined in GRI masterfile (GRI 406-1.b.iii).,external-standard,entity-specific,entity-assessment-required
urn:sds:reg:gri:gri_406_1_b_iv,Incident no longer subject to action.,Social,GRI,,GRI 406-1.b.iv,Text,Text,annual,narrative,Disclosure datapoint as defined in GRI masterfile (GRI 406-1.b.iv).,external-standard,entity-specific,entity-assessment-required
urn:sds:reg:gri:gri_407_1_a,Operations and suppliers in which workers’ rights to exercise freedom of association or collective bargaining may be violated or at significant risk either in terms of:,Social,GRI,,GRI 407-1.a,Text,Text,annual,narrative,Disclosure datapoint as defined in GRI masterfile (GRI 407-1.a).,external-standard,entity-specific,entity-assessment-required
urn:sds:reg:gri:gri_407_1_a_i,type of operation (such as manufacturing plant) and supplier;,Social,GRI,,GRI 407-1.a.i,Text,Text,annual,narrative,Disclosure datapoint as defined in GRI masterfile (GRI 407-1.a.i).,external-standard,entity-specific,entity-assessment-required
urn:sds:reg:gri:gri_407_1_a_ii,countries or geographic areas with operations and suppliers considered at risk.,Social,GRI,,GRI 407-1.a.ii,Text,Text,annual,narrative,Disclosure datapoint as defined in GRI masterfile (GRI 407-1.a.ii).,external-standard,entity-specific,entity-assessment-required
urn:sds:reg:gri:gri_407_1_b,Measures taken by the organization in the reporting period intended to support rights to exercise freedom of association and collective bargaining.,Social,GRI,,GRI 407-1.b,Text,Text,annual,narrative,Disclosure datapoint as defined in GRI masterfile (GRI 407-1.b).,external-standard,entity-specific,entity-assessment-required
urn:sds:reg:gri:gri_408_1_a,Operations and suppliers considered to have significant risk for incidents of:,Social,GRI,,GRI 408-1.a,Text,Text,annual,narrative,Disclosure datapoint as defined in GRI masterfile (GRI 408-1.a).,external-standard,entity-specific,entity-assessment-required
urn:sds:reg:gri:gri_408_1_a_i,child labor;,Social,GRI,,GRI 408-1.a.i,Text,Text,annual,narrative,Disclosure datapoint as defined in GRI masterfile (GRI 408-1.a.i).,external-standard,entity-specific,entity-assessment-required
urn:sds:reg:gri:gri_408_1_a_ii,young workers exposed to hazardous work.,Social,GRI,,GRI 408-1.a.ii,Text,Text,annual,narrative,Disclosure datapoint as defined in GRI masterfile (GRI 408-1.a.ii).,external-standard,entity-specific,entity-assessment-required
urn:sds:reg:gri:gri_408_1_b,Operations and suppliers considered to have significant risk for incidents of child labor either in terms of:,Social,GRI,,GRI 408-1.b,Text,Text,annual,narrative,Disclosure datapoint as defined in GRI masterfile (GRI 408-1.b).,external-standard,entity-specific,entity-assessment-required
urn:sds:reg:gri:gri_408_1_b_i,type of operation (such as manufacturing plant) and supplier;,Social,GRI,,GRI 408-1.b.i,Text,Text,annual,narrative,Disclosure datapoint as defined in GRI masterfile (GRI 408-1.b.i).,external-standard,entity-specific,entity-assessment-required
urn:sds:reg:gri:gri_408_1_b_ii,countries or geographic areas with operations and suppliers considered at risk.,Social,GRI,,GRI 408-1.b.ii,Text,Text,annual,narrative,Disclosure datapoint as defined in GRI masterfile (GRI 408-1.b.ii).,external-standard,entity-specific,entity-assessment-required
urn:sds:reg:gri:gri_408_1_c,Measures taken by the organization in the reporting period intended to contribute to the effective abolition of child labor.,Social,GRI,,GRI 408-1.c,Text,Text,annual,narrative,Disclosure datapoint as defined in GRI masterfile (GRI 408-1.c).,external-standard,entity-specific,entity-assessment-required
urn:sds:reg:gri:gri_409_1_a,Operations and suppliers considered to have significant risk for incidents of forced or compulsory labor either in terms of:,Social,GRI,,GRI 409-1.a,Text,Text,annual,narrative,Disclosure datapoint as defined in GRI masterfile (GRI 409-1.a).,external-standard,entity-specific,entity-assessment-required
urn:sds:reg:gri:gri_409_1_a_i,type of operation (such as manufacturing plant) and supplier;,Social,GRI,,GRI 409-1.a.i,Text,Text,annual,narrative,Disclosure datapoint as defined in GRI masterfile (GRI 409-1.a.i).,external-standard,entity-specific,entity-assessment-required
urn:sds:reg:gri:gri_409_1_a_ii,countries or geographic areas with operations and suppliers considered at risk.,Social,GRI,,GRI 409-1.a.ii,Text,Text,annual,narrative,Disclosure datapoint as defined in GRI masterfile (GRI 409-1.a.ii).,external-standard,entity-specific,entity-assessment-required
urn:sds:reg:gri:gri_409_1_b,Measures taken by the organization in the reporting period intended to contribute to the elimination of all forms of forced or compulsory labor.,Social,GRI,,GRI 409-1.b,Text,Text,annual,narrative,Disclosure datapoint as defined in GRI masterfile (GRI 409-1.b).,external-standard,entity-specific,entity-assessment-required
urn:sds:reg:gri:gri_410_1_a,Percentage of security personnel who have received formal training in the organization’s human rights policies or specific procedures and their application to security.,Social,GRI,,GRI 410-1.a,Percentage,Numeric,annual,numeric,Disclosure datapoint as defined in GRI masterfile (GRI 410-1.a).,external-standard,entity-specific,entity-assessment-required
urn:sds:reg:gri:gri_410_1_b,Whether training requirements also apply to third-party organizations providing security personnel.,Social,GRI,,GRI 410-1.b,Text,Text,annual,semi-narrative,Disclosure datapoint as defined in GRI masterfile (GRI 410-1.b).,external-standard,entity-specific,entity-assessment-required
urn:sds:reg:gri:gri_411_1_a,Total number of identified incidents of violations involving the rights of indigenous peoples during the reporting period.,Social,GRI,,GRI 411-1.a,Numeric,Numeric,annual,numeric,Disclosure datapoint as defined in GRI masterfile (GRI 411-1.a).,external-standard,entity-specific,entity-assessment-required
urn:sds:reg:gri:gri_411_1_b,Status of the incidents and actions taken with reference to the following:,Social,GRI,,GRI 411-1.b,Text,Text,annual,narrative,Disclosure datapoint as defined in GRI masterfile (GRI 411-1.b).,external-standard,entity-specific,entity-assessment-required
urn:sds:reg:gri:gri_411_1_b_i,Incident reviewed by the organization;,Social,GRI,,GRI 411-1.b.i,Text,Text,annual,narrative,Disclosure datapoint as defined in GRI masterfile (GRI 411-1.b.i).,external-standard,entity-specific,entity-assessment-required
urn:sds:reg:gri:gri_411_1_b_ii,Remediation plans being implemented;,Social,GRI,,GRI 411-1.b.ii,Text,Text,annual,narrative,Disclosure datapoint as defined in GRI masterfile (GRI 411-1.b.ii).,external-standard,entity-specific,entity-assessment-required
urn:sds:reg:gri:gri_411_1_b_iii,"Remediation plans that have been implemented, with results reviewed through routine internal management review processes;",Social,GRI,,GRI 411-1.b.iii,Text,Text,annual,narrative,Disclosure datapoint as defined in GRI masterfile (GRI 411-1.b.iii).,external-standard,entity-specific,entity-assessment-required
urn:sds:reg:gri:gri_411_1_b_iv,Incident no longer subject to action.,Social,GRI,,GRI 411-1.b.iv,Text,Text,annual,narrative,Disclosure datapoint as defined in GRI masterfile (GRI 411-1.b.iv).,external-standard,entity-specific,entity-assessment-required
urn:sds:reg:gri:gri_413_1_a,"Percentage of operations with implemented local community engagement, impact assessments, and/or development programs, including the use of:",Social,GRI,,GRI 413-1.a,Percentage,Numeric,annual,numeric,Disclosure datapoint as defined in GRI masterfile (GRI 413-1.a).,external-standard,entity-specific,entity-assessment-required
urn:sds:reg:gri:gri_413_1_a_i,"social impact assessments, including gender impact assessments, based on participatory processes;",Social,GRI,,GRI 413-1.a.i,Percentage,Numeric,annual,numeric,Disclosure datapoint as defined in GRI masterfile (GRI 413-1.a.i).,external-standard,entity-specific,entity-assessment-required
urn:sds:reg:gri:gri_413_1_a_ii,environmental impact assessments and ongoing monitoring;,Social,GRI,,GRI 413-1.a.ii,Percentage,Numeric,annual,numeric,Disclosure datapoint as defined in GRI masterfile (GRI 413-1.a.ii).,external-standard,entity-specific,entity-assessment-required
urn:sds:reg:gri:gri_413_1_a_iii,public disclosure of results of environmental and social impact assessments;,Social,GRI,,GRI 413-1.a.iii,Percentage,Numeric,annual,numeric,Disclosure datapoint as defined in GRI masterfile (GRI 413-1.a.iii).,external-standard,entity-specific,entity-assessment-required
urn:sds:reg:gri:gri_413_1_a_iv,local community development programs based on local communities’ needs;,Social,GRI,,GRI 413-1.a.iv,Percentage,Numeric,annual,numeric,Disclosure datapoint as defined in GRI masterfile (GRI 413-1.a.iv).,external-standard,entity-specific,entity-assessment-required
urn:sds:reg:gri:gri_413_1_a_v,stakeholder engagement plans based on stakeholder mapping;,Social,GRI,,GRI 413-1.a.v,Percentage,Numeric,annual,numeric,Disclosure datapoint as defined in GRI masterfile (GRI 413-1.a.v).,external-standard,entity-specific,entity-assessment-required
urn:sds:reg:gri:gri_413_1_a_vi,broad based local community consultation committees and processes that include vulnerable groups;,Social,GRI,,GRI 413-1.a.vi,Percentage,Numeric,annual,numeric,Disclosure datapoint as defined in GRI masterfile (GRI 413-1.a.vi).,external-standard,entity-specific,entity-assessment-required
urn:sds:reg:gri:gri_413_1_a_vii,"works councils, occupational health and safety committees and other worker representation bodies to deal with impacts;",Social,GRI,,GRI 413-1.a.vii,Percentage,Numeric,annual,numeric,Disclosure datapoint as defined in GRI masterfile (GRI 413-1.a.vii).,external-standard,entity-specific,entity-assessment-required
urn:sds:reg:gri:gri_413_1_a_viii,formal local community grievance processes.,Social,GRI,,GRI 413-1.a.viii,Percentage,Numeric,annual,numeric,Disclosure datapoint as defined in GRI masterfile (GRI 413-1.a.viii).,external-standard,entity-specific,entity-assessment-required
urn:sds:reg:gri:gri_413_2_a,"Operations with significant actual and potential negative impacts on local communities, including:",Social,GRI,,GRI 413-2.a,Text,Text,annual,narrative,Disclosure datapoint as defined in GRI masterfile (GRI 413-2.a).,external-standard,entity-specific,entity-assessment-required
urn:sds:reg:gri:gri_413_2_a_i,the location of the operations;,Social,GRI,,GRI 413-2.a.i,Text,Text,annual,narrative,Disclosure datapoint as defined in GRI masterfile (GRI 413-2.a.i).,external-standard,entity-specific,entity-assessment-required
urn:sds:reg:gri:gri_413_2_a_ii,the significant actual and potential negative impacts of operations.,Social,GRI,,GRI 413-2.a.ii,Text,Text,annual,narrative,Disclosure datapoint as defined in GRI masterfile (GRI 413-2.a.ii).,external-standard,entity-specific,entity-assessment-required
urn:sds:reg:gri:gri_414_1_a,Percentage of new suppliers that were screened using social criteria.,Social,GRI,,GRI 414-1.a,Percentage,Numeric,annual,numeric,Disclosure datapoint as defined in GRI masterfile (GRI 414-1.a).,external-standard,entity-specific,entity-assessment-required
urn:sds:reg:gri:gri_414_2_a,Number of suppliers assessed for social impacts.,Social,GRI,,GRI 414-2.a,Numeric,Numeric,annual,numeric,Disclosure datapoint as defined in GRI masterfile (GRI 414-2.a).,external-standard,entity-specific,entity-assessment-required
urn:sds:reg:gri:gri_414_2_b,Number of suppliers identified as having significant actual and potential negative social impacts.,Social,GRI,,GRI 414-2.b,Numeric,Numeric,annual,numeric,Disclosure datapoint as defined in GRI masterfile (GRI 414-2.b).,external-standard,entity-specific,entity-assessment-required
urn:sds:reg:gri:gri_414_2_c,Significant actual and potential negative social impacts identified in the supply chain.,Social,GRI,,GRI 414-2.c,Text,Text,annual,narrative,Disclosure datapoint as defined in GRI masterfile (GRI 414-2.c).,external-standard,entity-specific,entity-assessment-required
urn:sds:reg:gri:gri_414_2_d,Percentage of suppliers identified as having significant actual and potential negative social impacts with which improvements were agreed upon as a result of assessment.,Social,GRI,,GRI 414-2.d,Percentage,Numeric,annual,numeric,Disclosure datapoint as defined in GRI masterfile (GRI 414-2.d).,external-standard,entity-specific,entity-assessment-required
urn:sds:reg:gri:gri_414_2_e,"Percentage of suppliers identified as having significant actual and potential negative social impacts with which relationships were terminated as a result of assessment, and why.",Social,GRI,,GRI 414-2.e,Percentage,Numeric,annual,numeric,Disclosure datapoint as defined in GRI masterfile (GRI 414-2.e).,external-standard,entity-specific,entity-assessment-required
urn:sds:reg:gri:gri_415_1_a,Total monetary value of financial and in-kind political contributions made directly and indirectly by the organization by country and recipient/beneficiary.,Social,GRI,,GRI 415-1.a,Text,Text,annual,narrative,Disclosure datapoint as defined in GRI masterfile (GRI 415-1.a).,external-standard,entity-specific,entity-assessment-required
urn:sds:reg:gri:gri_415_1_b,"If applicable, how the monetary value of in-kind contributions was estimated.",Social,GRI,,GRI 415-1.b,Text,Text,annual,narrative,Disclosure datapoint as defined in GRI masterfile (GRI 415-1.b).,external-standard,entity-specific,entity-assessment-required
urn:sds:reg:gri:gri_416_1_a,Percentage of significant product and service categories for which health and safety impacts are assessed for improvement.,Social,GRI,,GRI 416-1.a,Percentage,Numeric,annual,numeric,Disclosure datapoint as defined in GRI masterfile (GRI 416-1.a).,external-standard,entity-specific,entity-assessment-required
urn:sds:reg:gri:gri_416_2_a,"Total number of incidents of non-compliance with regulations and/or voluntary codes concerning the health and safety impacts of products and services within the reporting period, by:",Social,GRI,,GRI 416-2.a,Numeric,Numeric,annual,numeric,Disclosure datapoint as defined in GRI masterfile (GRI 416-2.a).,external-standard,entity-specific,entity-assessment-required
urn:sds:reg:gri:gri_416_2_a_i,incidents of non-compliance with regulations resulting in a fine or penalty;,Social,GRI,,GRI 416-2.a.i,Numeric,Numeric,annual,numeric,Disclosure datapoint as defined in GRI masterfile (GRI 416-2.a.i).,external-standard,entity-specific,entity-assessment-required
urn:sds:reg:gri:gri_416_2_a_ii,incidents of non-compliance with regulations resulting in a warning;,Social,GRI,,GRI 416-2.a.ii,Numeric,Numeric,annual,numeric,Disclosure datapoint as defined in GRI masterfile (GRI 416-2.a.ii).,external-standard,entity-specific,entity-assessment-required
urn:sds:reg:gri:gri_416_2_a_iii,incidents of non-compliance with voluntary codes.,Social,GRI,,GRI 416-2.a.iii,Numeric,Numeric,annual,numeric,Disclosure datapoint as defined in GRI masterfile (GRI 416-2.a.iii).,external-standard,entity-specific,entity-assessment-required
urn:sds:reg:gri:gri_416_2_b,"If the organization has not identified any non-compliance with regulations and/or voluntary codes, a brief statement of this fact is sufficient.",Social,GRI,,GRI 416-2.b,Text,Text,annual,narrative,Disclosure datapoint as defined in GRI masterfile (GRI 416-2.b).,external-standard,entity-specific,entity-assessment-required
urn:sds:reg:gri:gri_417_1_a,Whether each of the following types of information is required by the organization’s procedures for product and service information and labeling:,Social,GRI,,GRI 417-1.a,Text,Text,annual,narrative,Disclosure datapoint as defined in GRI masterfile (GRI 417-1.a).,external-standard,entity-specific,entity-assessment-required
urn:sds:reg:gri:gri_417_1_a_i,The sourcing of components of the product or service;,Social,GRI,,GRI 417-1.a.i,Text,Text,annual,semi-narrative,Disclosure datapoint as defined in GRI masterfile (GRI 417-1.a.i).,external-standard,entity-specific,entity-assessment-required
urn:sds:reg:gri:gri_417_1_a_ii,"Content, particularly with regard to substances that might produce an environmental or social impact;",Social,GRI,,GRI 417-1.a.ii,Text,Text,annual,semi-narrative,Disclosure datapoint as defined in GRI masterfile (GRI 417-1.a.ii).,external-standard,entity-specific,entity-assessment-required
urn:sds:reg:gri:gri_417_1_a_iii,Safe use of the product or service;,Social,GRI,,GRI 417-1.a.iii,Text,Text,annual,semi-narrative,Disclosure datapoint as defined in GRI masterfile (GRI 417-1.a.iii).,external-standard,entity-specific,entity-assessment-required
urn:sds:reg:gri:gri_417_1_a_iv,Disposal of the product and environmental or social impacts;,Social,GRI,,GRI 417-1.a.iv,Text,Text,annual,semi-narrative,Disclosure datapoint as defined in GRI masterfile (GRI 417-1.a.iv).,external-standard,entity-specific,entity-assessment-required
urn:sds:reg:gri:gri_417_1_a_v,Other (explain).,Social,GRI,,GRI 417-1.a.v,Text,Text,annual,narrative,Disclosure datapoint as defined in GRI masterfile (GRI 417-1.a.v).,external-standard,entity-specific,entity-assessment-required
urn:sds:reg:gri:gri_417_1_b,Percentage of significant product or service categories covered by and assessed for compliance with such procedures.,Social,GRI,,GRI 417-1.b,Percentage,Numeric,annual,numeric,Disclosure datapoint as defined in GRI masterfile (GRI 417-1.b).,external-standard,entity-specific,entity-assessment-required
urn:sds:reg:gri:gri_417_2_a,"Total number of incidents of non-compliance with regulations and/or voluntary codes concerning product and service information and labeling, by:",Social,GRI,,GRI 417-2.a,Numeric,Numeric,annual,numeric,Disclosure datapoint as defined in GRI masterfile (GRI 417-2.a).,external-standard,entity-specific,entity-assessment-required
urn:sds:reg:gri:gri_417_2_a_i,incidents of non-compliance with regulations resulting in a fine or penalty;,Social,GRI,,GRI 417-2.a.i,Numeric,Numeric,annual,numeric,Disclosure datapoint as defined in GRI masterfile (GRI 417-2.a.i).,external-standard,entity-specific,entity-assessment-required
urn:sds:reg:gri:gri_417_2_a_ii,incidents of non-compliance with regulations resulting in a warning;,Social,GRI,,GRI 417-2.a.ii,Numeric,Numeric,annual,numeric,Disclosure datapoint as defined in GRI masterfile (GRI 417-2.a.ii).,external-standard,entity-specific,entity-assessment-required
urn:sds:reg:gri:gri_417_2_a_iii,incidents of non-compliance with voluntary codes.,Social,GRI,,GRI 417-2.a.iii,Numeric,Numeric,annual,numeric,Disclosure datapoint as defined in GRI masterfile (GRI 417-2.a.iii).,external-standard,entity-specific,entity-assessment-required
urn:sds:reg:gri:gri_417_2_b,"If the organization has not identified any non-compliance with regulations and/or voluntary codes, a brief statement of this fact is sufficient.",Social,GRI,,GRI 417-2.b,Text,Text,annual,narrative,Disclosure datapoint as defined in GRI masterfile (GRI 417-2.b).,external-standard,entity-specific,entity-assessment-required
urn:sds:reg:gri:gri_417_3_a,"Total number of incidents of non-compliance with regulations and/or voluntary codes concerning marketing communications, including advertising, promotion, and sponsorship, by:",Social,GRI,,GRI 417-3.a,Numeric,Numeric,annual,numeric,Disclosure datapoint as defined in GRI masterfile (GRI 417-3.a).,external-standard,entity-specific,entity-assessment-required
urn:sds:reg:gri:gri_417_3_a_i,incidents of non-compliance with regulations resulting in a fine or penalty;,Social,GRI,,GRI 417-3.a.i,Numeric,Numeric,annual,numeric,Disclosure datapoint as defined in GRI masterfile (GRI 417-3.a.i).,external-standard,entity-specific,entity-assessment-required
urn:sds:reg:gri:gri_417_3_a_ii,incidents of non-compliance with regulations resulting in a warning;,Social,GRI,,GRI 417-3.a.ii,Numeric,Numeric,annual,numeric,Disclosure datapoint as defined in GRI masterfile (GRI 417-3.a.ii).,external-standard,entity-specific,entity-assessment-required
urn:sds:reg:gri:gri_417_3_a_iii,incidents of non-compliance with voluntary codes.,Social,GRI,,GRI 417-3.a.iii,Numeric,Numeric,annual,numeric,Disclosure datapoint as defined in GRI masterfile (GRI 417-3.a.iii).,external-standard,entity-specific,entity-assessment-required
urn:sds:reg:gri:gri_417_3_b,"If the organization has not identified any non-compliance with regulations and/or voluntary codes, a brief statement of this fact is sufficient.",Social,GRI,,GRI 417-3.b,Text,Text,annual,narrative,Disclosure datapoint as defined in GRI masterfile (GRI 417-3.b).,external-standard,entity-specific,entity-assessment-required
urn:sds:reg:gri:gri_418_1_a,"Total number of substantiated complaints received concerning breaches of customer privacy, categorized by:",Social,GRI,,GRI 418-1.a,Numeric,Numeric,annual,numeric,Disclosure datapoint as defined in GRI masterfile (GRI 418-1.a).,external-standard,entity-specific,entity-assessment-required
urn:sds:reg:gri:gri_418_1_a_i,complaints received from outside parties and substantiated by the organization;,Social,GRI,,GRI 418-1.a.i,Numeric,Numeric,annual,numeric,Disclosure datapoint as defined in GRI masterfile (GRI 418-1.a.i).,external-standard,entity-specific,entity-assessment-required
urn:sds:reg:gri:gri_418_1_a_ii,complaints from regulatory bodies.,Social,GRI,,GRI 418-1.a.ii,Numeric,Numeric,annual,numeric,Disclosure datapoint as defined in GRI masterfile (GRI 418-1.a.ii).,external-standard,entity-specific,entity-assessment-required
urn:sds:reg:gri:gri_418_1_b,"Total number of identified leaks, thefts, or losses of customer data.",Social,GRI,,GRI 418-1.b,Numeric,Numeric,annual,numeric,Disclosure datapoint as defined in GRI masterfile (GRI 418-1.b).,external-standard,entity-specific,entity-assessment-required
urn:sds:reg:gri:gri_418_1_c,"If the organization has not identified any substantiated complaints, a brief statement of this fact is sufficient.",Social,GRI,,GRI 418-1.c,Text,Text,annual,narrative,Disclosure datapoint as defined in GRI masterfile (GRI 418-1.c).,external-standard,entity-specific,entity-assessment-required
