identifier,source_ref,dimension,dataset_id,indicator_id,policy_count,status,error
urn:sds:reg:esrs:bp_1_01,ESRS Official,Transversal,urn:ngsi-ld:Dataset:esrs_bp_1_01,urn:ngsi-ld:Indicator:Basis_for_preparation_of_sustainability_statement,2,success,
urn:sds:reg:esrs:bp_1_02,ESRS Official,Transversal,urn:ngsi-ld:Dataset:esrs_bp_1_02,urn:ngsi-ld:Indicator:Scope_of_consolidation_of_consolidated_sustainability_statement_is_same_as_for_financial_stateme,2,success,
urn:sds:reg:esrs:bp_1_03,ESRS Official,Transversal,urn:ngsi-ld:Dataset:esrs_bp_1_03,urn:ngsi-ld:Indicator:Indication_of_subsidiary_undertakings_included_in_consolidation_that_are_exempted_from_individua,2,success,
urn:sds:reg:esrs:bp_1_04,ESRS Official,Transversal,urn:ngsi-ld:Dataset:esrs_bp_1_04,urn:ngsi-ld:Indicator:Disclosure_of_extent_to_which_sustainability_statement_covers_upstream_and_downstream_value_chai,2,success,
urn:sds:reg:esrs:bp_1_05,ESRS Official,Transversal,urn:ngsi-ld:Dataset:esrs_bp_1_05,urn:ngsi-ld:Indicator:Option_to_omit_specific_piece_of_information_corresponding_to_intellectual_property_know-how_or_,2,success,
urn:sds:reg:esrs:bp_1_06,ESRS Official,Transversal,urn:ngsi-ld:Dataset:esrs_bp_1_06,urn:ngsi-ld:Indicator:Option_allowed_by_Member_State_to_omit_disclosure_of_impending_developments_or_matters_in_course,2,success,
urn:sds:reg:esrs:bp_2_01,ESRS Official,Transversal,urn:ngsi-ld:Dataset:esrs_bp_2_01,urn:ngsi-ld:Indicator:Disclosure_of_definitions_of_medium-_or_long-term_time_horizons,2,success,
urn:sds:reg:esrs:bp_2_02,ESRS Official,Transversal,urn:ngsi-ld:Dataset:esrs_bp_2_02,urn:ngsi-ld:Indicator:Disclosure_of_reasons_for_applying_different_definitions_of_time_horizons,2,success,
urn:sds:reg:esrs:bp_2_03,ESRS Official,Transversal,urn:ngsi-ld:Dataset:esrs_bp_2_03,urn:ngsi-ld:Indicator:Disclosure_of_metrics_that_include_value_chain_data_estimated_using_indirect_sources,2,success,
urn:sds:reg:esrs:bp_2_04,ESRS Official,Transversal,urn:ngsi-ld:Dataset:esrs_bp_2_04,urn:ngsi-ld:Indicator:Description_of_basis_for_preparation_of_metrics_that_include_value_chain_data_estimated_using_in,2,success,
urn:sds:reg:esrs:bp_2_05,ESRS Official,Transversal,urn:ngsi-ld:Dataset:esrs_bp_2_05,urn:ngsi-ld:Indicator:Description_of_resulting_level_of_accuracy_of_metrics_that_include_value_chain_data_estimated_us,2,success,
urn:sds:reg:esrs:bp_2_06,ESRS Official,Transversal,urn:ngsi-ld:Dataset:esrs_bp_2_06,urn:ngsi-ld:Indicator:Description_of_planned_actions_to_improve_accuracy_in_future_of_metrics_that_include_value_chain,2,success,
urn:sds:reg:esrs:bp_2_07,ESRS Official,Transversal,urn:ngsi-ld:Dataset:esrs_bp_2_07,urn:ngsi-ld:Indicator:Disclosure_of_quantitative_metrics_and_monetary_amounts_disclosed_that_are_subject_to_high_level,2,success,
urn:sds:reg:esrs:bp_2_08,ESRS Official,Transversal,urn:ngsi-ld:Dataset:esrs_bp_2_08,urn:ngsi-ld:Indicator:Disclosure_of_sources_of_measurement_uncertainty,2,success,
urn:sds:reg:esrs:bp_2_09,ESRS Official,Transversal,urn:ngsi-ld:Dataset:esrs_bp_2_09,urn:ngsi-ld:Indicator:Disclosure_of_assumptions_approximations_and_judgements_made_in_measurement,2,success,
urn:sds:reg:esrs:bp_2_10,ESRS Official,Transversal,urn:ngsi-ld:Dataset:esrs_bp_2_10,urn:ngsi-ld:Indicator:Explanation_of_changes_in_preparation_and_presentation_of_sustainability_information_and_reasons,2,success,
urn:sds:reg:esrs:bp_2_11,ESRS Official,Transversal,urn:ngsi-ld:Dataset:esrs_bp_2_11,urn:ngsi-ld:Indicator:Adjustment_of_comparative_information_for_one_or_more_prior_periods_is_impracticable,2,success,
urn:sds:reg:esrs:bp_2_12,ESRS Official,Transversal,urn:ngsi-ld:Dataset:esrs_bp_2_12,urn:ngsi-ld:Indicator:Disclosure_of_difference_between_figures_disclosed_in_preceding_period_and_revised_comparative_f,2,success,
urn:sds:reg:esrs:bp_2_13,ESRS Official,Transversal,urn:ngsi-ld:Dataset:esrs_bp_2_13,urn:ngsi-ld:Indicator:Disclosure_of_nature_of_prior_period_material_errors,2,success,
urn:sds:reg:esrs:bp_2_14,ESRS Official,Transversal,urn:ngsi-ld:Dataset:esrs_bp_2_14,urn:ngsi-ld:Indicator:Disclosure_of_corrections_for_prior_periods_included_in_sustainability_statement,2,success,
urn:sds:reg:esrs:bp_2_15,ESRS Official,Transversal,urn:ngsi-ld:Dataset:esrs_bp_2_15,urn:ngsi-ld:Indicator:Disclosure_of_why_correction_of_prior_period_errors_is_not_practicable,2,success,
urn:sds:reg:esrs:bp_2_16,ESRS Official,Transversal,urn:ngsi-ld:Dataset:esrs_bp_2_16,urn:ngsi-ld:Indicator:Disclosure_of_other_legislation_or_generally_accepted_sustainability_reporting_standards_and_fra,2,success,
urn:sds:reg:esrs:bp_2_17,ESRS Official,Transversal,urn:ngsi-ld:Dataset:esrs_bp_2_17,urn:ngsi-ld:Indicator:Disclosure_of_reference_to_paragraphs_of_standard_or_framework_applied,2,success,
urn:sds:reg:esrs:bp_2_18,ESRS Official,Transversal,urn:ngsi-ld:Dataset:esrs_bp_2_18,urn:ngsi-ld:Indicator:European_standards_approved_by_European_Standardisation_System_ISO_IEC_or_CEN_CENELEC_standards_,2,success,
urn:sds:reg:esrs:bp_2_19,ESRS Official,Transversal,urn:ngsi-ld:Dataset:esrs_bp_2_19,urn:ngsi-ld:Indicator:Disclosure_of_extent_to_which_data_and_processes_that_are_used_for_sustainability_reporting_purp,2,success,
urn:sds:reg:esrs:bp_2_20,ESRS Official,Transversal,urn:ngsi-ld:Dataset:esrs_bp_2_20,urn:ngsi-ld:Indicator:List_of_DRs_or_DPs_incorporated_by_reference,2,success,
urn:sds:reg:esrs:bp_2_21,ESRS Official,Transversal,urn:ngsi-ld:Dataset:esrs_bp_2_21,urn:ngsi-ld:Indicator:Topics_E4_S1_S2_S3_S4_have_been_assessed_to_be_material,2,success,
urn:sds:reg:esrs:bp_2_22,ESRS Official,Transversal,urn:ngsi-ld:Dataset:esrs_bp_2_22,urn:ngsi-ld:Indicator:List_of_sustainability_matters_assessed_to_be_material_phase-in_,2,success,
urn:sds:reg:esrs:bp_2_23,ESRS Official,Transversal,urn:ngsi-ld:Dataset:esrs_bp_2_23,urn:ngsi-ld:Indicator:Disclosure_of_how_business_model_and_strategy_take_account_of_impacts_related_to_sustainability_,2,success,
urn:sds:reg:esrs:bp_2_24,ESRS Official,Transversal,urn:ngsi-ld:Dataset:esrs_bp_2_24,urn:ngsi-ld:Indicator:Description_of_any_time-bound_targets_set_related_to_sustainability_matters_assessed_to_be_mater,2,success,
urn:sds:reg:esrs:bp_2_25,ESRS Official,Transversal,urn:ngsi-ld:Dataset:esrs_bp_2_25,urn:ngsi-ld:Indicator:Description_of_policies_related_to_sustainability_matters_assessed_to_be_material_phase-in_,2,success,
urn:sds:reg:esrs:bp_2_26,ESRS Official,Transversal,urn:ngsi-ld:Dataset:esrs_bp_2_26,urn:ngsi-ld:Indicator:Description_of_actions_taken_to_identify_monitor_prevent_mitigate_remediate_or_bring_end_to_actu,2,success,
urn:sds:reg:esrs:bp_2_27,ESRS Official,Transversal,urn:ngsi-ld:Dataset:esrs_bp_2_27,urn:ngsi-ld:Indicator:Disclosure_of_metrics_related_to_sustainability_matters_assessed_to_be_material_phase-in_,2,success,
urn:sds:reg:esrs:e1_1_01,ESRS Official,E,urn:ngsi-ld:Dataset:esrs_e1_1_01,urn:ngsi-ld:Indicator:Disclosure_of_transition_plan_for_climate_change_mitigation,2,success,
urn:sds:reg:esrs:e1_1_02,ESRS Official,E,urn:ngsi-ld:Dataset:esrs_e1_1_02,urn:ngsi-ld:Indicator:Explanation_of_how_targets_are_compatible_with_limiting_of_global_warming_to_one_and_half_degree,2,success,
urn:sds:reg:esrs:e1_1_03,ESRS Official,E,urn:ngsi-ld:Dataset:esrs_e1_1_03,urn:ngsi-ld:Indicator:Disclosure_of_decarbonisation_levers_and_key_action,2,success,
urn:sds:reg:esrs:e1_1_04,ESRS Official,E,urn:ngsi-ld:Dataset:esrs_e1_1_04,urn:ngsi-ld:Indicator:Disclosure_of_significant_operational_expenditures_Opex_and_or_capital_expenditures_Capex_requir,2,success,
urn:sds:reg:esrs:e1_1_05,ESRS Official,E,urn:ngsi-ld:Dataset:esrs_e1_1_05,urn:ngsi-ld:Indicator:Financial_resources_allocated_to_action_plan_OpEx_,2,success,
urn:sds:reg:esrs:e1_1_06,ESRS Official,E,urn:ngsi-ld:Dataset:esrs_e1_1_06,urn:ngsi-ld:Indicator:Financial_resources_allocated_to_action_plan_CapEx_,2,success,
urn:sds:reg:esrs:e1_1_07,ESRS Official,E,urn:ngsi-ld:Dataset:esrs_e1_1_07,urn:ngsi-ld:Indicator:Explanation_of_potential_locked-in_GHG_emissions_from_key_assets_and_products_and_of_how_locked-,2,success,
urn:sds:reg:esrs:e1_1_08,ESRS Official,E,urn:ngsi-ld:Dataset:esrs_e1_1_08,urn:ngsi-ld:Indicator:Explanation_of_any_objective_or_plans_CapEx_CapEx_plans_OpEx_for_aligning_economic_activities_re,2,success,
urn:sds:reg:esrs:e1_1_09,ESRS Official,E,urn:ngsi-ld:Dataset:esrs_e1_1_09,urn:ngsi-ld:Indicator:Significant_CapEx_for_coal-related_economic_activities,2,success,
urn:sds:reg:esrs:e1_1_10,ESRS Official,E,urn:ngsi-ld:Dataset:esrs_e1_1_10,urn:ngsi-ld:Indicator:Significant_CapEx_for_oil-related_economic_activities,2,success,
urn:sds:reg:esrs:e1_1_11,ESRS Official,E,urn:ngsi-ld:Dataset:esrs_e1_1_11,urn:ngsi-ld:Indicator:Significant_CapEx_for_gas-related_economic_activities,2,success,
urn:sds:reg:esrs:e1_1_12,ESRS Official,E,urn:ngsi-ld:Dataset:esrs_e1_1_12,urn:ngsi-ld:Indicator:Undertaking_is_excluded_from_EU_Paris-aligned_Benchmarks,2,success,
urn:sds:reg:esrs:e1_1_13,ESRS Official,E,urn:ngsi-ld:Dataset:esrs_e1_1_13,urn:ngsi-ld:Indicator:Explanation_of_how_transition_plan_is_embedded_in_and_aligned_with_overall_business_strategy_and,2,success,
urn:sds:reg:esrs:e1_1_14,ESRS Official,E,urn:ngsi-ld:Dataset:esrs_e1_1_14,urn:ngsi-ld:Indicator:Transition_plan_is_approved_by_administrative_management_and_supervisory_bodies,2,success,
urn:sds:reg:esrs:e1_1_15,ESRS Official,E,urn:ngsi-ld:Dataset:esrs_e1_1_15,urn:ngsi-ld:Indicator:Explanation_of_progress_in_implementing_transition_plan,2,success,
urn:sds:reg:esrs:e1_1_16,ESRS Official,E,urn:ngsi-ld:Dataset:esrs_e1_1_16,urn:ngsi-ld:Indicator:Date_of_adoption_of_transition_plan_for_undertakings_not_having_adopted_transition_plan_yet,2,success,
urn:sds:reg:esrs:e1_2_01,ESRS Official,E,urn:ngsi-ld:Dataset:esrs_e1_2_01,urn:ngsi-ld:Indicator:Sustainability_matters_addressed_by_policy_for_climate_change,2,success,
urn:sds:reg:esrs:e1_3_01,ESRS Official,E,urn:ngsi-ld:Dataset:esrs_e1_3_01,urn:ngsi-ld:Indicator:Decarbonisation_lever_type,2,success,
urn:sds:reg:esrs:e1_3_02,ESRS Official,E,urn:ngsi-ld:Dataset:esrs_e1_3_02,urn:ngsi-ld:Indicator:Adaptation_solution_type,2,success,
urn:sds:reg:esrs:e1_3_03,ESRS Official,E,urn:ngsi-ld:Dataset:esrs_e1_3_03,urn:ngsi-ld:Indicator:Achieved_GHG_emission_reductions,2,success,
urn:sds:reg:esrs:e1_3_04,ESRS Official,E,urn:ngsi-ld:Dataset:esrs_e1_3_04,urn:ngsi-ld:Indicator:Expected_GHG_emission_reductions,2,success,
urn:sds:reg:esrs:e1_3_05,ESRS Official,E,urn:ngsi-ld:Dataset:esrs_e1_3_05,urn:ngsi-ld:Indicator:Explanation_of_extent_to_which_ability_to_implement_action_depends_on_availability_and_allocatio,2,success,
urn:sds:reg:esrs:e1_3_06,ESRS Official,E,urn:ngsi-ld:Dataset:esrs_e1_3_06,urn:ngsi-ld:Indicator:Explanation_of_relationship_of_significant_CapEx_and_OpEx_required_to_implement_actions_taken_or,2,success,
urn:sds:reg:esrs:e1_3_07,ESRS Official,E,urn:ngsi-ld:Dataset:esrs_e1_3_07,urn:ngsi-ld:Indicator:Explanation_of_relationship_of_significant_CapEx_and_OpEx_required_to_implement_actions_taken_or,2,success,
urn:sds:reg:esrs:e1_3_08,ESRS Official,E,urn:ngsi-ld:Dataset:esrs_e1_3_08,urn:ngsi-ld:Indicator:Explanation_of_relationship_of_significant_CapEx_and_OpEx_required_to_implement_actions_taken_or,2,success,
urn:sds:reg:esrs:e1_4_01,ESRS Official,E,urn:ngsi-ld:Dataset:esrs_e1_4_01,urn:ngsi-ld:Indicator:Disclosure_of_whether_and_how_GHG_emissions_reduction_targets_and_or_any_other_targets_have_been,2,success,
urn:sds:reg:esrs:e1_4_02,ESRS Official,E,urn:ngsi-ld:Dataset:esrs_e1_4_02,urn:ngsi-ld:Indicator:Tables_Multiple_Dimensions_baseline_year_and_targets_GHG_Types_Scope_3_Categories_Decarbonisatio,2,success,
urn:sds:reg:esrs:e1_4_03,ESRS Official,E,urn:ngsi-ld:Dataset:esrs_e1_4_03,urn:ngsi-ld:Indicator:Absolute_value_of_total_Greenhouse_gas_emissions_reduction,2,success,
urn:sds:reg:esrs:e1_4_04,ESRS Official,E,urn:ngsi-ld:Dataset:esrs_e1_4_04,urn:ngsi-ld:Indicator:Percentage_of_total_Greenhouse_gas_emissions_reduction_as_of_emissions_of_base_year_,2,success,
urn:sds:reg:esrs:e1_4_05,ESRS Official,E,urn:ngsi-ld:Dataset:esrs_e1_4_05,urn:ngsi-ld:Indicator:Intensity_value_of_total_Greenhouse_gas_emissions_reduction,2,success,
urn:sds:reg:esrs:e1_4_06,ESRS Official,E,urn:ngsi-ld:Dataset:esrs_e1_4_06,urn:ngsi-ld:Indicator:Absolute_value_of_Scope_1_Greenhouse_gas_emissions_reduction,2,success,
urn:sds:reg:esrs:e1_4_07,ESRS Official,E,urn:ngsi-ld:Dataset:esrs_e1_4_07,urn:ngsi-ld:Indicator:Percentage_of_Scope_1_Greenhouse_gas_emissions_reduction_as_of_emissions_of_base_year_,2,success,
urn:sds:reg:esrs:e1_4_08,ESRS Official,E,urn:ngsi-ld:Dataset:esrs_e1_4_08,urn:ngsi-ld:Indicator:Intensity_value_of_Scope_1_Greenhouse_gas_emissions_reduction,2,success,
urn:sds:reg:esrs:e1_4_09,ESRS Official,E,urn:ngsi-ld:Dataset:esrs_e1_4_09,urn:ngsi-ld:Indicator:Absolute_value_of_location-based_Scope_2_Greenhouse_gas_emissions_reduction,2,success,
urn:sds:reg:esrs:e1_4_10,ESRS Official,E,urn:ngsi-ld:Dataset:esrs_e1_4_10,urn:ngsi-ld:Indicator:Percentage_of_location-based_Scope_2_Greenhouse_gas_emissions_reduction_as_of_emissions_of_base_,2,success,
urn:sds:reg:esrs:e1_4_11,ESRS Official,E,urn:ngsi-ld:Dataset:esrs_e1_4_11,urn:ngsi-ld:Indicator:Intensity_value_of_location-based_Scope_2_Greenhouse_gas_emissions_reduction,2,success,
urn:sds:reg:esrs:e1_4_12,ESRS Official,E,urn:ngsi-ld:Dataset:esrs_e1_4_12,urn:ngsi-ld:Indicator:Absolute_value_of_market-based_Scope_2_Greenhouse_gas_emissions_reduction,2,success,
urn:sds:reg:esrs:e1_4_13,ESRS Official,E,urn:ngsi-ld:Dataset:esrs_e1_4_13,urn:ngsi-ld:Indicator:Percentage_of_market-based_Scope_2_Greenhouse_gas_emissions_reduction_as_of_emissions_of_base_ye,2,success,
urn:sds:reg:esrs:e1_4_14,ESRS Official,E,urn:ngsi-ld:Dataset:esrs_e1_4_14,urn:ngsi-ld:Indicator:Intensity_value_of_market-based_Scope_2_Greenhouse_gas_emissions_reduction,2,success,
urn:sds:reg:esrs:e1_4_15,ESRS Official,E,urn:ngsi-ld:Dataset:esrs_e1_4_15,urn:ngsi-ld:Indicator:Absolute_value_of_Scope_3_Greenhouse_gas_emissions_reduction,2,success,
urn:sds:reg:esrs:e1_4_16,ESRS Official,E,urn:ngsi-ld:Dataset:esrs_e1_4_16,urn:ngsi-ld:Indicator:Percentage_of_Scope_3_Greenhouse_gas_emissions_reduction_as_of_emissions_of_base_year_,2,success,
urn:sds:reg:esrs:e1_4_17,ESRS Official,E,urn:ngsi-ld:Dataset:esrs_e1_4_17,urn:ngsi-ld:Indicator:Intensity_value_of_Scope_3_Greenhouse_gas_emissions_reduction,2,success,
urn:sds:reg:esrs:e1_4_18,ESRS Official,E,urn:ngsi-ld:Dataset:esrs_e1_4_18,urn:ngsi-ld:Indicator:Explanation_of_how_consistency_of_GHG_emission_reduction_targets_with_GHG_inventory_boundaries_h,2,success,
urn:sds:reg:esrs:e1_4_19,ESRS Official,E,urn:ngsi-ld:Dataset:esrs_e1_4_19,urn:ngsi-ld:Indicator:Disclosure_of_past_progress_made_in_meeting_target_before_current_base_year,2,success,
urn:sds:reg:esrs:e1_4_20,ESRS Official,E,urn:ngsi-ld:Dataset:esrs_e1_4_20,urn:ngsi-ld:Indicator:Description_of_how_it_has_been_ensured_that_baseline_value_is_representative_in_terms_of_activit,2,success,
urn:sds:reg:esrs:e1_4_21,ESRS Official,E,urn:ngsi-ld:Dataset:esrs_e1_4_21,urn:ngsi-ld:Indicator:Description_of_how_new_baseline_value_affects_new_target_its_achievement_and_presentation_of_pro,2,success,
urn:sds:reg:esrs:e1_4_22,ESRS Official,E,urn:ngsi-ld:Dataset:esrs_e1_4_22,urn:ngsi-ld:Indicator:GHG_emission_reduction_target_is_science_based_and_compatible_with_limiting_global_warming_to_on,2,success,
urn:sds:reg:esrs:e1_4_23,ESRS Official,E,urn:ngsi-ld:Dataset:esrs_e1_4_23,urn:ngsi-ld:Indicator:Description_of_expected_decarbonisation_levers_and_their_overall_quantitative_contributions_to_a,2,success,
urn:sds:reg:esrs:e1_4_24,ESRS Official,E,urn:ngsi-ld:Dataset:esrs_e1_4_24,urn:ngsi-ld:Indicator:Diverse_range_of_climate_scenarios_have_been_considered_to_detect_relevant_environmental_societa,2,success,
urn:sds:reg:esrs:e1_5_01,ESRS Official,E,urn:ngsi-ld:Dataset:esrs_e1_5_01,urn:ngsi-ld:Indicator:Total_energy_consumption_related_to_own_operations,2,success,
urn:sds:reg:esrs:e1_5_02,ESRS Official,E,urn:ngsi-ld:Dataset:esrs_e1_5_02,urn:ngsi-ld:Indicator:Total_energy_consumption_from_fossil_sources,2,success,
urn:sds:reg:esrs:e1_5_03,ESRS Official,E,urn:ngsi-ld:Dataset:esrs_e1_5_03,urn:ngsi-ld:Indicator:Total_energy_consumption_from_nuclear_sources,2,success,
urn:sds:reg:esrs:e1_5_04,ESRS Official,E,urn:ngsi-ld:Dataset:esrs_e1_5_04,urn:ngsi-ld:Indicator:Percentage_of_energy_consumption_from_nuclear_sources_in_total_energy_consumption,2,success,
urn:sds:reg:esrs:e1_5_05,ESRS Official,E,urn:ngsi-ld:Dataset:esrs_e1_5_05,urn:ngsi-ld:Indicator:Total_energy_consumption_from_renewable_sources,2,success,
urn:sds:reg:esrs:e1_5_06,ESRS Official,E,urn:ngsi-ld:Dataset:esrs_e1_5_06,urn:ngsi-ld:Indicator:Fuel_consumption_from_renewable_sources,2,success,
urn:sds:reg:esrs:e1_5_07,ESRS Official,E,urn:ngsi-ld:Dataset:esrs_e1_5_07,urn:ngsi-ld:Indicator:Consumption_of_purchased_or_acquired_electricity_heat_steam_and_cooling_from_renewable_sources,2,success,
urn:sds:reg:esrs:e1_5_08,ESRS Official,E,urn:ngsi-ld:Dataset:esrs_e1_5_08,urn:ngsi-ld:Indicator:Consumption_of_self-generated_non-fuel_renewable_energy,2,success,
urn:sds:reg:esrs:e1_5_09,ESRS Official,E,urn:ngsi-ld:Dataset:esrs_e1_5_09,urn:ngsi-ld:Indicator:Percentage_of_renewable_sources_in_total_energy_consumption,2,success,
urn:sds:reg:esrs:e1_5_10,ESRS Official,E,urn:ngsi-ld:Dataset:esrs_e1_5_10,urn:ngsi-ld:Indicator:Fuel_consumption_from_coal_and_coal_products,2,success,
urn:sds:reg:esrs:e1_5_11,ESRS Official,E,urn:ngsi-ld:Dataset:esrs_e1_5_11,urn:ngsi-ld:Indicator:Fuel_consumption_from_crude_oil_and_petroleum_products,2,success,
urn:sds:reg:esrs:e1_5_12,ESRS Official,E,urn:ngsi-ld:Dataset:esrs_e1_5_12,urn:ngsi-ld:Indicator:Fuel_consumption_from_natural_gas,2,success,
urn:sds:reg:esrs:e1_5_13,ESRS Official,E,urn:ngsi-ld:Dataset:esrs_e1_5_13,urn:ngsi-ld:Indicator:Fuel_consumption_from_other_fossil_sources,2,success,
urn:sds:reg:esrs:e1_5_14,ESRS Official,E,urn:ngsi-ld:Dataset:esrs_e1_5_14,urn:ngsi-ld:Indicator:Consumption_of_purchased_or_acquired_electricity_heat_steam_or_cooling_from_fossil_sources,2,success,
urn:sds:reg:esrs:e1_5_15,ESRS Official,E,urn:ngsi-ld:Dataset:esrs_e1_5_15,urn:ngsi-ld:Indicator:Percentage_of_fossil_sources_in_total_energy_consumption,2,success,
urn:sds:reg:esrs:e1_5_16,ESRS Official,E,urn:ngsi-ld:Dataset:esrs_e1_5_16,urn:ngsi-ld:Indicator:Non-renewable_energy_production,2,success,
urn:sds:reg:esrs:e1_5_17,ESRS Official,E,urn:ngsi-ld:Dataset:esrs_e1_5_17,urn:ngsi-ld:Indicator:Renewable_energy_production,2,success,
urn:sds:reg:esrs:e1_5_18,ESRS Official,E,urn:ngsi-ld:Dataset:esrs_e1_5_18,urn:ngsi-ld:Indicator:Energy_intensity_from_activities_in_high_climate_impact_sectors_total_energy_consumption_per_net,2,success,
urn:sds:reg:esrs:e1_5_20,ESRS Official,E,urn:ngsi-ld:Dataset:esrs_e1_5_20,urn:ngsi-ld:Indicator:High_climate_impact_sectors_used_to_determine_energy_intensity,2,success,
urn:sds:reg:esrs:e1_5_21,ESRS Official,E,urn:ngsi-ld:Dataset:esrs_e1_5_21,urn:ngsi-ld:Indicator:Disclosure_of_reconciliation_to_relevant_line_item_or_notes_in_financial_statements_of_net_reven,2,success,
urn:sds:reg:esrs:e1_5_22,ESRS Official,E,urn:ngsi-ld:Dataset:esrs_e1_5_22,urn:ngsi-ld:Indicator:Net_revenue_from_activities_in_high_climate_impact_sectors,2,success,
urn:sds:reg:esrs:e1_5_23,ESRS Official,E,urn:ngsi-ld:Dataset:esrs_e1_5_23,urn:ngsi-ld:Indicator:Net_revenue_from_activities_other_than_in_high_climate_impact_sectors,2,success,
urn:sds:reg:esrs:e1_6_01,ESRS Official,E,urn:ngsi-ld:Dataset:esrs_e1_6_01,urn:ngsi-ld:Indicator:Gross_Scopes_1_2_3_and_Total_GHG_emissions_-_GHG_emissions_per_scope,2,success,
urn:sds:reg:esrs:e1_6_02,ESRS Official,E,urn:ngsi-ld:Dataset:esrs_e1_6_02,urn:ngsi-ld:Indicator:Gross_Scopes_1_2_3_and_Total_GHG_emissions_-_financial_and_operational_control,2,success,
urn:sds:reg:esrs:e1_6_03,ESRS Official,E,urn:ngsi-ld:Dataset:esrs_e1_6_03,urn:ngsi-ld:Indicator:Disaggregation_of_GHG_emissions_-_by_country_operating_segments_economic_activity_subsidiary_GHG,2,success,
urn:sds:reg:esrs:e1_6_04,ESRS Official,E,urn:ngsi-ld:Dataset:esrs_e1_6_04,urn:ngsi-ld:Indicator:Gross_Scopes_1_2_3_and_Total_GHG_emissions_-_Scope_3_GHG_emissions_GHG_Protocol_,2,success,
urn:sds:reg:esrs:e1_6_05,ESRS Official,E,urn:ngsi-ld:Dataset:esrs_e1_6_05,urn:ngsi-ld:Indicator:Gross_Scopes_1_2_3_and_Total_GHG_emissions_-_Scope_3_GHG_emissions_ISO_14064-1_,2,success,
urn:sds:reg:esrs:e1_6_06,ESRS Official,E,urn:ngsi-ld:Dataset:esrs_e1_6_06,urn:ngsi-ld:Indicator:Gross_Scopes_1_2_3_and_Total_GHG_emissions_-_total_GHG_emissions_-_value_chain,2,success,
urn:sds:reg:esrs:e1_6_07,ESRS Official,E,urn:ngsi-ld:Dataset:esrs_e1_6_07,urn:ngsi-ld:Indicator:Gross_Scope_1_greenhouse_gas_emissions,2,success,
urn:sds:reg:esrs:e1_6_08,ESRS Official,E,urn:ngsi-ld:Dataset:esrs_e1_6_08,urn:ngsi-ld:Indicator:Percentage_of_Scope_1_GHG_emissions_from_regulated_emission_trading_schemes,2,success,
urn:sds:reg:esrs:e1_6_09,ESRS Official,E,urn:ngsi-ld:Dataset:esrs_e1_6_09,urn:ngsi-ld:Indicator:Gross_location-based_Scope_2_greenhouse_gas_emissions,2,success,
urn:sds:reg:esrs:e1_6_10,ESRS Official,E,urn:ngsi-ld:Dataset:esrs_e1_6_10,urn:ngsi-ld:Indicator:Gross_market-based_Scope_2_greenhouse_gas_emissions,2,success,
urn:sds:reg:esrs:e1_6_11,ESRS Official,E,urn:ngsi-ld:Dataset:esrs_e1_6_11,urn:ngsi-ld:Indicator:Gross_Scope_3_greenhouse_gas_emissions,2,success,
urn:sds:reg:esrs:e1_6_12,ESRS Official,E,urn:ngsi-ld:Dataset:esrs_e1_6_12,urn:ngsi-ld:Indicator:Total_GHG_emissions_location_based,2,success,
urn:sds:reg:esrs:e1_6_13,ESRS Official,E,urn:ngsi-ld:Dataset:esrs_e1_6_13,urn:ngsi-ld:Indicator:Total_GHG_emissions_market_based,2,success,
urn:sds:reg:esrs:e1_6_14,ESRS Official,E,urn:ngsi-ld:Dataset:esrs_e1_6_14,urn:ngsi-ld:Indicator:Disclosure_of_significant_changes_in_definition_of_what_constitutes_reporting_undertaking_and_it,2,success,
urn:sds:reg:esrs:e1_6_15,ESRS Official,E,urn:ngsi-ld:Dataset:esrs_e1_6_15,urn:ngsi-ld:Indicator:Disclosure_of_methodologies_significant_assumptions_and_emissions_factors_used_to_calculate_or_m,2,success,
urn:sds:reg:esrs:e1_6_16,ESRS Official,E,urn:ngsi-ld:Dataset:esrs_e1_6_16,urn:ngsi-ld:Indicator:Disclosure_of_the_effects_of_significant_events_and_changes_in_circumstances_relevant_to_its_GHG,2,success,
urn:sds:reg:esrs:e1_6_17,ESRS Official,E,urn:ngsi-ld:Dataset:esrs_e1_6_17,urn:ngsi-ld:Indicator:biogenic_emissions_of_CO2_from_the_combustion_or_bio-degradation_of_biomassnot_included_in_Scope,2,success,
urn:sds:reg:esrs:e1_6_18,ESRS Official,E,urn:ngsi-ld:Dataset:esrs_e1_6_18,urn:ngsi-ld:Indicator:Percentage_of_contractual_instruments_Scope_2_GHG_emissions,2,success,
urn:sds:reg:esrs:e1_6_19,ESRS Official,E,urn:ngsi-ld:Dataset:esrs_e1_6_19,urn:ngsi-ld:Indicator:Disclosure_of_types_of_contractual_instruments_Scope_2_GHG_emissions,2,success,
urn:sds:reg:esrs:e1_6_20,ESRS Official,E,urn:ngsi-ld:Dataset:esrs_e1_6_20,urn:ngsi-ld:Indicator:Percentage_of_market-based_Scope_2_GHG_emissions_linked_to_purchased_electricity_bundled_with_in,2,success,
urn:sds:reg:esrs:e1_6_21,ESRS Official,E,urn:ngsi-ld:Dataset:esrs_e1_6_21,urn:ngsi-ld:Indicator:Percentage_of_contractual_instruments_used_for_sale_and_purchase_of_energy_bundled_with_attribut,2,success,
urn:sds:reg:esrs:e1_6_22,ESRS Official,E,urn:ngsi-ld:Dataset:esrs_e1_6_22,urn:ngsi-ld:Indicator:Percentage_of_contractual_instruments_used_for_sale_and_purchase_of_unbundled_energy_attribute_c,2,success,
urn:sds:reg:esrs:e1_6_23,ESRS Official,E,urn:ngsi-ld:Dataset:esrs_e1_6_23,urn:ngsi-ld:Indicator:Disclosure_of_types_of_contractual_instruments_used_for_sale_and_purchase_of_energy_bundled_with,2,success,
urn:sds:reg:esrs:e1_6_24,ESRS Official,E,urn:ngsi-ld:Dataset:esrs_e1_6_24,urn:ngsi-ld:Indicator:Biogenic_emissions_of_CO2_from_combustion_or_bio-degradation_of_biomass_not_included_in_Scope_2_,2,success,
urn:sds:reg:esrs:e1_6_25,ESRS Official,E,urn:ngsi-ld:Dataset:esrs_e1_6_25,urn:ngsi-ld:Indicator:Percentage_of_GHG_Scope_3_calculated_using_primary_data,2,success,
urn:sds:reg:esrs:e1_6_26,ESRS Official,E,urn:ngsi-ld:Dataset:esrs_e1_6_26,urn:ngsi-ld:Indicator:Disclosure_of_why_Scope_3_GHG_emissions_category_has_been_excluded,2,success,
urn:sds:reg:esrs:e1_6_27,ESRS Official,E,urn:ngsi-ld:Dataset:esrs_e1_6_27,urn:ngsi-ld:Indicator:List_of_Scope_3_GHG_emissions_categories_included_in_inventory,2,success,
urn:sds:reg:esrs:e1_6_28,ESRS Official,E,urn:ngsi-ld:Dataset:esrs_e1_6_28,urn:ngsi-ld:Indicator:Biogenic_emissions_of_CO2_from_combustion_or_bio-degradation_of_biomass_that_occur_in_value_chai,2,success,
urn:sds:reg:esrs:e1_6_29,ESRS Official,E,urn:ngsi-ld:Dataset:esrs_e1_6_29,urn:ngsi-ld:Indicator:Disclosure_of_reporting_boundaries_considered_and_calculation_methods_for_estimating_Scope_3_GHG,2,success,
urn:sds:reg:esrs:e1_6_30,ESRS Official,E,urn:ngsi-ld:Dataset:esrs_e1_6_30,urn:ngsi-ld:Indicator:GHG_emissions_intensity_location-based_total_GHG_emissions_per_net_revenue_,2,success,
urn:sds:reg:esrs:e1_6_31,ESRS Official,E,urn:ngsi-ld:Dataset:esrs_e1_6_31,urn:ngsi-ld:Indicator:GHG_emissions_intensity_market-based_total_GHG_emissions_per_net_revenue_,2,success,
urn:sds:reg:esrs:e1_6_32,ESRS Official,E,urn:ngsi-ld:Dataset:esrs_e1_6_32,urn:ngsi-ld:Indicator:Disclosure_of_reconciliation_to_financial_statements_of_net_revenue_used_for_calculation_of_GHG_,2,success,
urn:sds:reg:esrs:e1_6_33,ESRS Official,E,urn:ngsi-ld:Dataset:esrs_e1_6_33,urn:ngsi-ld:Indicator:Net_revenue,2,success,
urn:sds:reg:esrs:e1_6_34,ESRS Official,E,urn:ngsi-ld:Dataset:esrs_e1_6_34,urn:ngsi-ld:Indicator:Net_revenue_used_to_calculate_GHG_intensity,2,success,
urn:sds:reg:esrs:e1_6_35,ESRS Official,E,urn:ngsi-ld:Dataset:esrs_e1_6_35,urn:ngsi-ld:Indicator:Net_revenue_other_than_used_to_calculate_GHG_intensity,2,success,
urn:sds:reg:esrs:e1_7_01,ESRS Official,E,urn:ngsi-ld:Dataset:esrs_e1_7_01,urn:ngsi-ld:Indicator:Disclosure_of_GHG_removals_and_storage_resulting_from_projects_developed_in_own_operations_or_co,2,success,
urn:sds:reg:esrs:e1_7_02,ESRS Official,E,urn:ngsi-ld:Dataset:esrs_e1_7_02,urn:ngsi-ld:Indicator:Disclosure_of_GHG_emission_reductions_or_removals_from_climate_change_mitigation_projects_outsid,2,success,
urn:sds:reg:esrs:e1_7_03,ESRS Official,E,urn:ngsi-ld:Dataset:esrs_e1_7_03,urn:ngsi-ld:Indicator:Removals_and_carbon_credits_are_used,2,success,
urn:sds:reg:esrs:e1_7_04,ESRS Official,E,urn:ngsi-ld:Dataset:esrs_e1_7_04,urn:ngsi-ld:Indicator:GHG_Removals_and_storage_Activity_by_undertaking_scope_breakdown_by_own_operations_and_value_cha,2,success,
urn:sds:reg:esrs:e1_7_05,ESRS Official,E,urn:ngsi-ld:Dataset:esrs_e1_7_05,urn:ngsi-ld:Indicator:Total_GHG_removals_and_storage,2,success,
urn:sds:reg:esrs:e1_7_06,ESRS Official,E,urn:ngsi-ld:Dataset:esrs_e1_7_06,urn:ngsi-ld:Indicator:GHG_emissions_associated_with_removal_activity,2,success,
urn:sds:reg:esrs:e1_7_07,ESRS Official,E,urn:ngsi-ld:Dataset:esrs_e1_7_07,urn:ngsi-ld:Indicator:Reversals,2,success,
urn:sds:reg:esrs:e1_7_08,ESRS Official,E,urn:ngsi-ld:Dataset:esrs_e1_7_08,urn:ngsi-ld:Indicator:Disclosure_of_calculation_assumptions_methodologies_and_frameworks_applied_GHG_removals_and_stor,2,success,
urn:sds:reg:esrs:e1_7_09,ESRS Official,E,urn:ngsi-ld:Dataset:esrs_e1_7_09,urn:ngsi-ld:Indicator:Removal_activity_has_been_converted_into_carbon_credits_and_sold_on_to_other_parties_on_voluntar,2,success,
urn:sds:reg:esrs:e1_7_10,ESRS Official,E,urn:ngsi-ld:Dataset:esrs_e1_7_10,urn:ngsi-ld:Indicator:Total_amount_of_carbon_credits_outside_value_chain_that_are_verified_against_recognised_quality_,2,success,
urn:sds:reg:esrs:e1_7_11,ESRS Official,E,urn:ngsi-ld:Dataset:esrs_e1_7_11,urn:ngsi-ld:Indicator:Total_amount_of_carbon_credits_outside_value_chain_planned_to_be_cancelled_in_future,2,success,
urn:sds:reg:esrs:e1_7_12,ESRS Official,E,urn:ngsi-ld:Dataset:esrs_e1_7_12,urn:ngsi-ld:Indicator:Disclosure_of_extent_of_use_and_quality_criteria_used_for_carbon_credits,2,success,
urn:sds:reg:esrs:e1_7_13,ESRS Official,E,urn:ngsi-ld:Dataset:esrs_e1_7_13,urn:ngsi-ld:Indicator:Percentage_of_reduction_projects,2,success,
urn:sds:reg:esrs:e1_7_14,ESRS Official,E,urn:ngsi-ld:Dataset:esrs_e1_7_14,urn:ngsi-ld:Indicator:Percentage_of_removal_projects,2,success,
urn:sds:reg:esrs:e1_7_15,ESRS Official,E,urn:ngsi-ld:Dataset:esrs_e1_7_15,urn:ngsi-ld:Indicator:Type_of_carbon_credits_from_removal_projects,2,success,
urn:sds:reg:esrs:e1_7_16,ESRS Official,E,urn:ngsi-ld:Dataset:esrs_e1_7_16,urn:ngsi-ld:Indicator:Percentage_for_recognised_quality_standard,2,success,
urn:sds:reg:esrs:e1_7_17,ESRS Official,E,urn:ngsi-ld:Dataset:esrs_e1_7_17,urn:ngsi-ld:Indicator:Percentage_issued_from_projects_in_European_Union,2,success,
urn:sds:reg:esrs:e1_7_18,ESRS Official,E,urn:ngsi-ld:Dataset:esrs_e1_7_18,urn:ngsi-ld:Indicator:Percentage_that_qualifies_as_corresponding_adjustment,2,success,
urn:sds:reg:esrs:e1_7_19,ESRS Official,E,urn:ngsi-ld:Dataset:esrs_e1_7_19,urn:ngsi-ld:Indicator:Date_when_carbon_credits_outside_value_chain_are_planned_to_be_cancelled,2,success,
urn:sds:reg:esrs:e1_7_20,ESRS Official,E,urn:ngsi-ld:Dataset:esrs_e1_7_20,urn:ngsi-ld:Indicator:Explanation_of_scope_methodologies_and_frameworks_applied_and_how_residual_GHG_emissions_are_int,2,success,
urn:sds:reg:esrs:e1_7_21,ESRS Official,E,urn:ngsi-ld:Dataset:esrs_e1_7_21,urn:ngsi-ld:Indicator:Public_claims_of_GHG_neutrality_that_involve_use_of_carbon_credits_have_been_made,2,success,
urn:sds:reg:esrs:e1_7_22,ESRS Official,E,urn:ngsi-ld:Dataset:esrs_e1_7_22,urn:ngsi-ld:Indicator:Public_claims_of_GHG_neutrality_that_involve_use_of_carbon_credits_are_accompanied_by_GHG_emissi,2,success,
urn:sds:reg:esrs:e1_7_23,ESRS Official,E,urn:ngsi-ld:Dataset:esrs_e1_7_23,urn:ngsi-ld:Indicator:Claims_of_GHG_neutrality_and_reliance_on_carbon_credits_neither_impede_nor_reduce_achievement_of,2,success,
urn:sds:reg:esrs:e1_7_24,ESRS Official,E,urn:ngsi-ld:Dataset:esrs_e1_7_24,urn:ngsi-ld:Indicator:Explanation_of_whether_and_how_public_claims_of_GHG_neutrality_that_involve_use_of_carbon_credit,2,success,
urn:sds:reg:esrs:e1_7_25,ESRS Official,E,urn:ngsi-ld:Dataset:esrs_e1_7_25,urn:ngsi-ld:Indicator:Explanation_of_credibility_and_integrity_of_carbon_credits_used,2,success,
urn:sds:reg:esrs:e1_8_01,ESRS Official,E,urn:ngsi-ld:Dataset:esrs_e1_8_01,urn:ngsi-ld:Indicator:Carbon_pricing_scheme_by_type,2,success,
urn:sds:reg:esrs:e1_8_02,ESRS Official,E,urn:ngsi-ld:Dataset:esrs_e1_8_02,urn:ngsi-ld:Indicator:Type_of_internal_carbon_pricing_scheme,2,success,
urn:sds:reg:esrs:e1_8_03,ESRS Official,E,urn:ngsi-ld:Dataset:esrs_e1_8_03,urn:ngsi-ld:Indicator:Description_of_specific_scope_of_application_of_carbon_pricing_scheme,2,success,
urn:sds:reg:esrs:e1_8_04,ESRS Official,E,urn:ngsi-ld:Dataset:esrs_e1_8_04,urn:ngsi-ld:Indicator:Carbon_price_applied_for_each_metric_tonne_of_greenhouse_gas_emission,2,success,
urn:sds:reg:esrs:e1_8_05,ESRS Official,E,urn:ngsi-ld:Dataset:esrs_e1_8_05,urn:ngsi-ld:Indicator:Description_of_critical_assumptions_made_to_determine_carbon_price_applied,2,success,
urn:sds:reg:esrs:e1_8_06,ESRS Official,E,urn:ngsi-ld:Dataset:esrs_e1_8_06,urn:ngsi-ld:Indicator:Percentage_of_gross_Scope_1_greenhouse_gas_emissions_covered_by_internal_carbon_pricing_scheme,2,success,
urn:sds:reg:esrs:e1_8_07,ESRS Official,E,urn:ngsi-ld:Dataset:esrs_e1_8_07,urn:ngsi-ld:Indicator:Percentage_of_gross_Scope_2_greenhouse_gas_emissions_covered_by_internal_carbon_pricing_scheme,2,success,
urn:sds:reg:esrs:e1_8_08,ESRS Official,E,urn:ngsi-ld:Dataset:esrs_e1_8_08,urn:ngsi-ld:Indicator:Percentage_of_gross_Scope_3_greenhouse_gas_emissions_covered_by_internal_carbon_pricing_scheme,2,success,
urn:sds:reg:esrs:e1_8_09,ESRS Official,E,urn:ngsi-ld:Dataset:esrs_e1_8_09,urn:ngsi-ld:Indicator:Disclosure_of_whether_and_how_carbon_price_used_in_internal_carbon_pricing_scheme_is_consistent_,2,success,
urn:sds:reg:esrs:e1_9_01,ESRS Official,E,urn:ngsi-ld:Dataset:esrs_e1_9_01,urn:ngsi-ld:Indicator:Assets_at_material_physical_risk_before_considering_climate_change_adaptation_actions,2,success,
urn:sds:reg:esrs:e1_9_02,ESRS Official,E,urn:ngsi-ld:Dataset:esrs_e1_9_02,urn:ngsi-ld:Indicator:Assets_at_acute_material_physical_risk_before_considering_climate_change_adaptation_actions,2,success,
urn:sds:reg:esrs:e1_9_03,ESRS Official,E,urn:ngsi-ld:Dataset:esrs_e1_9_03,urn:ngsi-ld:Indicator:Assets_at_chronic_material_physical_risk_before_considering_climate_change_adaptation_actions,2,success,
urn:sds:reg:esrs:e1_9_04,ESRS Official,E,urn:ngsi-ld:Dataset:esrs_e1_9_04,urn:ngsi-ld:Indicator:Percentage_of_assets_at_material_physical_risk_before_considering_climate_change_adaptation_acti,2,success,
urn:sds:reg:esrs:e1_9_05,ESRS Official,E,urn:ngsi-ld:Dataset:esrs_e1_9_05,urn:ngsi-ld:Indicator:Disclosure_of_location_of_significant_assets_at_material_physical_risk,2,success,
urn:sds:reg:esrs:e1_9_06,ESRS Official,E,urn:ngsi-ld:Dataset:esrs_e1_9_06,urn:ngsi-ld:Indicator:Disclosure_of_location_of_its_significant_assets_at_material_physical_risk_disaggregated_by_NUTS,2,success,
urn:sds:reg:esrs:e1_9_07,ESRS Official,E,urn:ngsi-ld:Dataset:esrs_e1_9_07,urn:ngsi-ld:Indicator:Percentage_of_assets_at_material_physical_risk_addressed_by_climate_change_adaptation_actions,2,success,
urn:sds:reg:esrs:e1_9_08,ESRS Official,E,urn:ngsi-ld:Dataset:esrs_e1_9_08,urn:ngsi-ld:Indicator:Net_revenue_from_business_activities_at_material_physical_risk,2,success,
urn:sds:reg:esrs:e1_9_09,ESRS Official,E,urn:ngsi-ld:Dataset:esrs_e1_9_09,urn:ngsi-ld:Indicator:Percentage_of_net_revenue_from_business_activities_at_material_physical_risk,2,success,
urn:sds:reg:esrs:e1_9_10,ESRS Official,E,urn:ngsi-ld:Dataset:esrs_e1_9_10,urn:ngsi-ld:Indicator:Disclosure_of_whether_and_how_anticipated_financial_effects_for_assets_and_business_activities_a,2,success,
urn:sds:reg:esrs:e1_9_11,ESRS Official,E,urn:ngsi-ld:Dataset:esrs_e1_9_11,urn:ngsi-ld:Indicator:Disclosure_of_whether_and_how_assessment_of_assets_and_business_activities_considered_to_be_at_m,2,success,
urn:sds:reg:esrs:e1_9_12,ESRS Official,E,urn:ngsi-ld:Dataset:esrs_e1_9_12,urn:ngsi-ld:Indicator:Disclosure_of_risk_factors_for_net_revenue_from_business_activities_at_material_physical_risk,2,success,
urn:sds:reg:esrs:e1_9_13,ESRS Official,E,urn:ngsi-ld:Dataset:esrs_e1_9_13,urn:ngsi-ld:Indicator:Disclosure_of_magnitude_of_anticipated_financial_effects_in_terms_of_margin_erosion_for_business,2,success,
urn:sds:reg:esrs:e1_9_14,ESRS Official,E,urn:ngsi-ld:Dataset:esrs_e1_9_14,urn:ngsi-ld:Indicator:Assets_at_material_transition_risk_before_considering_climate_mitigation_actions,2,success,
urn:sds:reg:esrs:e1_9_15,ESRS Official,E,urn:ngsi-ld:Dataset:esrs_e1_9_15,urn:ngsi-ld:Indicator:Percentage_of_assets_at_material_transition_risk_before_considering_climate_mitigation_actions,2,success,
urn:sds:reg:esrs:e1_9_16,ESRS Official,E,urn:ngsi-ld:Dataset:esrs_e1_9_16,urn:ngsi-ld:Indicator:Percentage_of_assets_at_material_transition_risk_addressed_by_climate_change_mitigation_actions,2,success,
urn:sds:reg:esrs:e1_9_17,ESRS Official,E,urn:ngsi-ld:Dataset:esrs_e1_9_17,urn:ngsi-ld:Indicator:Total_carrying_amount_of_real_estate_assets_by_energy_efficiency_classes,2,success,
urn:sds:reg:esrs:e1_9_18,ESRS Official,E,urn:ngsi-ld:Dataset:esrs_e1_9_18,urn:ngsi-ld:Indicator:Disclosure_of_whether_and_how_potential_effects_on_future_financial_performance_and_position_for,2,success,
urn:sds:reg:esrs:e1_9_19,ESRS Official,E,urn:ngsi-ld:Dataset:esrs_e1_9_19,urn:ngsi-ld:Indicator:Disclosure_of_whether_and_how_assessment_of_assets_and_business_activities_considered_to_be_at_m,2,success,
urn:sds:reg:esrs:e1_9_20,ESRS Official,E,urn:ngsi-ld:Dataset:esrs_e1_9_20,urn:ngsi-ld:Indicator:Estimated_amount_of_potentially_stranded_assets,2,success,
urn:sds:reg:esrs:e1_9_21,ESRS Official,E,urn:ngsi-ld:Dataset:esrs_e1_9_21,urn:ngsi-ld:Indicator:Percentage_of_estimated_share_of_potentially_stranded_assets_of_total_assets_at_material_transit,2,success,
urn:sds:reg:esrs:e1_9_22,ESRS Official,E,urn:ngsi-ld:Dataset:esrs_e1_9_22,urn:ngsi-ld:Indicator:Total_carrying_amount_of_real_estate_assets_for_which_energy_consumption_is_based_on_internal_es,2,success,
urn:sds:reg:esrs:e1_9_23,ESRS Official,E,urn:ngsi-ld:Dataset:esrs_e1_9_23,urn:ngsi-ld:Indicator:Liabilities_from_material_transition_risks_that_may_have_to_be_recognised_in_financial_statement,2,success,
urn:sds:reg:esrs:e1_9_24,ESRS Official,E,urn:ngsi-ld:Dataset:esrs_e1_9_24,urn:ngsi-ld:Indicator:Number_of_Scope_1_GHG_emission_allowances_within_regulated_emission_trading_schemes,2,success,
urn:sds:reg:esrs:e1_9_25,ESRS Official,E,urn:ngsi-ld:Dataset:esrs_e1_9_25,urn:ngsi-ld:Indicator:Number_of_emission_allowances_stored_from_previous_allowances_at_beginning_of_reporting_period,2,success,
urn:sds:reg:esrs:e1_9_26,ESRS Official,E,urn:ngsi-ld:Dataset:esrs_e1_9_26,urn:ngsi-ld:Indicator:Potential_future_liabilities_based_on_existing_contractual_agreements_associated_with_carbon_cre,2,success,
urn:sds:reg:esrs:e1_9_27,ESRS Official,E,urn:ngsi-ld:Dataset:esrs_e1_9_27,urn:ngsi-ld:Indicator:Monetised_gross_Scope_1_and_2_GHG_emissions,2,success,
urn:sds:reg:esrs:e1_9_28,ESRS Official,E,urn:ngsi-ld:Dataset:esrs_e1_9_28,urn:ngsi-ld:Indicator:Monetised_total_GHG_emissions,2,success,
urn:sds:reg:esrs:e1_9_29,ESRS Official,E,urn:ngsi-ld:Dataset:esrs_e1_9_29,urn:ngsi-ld:Indicator:Net_revenue_from_business_activities_at_material_transition_risk,2,success,
urn:sds:reg:esrs:e1_9_30,ESRS Official,E,urn:ngsi-ld:Dataset:esrs_e1_9_30,urn:ngsi-ld:Indicator:Net_revenue_from_customers_operating_in_coal-related_activities,2,success,
urn:sds:reg:esrs:e1_9_31,ESRS Official,E,urn:ngsi-ld:Dataset:esrs_e1_9_31,urn:ngsi-ld:Indicator:Net_revenue_from_customers_operating_in_oil-related_activities,2,success,
urn:sds:reg:esrs:e1_9_32,ESRS Official,E,urn:ngsi-ld:Dataset:esrs_e1_9_32,urn:ngsi-ld:Indicator:Net_revenue_from_customers_operating_in_gas-related_activities,2,success,
urn:sds:reg:esrs:e1_9_33,ESRS Official,E,urn:ngsi-ld:Dataset:esrs_e1_9_33,urn:ngsi-ld:Indicator:Percentage_of_net_revenue_from_customers_operating_in_coal-related_activities,2,success,
urn:sds:reg:esrs:e1_9_34,ESRS Official,E,urn:ngsi-ld:Dataset:esrs_e1_9_34,urn:ngsi-ld:Indicator:Percentage_of_net_revenue_from_customers_operating_in_oil-related_activities,2,success,
urn:sds:reg:esrs:e1_9_35,ESRS Official,E,urn:ngsi-ld:Dataset:esrs_e1_9_35,urn:ngsi-ld:Indicator:Percentage_of_net_revenue_from_customers_operating_in_gas-related_activities,2,success,
urn:sds:reg:esrs:e1_9_36,ESRS Official,E,urn:ngsi-ld:Dataset:esrs_e1_9_36,urn:ngsi-ld:Indicator:Percentage_of_net_revenue_from_business_activities_at_material_transition_risk,2,success,
urn:sds:reg:esrs:e1_9_37,ESRS Official,E,urn:ngsi-ld:Dataset:esrs_e1_9_37,urn:ngsi-ld:Indicator:Disclosure_of_risk_factors_for_net_revenue_from_business_activities_at_material_transition_risk,2,success,
urn:sds:reg:esrs:e1_9_38,ESRS Official,E,urn:ngsi-ld:Dataset:esrs_e1_9_38,urn:ngsi-ld:Indicator:Disclosure_of_anticipated_financial_effects_in_terms_of_margin_erosion_for_business_activities_a,2,success,
urn:sds:reg:esrs:e1_9_39,ESRS Official,E,urn:ngsi-ld:Dataset:esrs_e1_9_39,urn:ngsi-ld:Indicator:Disclosure_of_reconciliations_with_financial_statements_of_significant_amounts_of_assets_and_net,2,success,
urn:sds:reg:esrs:e1_9_40,ESRS Official,E,urn:ngsi-ld:Dataset:esrs_e1_9_40,urn:ngsi-ld:Indicator:Disclosure_of_reconciliations_with_financial_statements_of_significant_amounts_of_assets_liabili,2,success,
urn:sds:reg:esrs:e1_9_41,ESRS Official,E,urn:ngsi-ld:Dataset:esrs_e1_9_41,urn:ngsi-ld:Indicator:Expected_cost_savings_from_climate_change_mitigation_actions,2,success,
urn:sds:reg:esrs:e1_9_42,ESRS Official,E,urn:ngsi-ld:Dataset:esrs_e1_9_42,urn:ngsi-ld:Indicator:Expected_cost_savings_from_climate_change_adaptation_actions,2,success,
urn:sds:reg:esrs:e1_9_43,ESRS Official,E,urn:ngsi-ld:Dataset:esrs_e1_9_43,urn:ngsi-ld:Indicator:Potential_market_size_of_low-carbon_products_and_services_or_adaptation_solutions_to_which_under,2,success,
urn:sds:reg:esrs:e1_9_44,ESRS Official,E,urn:ngsi-ld:Dataset:esrs_e1_9_44,urn:ngsi-ld:Indicator:Expected_changes_to_net_revenue_from_low-carbon_products_and_services_or_adaptation_solutions_to,2,success,
urn:sds:reg:esrs:e1_gov_3_01,ESRS Official,E,urn:ngsi-ld:Dataset:esrs_e1_gov_3_01,urn:ngsi-ld:Indicator:Disclosure_of_whether_and_how_climate-related_considerations_are_factored_into_remuneration_of_m,2,success,
urn:sds:reg:esrs:e1_gov_3_02,ESRS Official,E,urn:ngsi-ld:Dataset:esrs_e1_gov_3_02,urn:ngsi-ld:Indicator:Percentage_of_remuneration_recognised_that_is_linked_to_climate_related_considerations,2,success,
urn:sds:reg:esrs:e1_gov_3_03,ESRS Official,E,urn:ngsi-ld:Dataset:esrs_e1_gov_3_03,urn:ngsi-ld:Indicator:Explanation_of_climate-related_considerations_that_are_factored_into_remuneration_of_members_of_,2,success,
urn:sds:reg:esrs:e1_iro_1_01,ESRS Official,E,urn:ngsi-ld:Dataset:esrs_e1_iro_1_01,urn:ngsi-ld:Indicator:Description_of_process_in_relation_to_impacts_on_climate_change,2,success,
urn:sds:reg:esrs:e1_iro_1_02,ESRS Official,E,urn:ngsi-ld:Dataset:esrs_e1_iro_1_02,urn:ngsi-ld:Indicator:Description_of_process_in_relation_to_climate-related_physical_risks_in_own_operations_and_along,2,success,
urn:sds:reg:esrs:e1_iro_1_03,ESRS Official,E,urn:ngsi-ld:Dataset:esrs_e1_iro_1_03,urn:ngsi-ld:Indicator:Climate-related_hazards_have_been_identified_over_short-_medium-_and_long-term_time_horizons,2,success,
urn:sds:reg:esrs:e1_iro_1_04,ESRS Official,E,urn:ngsi-ld:Dataset:esrs_e1_iro_1_04,urn:ngsi-ld:Indicator:Undertaking_has_screened_whether_assets_and_business_activities_may_be_exposed_to_climate-relate,2,success,
urn:sds:reg:esrs:e1_iro_1_05,ESRS Official,E,urn:ngsi-ld:Dataset:esrs_e1_iro_1_05,urn:ngsi-ld:Indicator:Short-_medium-_and_long-term_time_horizons_have_been_defined,2,success,
urn:sds:reg:esrs:e1_iro_1_06,ESRS Official,E,urn:ngsi-ld:Dataset:esrs_e1_iro_1_06,urn:ngsi-ld:Indicator:Extent_to_which_assets_and_business_activities_may_be_exposed_and_are_sensitive_to_identified_cl,2,success,
urn:sds:reg:esrs:e1_iro_1_07,ESRS Official,E,urn:ngsi-ld:Dataset:esrs_e1_iro_1_07,urn:ngsi-ld:Indicator:Identification_of_climate-related_hazards_and_assessment_of_exposure_and_sensitivity_are_informe,2,success,
urn:sds:reg:esrs:e1_iro_1_08,ESRS Official,E,urn:ngsi-ld:Dataset:esrs_e1_iro_1_08,urn:ngsi-ld:Indicator:Explanation_of_how_climate-related_scenario_analysis_has_been_used_to_inform_identification_and_,2,success,
urn:sds:reg:esrs:e1_iro_1_09,ESRS Official,E,urn:ngsi-ld:Dataset:esrs_e1_iro_1_09,urn:ngsi-ld:Indicator:Description_of_process_in_relation_to_climate-related_transition_risks_and_opportunities_in_own_,2,success,
urn:sds:reg:esrs:e1_iro_1_10,ESRS Official,E,urn:ngsi-ld:Dataset:esrs_e1_iro_1_10,urn:ngsi-ld:Indicator:Transition_events_have_been_identified_over_short-_medium-_and_long-term_time_horizons,2,success,
urn:sds:reg:esrs:e1_iro_1_11,ESRS Official,E,urn:ngsi-ld:Dataset:esrs_e1_iro_1_11,urn:ngsi-ld:Indicator:Undertaking_has_screened_whether_assets_and_business_activities_may_be_exposed_to_transition_eve,2,success,
urn:sds:reg:esrs:e1_iro_1_12,ESRS Official,E,urn:ngsi-ld:Dataset:esrs_e1_iro_1_12,urn:ngsi-ld:Indicator:Extent_to_which_assets_and_business_activities_may_be_exposed_and_are_sensitive_to_identified_tr,2,success,
urn:sds:reg:esrs:e1_iro_1_13,ESRS Official,E,urn:ngsi-ld:Dataset:esrs_e1_iro_1_13,urn:ngsi-ld:Indicator:Identification_of_transition_events_and_assessment_of_exposure_has_been_informed_by_climate-rela,2,success,
urn:sds:reg:esrs:e1_iro_1_14,ESRS Official,E,urn:ngsi-ld:Dataset:esrs_e1_iro_1_14,urn:ngsi-ld:Indicator:Assets_and_business_activities_that_are_incompatible_with_or_need_significant_efforts_to_be_comp,2,success,
urn:sds:reg:esrs:e1_iro_1_15,ESRS Official,E,urn:ngsi-ld:Dataset:esrs_e1_iro_1_15,urn:ngsi-ld:Indicator:Explanation_of_how_climate-related_scenario_analysis_has_been_used_to_inform_identification_and_,2,success,
urn:sds:reg:esrs:e1_iro_1_16,ESRS Official,E,urn:ngsi-ld:Dataset:esrs_e1_iro_1_16,urn:ngsi-ld:Indicator:Explanation_of_how_climate_scenarios_used_are_compatible_with_critical_climate-related_assumptio,2,success,
urn:sds:reg:esrs:e1_sbm_3_01,ESRS Official,E,urn:ngsi-ld:Dataset:esrs_e1_sbm_3_01,urn:ngsi-ld:Indicator:Type_of_climate-related_risk,2,success,
urn:sds:reg:esrs:e1_sbm_3_02,ESRS Official,E,urn:ngsi-ld:Dataset:esrs_e1_sbm_3_02,urn:ngsi-ld:Indicator:Description_of_scope_of_resilience_analysis,2,success,
urn:sds:reg:esrs:e1_sbm_3_03,ESRS Official,E,urn:ngsi-ld:Dataset:esrs_e1_sbm_3_03,urn:ngsi-ld:Indicator:Disclosure_of_how_resilience_analysis_has_been_conducted,2,success,
urn:sds:reg:esrs:e1_sbm_3_04,ESRS Official,E,urn:ngsi-ld:Dataset:esrs_e1_sbm_3_04,urn:ngsi-ld:Indicator:Disclosure_of_when_resilience_analysis_has_been_conducted,2,success,
urn:sds:reg:esrs:e1_sbm_3_05,ESRS Official,E,urn:ngsi-ld:Dataset:esrs_e1_sbm_3_05,urn:ngsi-ld:Indicator:Time_horizons_applied_for_resilience_analysis,2,success,
urn:sds:reg:esrs:e1_sbm_3_06,ESRS Official,E,urn:ngsi-ld:Dataset:esrs_e1_sbm_3_06,urn:ngsi-ld:Indicator:Description_of_results_of_resilience_analysis,2,success,
urn:sds:reg:esrs:e1_sbm_3_07,ESRS Official,E,urn:ngsi-ld:Dataset:esrs_e1_sbm_3_07,urn:ngsi-ld:Indicator:Description_of_ability_to_adjust_or_adapt_strategy_and_business_model_to_climate_change,2,success,
urn:sds:reg:esrs:e2_1_01,ESRS Official,E,urn:ngsi-ld:Dataset:esrs_e2_1_01,urn:ngsi-ld:Indicator:Disclosure_of_whether_and_how_policy_addresses_mitigating_negative_impacts_related_to_pollution_,2,success,
urn:sds:reg:esrs:e2_1_02,ESRS Official,E,urn:ngsi-ld:Dataset:esrs_e2_1_02,urn:ngsi-ld:Indicator:Disclosure_of_whether_and_how_policy_addresses_substituting_and_minimising_use_of_substances_of_,2,success,
urn:sds:reg:esrs:e2_1_03,ESRS Official,E,urn:ngsi-ld:Dataset:esrs_e2_1_03,urn:ngsi-ld:Indicator:Disclosure_of_whether_and_how_policy_addresses_avoiding_incidents_and_emergency_situations_and_i,2,success,
urn:sds:reg:esrs:e2_1_04,ESRS Official,E,urn:ngsi-ld:Dataset:esrs_e2_1_04,urn:ngsi-ld:Indicator:Disclosure_of_contextual_information_on_relations_between_policies_implemented_and_how_policies_,2,success,
urn:sds:reg:esrs:e2_2_01,ESRS Official,E,urn:ngsi-ld:Dataset:esrs_e2_2_01,urn:ngsi-ld:Indicator:Layer_in_mitigation_hierarchy_to_which_action_can_be_allocated_to_pollution_,2,success,
urn:sds:reg:esrs:e2_2_02,ESRS Official,E,urn:ngsi-ld:Dataset:esrs_e2_2_02,urn:ngsi-ld:Indicator:Action_related_to_pollution_extends_to_upstream_downstream_value_chain_engagements,2,success,
urn:sds:reg:esrs:e2_2_03,ESRS Official,E,urn:ngsi-ld:Dataset:esrs_e2_2_03,urn:ngsi-ld:Indicator:Layer_in_mitigation_hierarchy_to_which_resources_can_be_allocated_to_pollution_,2,success,
urn:sds:reg:esrs:e2_2_04,ESRS Official,E,urn:ngsi-ld:Dataset:esrs_e2_2_04,urn:ngsi-ld:Indicator:Information_about_action_plans_that_have_been_implemented_at_site-level_pollution_,2,success,
urn:sds:reg:esrs:e2_3_01,ESRS Official,E,urn:ngsi-ld:Dataset:esrs_e2_3_01,urn:ngsi-ld:Indicator:Disclosure_of_whether_and_how_target_relates_to_prevention_and_control_of_air_pollutants_and_res,2,success,
urn:sds:reg:esrs:e2_3_02,ESRS Official,E,urn:ngsi-ld:Dataset:esrs_e2_3_02,urn:ngsi-ld:Indicator:Disclosure_of_whether_and_how_target_relates_to_prevention_and_control_of_emissions_to_water_and,2,success,
urn:sds:reg:esrs:e2_3_03,ESRS Official,E,urn:ngsi-ld:Dataset:esrs_e2_3_03,urn:ngsi-ld:Indicator:Disclosure_of_whether_and_how_target_relates_to_prevention_and_control_of_pollution_to_soil_and_,2,success,
urn:sds:reg:esrs:e2_3_04,ESRS Official,E,urn:ngsi-ld:Dataset:esrs_e2_3_04,urn:ngsi-ld:Indicator:Disclosure_of_whether_and_how_target_relates_to_prevention_and_control_of_substances_of_concern_,2,success,
urn:sds:reg:esrs:e2_3_05,ESRS Official,E,urn:ngsi-ld:Dataset:esrs_e2_3_05,urn:ngsi-ld:Indicator:Ecological_thresholds_and_entity-specific_allocations_were_taken_into_consideration_when_setting,2,success,
urn:sds:reg:esrs:e2_3_06,ESRS Official,E,urn:ngsi-ld:Dataset:esrs_e2_3_06,urn:ngsi-ld:Indicator:Disclosure_of_ecological_thresholds_identified_and_methodology_used_to_identify_ecological_thres,2,success,
urn:sds:reg:esrs:e2_3_07,ESRS Official,E,urn:ngsi-ld:Dataset:esrs_e2_3_07,urn:ngsi-ld:Indicator:Disclosure_of_how_ecological_entity-specific_thresholds_were_determined_pollution_,2,success,
urn:sds:reg:esrs:e2_3_08,ESRS Official,E,urn:ngsi-ld:Dataset:esrs_e2_3_08,urn:ngsi-ld:Indicator:Disclosure_of_how_responsibility_for_respecting_identified_ecological_thresholds_is_allocated_po,2,success,
urn:sds:reg:esrs:e2_3_09,ESRS Official,E,urn:ngsi-ld:Dataset:esrs_e2_3_09,urn:ngsi-ld:Indicator:Pollution-related_target_is_mandatory_required_by_legislation_voluntary,2,success,
urn:sds:reg:esrs:e2_3_10,ESRS Official,E,urn:ngsi-ld:Dataset:esrs_e2_3_10,urn:ngsi-ld:Indicator:Pollution-related_target_addresses_shortcomings_related_to_Substantial_Contribution_criteria_for,2,success,
urn:sds:reg:esrs:e2_3_11,ESRS Official,E,urn:ngsi-ld:Dataset:esrs_e2_3_11,urn:ngsi-ld:Indicator:Information_about_targets_that_have_been_implemented_at_site-level_pollution_,2,success,
urn:sds:reg:esrs:e2_4_01,ESRS Official,E,urn:ngsi-ld:Dataset:esrs_e2_4_01,urn:ngsi-ld:Indicator:Pollution_of_air_water_and_soil,2,success,
urn:sds:reg:esrs:e2_4_02,ESRS Official,E,urn:ngsi-ld:Dataset:esrs_e2_4_02,urn:ngsi-ld:Indicator:Emissions_to_air_by_pollutant,2,success,
urn:sds:reg:esrs:e2_4_03,ESRS Official,E,urn:ngsi-ld:Dataset:esrs_e2_4_03,urn:ngsi-ld:Indicator:Emissions_to_water_by_pollutant,2,success,
urn:sds:reg:esrs:e2_4_04,ESRS Official,E,urn:ngsi-ld:Dataset:esrs_e2_4_04,urn:ngsi-ld:Indicator:Emissions_to_soil_by_pollutant,2,success,
urn:sds:reg:esrs:e2_4_05,ESRS Official,E,urn:ngsi-ld:Dataset:esrs_e2_4_05,urn:ngsi-ld:Indicator:Microplastics_generated_and_used,2,success,
urn:sds:reg:esrs:e2_4_06,ESRS Official,E,urn:ngsi-ld:Dataset:esrs_e2_4_06,urn:ngsi-ld:Indicator:Microplastics_generated,2,success,
urn:sds:reg:esrs:e2_4_07,ESRS Official,E,urn:ngsi-ld:Dataset:esrs_e2_4_07,urn:ngsi-ld:Indicator:Microplastics_used,2,success,
urn:sds:reg:esrs:e2_4_08,ESRS Official,E,urn:ngsi-ld:Dataset:esrs_e2_4_08,urn:ngsi-ld:Indicator:Description_of_changes_over_time_pollution_of_air_water_and_soil_,2,success,
urn:sds:reg:esrs:e2_4_09,ESRS Official,E,urn:ngsi-ld:Dataset:esrs_e2_4_09,urn:ngsi-ld:Indicator:Description_of_measurement_methodologies_pollution_of_air_water_and_soil_,2,success,
urn:sds:reg:esrs:e2_4_10,ESRS Official,E,urn:ngsi-ld:Dataset:esrs_e2_4_10,urn:ngsi-ld:Indicator:Description_of_process_es_to_collect_data_for_pollution-related_accounting_and_reporting,2,success,
urn:sds:reg:esrs:e2_4_11,ESRS Official,E,urn:ngsi-ld:Dataset:esrs_e2_4_11,urn:ngsi-ld:Indicator:Percentage_of_total_emissions_of_pollutants_to_water_occurring_in_areas_at_water_risk,2,success,
urn:sds:reg:esrs:e2_4_12,ESRS Official,E,urn:ngsi-ld:Dataset:esrs_e2_4_12,urn:ngsi-ld:Indicator:Percentage_of_total_emissions_of_pollutants_to_water_occurring_in_areas_of_high-water_stress,2,success,
urn:sds:reg:esrs:e2_4_13,ESRS Official,E,urn:ngsi-ld:Dataset:esrs_e2_4_13,urn:ngsi-ld:Indicator:Percentage_of_total_emissions_of_pollutants_to_soil_occurring_in_areas_at_water_risk,2,success,
urn:sds:reg:esrs:e2_4_14,ESRS Official,E,urn:ngsi-ld:Dataset:esrs_e2_4_14,urn:ngsi-ld:Indicator:Percentage_of_total_emissions_of_pollutants_to_soil_occurring_in_areas_of_high-water_stress,2,success,
urn:sds:reg:esrs:e2_4_15,ESRS Official,E,urn:ngsi-ld:Dataset:esrs_e2_4_15,urn:ngsi-ld:Indicator:Disclosure_of_reasons_for_choosing_inferior_methodology_to_quantify_emissions,2,success,
urn:sds:reg:esrs:e2_4_16,ESRS Official,E,urn:ngsi-ld:Dataset:esrs_e2_4_16,urn:ngsi-ld:Indicator:Disclosure_of_list_of_installations_operated_that_fall_under_IED_and_EU_BAT_Conclusions,2,success,
urn:sds:reg:esrs:e2_4_17,ESRS Official,E,urn:ngsi-ld:Dataset:esrs_e2_4_17,urn:ngsi-ld:Indicator:Disclosure_of_list_of_any_non-compliance_incidents_or_enforcement_actions_necessary_to_ensure_co,2,success,
urn:sds:reg:esrs:e2_4_18,ESRS Official,E,urn:ngsi-ld:Dataset:esrs_e2_4_18,urn:ngsi-ld:Indicator:Disclosure_of_actual_performance_and_comparison_of_environmental_performance_against_emission_le,2,success,
urn:sds:reg:esrs:e2_4_19,ESRS Official,E,urn:ngsi-ld:Dataset:esrs_e2_4_19,urn:ngsi-ld:Indicator:Disclosure_of_actual_performance_against_environmental_performance_levels_associated_with_best_a,2,success,
urn:sds:reg:esrs:e2_4_20,ESRS Official,E,urn:ngsi-ld:Dataset:esrs_e2_4_20,urn:ngsi-ld:Indicator:Disclosure_of_list_of_any_compliance_schedules_or_derogations_granted_by_competent_authorities_a,2,success,
urn:sds:reg:esrs:e2_5_01,ESRS Official,E,urn:ngsi-ld:Dataset:esrs_e2_5_01,urn:ngsi-ld:Indicator:Total_amount_of_substances_of_concern_that_are_generated_or_used_during_production_or_that_are_p,2,success,
urn:sds:reg:esrs:e2_5_02,ESRS Official,E,urn:ngsi-ld:Dataset:esrs_e2_5_02,urn:ngsi-ld:Indicator:Total_amount_of_substances_of_concern_that_are_generated_or_used_during_production_or_that_are_p,2,success,
urn:sds:reg:esrs:e2_5_03,ESRS Official,E,urn:ngsi-ld:Dataset:esrs_e2_5_03,urn:ngsi-ld:Indicator:Total_amount_of_substances_of_concern_that_leave_facilities_as_emissions_as_products_or_as_part_,2,success,
urn:sds:reg:esrs:e2_5_04,ESRS Official,E,urn:ngsi-ld:Dataset:esrs_e2_5_04,urn:ngsi-ld:Indicator:Amount_of_substances_of_concern_that_leave_facilities_as_emissions_by_main_hazard_classes_of_sub,2,success,
urn:sds:reg:esrs:e2_5_05,ESRS Official,E,urn:ngsi-ld:Dataset:esrs_e2_5_05,urn:ngsi-ld:Indicator:Amount_of_substances_of_concern_that_leave_facilities_as_products_by_main_hazard_classes_of_subs,2,success,
urn:sds:reg:esrs:e2_5_06,ESRS Official,E,urn:ngsi-ld:Dataset:esrs_e2_5_06,urn:ngsi-ld:Indicator:Amount_of_substances_of_concern_that_leave_facilities_as_part_of_products_by_main_hazard_classes,2,success,
urn:sds:reg:esrs:e2_5_07,ESRS Official,E,urn:ngsi-ld:Dataset:esrs_e2_5_07,urn:ngsi-ld:Indicator:Amount_of_substances_of_concern_that_leave_facilities_as_services_by_main_hazard_classes_of_subs,2,success,
urn:sds:reg:esrs:e2_5_08,ESRS Official,E,urn:ngsi-ld:Dataset:esrs_e2_5_08,urn:ngsi-ld:Indicator:Total_amount_of_substances_of_very_high_concern_that_are_generated_or_used_during_production_or_,2,success,
urn:sds:reg:esrs:e2_5_09,ESRS Official,E,urn:ngsi-ld:Dataset:esrs_e2_5_09,urn:ngsi-ld:Indicator:Total_amount_of_substances_of_very_high_concern_that_leave_facilities_as_emissions_as_products_o,2,success,
urn:sds:reg:esrs:e2_5_10,ESRS Official,E,urn:ngsi-ld:Dataset:esrs_e2_5_10,urn:ngsi-ld:Indicator:Amount_of_substances_of_very_high_concern_that_leave_facilities_as_emissions_by_main_hazard_clas,2,success,
urn:sds:reg:esrs:e2_5_11,ESRS Official,E,urn:ngsi-ld:Dataset:esrs_e2_5_11,urn:ngsi-ld:Indicator:Amount_of_substances_of_very_high_concern_that_leave_facilities_as_products_by_main_hazard_class,2,success,
urn:sds:reg:esrs:e2_5_12,ESRS Official,E,urn:ngsi-ld:Dataset:esrs_e2_5_12,urn:ngsi-ld:Indicator:Amount_of_substances_of_very_high_concern_that_leave_facilities_as_part_of_products_by_main_haza,2,success,
urn:sds:reg:esrs:e2_5_13,ESRS Official,E,urn:ngsi-ld:Dataset:esrs_e2_5_13,urn:ngsi-ld:Indicator:Amount_of_substances_of_very_high_concern_that_leave_facilities_as_services_by_main_hazard_class,2,success,
urn:sds:reg:esrs:e2_6_01,ESRS Official,E,urn:ngsi-ld:Dataset:esrs_e2_6_01,urn:ngsi-ld:Indicator:Disclosure_of_quantitative_information_about_anticipated_financial_effects_of_material_risks_and,2,success,
urn:sds:reg:esrs:e2_6_02,ESRS Official,E,urn:ngsi-ld:Dataset:esrs_e2_6_02,urn:ngsi-ld:Indicator:Percentage_of_net_revenue_made_with_products_and_services_that_are_or_that_contain_substances_of,2,success,
urn:sds:reg:esrs:e2_6_03,ESRS Official,E,urn:ngsi-ld:Dataset:esrs_e2_6_03,urn:ngsi-ld:Indicator:Percentage_of_net_revenue_made_with_products_and_services_that_are_or_that_contain_substances_of,2,success,
urn:sds:reg:esrs:e2_6_04,ESRS Official,E,urn:ngsi-ld:Dataset:esrs_e2_6_04,urn:ngsi-ld:Indicator:Operating_expenditures_OpEx_in_conjunction_with_major_incidents_and_deposits_pollution_,2,success,
urn:sds:reg:esrs:e2_6_05,ESRS Official,E,urn:ngsi-ld:Dataset:esrs_e2_6_05,urn:ngsi-ld:Indicator:Capital_expenditures_CapEx_in_conjunction_with_major_incidents_and_deposits_pollution_,2,success,
urn:sds:reg:esrs:e2_6_06,ESRS Official,E,urn:ngsi-ld:Dataset:esrs_e2_6_06,urn:ngsi-ld:Indicator:Provisions_for_environmental_protection_and_remediation_costs_pollution_,2,success,
urn:sds:reg:esrs:e2_6_07,ESRS Official,E,urn:ngsi-ld:Dataset:esrs_e2_6_07,urn:ngsi-ld:Indicator:Disclosure_of_qualitative_information_about_anticipated_financial_effects_of_material_risks_and_,2,success,
urn:sds:reg:esrs:e2_6_08,ESRS Official,E,urn:ngsi-ld:Dataset:esrs_e2_6_08,urn:ngsi-ld:Indicator:Description_of_effects_considered_related_impacts_and_time_horizons_in_which_they_are_likely_to_,2,success,
urn:sds:reg:esrs:e2_6_09,ESRS Official,E,urn:ngsi-ld:Dataset:esrs_e2_6_09,urn:ngsi-ld:Indicator:Disclosure_of_critical_assumptions_used_to_quantify_anticipated_financial_effects_sources_and_le,2,success,
urn:sds:reg:esrs:e2_6_10,ESRS Official,E,urn:ngsi-ld:Dataset:esrs_e2_6_10,urn:ngsi-ld:Indicator:Description_of_material_incidents_and_deposits_whereby_pollution_had_negative_impacts_on_environ,2,success,
urn:sds:reg:esrs:e2_6_11,ESRS Official,E,urn:ngsi-ld:Dataset:esrs_e2_6_11,urn:ngsi-ld:Indicator:Disclosure_of_assessment_of_related_products_and_services_at_risk_and_explanation_how_time_horiz,2,success,
urn:sds:reg:esrs:e2_iro_1_01,ESRS Official,E,urn:ngsi-ld:Dataset:esrs_e2_iro_1_01,urn:ngsi-ld:Indicator:Information_about_the_process_to_identify_actual_and_potential_pollution-related_impacts_risks_a,2,success,
urn:sds:reg:esrs:e2_iro_1_02,ESRS Official,E,urn:ngsi-ld:Dataset:esrs_e2_iro_1_02,urn:ngsi-ld:Indicator:Disclosure_of_whether_and_how_consultations_have_been_conducted_pollution_,2,success,
urn:sds:reg:esrs:e2_iro_1_03,ESRS Official,E,urn:ngsi-ld:Dataset:esrs_e2_iro_1_03,urn:ngsi-ld:Indicator:Disclosure_of_results_of_materiality_assessment_pollution_,2,success,
urn:sds:reg:esrs:e3_1_01,ESRS Official,E,urn:ngsi-ld:Dataset:esrs_e3_1_01,urn:ngsi-ld:Indicator:Disclosure_of_whether_and_how_policy_adresses_water_management,2,success,
urn:sds:reg:esrs:e3_1_02,ESRS Official,E,urn:ngsi-ld:Dataset:esrs_e3_1_02,urn:ngsi-ld:Indicator:Disclosure_of_whether_and_how_policy_adresses_the_use_and_sourcing_of_water_and_marine_resources,2,success,
urn:sds:reg:esrs:e3_1_03,ESRS Official,E,urn:ngsi-ld:Dataset:esrs_e3_1_03,urn:ngsi-ld:Indicator:Disclosure_of_whether_and_how_policy_adresses_water_treatment,2,success,
urn:sds:reg:esrs:e3_1_04,ESRS Official,E,urn:ngsi-ld:Dataset:esrs_e3_1_04,urn:ngsi-ld:Indicator:Disclosure_of_whether_and_how_policy_adresses_prevention_and_abatment_of_water_pollution,2,success,
urn:sds:reg:esrs:e3_1_05,ESRS Official,E,urn:ngsi-ld:Dataset:esrs_e3_1_05,urn:ngsi-ld:Indicator:Disclosure_of_whether_and_how_policy_adresses_product_and_service_design_in_view_of_addressing_w,2,success,
urn:sds:reg:esrs:e3_1_06,ESRS Official,E,urn:ngsi-ld:Dataset:esrs_e3_1_06,urn:ngsi-ld:Indicator:Disclosure_of_whether_and_how_policy_adresses_commitment_to_reduce_material_water_consumption_in,2,success,
urn:sds:reg:esrs:e3_1_07,ESRS Official,E,urn:ngsi-ld:Dataset:esrs_e3_1_07,urn:ngsi-ld:Indicator:Disclosure_of_reasons_for_not_having_adopted_policies_in_areas_of_high-water_stress,2,success,
urn:sds:reg:esrs:e3_1_08,ESRS Official,E,urn:ngsi-ld:Dataset:esrs_e3_1_08,urn:ngsi-ld:Indicator:Disclosure_of_timeframe_in_which_policies_in_areas_of_high-water_stress_will_be_adopted,2,success,
urn:sds:reg:esrs:e3_1_09,ESRS Official,E,urn:ngsi-ld:Dataset:esrs_e3_1_09,urn:ngsi-ld:Indicator:Policies_or_practices_related_to_sustainable_oceans_and_seas_have_been_adopted,2,success,
urn:sds:reg:esrs:e3_1_10,ESRS Official,E,urn:ngsi-ld:Dataset:esrs_e3_1_10,urn:ngsi-ld:Indicator:The_policly_contributes_to_good_ecological_and_chemical_quality_of_surface_water_bodies_and_good,2,success,
urn:sds:reg:esrs:e3_1_11,ESRS Official,E,urn:ngsi-ld:Dataset:esrs_e3_1_11,urn:ngsi-ld:Indicator:The_policy_minimise_material_impacts_and_risks_and_implement_mitigation_measures_that_aim_to_mai,2,success,
urn:sds:reg:esrs:e3_1_12,ESRS Official,E,urn:ngsi-ld:Dataset:esrs_e3_1_12,urn:ngsi-ld:Indicator:The_policy_avoid_impacts_on_affected_communities.,2,success,
urn:sds:reg:esrs:e3_2_01,ESRS Official,E,urn:ngsi-ld:Dataset:esrs_e3_2_01,urn:ngsi-ld:Indicator:Layer_in_mitigation_hierarchy_to_which_action_and_resources_can_be_allocated_to_water_and_marine,2,success,
urn:sds:reg:esrs:e3_2_02,ESRS Official,E,urn:ngsi-ld:Dataset:esrs_e3_2_02,urn:ngsi-ld:Indicator:Information_about_specific_collective_action_for_water_and_marine_resources,2,success,
urn:sds:reg:esrs:e3_2_03,ESRS Official,E,urn:ngsi-ld:Dataset:esrs_e3_2_03,urn:ngsi-ld:Indicator:Disclosure_of_actions_and_resources_in_relation_to_areas_at_water_risk,2,success,
urn:sds:reg:esrs:e3_3_01,ESRS Official,E,urn:ngsi-ld:Dataset:esrs_e3_3_01,urn:ngsi-ld:Indicator:Disclosure_of_whether_and_how_target_relates_to_management_of_material_impacts_risks_and_opportu,2,success,
urn:sds:reg:esrs:e3_3_02,ESRS Official,E,urn:ngsi-ld:Dataset:esrs_e3_3_02,urn:ngsi-ld:Indicator:Disclosure_of_whether_and_how_target_relates_to_responsible_management_of_marine_resources_impac,2,success,
urn:sds:reg:esrs:e3_3_03,ESRS Official,E,urn:ngsi-ld:Dataset:esrs_e3_3_03,urn:ngsi-ld:Indicator:Disclosure_of_whether_and_how_target_relates_to_reduction_of_water_consumption,2,success,
urn:sds:reg:esrs:e3_3_04,ESRS Official,E,urn:ngsi-ld:Dataset:esrs_e3_3_04,urn:ngsi-ld:Indicator:_Local_ecological_threshold_and_entity-specific_allocation_were_taken_into_consideration_when_se,2,success,
urn:sds:reg:esrs:e3_3_05,ESRS Official,E,urn:ngsi-ld:Dataset:esrs_e3_3_05,urn:ngsi-ld:Indicator:Disclosure_of_ecological_threshold_identified_and_methodology_used_to_identify_ecological_thresh,2,success,
urn:sds:reg:esrs:e3_3_06,ESRS Official,E,urn:ngsi-ld:Dataset:esrs_e3_3_06,urn:ngsi-ld:Indicator:Disclosure_of_how_ecological_entity-specific_threshold_was_determined_water_and_marine_resources,2,success,
urn:sds:reg:esrs:e3_3_07,ESRS Official,E,urn:ngsi-ld:Dataset:esrs_e3_3_07,urn:ngsi-ld:Indicator:Disclosure_of_how_responsibility_for_respecting_identified_ecological_threshold_is_allocated_wat,2,success,
urn:sds:reg:esrs:e3_3_08,ESRS Official,E,urn:ngsi-ld:Dataset:esrs_e3_3_08,urn:ngsi-ld:Indicator:Adopted_and_presented_water_and_marine_resources-related_target_is_mandatory_based_on_legislatio,2,success,
urn:sds:reg:esrs:e3_3_09,ESRS Official,E,urn:ngsi-ld:Dataset:esrs_e3_3_09,urn:ngsi-ld:Indicator:Target_relates_to_reduction_of_water_withdrawals,2,success,
urn:sds:reg:esrs:e3_3_10,ESRS Official,E,urn:ngsi-ld:Dataset:esrs_e3_3_10,urn:ngsi-ld:Indicator:Target_relates_to_reduction_of_water_discharges,2,success,
urn:sds:reg:esrs:e3_4_01,ESRS Official,E,urn:ngsi-ld:Dataset:esrs_e3_4_01,urn:ngsi-ld:Indicator:Total_water_consumption,2,success,
urn:sds:reg:esrs:e3_4_02,ESRS Official,E,urn:ngsi-ld:Dataset:esrs_e3_4_02,urn:ngsi-ld:Indicator:Total_water_consumption_in_areas_at_water_risk_including_areas_of_high-water_stress,2,success,
urn:sds:reg:esrs:e3_4_03,ESRS Official,E,urn:ngsi-ld:Dataset:esrs_e3_4_03,urn:ngsi-ld:Indicator:Total_water_recycled_and_reused,2,success,
urn:sds:reg:esrs:e3_4_04,ESRS Official,E,urn:ngsi-ld:Dataset:esrs_e3_4_04,urn:ngsi-ld:Indicator:Total_water_stored,2,success,
urn:sds:reg:esrs:e3_4_05,ESRS Official,E,urn:ngsi-ld:Dataset:esrs_e3_4_05,urn:ngsi-ld:Indicator:Changes_in_water_storage,2,success,
urn:sds:reg:esrs:e3_4_06,ESRS Official,E,urn:ngsi-ld:Dataset:esrs_e3_4_06,urn:ngsi-ld:Indicator:Disclosure_of_contextual_information_regarding_warter_consumption,2,success,
urn:sds:reg:esrs:e3_4_07,ESRS Official,E,urn:ngsi-ld:Dataset:esrs_e3_4_07,urn:ngsi-ld:Indicator:Share_of_the_measure_obtained_from_direct_measurement_from_sampling_and_extrapolation_or_from_be,2,success,
urn:sds:reg:esrs:e3_4_08,ESRS Official,E,urn:ngsi-ld:Dataset:esrs_e3_4_08,urn:ngsi-ld:Indicator:Water_intensity_ratio,2,success,
urn:sds:reg:esrs:e3_4_09,ESRS Official,E,urn:ngsi-ld:Dataset:esrs_e3_4_09,urn:ngsi-ld:Indicator:Water_consumption_-_sectors_SEGMENTS,2,success,
urn:sds:reg:esrs:e3_4_10,ESRS Official,E,urn:ngsi-ld:Dataset:esrs_e3_4_10,urn:ngsi-ld:Indicator:Additional_water_intensity_ratio,2,success,
urn:sds:reg:esrs:e3_4_11,ESRS Official,E,urn:ngsi-ld:Dataset:esrs_e3_4_11,urn:ngsi-ld:Indicator:Total_water_withdrawals,2,success,
urn:sds:reg:esrs:e3_4_12,ESRS Official,E,urn:ngsi-ld:Dataset:esrs_e3_4_12,urn:ngsi-ld:Indicator:Total_water_discharges,2,success,
urn:sds:reg:esrs:e3_5_01,ESRS Official,E,urn:ngsi-ld:Dataset:esrs_e3_5_01,urn:ngsi-ld:Indicator:Disclosure_of_quantitative_information_about_anticipated_financial_effects_of_material_risks_and,2,success,
urn:sds:reg:esrs:e3_5_02,ESRS Official,E,urn:ngsi-ld:Dataset:esrs_e3_5_02,urn:ngsi-ld:Indicator:Disclosure_of_qualitative_information_of_anticipated_financial_effects_of_material_risks_and_opp,2,success,
urn:sds:reg:esrs:e3_5_03,ESRS Official,E,urn:ngsi-ld:Dataset:esrs_e3_5_03,urn:ngsi-ld:Indicator:Description_of_effects_considered_and_related_impacts_water_and_marine_resources_,2,success,
urn:sds:reg:esrs:e3_5_04,ESRS Official,E,urn:ngsi-ld:Dataset:esrs_e3_5_04,urn:ngsi-ld:Indicator:Disclosure_of_critical_assumptions_used_in_estimates_of_financial_effects_of_material_risks_and_,2,success,
urn:sds:reg:esrs:e3_5_05,ESRS Official,E,urn:ngsi-ld:Dataset:esrs_e3_5_05,urn:ngsi-ld:Indicator:Description_of_related_products_and_services_at_risk_water_and_marine_resources_,2,success,
urn:sds:reg:esrs:e3_5_06,ESRS Official,E,urn:ngsi-ld:Dataset:esrs_e3_5_06,urn:ngsi-ld:Indicator:Explanation_of_how_time_horizons_are_defined_financial_amounts_are_estimated_and_critical_assump,2,success,
urn:sds:reg:esrs:e3_iro_1_01,ESRS Official,E,urn:ngsi-ld:Dataset:esrs_e3_iro_1_01,urn:ngsi-ld:Indicator:Disclosure_of_whether_and_how_assets_and_activities_have_been_screened_in_order_to_identify_actu,2,success,
urn:sds:reg:esrs:e3_iro_1_02,ESRS Official,E,urn:ngsi-ld:Dataset:esrs_e3_iro_1_02,urn:ngsi-ld:Indicator:Disclosure_of_how_consultations_have_been_conducted_water_and_marine_resources_,2,success,
urn:sds:reg:esrs:e4_1_01,ESRS Official,E,urn:ngsi-ld:Dataset:esrs_e4_1_01,urn:ngsi-ld:Indicator:Disclosure_of_resilience_of_current_business_model_s_and_strategy_to_biodiversity_and_ecosystems,2,success,
urn:sds:reg:esrs:e4_1_02,ESRS Official,E,urn:ngsi-ld:Dataset:esrs_e4_1_02,urn:ngsi-ld:Indicator:Disclosure_of_scope_of_resilience_analysis_along_own_operations_and_related_upstream_and_downstr,2,success,
urn:sds:reg:esrs:e4_1_03,ESRS Official,E,urn:ngsi-ld:Dataset:esrs_e4_1_03,urn:ngsi-ld:Indicator:Disclosure_of_key_assumptions_made_biodiversity_and_ecosystems_,2,success,
urn:sds:reg:esrs:e4_1_04,ESRS Official,E,urn:ngsi-ld:Dataset:esrs_e4_1_04,urn:ngsi-ld:Indicator:Disclosure_of_time_horizons_used_for_analysis_biodiversity_and_ecosystems_,2,success,
urn:sds:reg:esrs:e4_1_05,ESRS Official,E,urn:ngsi-ld:Dataset:esrs_e4_1_05,urn:ngsi-ld:Indicator:Disclosure_of_results_of_resilience_analysis_biodiversity_and_ecosystems_,2,success,
urn:sds:reg:esrs:e4_1_06,ESRS Official,E,urn:ngsi-ld:Dataset:esrs_e4_1_06,urn:ngsi-ld:Indicator:Disclosure_of_involvement_of_stakeholders_biodiversity_and_ecosystems_,2,success,
urn:sds:reg:esrs:e4_1_07,ESRS Official,E,urn:ngsi-ld:Dataset:esrs_e4_1_07,urn:ngsi-ld:Indicator:Disclosure_of_transition_plan_to_improve_and_achieve_alignment_of_its_business_model_and_strateg,2,success,
urn:sds:reg:esrs:e4_1_08,ESRS Official,E,urn:ngsi-ld:Dataset:esrs_e4_1_08,urn:ngsi-ld:Indicator:Explanation_of_how_strategy_and_business_model_will_be_adjusted_to_improve_and_ultimately_achiev,2,success,
urn:sds:reg:esrs:e4_1_09,ESRS Official,E,urn:ngsi-ld:Dataset:esrs_e4_1_09,urn:ngsi-ld:Indicator:Include_information_about_its_own_operations_and_explain_how_it_is_responding_to_material_impact,2,success,
urn:sds:reg:esrs:e4_1_10,ESRS Official,E,urn:ngsi-ld:Dataset:esrs_e4_1_10,urn:ngsi-ld:Indicator:Explanation_of_how_b_strategy_interacts_with_transition_plan,2,success,
urn:sds:reg:esrs:e4_1_11,ESRS Official,E,urn:ngsi-ld:Dataset:esrs_e4_1_11,urn:ngsi-ld:Indicator:Disclosure_of_contribution_to_impact_drivers_and_possible_mitigation_actions_following_mitigatio,2,success,
urn:sds:reg:esrs:e4_1_12,ESRS Official,E,urn:ngsi-ld:Dataset:esrs_e4_1_12,urn:ngsi-ld:Indicator:Explanation_and_quantification_of_investments_and_funding_supporting_the_implementation_of_its_t,2,success,
urn:sds:reg:esrs:e4_1_13,ESRS Official,E,urn:ngsi-ld:Dataset:esrs_e4_1_13,urn:ngsi-ld:Indicator:Disclosure_of_objectives_or_plans_for_aligning_economic_activities_revenues_CapEx_,2,success,
urn:sds:reg:esrs:e4_1_14,ESRS Official,E,urn:ngsi-ld:Dataset:esrs_e4_1_14,urn:ngsi-ld:Indicator:Biodiversity_offsets_are_part_of_transition_plan,2,success,
urn:sds:reg:esrs:e4_1_15,ESRS Official,E,urn:ngsi-ld:Dataset:esrs_e4_1_15,urn:ngsi-ld:Indicator:Information_about_how_process_of_implementing_and_updating_transition_plan_is_managed,2,success,
urn:sds:reg:esrs:e4_1_16,ESRS Official,E,urn:ngsi-ld:Dataset:esrs_e4_1_16,urn:ngsi-ld:Indicator:Indication_of_metrics_and_related_tools_used_to_measure_progress_that_are_integrated_in_measurem,2,success,
urn:sds:reg:esrs:e4_1_17,ESRS Official,E,urn:ngsi-ld:Dataset:esrs_e4_1_17,urn:ngsi-ld:Indicator:Administrative_management_and_supervisory_bodies_have_approved_transition_plan,2,success,
urn:sds:reg:esrs:e4_1_18,ESRS Official,E,urn:ngsi-ld:Dataset:esrs_e4_1_18,urn:ngsi-ld:Indicator:Indication_of_current_challenges_and_limitations_to_draft_plan_in_relation_to_areas_of_significa,2,success,
urn:sds:reg:esrs:e4_2_01,ESRS Official,E,urn:ngsi-ld:Dataset:esrs_e4_2_01,urn:ngsi-ld:Indicator:Disclosure_on_whether_and_how_biodiversity_and_ecosystems-related_policies_relate_to_matters_rep,2,success,
urn:sds:reg:esrs:e4_2_02,ESRS Official,E,urn:ngsi-ld:Dataset:esrs_e4_2_02,urn:ngsi-ld:Indicator:Explanation_of_whether_and_how_biodiversity_and_ecosystems-related_policy_relates_to_material_bi,2,success,
urn:sds:reg:esrs:e4_2_03,ESRS Official,E,urn:ngsi-ld:Dataset:esrs_e4_2_03,urn:ngsi-ld:Indicator:Explanation_of_whether_and_how_biodiversity_and_ecosystems-related_policy_relates_to_material_de,2,success,
urn:sds:reg:esrs:e4_2_04,ESRS Official,E,urn:ngsi-ld:Dataset:esrs_e4_2_04,urn:ngsi-ld:Indicator:Explanation_of_whether_and_how_biodiversity_and_ecosystems-related_policy_supports_traceability_,2,success,
urn:sds:reg:esrs:e4_2_05,ESRS Official,E,urn:ngsi-ld:Dataset:esrs_e4_2_05,urn:ngsi-ld:Indicator:Explanation_of_whether_and_how_biodiversity_and_ecosystems-related_policy_addresses_production_s,2,success,
urn:sds:reg:esrs:e4_2_06,ESRS Official,E,urn:ngsi-ld:Dataset:esrs_e4_2_06,urn:ngsi-ld:Indicator:Explanation_of_whether_and_how_biodiversity_and_ecosystems-related_policy_addresses_social_conse,2,success,
urn:sds:reg:esrs:e4_2_07,ESRS Official,E,urn:ngsi-ld:Dataset:esrs_e4_2_07,urn:ngsi-ld:Indicator:Disclosure_of_how_policy_refers_to_production_sourcing_or_consumption_of_raw_materials,2,success,
urn:sds:reg:esrs:e4_2_08,ESRS Official,E,urn:ngsi-ld:Dataset:esrs_e4_2_08,urn:ngsi-ld:Indicator:Disclosure_of_how_policy_refers_to_policies_limiting_procurement_from_suppliers_that_cannot_demo,2,success,
urn:sds:reg:esrs:e4_2_09,ESRS Official,E,urn:ngsi-ld:Dataset:esrs_e4_2_09,urn:ngsi-ld:Indicator:Disclosure_of_how_policy_refers_to_recognised_standards_or_third-party_certifications_overseen_b,2,success,
urn:sds:reg:esrs:e4_2_10,ESRS Official,E,urn:ngsi-ld:Dataset:esrs_e4_2_10,urn:ngsi-ld:Indicator:Disclosure_of_how_policy_addresses_raw_materials_originating_from_ecosystems_that_have_been_mana,2,success,
urn:sds:reg:esrs:e4_2_11,ESRS Official,E,urn:ngsi-ld:Dataset:esrs_e4_2_11,urn:ngsi-ld:Indicator:Disclosure_of_how_the_policy_enables_to_a_b_c_and_d_,2,success,
urn:sds:reg:esrs:e4_2_12,ESRS Official,E,urn:ngsi-ld:Dataset:esrs_e4_2_12,urn:ngsi-ld:Indicator:Third-party_standard_of_conduct_used_in_policy_is_objective_and_achievable_based_on_scientific_a,2,success,
urn:sds:reg:esrs:e4_2_13,ESRS Official,E,urn:ngsi-ld:Dataset:esrs_e4_2_13,urn:ngsi-ld:Indicator:Third-party_standard_of_conduct_used_in_policy_is_developed_or_maintained_through_process_of_ong,2,success,
urn:sds:reg:esrs:e4_2_14,ESRS Official,E,urn:ngsi-ld:Dataset:esrs_e4_2_14,urn:ngsi-ld:Indicator:Third-party_standard_of_conduct_used_in_policy_encourages_step-wise_approach_and_continuous_impr,2,success,
urn:sds:reg:esrs:e4_2_15,ESRS Official,E,urn:ngsi-ld:Dataset:esrs_e4_2_15,urn:ngsi-ld:Indicator:Third-party_standard_of_conduct_used_in_policy_is_verifiable_through_independent_certifying_or_v,2,success,
urn:sds:reg:esrs:e4_2_16,ESRS Official,E,urn:ngsi-ld:Dataset:esrs_e4_2_16,urn:ngsi-ld:Indicator:Third-party_standard_of_conduct_used_in_policy_conforms_to_ISEAL_Code_of_Good_Practice,2,success,
urn:sds:reg:esrs:e4_2_17,ESRS Official,E,urn:ngsi-ld:Dataset:esrs_e4_2_17,urn:ngsi-ld:Indicator:Biodiversity_and_ecosystem_protection_policy_covering_operational_sites_owned_leased_managed_in_,2,success,
urn:sds:reg:esrs:e4_2_18,ESRS Official,E,urn:ngsi-ld:Dataset:esrs_e4_2_18,urn:ngsi-ld:Indicator:Sustainable_land_or_agriculture_practices_or_policies_have_been_adopted,2,success,
urn:sds:reg:esrs:e4_2_19,ESRS Official,E,urn:ngsi-ld:Dataset:esrs_e4_2_19,urn:ngsi-ld:Indicator:Sustainable_oceans_or_seas_practices_or_policies_have_been_adopted,2,success,
urn:sds:reg:esrs:e4_2_20,ESRS Official,E,urn:ngsi-ld:Dataset:esrs_e4_2_20,urn:ngsi-ld:Indicator:Policies_to_address_deforestation_have_been_adopted,2,success,
urn:sds:reg:esrs:e4_3_01,ESRS Official,E,urn:ngsi-ld:Dataset:esrs_e4_3_01,urn:ngsi-ld:Indicator:Disclosure_on_how_the_mitigation_hierarchy_has_been_applied_with_regard_to_biodiversity_and_ecos,2,success,
urn:sds:reg:esrs:e4_3_02,ESRS Official,E,urn:ngsi-ld:Dataset:esrs_e4_3_02,urn:ngsi-ld:Indicator:Biodiversity_offsets_were_used_in_action_plan,2,success,
urn:sds:reg:esrs:e4_3_03,ESRS Official,E,urn:ngsi-ld:Dataset:esrs_e4_3_03,urn:ngsi-ld:Indicator:Disclosure_of_aim_of_biodiversity_offset_and_key_performance_indicators_used,2,success,
urn:sds:reg:esrs:e4_3_04,ESRS Official,E,urn:ngsi-ld:Dataset:esrs_e4_3_04,urn:ngsi-ld:Indicator:Financing_effects_direct_and_indirect_costs_of_biodiversity_offsets,2,success,
urn:sds:reg:esrs:e4_3_05,ESRS Official,E,urn:ngsi-ld:Dataset:esrs_e4_3_05,urn:ngsi-ld:Indicator:Explanation_of_rekationship_of_significant_Capex_and_Opex_required_to_impelement_actions_taken_o,2,success,
urn:sds:reg:esrs:e4_3_06,ESRS Official,E,urn:ngsi-ld:Dataset:esrs_e4_3_06,urn:ngsi-ld:Indicator:Explanation_of_rekationship_of_significant_Capex_and_Opex_required_to_impelement_actions_taken_o,2,success,
urn:sds:reg:esrs:e4_3_07,ESRS Official,E,urn:ngsi-ld:Dataset:esrs_e4_3_07,urn:ngsi-ld:Indicator:Explanation_of_rekationship_of_significant_Capex_and_Opex_required_to_impelement_actions_taken_o,2,success,
urn:sds:reg:esrs:e4_3_08,ESRS Official,E,urn:ngsi-ld:Dataset:esrs_e4_3_08,urn:ngsi-ld:Indicator:Description_of_biodiversity_offsets,2,success,
urn:sds:reg:esrs:e4_3_09,ESRS Official,E,urn:ngsi-ld:Dataset:esrs_e4_3_09,urn:ngsi-ld:Indicator:Description_of_whether_and_how_local_and_indigenous_knowledge_and_nature-based_solutions_have_be,2,success,
urn:sds:reg:esrs:e4_3_10,ESRS Official,E,urn:ngsi-ld:Dataset:esrs_e4_3_10,urn:ngsi-ld:Indicator:Disclosure_of_key_stakeholders_involved_and_how_they_are_involved_key_stakeholders_negatively_or,2,success,
urn:sds:reg:esrs:e4_3_11,ESRS Official,E,urn:ngsi-ld:Dataset:esrs_e4_3_11,urn:ngsi-ld:Indicator:Explanation_of_need_for_appropriate_consultations_and_need_to_respect_decisions_of_affected_comm,2,success,
urn:sds:reg:esrs:e4_3_12,ESRS Official,E,urn:ngsi-ld:Dataset:esrs_e4_3_12,urn:ngsi-ld:Indicator:Description_of_whether_key_action_may_induce_significant_negative_sustainability_impacts_biodive,2,success,
urn:sds:reg:esrs:e4_3_13,ESRS Official,E,urn:ngsi-ld:Dataset:esrs_e4_3_13,urn:ngsi-ld:Indicator:Explanation_of_whether_the_key_action_is_intended_to_be_a_one-time_initiative_or_systematic_prac,2,success,
urn:sds:reg:esrs:e4_3_14,ESRS Official,E,urn:ngsi-ld:Dataset:esrs_e4_3_14,urn:ngsi-ld:Indicator:Key_action_plan_is_carried_out_only_by_undertaking_individual_action_using_its_resources_biodive,2,success,
urn:sds:reg:esrs:e4_3_15,ESRS Official,E,urn:ngsi-ld:Dataset:esrs_e4_3_15,urn:ngsi-ld:Indicator:Key_action_plan_is_part_of_wider_action_plan_collective_action_of_which_undertaking_is_member_bi,2,success,
urn:sds:reg:esrs:e4_3_16,ESRS Official,E,urn:ngsi-ld:Dataset:esrs_e4_3_16,urn:ngsi-ld:Indicator:Additional_information_about_project_its_sponsors_and_other_participants_biodiversity_and_ecosys,2,success,
urn:sds:reg:esrs:e4_4_01,ESRS Official,E,urn:ngsi-ld:Dataset:esrs_e4_4_01,urn:ngsi-ld:Indicator:Ecological_threshold_and_allocation_of_impacts_to_undertaking_were_applied_when_setting_target_b,2,success,
urn:sds:reg:esrs:e4_4_02,ESRS Official,E,urn:ngsi-ld:Dataset:esrs_e4_4_02,urn:ngsi-ld:Indicator:Disclosure_of_ecological_threshold_identified_and_methodology_used_to_identify_threshold_biodive,2,success,
urn:sds:reg:esrs:e4_4_03,ESRS Official,E,urn:ngsi-ld:Dataset:esrs_e4_4_03,urn:ngsi-ld:Indicator:Disclosure_of_how_entity-specific_threshold_was_determined_biodiversity_and_ecosystems_,2,success,
urn:sds:reg:esrs:e4_4_04,ESRS Official,E,urn:ngsi-ld:Dataset:esrs_e4_4_04,urn:ngsi-ld:Indicator:Disclosure_of_how_responsibility_for_respecting_identified_ecological_threshold_is_allocated_bio,2,success,
urn:sds:reg:esrs:e4_4_05,ESRS Official,E,urn:ngsi-ld:Dataset:esrs_e4_4_05,urn:ngsi-ld:Indicator:Target_is_informed_by_relevant_aspect_of_EU_Biodiversity_Strategy_for_2030,2,success,
urn:sds:reg:esrs:e4_4_06,ESRS Official,E,urn:ngsi-ld:Dataset:esrs_e4_4_06,urn:ngsi-ld:Indicator:Disclosure_of_how_the_targets_relate_to_the_biodiversity_and_ecosystem_impacts_dependencies_risk,2,success,
urn:sds:reg:esrs:e4_4_07,ESRS Official,E,urn:ngsi-ld:Dataset:esrs_e4_4_07,urn:ngsi-ld:Indicator:Disclosure_of_the_geographical_scope_of_the_targets,2,success,
urn:sds:reg:esrs:e4_4_08,ESRS Official,E,urn:ngsi-ld:Dataset:esrs_e4_4_08,urn:ngsi-ld:Indicator:Biodiversity_offsets_were_used_in_setting_target,2,success,
urn:sds:reg:esrs:e4_4_09,ESRS Official,E,urn:ngsi-ld:Dataset:esrs_e4_4_09,urn:ngsi-ld:Indicator:Layer_in_mitigation_hierarchy_to_which_target_can_be_allocated_biodiversity_and_ecosystems_,2,success,
urn:sds:reg:esrs:e4_4_10,ESRS Official,E,urn:ngsi-ld:Dataset:esrs_e4_4_10,urn:ngsi-ld:Indicator:The_target_addresses_shortcomings_related_to_the_Substantial_Contribution_criteria,2,success,
urn:sds:reg:esrs:e4_5_01,ESRS Official,E,urn:ngsi-ld:Dataset:esrs_e4_5_01,urn:ngsi-ld:Indicator:Number_of_sites_owned_leased_or_managed_in_or_near_protected_areas_or_key_biodiversity_areas_tha,2,success,
urn:sds:reg:esrs:e4_5_02,ESRS Official,E,urn:ngsi-ld:Dataset:esrs_e4_5_02,urn:ngsi-ld:Indicator:Area_of_sites_owned_leased_or_managed_in_or_near_protected_areas_or_key_biodiversity_areas_that_,2,success,
urn:sds:reg:esrs:e4_5_03,ESRS Official,E,urn:ngsi-ld:Dataset:esrs_e4_5_03,urn:ngsi-ld:Indicator:Disclosure_of_land-use_based_on_Life_Cycle_Assessment,2,success,
urn:sds:reg:esrs:e4_5_04,ESRS Official,E,urn:ngsi-ld:Dataset:esrs_e4_5_04,urn:ngsi-ld:Indicator:Disclosure_of_metrics_considered_relevant_land-use_change_freshwater-use_change_and_or_sea-use_c,2,success,
urn:sds:reg:esrs:e4_5_05,ESRS Official,E,urn:ngsi-ld:Dataset:esrs_e4_5_05,urn:ngsi-ld:Indicator:Disclosure_of_conversion_over_time_of_land_cover,2,success,
urn:sds:reg:esrs:e4_5_06,ESRS Official,E,urn:ngsi-ld:Dataset:esrs_e4_5_06,urn:ngsi-ld:Indicator:Disclosure_of_changes_over_time_in_management_of_ecosystem,2,success,
urn:sds:reg:esrs:e4_5_07,ESRS Official,E,urn:ngsi-ld:Dataset:esrs_e4_5_07,urn:ngsi-ld:Indicator:Disclosure_of_changes_in_spatial_configuration_of_landscape,2,success,
urn:sds:reg:esrs:e4_5_08,ESRS Official,E,urn:ngsi-ld:Dataset:esrs_e4_5_08,urn:ngsi-ld:Indicator:Disclosure_of_changes_in_ecosystem_structural_connectivity,2,success,
urn:sds:reg:esrs:e4_5_09,ESRS Official,E,urn:ngsi-ld:Dataset:esrs_e4_5_09,urn:ngsi-ld:Indicator:Disclosure_of_functional_connectivity,2,success,
urn:sds:reg:esrs:e4_5_10,ESRS Official,E,urn:ngsi-ld:Dataset:esrs_e4_5_10,urn:ngsi-ld:Indicator:Total_use_of_land_area,2,success,
urn:sds:reg:esrs:e4_5_11,ESRS Official,E,urn:ngsi-ld:Dataset:esrs_e4_5_11,urn:ngsi-ld:Indicator:Total_sealed_area,2,success,
urn:sds:reg:esrs:e4_5_12,ESRS Official,E,urn:ngsi-ld:Dataset:esrs_e4_5_12,urn:ngsi-ld:Indicator:Nature-oriented_area_on_site,2,success,
urn:sds:reg:esrs:e4_5_13,ESRS Official,E,urn:ngsi-ld:Dataset:esrs_e4_5_13,urn:ngsi-ld:Indicator:Nature-oriented_area_off_site,2,success,
urn:sds:reg:esrs:e4_5_14,ESRS Official,E,urn:ngsi-ld:Dataset:esrs_e4_5_14,urn:ngsi-ld:Indicator:Disclosure_of_how_pathways_of_introduction_and_spread_of_invasive_alien_species_and_risks_posed_,2,success,
urn:sds:reg:esrs:e4_5_15,ESRS Official,E,urn:ngsi-ld:Dataset:esrs_e4_5_15,urn:ngsi-ld:Indicator:Number_of_invasive_alien_species,2,success,
urn:sds:reg:esrs:e4_5_16,ESRS Official,E,urn:ngsi-ld:Dataset:esrs_e4_5_16,urn:ngsi-ld:Indicator:Area_covered_by_invasive_alien_species,2,success,
urn:sds:reg:esrs:e4_5_17,ESRS Official,E,urn:ngsi-ld:Dataset:esrs_e4_5_17,urn:ngsi-ld:Indicator:Disclosure_of_metrics_considered_relevant_state_of_species_,2,success,
urn:sds:reg:esrs:e4_5_18,ESRS Official,E,urn:ngsi-ld:Dataset:esrs_e4_5_18,urn:ngsi-ld:Indicator:Disclosure_of_paragraph_in_another_environment-related_standard_in_which_metric_is_referred_to,2,success,
urn:sds:reg:esrs:e4_5_19,ESRS Official,E,urn:ngsi-ld:Dataset:esrs_e4_5_19,urn:ngsi-ld:Indicator:Disclosure_of_population_size_range_within_specific_ecosystems_and_extinction_risk,2,success,
urn:sds:reg:esrs:e4_5_20,ESRS Official,E,urn:ngsi-ld:Dataset:esrs_e4_5_20,urn:ngsi-ld:Indicator:Disclosure_of_changes_in_number_of_individuals_of_species_within_specific_area,2,success,
urn:sds:reg:esrs:e4_5_21,ESRS Official,E,urn:ngsi-ld:Dataset:esrs_e4_5_21,urn:ngsi-ld:Indicator:Information_about_species_at_global_extinction_risk,2,success,
urn:sds:reg:esrs:e4_5_22,ESRS Official,E,urn:ngsi-ld:Dataset:esrs_e4_5_22,urn:ngsi-ld:Indicator:Disclosure_of_threat_status_of_species_and_how_activities_or_pressures_may_affect_threat_status,2,success,
urn:sds:reg:esrs:e4_5_23,ESRS Official,E,urn:ngsi-ld:Dataset:esrs_e4_5_23,urn:ngsi-ld:Indicator:Disclosure_of_change_in_relevant_habitat_for_threatened_species_as_proxy_for_impact_on_local_pop,2,success,
urn:sds:reg:esrs:e4_5_24,ESRS Official,E,urn:ngsi-ld:Dataset:esrs_e4_5_24,urn:ngsi-ld:Indicator:Disclosure_of_ecosystem_area_coverage,2,success,
urn:sds:reg:esrs:e4_5_25,ESRS Official,E,urn:ngsi-ld:Dataset:esrs_e4_5_25,urn:ngsi-ld:Indicator:Disclosure_of_quality_of_ecosystems_relative_to_pre-determined_reference_state,2,success,
urn:sds:reg:esrs:e4_5_26,ESRS Official,E,urn:ngsi-ld:Dataset:esrs_e4_5_26,urn:ngsi-ld:Indicator:Disclosure_of_multiple_species_within_ecosystem,2,success,
urn:sds:reg:esrs:e4_5_27,ESRS Official,E,urn:ngsi-ld:Dataset:esrs_e4_5_27,urn:ngsi-ld:Indicator:Disclosure_of_structural_components_of_ecosystem_condition,2,success,
urn:sds:reg:esrs:e4_6_01,ESRS Official,E,urn:ngsi-ld:Dataset:esrs_e4_6_01,urn:ngsi-ld:Indicator:Disclosure_of_quantitative_information_about_anticipated_financial_effects_of_material_risks_and,2,success,
urn:sds:reg:esrs:e4_6_02,ESRS Official,E,urn:ngsi-ld:Dataset:esrs_e4_6_02,urn:ngsi-ld:Indicator:Disclosure_of_qualitative_information_about_anticipated_financial_effects_of_material_risks_and_,2,success,
urn:sds:reg:esrs:e4_6_03,ESRS Official,E,urn:ngsi-ld:Dataset:esrs_e4_6_03,urn:ngsi-ld:Indicator:Description_of_effects_considered_related_impacts_and_dependencies_biodiversity_and_ecosystems_,2,success,
urn:sds:reg:esrs:e4_6_04,ESRS Official,E,urn:ngsi-ld:Dataset:esrs_e4_6_04,urn:ngsi-ld:Indicator:Disclosure_of_critical_assumptions_used_in_estimates_of_financial_effects_of_material_risks_and_,2,success,
urn:sds:reg:esrs:e4_6_05,ESRS Official,E,urn:ngsi-ld:Dataset:esrs_e4_6_05,urn:ngsi-ld:Indicator:Description_of_related_products_and_services_at_risk_biodiversity_and_ecosystems_over_the_short-,2,success,
urn:sds:reg:esrs:e4_6_06,ESRS Official,E,urn:ngsi-ld:Dataset:esrs_e4_6_06,urn:ngsi-ld:Indicator:Explanation_of_how_financial_amounts_are_estimated_and_critical_assumptions_made_biodiversity_an,2,success,
urn:sds:reg:esrs:e4_iro_1_01,ESRS Official,E,urn:ngsi-ld:Dataset:esrs_e4_iro_1_01,urn:ngsi-ld:Indicator:Disclosure_of_whether_and_how_actual_and_potential_impacts_on_biodiversity_and_ecosystems_at_own,2,success,
urn:sds:reg:esrs:e4_iro_1_02,ESRS Official,E,urn:ngsi-ld:Dataset:esrs_e4_iro_1_02,urn:ngsi-ld:Indicator:Disclosure_of_whether_and_how_dependencies_on_biodiversity_and_ecosystems_and_their_services_hav,2,success,
urn:sds:reg:esrs:e4_iro_1_03,ESRS Official,E,urn:ngsi-ld:Dataset:esrs_e4_iro_1_03,urn:ngsi-ld:Indicator:Disclosure_of_whether_and_how_transition_and_physical_risks_and_opportunities_related_to_biodive,2,success,
urn:sds:reg:esrs:e4_iro_1_04,ESRS Official,E,urn:ngsi-ld:Dataset:esrs_e4_iro_1_04,urn:ngsi-ld:Indicator:Disclosure_of_whether_and_how_systemic_risks_have_been_considered_biodiversity_and_ecosystems_,2,success,
urn:sds:reg:esrs:e4_iro_1_05,ESRS Official,E,urn:ngsi-ld:Dataset:esrs_e4_iro_1_05,urn:ngsi-ld:Indicator:Disclosure_of_whether_and_how_consultations_with_affected_communities_on_sustainability_assessme,2,success,
urn:sds:reg:esrs:e4_iro_1_06,ESRS Official,E,urn:ngsi-ld:Dataset:esrs_e4_iro_1_06,urn:ngsi-ld:Indicator:Disclosure_of_whether_and_how_specific_sites_raw_materials_production_or_sourcing_with_negative_,2,success,
urn:sds:reg:esrs:e4_iro_1_07,ESRS Official,E,urn:ngsi-ld:Dataset:esrs_e4_iro_1_07,urn:ngsi-ld:Indicator:Disclosure_of_whether_and_how_communities_were_involved_in_materiality_assessment,2,success,
urn:sds:reg:esrs:e4_iro_1_08,ESRS Official,E,urn:ngsi-ld:Dataset:esrs_e4_iro_1_08,urn:ngsi-ld:Indicator:Disclosure_of_whether_and_how_negative_impacts_on_priority_ecosystem_services_of_relevance_to_af,2,success,
urn:sds:reg:esrs:e4_iro_1_09,ESRS Official,E,urn:ngsi-ld:Dataset:esrs_e4_iro_1_09,urn:ngsi-ld:Indicator:Disclosure_of_plans_to_minimise_unavoidable_negative_impacts_and_implement_mitigation_measures_t,2,success,
urn:sds:reg:esrs:e4_iro_1_10,ESRS Official,E,urn:ngsi-ld:Dataset:esrs_e4_iro_1_10,urn:ngsi-ld:Indicator:Disclosure_of_whether_and_how_tthe_business_model_s_has_been_verified_using_range_of_biodiversit,2,success,
urn:sds:reg:esrs:e4_iro_1_11,ESRS Official,E,urn:ngsi-ld:Dataset:esrs_e4_iro_1_11,urn:ngsi-ld:Indicator:Disclosure_of_why_considered_scenarios_were_taken_into_consideration,2,success,
urn:sds:reg:esrs:e4_iro_1_12,ESRS Official,E,urn:ngsi-ld:Dataset:esrs_e4_iro_1_12,urn:ngsi-ld:Indicator:Disclosure_of_how_considered_scenarios_are_updated_according_to_evolving_conditions_and_emerging,2,success,
urn:sds:reg:esrs:e4_iro_1_13,ESRS Official,E,urn:ngsi-ld:Dataset:esrs_e4_iro_1_13,urn:ngsi-ld:Indicator:Scenarios_are_informed_by_expectations_in_authoritative_intergovernmental_instruments_and_by_sci,2,success,
urn:sds:reg:esrs:e4_iro_1_14,ESRS Official,E,urn:ngsi-ld:Dataset:esrs_e4_iro_1_14,urn:ngsi-ld:Indicator:Undertaking_has_sites_located_in_or_near_biodiversity-sensitive_areas,2,success,
urn:sds:reg:esrs:e4_iro_1_15,ESRS Official,E,urn:ngsi-ld:Dataset:esrs_e4_iro_1_15,urn:ngsi-ld:Indicator:Activities_related_to_sites_located_in_or_near_biodiversity-sensitive_areas_negatively_affect_th,2,success,
urn:sds:reg:esrs:e4_iro_1_16,ESRS Official,E,urn:ngsi-ld:Dataset:esrs_e4_iro_1_16,urn:ngsi-ld:Indicator:It_has_been_concluded_that_it_is_necessary_to_implement_biodiversity_mitigation_measures,2,success,
urn:sds:reg:esrs:e4_sbm_3_01,ESRS Official,E,urn:ngsi-ld:Dataset:esrs_e4_sbm_3_01,urn:ngsi-ld:Indicator:List_of_material_sites_in_own_operation,2,success,
urn:sds:reg:esrs:e4_sbm_3_02,ESRS Official,E,urn:ngsi-ld:Dataset:esrs_e4_sbm_3_02,urn:ngsi-ld:Indicator:Disclosure_of_activities_negatively_affecting_biodiversity_sensitive_areeas,2,success,
urn:sds:reg:esrs:e4_sbm_3_03,ESRS Official,E,urn:ngsi-ld:Dataset:esrs_e4_sbm_3_03,urn:ngsi-ld:Indicator:Disclosure_of_list_of_material_sites_in_own_operations_based_on_results_of_identification_and_as,2,success,
urn:sds:reg:esrs:e4_sbm_3_04,ESRS Official,E,urn:ngsi-ld:Dataset:esrs_e4_sbm_3_04,urn:ngsi-ld:Indicator:Disclosure_of_biodiversity-sensitive_areas_impacted,2,success,
urn:sds:reg:esrs:e4_sbm_3_05,ESRS Official,E,urn:ngsi-ld:Dataset:esrs_e4_sbm_3_05,urn:ngsi-ld:Indicator:Material_negative_impacts_with_regards_to_land_degradation_desertification_or_soil_sealing_have_,2,success,
urn:sds:reg:esrs:e4_sbm_3_06,ESRS Official,E,urn:ngsi-ld:Dataset:esrs_e4_sbm_3_06,urn:ngsi-ld:Indicator:Own_operations_affect_threatened_species,2,success,
urn:sds:reg:esrs:e5_1_01,ESRS Official,E,urn:ngsi-ld:Dataset:esrs_e5_1_01,urn:ngsi-ld:Indicator:Disclosure_of_whether_and_how_policy_addresses_transitioning_away_from_use_of_virgin_resources_i,2,success,
urn:sds:reg:esrs:e5_1_02,ESRS Official,E,urn:ngsi-ld:Dataset:esrs_e5_1_02,urn:ngsi-ld:Indicator:Disclosure_of_whether_and_how_policy_addresses_sustainable_sourcing_and_use_of_renewable_resourc,2,success,
urn:sds:reg:esrs:e5_1_03,ESRS Official,E,urn:ngsi-ld:Dataset:esrs_e5_1_03,urn:ngsi-ld:Indicator:Description_of_whether_and_how_policy_addresses_waste_hierarchy_prevention_preparing_for_re-use_,2,success,
urn:sds:reg:esrs:e5_1_04,ESRS Official,E,urn:ngsi-ld:Dataset:esrs_e5_1_04,urn:ngsi-ld:Indicator:Description_of_whether_and_how_policy_addresses_prioritisation_of_strategies_to_avoid_or_minimis,2,success,
urn:sds:reg:esrs:e5_2_01,ESRS Official,E,urn:ngsi-ld:Dataset:esrs_e5_2_01,urn:ngsi-ld:Indicator:Description_of_higher_levels_of_resource_efficiency_in_use_of_technical_and_biological_materials,2,success,
urn:sds:reg:esrs:e5_2_02,ESRS Official,E,urn:ngsi-ld:Dataset:esrs_e5_2_02,urn:ngsi-ld:Indicator:Description_of_higher_rates_of_use_of_secondary_raw_materials,2,success,
urn:sds:reg:esrs:e5_2_03,ESRS Official,E,urn:ngsi-ld:Dataset:esrs_e5_2_03,urn:ngsi-ld:Indicator:Description_of_application_of_circular_design,2,success,
urn:sds:reg:esrs:e5_2_04,ESRS Official,E,urn:ngsi-ld:Dataset:esrs_e5_2_04,urn:ngsi-ld:Indicator:Description_of_application_of_circular_business_practices,2,success,
urn:sds:reg:esrs:e5_2_05,ESRS Official,E,urn:ngsi-ld:Dataset:esrs_e5_2_05,urn:ngsi-ld:Indicator:Description_of_actions_taken_to_prevent_waste_generation_in_the_undertaking_s_upstream_and_downs,2,success,
urn:sds:reg:esrs:e5_2_06,ESRS Official,E,urn:ngsi-ld:Dataset:esrs_e5_2_06,urn:ngsi-ld:Indicator:Description_of_Optimistation_of_waste_management,2,success,
urn:sds:reg:esrs:e5_2_07,ESRS Official,E,urn:ngsi-ld:Dataset:esrs_e5_2_07,urn:ngsi-ld:Indicator:Information_about_collective_action_on_development_of_collaborations_or_initiatives_increasing_c,2,success,
urn:sds:reg:esrs:e5_2_08,ESRS Official,E,urn:ngsi-ld:Dataset:esrs_e5_2_08,urn:ngsi-ld:Indicator:Description_of_contribution_to_circular_economy,2,success,
urn:sds:reg:esrs:e5_2_09,ESRS Official,E,urn:ngsi-ld:Dataset:esrs_e5_2_09,urn:ngsi-ld:Indicator:Description_of_other_stakeholders_involved_in_collective_action_resource_use_and_circular_econom,2,success,
urn:sds:reg:esrs:e5_2_10,ESRS Official,E,urn:ngsi-ld:Dataset:esrs_e5_2_10,urn:ngsi-ld:Indicator:Description_of_organisation_of_project_resource_use_and_circular_economy_,2,success,
urn:sds:reg:esrs:e5_3_01,ESRS Official,E,urn:ngsi-ld:Dataset:esrs_e5_3_01,urn:ngsi-ld:Indicator:Disclosure_of_how_target_relates_to_resources_resource_use_and_circular_economy_,2,success,
urn:sds:reg:esrs:e5_3_02,ESRS Official,E,urn:ngsi-ld:Dataset:esrs_e5_3_02,urn:ngsi-ld:Indicator:Disclosure_of_how_target_relates_to_increase_of_circular_design,2,success,
urn:sds:reg:esrs:e5_3_03,ESRS Official,E,urn:ngsi-ld:Dataset:esrs_e5_3_03,urn:ngsi-ld:Indicator:Disclosure_of_how_target_relates_to_increase_of_circular_material_use_rate,2,success,
urn:sds:reg:esrs:e5_3_04,ESRS Official,E,urn:ngsi-ld:Dataset:esrs_e5_3_04,urn:ngsi-ld:Indicator:Disclosure_of_how_target_relates_to_minimisation_of_primary_raw_material,2,success,
urn:sds:reg:esrs:e5_3_05,ESRS Official,E,urn:ngsi-ld:Dataset:esrs_e5_3_05,urn:ngsi-ld:Indicator:Disclosure_of_how_target_relates_to_reversal_of_depletion_of_stock_of_renewable_resources,2,success,
urn:sds:reg:esrs:e5_3_06,ESRS Official,E,urn:ngsi-ld:Dataset:esrs_e5_3_06,urn:ngsi-ld:Indicator:Target_relates_to_waste_management,2,success,
urn:sds:reg:esrs:e5_3_07,ESRS Official,E,urn:ngsi-ld:Dataset:esrs_e5_3_07,urn:ngsi-ld:Indicator:Disclosure_of_how_target_relates_to_waste_management,2,success,
urn:sds:reg:esrs:e5_3_08,ESRS Official,E,urn:ngsi-ld:Dataset:esrs_e5_3_08,urn:ngsi-ld:Indicator:Disclosure_of_how_target_relates_to_other_matters_related_to_resource_use_or_circular_economy,2,success,
urn:sds:reg:esrs:e5_3_09,ESRS Official,E,urn:ngsi-ld:Dataset:esrs_e5_3_09,urn:ngsi-ld:Indicator:Layer_in_waste_hierarchy_to_which_target_relates,2,success,
urn:sds:reg:esrs:e5_3_10,ESRS Official,E,urn:ngsi-ld:Dataset:esrs_e5_3_10,urn:ngsi-ld:Indicator:Disclosure_of_ecological_threshold_identified_and_methodology_used_to_identify_ecological_thresh,2,success,
urn:sds:reg:esrs:e5_3_11,ESRS Official,E,urn:ngsi-ld:Dataset:esrs_e5_3_11,urn:ngsi-ld:Indicator:Disclosure_of_how_ecological_entity-specific_threshold_was_determined_resource_use_and_circular_,2,success,
urn:sds:reg:esrs:e5_3_12,ESRS Official,E,urn:ngsi-ld:Dataset:esrs_e5_3_12,urn:ngsi-ld:Indicator:Disclosure_of_how_responsibility_for_respecting_identified_ecological_threshold_is_allocated_res,2,success,
urn:sds:reg:esrs:e5_3_13,ESRS Official,E,urn:ngsi-ld:Dataset:esrs_e5_3_13,urn:ngsi-ld:Indicator:The_targets_being_set_and_presented_are_mandatory_required_by_legislation_,2,success,
urn:sds:reg:esrs:e5_4_01,ESRS Official,E,urn:ngsi-ld:Dataset:esrs_e5_4_01,urn:ngsi-ld:Indicator:Disclosure_of_information_on_material_resource_inflows,2,success,
urn:sds:reg:esrs:e5_4_02,ESRS Official,E,urn:ngsi-ld:Dataset:esrs_e5_4_02,urn:ngsi-ld:Indicator:Overall_total_weight_of_products_and_technical_and_biological_materials_used_during_the_reportin,2,success,
urn:sds:reg:esrs:e5_4_03,ESRS Official,E,urn:ngsi-ld:Dataset:esrs_e5_4_03,urn:ngsi-ld:Indicator:Percentage_of_biological_materials_and_biofuels_used_for_non-energy_purposes_,2,success,
urn:sds:reg:esrs:e5_4_04,ESRS Official,E,urn:ngsi-ld:Dataset:esrs_e5_4_04,urn:ngsi-ld:Indicator:The_absolute_weight_of_secondary_reused_or_recycled_components_secondary_intermediary_products_a,2,success,
urn:sds:reg:esrs:e5_4_05,ESRS Official,E,urn:ngsi-ld:Dataset:esrs_e5_4_05,urn:ngsi-ld:Indicator:Percentage_of_secondary_reused_or_recycled_components_secondary_intermediary_products_and_second,2,success,
urn:sds:reg:esrs:e5_4_06,ESRS Official,E,urn:ngsi-ld:Dataset:esrs_e5_4_06,urn:ngsi-ld:Indicator:Description_of_methodologies_used_to_calculate_data_and_key_assumptions_used,2,success,
urn:sds:reg:esrs:e5_4_07,ESRS Official,E,urn:ngsi-ld:Dataset:esrs_e5_4_07,urn:ngsi-ld:Indicator:Description_of_materials_that_are_sourced_from_by-products_or_waste_stream,2,success,
urn:sds:reg:esrs:e5_4_08,ESRS Official,E,urn:ngsi-ld:Dataset:esrs_e5_4_08,urn:ngsi-ld:Indicator:Description_of_how_double_counting_was_avoided_and_of_choices_made,2,success,
urn:sds:reg:esrs:e5_5_01,ESRS Official,E,urn:ngsi-ld:Dataset:esrs_e5_5_01,urn:ngsi-ld:Indicator:Description_of_the_key_products_and_materials_that_come_out_of_the_undertaking_s_production_proc,2,success,
urn:sds:reg:esrs:e5_5_02,ESRS Official,E,urn:ngsi-ld:Dataset:esrs_e5_5_02,urn:ngsi-ld:Indicator:Disclosure_of_the_expected_durability_of_the_products_placed_on_the_market_in_relation_to_the_in,2,success,
urn:sds:reg:esrs:e5_5_03,ESRS Official,E,urn:ngsi-ld:Dataset:esrs_e5_5_03,urn:ngsi-ld:Indicator:Disclosure_of_the_reparability_of_products,2,success,
urn:sds:reg:esrs:e5_5_04,ESRS Official,E,urn:ngsi-ld:Dataset:esrs_e5_5_04,urn:ngsi-ld:Indicator:The_rates_of_recyclable_content_in_products,2,success,
urn:sds:reg:esrs:e5_5_05,ESRS Official,E,urn:ngsi-ld:Dataset:esrs_e5_5_05,urn:ngsi-ld:Indicator:The_rates_of_recyclable_content_in_products_packaging,2,success,
urn:sds:reg:esrs:e5_5_06,ESRS Official,E,urn:ngsi-ld:Dataset:esrs_e5_5_06,urn:ngsi-ld:Indicator:Description_of_methodologies_used_to_calculate_data_resource_outflows_,2,success,
urn:sds:reg:esrs:e5_5_07,ESRS Official,E,urn:ngsi-ld:Dataset:esrs_e5_5_07,urn:ngsi-ld:Indicator:Total_Waste_generated,2,success,
urn:sds:reg:esrs:e5_5_08,ESRS Official,E,urn:ngsi-ld:Dataset:esrs_e5_5_08,urn:ngsi-ld:Indicator:Waste_diverted_from_disposal_breakdown_by_hazardous_and_non-hazardous_waste_and_treatment_type,2,success,
urn:sds:reg:esrs:e5_5_09,ESRS Official,E,urn:ngsi-ld:Dataset:esrs_e5_5_09,urn:ngsi-ld:Indicator:Waste_directed_to_disposal_breakdown_by_hazardous_and_non-hazardous_waste_and_treatment_type,2,success,
urn:sds:reg:esrs:e5_5_10,ESRS Official,E,urn:ngsi-ld:Dataset:esrs_e5_5_10,urn:ngsi-ld:Indicator:Non-recycled_waste,2,success,
urn:sds:reg:esrs:e5_5_11,ESRS Official,E,urn:ngsi-ld:Dataset:esrs_e5_5_11,urn:ngsi-ld:Indicator:Percentage_of_non-recycled_waste,2,success,
urn:sds:reg:esrs:e5_5_12,ESRS Official,E,urn:ngsi-ld:Dataset:esrs_e5_5_12,urn:ngsi-ld:Indicator:Disclosure_of_composition_of_waste,2,success,
urn:sds:reg:esrs:e5_5_13,ESRS Official,E,urn:ngsi-ld:Dataset:esrs_e5_5_13,urn:ngsi-ld:Indicator:Disclosure_of_waste_streams_relevant_to_undertaking_s_sector_or_activities,2,success,
urn:sds:reg:esrs:e5_5_14,ESRS Official,E,urn:ngsi-ld:Dataset:esrs_e5_5_14,urn:ngsi-ld:Indicator:Disclosure_of_materials_that_are_present_in_waste,2,success,
urn:sds:reg:esrs:e5_5_15,ESRS Official,E,urn:ngsi-ld:Dataset:esrs_e5_5_15,urn:ngsi-ld:Indicator:Total_amount_of_hazardous_waste,2,success,
urn:sds:reg:esrs:e5_5_16,ESRS Official,E,urn:ngsi-ld:Dataset:esrs_e5_5_16,urn:ngsi-ld:Indicator:Total_amount_of_radioactive_waste,2,success,
urn:sds:reg:esrs:e5_5_17,ESRS Official,E,urn:ngsi-ld:Dataset:esrs_e5_5_17,urn:ngsi-ld:Indicator:Description_of_methodologies_used_to_calculate_data_waste_generated_,2,success,
urn:sds:reg:esrs:e5_5_18,ESRS Official,E,urn:ngsi-ld:Dataset:esrs_e5_5_18,urn:ngsi-ld:Indicator:Disclosure_of_its_engagement_in_product_end-of-life_waste_management,2,success,
urn:sds:reg:esrs:e5_6_01,ESRS Official,E,urn:ngsi-ld:Dataset:esrs_e5_6_01,urn:ngsi-ld:Indicator:Disclosure_of_quantitative_information_about_anticipated_financial_effects_of_material_risks_and,2,success,
urn:sds:reg:esrs:e5_6_02,ESRS Official,E,urn:ngsi-ld:Dataset:esrs_e5_6_02,urn:ngsi-ld:Indicator:Disclosure_of_qualitative_information_of_anticipated_financial_effects_of_material_risks_and_opp,2,success,
urn:sds:reg:esrs:e5_6_03,ESRS Official,E,urn:ngsi-ld:Dataset:esrs_e5_6_03,urn:ngsi-ld:Indicator:Description_of_effects_considered_and_related_impacts_resource_use_and_circular_economy_,2,success,
urn:sds:reg:esrs:e5_6_04,ESRS Official,E,urn:ngsi-ld:Dataset:esrs_e5_6_04,urn:ngsi-ld:Indicator:Disclosure_of_critical_assumptions_used_in_estimates_of_financial_effects_of_material_risks_and_,2,success,
urn:sds:reg:esrs:e5_6_05,ESRS Official,E,urn:ngsi-ld:Dataset:esrs_e5_6_05,urn:ngsi-ld:Indicator:Description_of_related_products_and_services_at_risk_resource_use_and_circular_economy_,2,success,
urn:sds:reg:esrs:e5_6_06,ESRS Official,E,urn:ngsi-ld:Dataset:esrs_e5_6_06,urn:ngsi-ld:Indicator:Explanation_of_how_time_horizons_are_defined_financial_amounts_are_estimated_and_of_critical_ass,2,success,
urn:sds:reg:esrs:e5_iro_1_01,ESRS Official,E,urn:ngsi-ld:Dataset:esrs_e5_iro_1_01,urn:ngsi-ld:Indicator:Disclosure_of_whether_the_undertaking_has_screened_its_assets_and_activities_in_order_to_identif,2,success,
urn:sds:reg:esrs:e5_iro_1_02,ESRS Official,E,urn:ngsi-ld:Dataset:esrs_e5_iro_1_02,urn:ngsi-ld:Indicator:Disclosure_of_whether_and_how_the_undertaking_has_conducted_consultations_resource_and_circular_,2,success,
urn:sds:reg:esrs:g1_1_01,ESRS Official,G,urn:ngsi-ld:Dataset:esrs_g1_1_01,urn:ngsi-ld:Indicator:Description_of_how_the_undertaking_establishes_develops_promotes_and_evaluates_its_corporate_cul,2,success,
urn:sds:reg:esrs:g1_1_02,ESRS Official,G,urn:ngsi-ld:Dataset:esrs_g1_1_02,urn:ngsi-ld:Indicator:Description_of_the_mechanisms_for_identifying_reporting_and_investigating_concerns_about_unlawfu,2,success,
urn:sds:reg:esrs:g1_1_03,ESRS Official,G,urn:ngsi-ld:Dataset:esrs_g1_1_03,urn:ngsi-ld:Indicator:No_policies_on_anti-corruption_or_anti-bribery_consistent_with_United_Nations_Convention_against,2,success,
urn:sds:reg:esrs:g1_1_04,ESRS Official,G,urn:ngsi-ld:Dataset:esrs_g1_1_04,urn:ngsi-ld:Indicator:Timetable_for_implementation_of_policies_on_anti-corruption_or_anti-bribery_consistent_with_Unit,2,success,
urn:sds:reg:esrs:g1_1_05,ESRS Official,G,urn:ngsi-ld:Dataset:esrs_g1_1_05,urn:ngsi-ld:Indicator:Disclosure_of_safeguards_for_reporting_irregularities_including_whistleblowing_protection,2,success,
urn:sds:reg:esrs:g1_1_06,ESRS Official,G,urn:ngsi-ld:Dataset:esrs_g1_1_06,urn:ngsi-ld:Indicator:No_policies_on_protection_of_whistle-blowers_are_in_place,2,success,
urn:sds:reg:esrs:g1_1_07,ESRS Official,G,urn:ngsi-ld:Dataset:esrs_g1_1_07,urn:ngsi-ld:Indicator:Timetable_for_implementation_of_policies_on_protection_of_whistle-blowers,2,success,
urn:sds:reg:esrs:g1_1_08,ESRS Official,G,urn:ngsi-ld:Dataset:esrs_g1_1_08,urn:ngsi-ld:Indicator:Undertaking_is_committed_to_investigate_business_conduct_incidents_promptly_independently_and_ob,2,success,
urn:sds:reg:esrs:g1_1_09,ESRS Official,G,urn:ngsi-ld:Dataset:esrs_g1_1_09,urn:ngsi-ld:Indicator:Policies_with_respect_to_animal_welfare_are_in_place,2,success,
urn:sds:reg:esrs:g1_1_10,ESRS Official,G,urn:ngsi-ld:Dataset:esrs_g1_1_10,urn:ngsi-ld:Indicator:Information_about_policy_for_training_within_organisation_on_business_conduct,2,success,
urn:sds:reg:esrs:g1_1_11,ESRS Official,G,urn:ngsi-ld:Dataset:esrs_g1_1_11,urn:ngsi-ld:Indicator:Disclosure_of_the_functions_that_are_most_at_risk_in_respect_of_corruption_and_bribery,2,success,
urn:sds:reg:esrs:g1_1_12,ESRS Official,G,urn:ngsi-ld:Dataset:esrs_g1_1_12,urn:ngsi-ld:Indicator:Entity_is_subject_to_legal_requirements_with_regard_to_protection_of_whistleblowers,2,success,
urn:sds:reg:esrs:g1_2_01,ESRS Official,G,urn:ngsi-ld:Dataset:esrs_g1_2_01,urn:ngsi-ld:Indicator:Description_of_policy_to_prevent_late_payments_especially_to_SMEs,2,success,
urn:sds:reg:esrs:g1_2_02,ESRS Official,G,urn:ngsi-ld:Dataset:esrs_g1_2_02,urn:ngsi-ld:Indicator:Description_of_approaches_in_regard_to_relationships_with_suppliers_taking_account_risks_related,2,success,
urn:sds:reg:esrs:g1_2_03,ESRS Official,G,urn:ngsi-ld:Dataset:esrs_g1_2_03,urn:ngsi-ld:Indicator:Disclosure_of_whether_and_how_social_and_environmental_criteria_are_taken_into_account_for_selec,2,success,
urn:sds:reg:esrs:g1_3_01,ESRS Official,G,urn:ngsi-ld:Dataset:esrs_g1_3_01,urn:ngsi-ld:Indicator:Information_about_procedures_in_place_to_prevent_detect_and_address_allegations_or_incidents_of_,2,success,
urn:sds:reg:esrs:g1_3_02,ESRS Official,G,urn:ngsi-ld:Dataset:esrs_g1_3_02,urn:ngsi-ld:Indicator:Investigators_or_investigating_committee_are_separate_from_chain_of_management_involved_in_preve,2,success,
urn:sds:reg:esrs:g1_3_03,ESRS Official,G,urn:ngsi-ld:Dataset:esrs_g1_3_03,urn:ngsi-ld:Indicator:Information_about_process_to_report_outcomes_to_administrative_management_and_supervisory_bodies,2,success,
urn:sds:reg:esrs:g1_3_04,ESRS Official,G,urn:ngsi-ld:Dataset:esrs_g1_3_04,urn:ngsi-ld:Indicator:Disclosure_of_plans_to_adopt_procedures_to_prevent_detect_and_address_allegations_or_incidents_o,2,success,
urn:sds:reg:esrs:g1_3_05,ESRS Official,G,urn:ngsi-ld:Dataset:esrs_g1_3_05,urn:ngsi-ld:Indicator:Information_about_how_policies_are_communicated_to_those_for_whom_they_are_relevant_prevention_a,2,success,
urn:sds:reg:esrs:g1_3_06,ESRS Official,G,urn:ngsi-ld:Dataset:esrs_g1_3_06,urn:ngsi-ld:Indicator:Information_about_nature_scope_and_depth_of_anti-corruption_or_anti-bribery_training_programmes_,2,success,
urn:sds:reg:esrs:g1_3_07,ESRS Official,G,urn:ngsi-ld:Dataset:esrs_g1_3_07,urn:ngsi-ld:Indicator:Percentage_of_functions-at-risk_covered_by_training_programmes,2,success,
urn:sds:reg:esrs:g1_3_08,ESRS Official,G,urn:ngsi-ld:Dataset:esrs_g1_3_08,urn:ngsi-ld:Indicator:Information_about_members_of_administrative_supervisory_and_management_bodies_relating_to_anti-c,2,success,
urn:sds:reg:esrs:g1_3_09,ESRS Official,G,urn:ngsi-ld:Dataset:esrs_g1_3_09,urn:ngsi-ld:Indicator:Disclosure_of_an_analysis_of_its_training_activities_by_for_example_region_of_training_or_catego,2,success,
urn:sds:reg:esrs:g1_4_01,ESRS Official,G,urn:ngsi-ld:Dataset:esrs_g1_4_01,urn:ngsi-ld:Indicator:Number_of_convictions_for_violation_of_anti-corruption_and_anti-_bribery_laws,2,success,
urn:sds:reg:esrs:g1_4_02,ESRS Official,G,urn:ngsi-ld:Dataset:esrs_g1_4_02,urn:ngsi-ld:Indicator:Amount_of_fines_for_violation_of_anti-corruption_and_anti-_bribery_laws,2,success,
urn:sds:reg:esrs:g1_4_03,ESRS Official,G,urn:ngsi-ld:Dataset:esrs_g1_4_03,urn:ngsi-ld:Indicator:Prevention_and_detection_of_corruption_or_bribery_-_anti-corruption_and_bribery_training_table,2,success,
urn:sds:reg:esrs:g1_4_04,ESRS Official,G,urn:ngsi-ld:Dataset:esrs_g1_4_04,urn:ngsi-ld:Indicator:Number_of_confirmed_incidents_of_corruption_or_bribery,2,success,
urn:sds:reg:esrs:g1_4_05,ESRS Official,G,urn:ngsi-ld:Dataset:esrs_g1_4_05,urn:ngsi-ld:Indicator:Information_about_nature_of_confirmed_incidents_of_corruption_or_bribery,2,success,
urn:sds:reg:esrs:g1_4_06,ESRS Official,G,urn:ngsi-ld:Dataset:esrs_g1_4_06,urn:ngsi-ld:Indicator:Number_of_confirmed_incidents_in_which_own_workers_were_dismissed_or_disciplined_for_corruption_,2,success,
urn:sds:reg:esrs:g1_4_07,ESRS Official,G,urn:ngsi-ld:Dataset:esrs_g1_4_07,urn:ngsi-ld:Indicator:Number_of_confirmed_incidents_relating_to_contracts_with_business_partners_that_were_terminated_,2,success,
urn:sds:reg:esrs:g1_4_08,ESRS Official,G,urn:ngsi-ld:Dataset:esrs_g1_4_08,urn:ngsi-ld:Indicator:Information_about_details_of_public_legal_cases_regarding_corruption_or_bribery_brought_against_,2,success,
urn:sds:reg:esrs:g1_5_01,ESRS Official,G,urn:ngsi-ld:Dataset:esrs_g1_5_01,urn:ngsi-ld:Indicator:Information_about_representative_s_responsible_in_administrative_management_and_supervisory_bodi,2,success,
urn:sds:reg:esrs:g1_5_02,ESRS Official,G,urn:ngsi-ld:Dataset:esrs_g1_5_02,urn:ngsi-ld:Indicator:Information_about_financial_or_in-kind_political_contributions,2,success,
urn:sds:reg:esrs:g1_5_03,ESRS Official,G,urn:ngsi-ld:Dataset:esrs_g1_5_03,urn:ngsi-ld:Indicator:Financial_political_contributions_made,2,success,
urn:sds:reg:esrs:g1_5_04,ESRS Official,G,urn:ngsi-ld:Dataset:esrs_g1_5_04,urn:ngsi-ld:Indicator:Amount_of_internal_and_external_lobbying_expenses,2,success,
urn:sds:reg:esrs:g1_5_05,ESRS Official,G,urn:ngsi-ld:Dataset:esrs_g1_5_05,urn:ngsi-ld:Indicator:Amount_paid_for_membership_to_lobbying_associations,2,success,
urn:sds:reg:esrs:g1_5_06,ESRS Official,G,urn:ngsi-ld:Dataset:esrs_g1_5_06,urn:ngsi-ld:Indicator:In-kind_political_contributions_made,2,success,
urn:sds:reg:esrs:g1_5_07,ESRS Official,G,urn:ngsi-ld:Dataset:esrs_g1_5_07,urn:ngsi-ld:Indicator:Disclosure_of_how_monetary_value_of_in-kind_contributions_is_estimated,2,success,
urn:sds:reg:esrs:g1_5_08,ESRS Official,G,urn:ngsi-ld:Dataset:esrs_g1_5_08,urn:ngsi-ld:Indicator:Financial_and_in-kind_political_contributions_made,2,success,
urn:sds:reg:esrs:g1_5_09,ESRS Official,G,urn:ngsi-ld:Dataset:esrs_g1_5_09,urn:ngsi-ld:Indicator:Disclosure_of_main_topics_covered_by_lobbying_activities_and_undertaking_s_main_positions_on_the,2,success,
urn:sds:reg:esrs:g1_5_10,ESRS Official,G,urn:ngsi-ld:Dataset:esrs_g1_5_10,urn:ngsi-ld:Indicator:Undertaking_is_registered_in_EU_Transparency_Register_or_in_equivalent_transparency_register_in_,2,success,
urn:sds:reg:esrs:g1_5_11,ESRS Official,G,urn:ngsi-ld:Dataset:esrs_g1_5_11,urn:ngsi-ld:Indicator:Information_about_appointment_of_any_members_of_administrative_management_and_supervisory_bodies,2,success,
urn:sds:reg:esrs:g1_5_12,ESRS Official,G,urn:ngsi-ld:Dataset:esrs_g1_5_12,urn:ngsi-ld:Indicator:The_entity_is_legally_obliged_to_be_a_member_of_a_chamber_of_commerce_or_other_organisation_that,2,success,
urn:sds:reg:esrs:g1_6_01,ESRS Official,G,urn:ngsi-ld:Dataset:esrs_g1_6_01,urn:ngsi-ld:Indicator:Average_number_of_days_to_pay_invoice_from_date_when_contractual_or_statutory_term_of_payment_st,2,success,
urn:sds:reg:esrs:g1_6_02,ESRS Official,G,urn:ngsi-ld:Dataset:esrs_g1_6_02,urn:ngsi-ld:Indicator:Description_of_undertakings_standard_payment_terms_in_number_of_days_by_main_category_of_supplie,2,success,
urn:sds:reg:esrs:g1_6_03,ESRS Official,G,urn:ngsi-ld:Dataset:esrs_g1_6_03,urn:ngsi-ld:Indicator:Percentage_of_payments_aligned_with_standard_payment_terms,2,success,
urn:sds:reg:esrs:g1_6_04,ESRS Official,G,urn:ngsi-ld:Dataset:esrs_g1_6_04,urn:ngsi-ld:Indicator:Number_of_outstanding_legal_proceedings_for_late_payments,2,success,
urn:sds:reg:esrs:g1_6_05,ESRS Official,G,urn:ngsi-ld:Dataset:esrs_g1_6_05,urn:ngsi-ld:Indicator:Disclosure_of_contextual_information_regarding_payment_practices,2,success,
urn:sds:reg:esrs:g1_gov_1_01,ESRS Official,G,urn:ngsi-ld:Dataset:esrs_g1_gov_1_01,urn:ngsi-ld:Indicator:Disclosure_of_role_of_administrative_management_and_supervisory_bodies_related_to_business_condu,2,success,
urn:sds:reg:esrs:g1_gov_1_02,ESRS Official,G,urn:ngsi-ld:Dataset:esrs_g1_gov_1_02,urn:ngsi-ld:Indicator:Disclosure_of_expertise_of_administrative_management_and_supervisory_bodies_on_business_conduct_,2,success,
urn:sds:reg:esrs:gov_1_01,ESRS Official,G,urn:ngsi-ld:Dataset:esrs_gov_1_01,urn:ngsi-ld:Indicator:Number_of_executive_members,2,success,
urn:sds:reg:esrs:gov_1_02,ESRS Official,G,urn:ngsi-ld:Dataset:esrs_gov_1_02,urn:ngsi-ld:Indicator:Number_of_non-executive_members,2,success,
urn:sds:reg:esrs:gov_1_03,ESRS Official,G,urn:ngsi-ld:Dataset:esrs_gov_1_03,urn:ngsi-ld:Indicator:Information_about_representation_of_employees_and_other_workers,2,success,
urn:sds:reg:esrs:gov_1_04,ESRS Official,G,urn:ngsi-ld:Dataset:esrs_gov_1_04,urn:ngsi-ld:Indicator:Information_about_member_s_experience_relevant_to_sectors_products_and_geographic_locations_of_u,2,success,
urn:sds:reg:esrs:gov_1_05,ESRS Official,G,urn:ngsi-ld:Dataset:esrs_gov_1_05,urn:ngsi-ld:Indicator:Percentage_of_members_of_administrative_management_and_supervisory_bodies_by_gender_and_other_as,2,success,
urn:sds:reg:esrs:gov_1_06,ESRS Official,G,urn:ngsi-ld:Dataset:esrs_gov_1_06,urn:ngsi-ld:Indicator:Board_s_gender_diversity_ratio,2,success,
urn:sds:reg:esrs:gov_1_07,ESRS Official,G,urn:ngsi-ld:Dataset:esrs_gov_1_07,urn:ngsi-ld:Indicator:Percentage_of_independent_board_members,2,success,
urn:sds:reg:esrs:gov_1_08,ESRS Official,G,urn:ngsi-ld:Dataset:esrs_gov_1_08,urn:ngsi-ld:Indicator:Information_about_identity_of_administrative_management_and_supervisory_bodies_or_individual_s_w,2,success,
urn:sds:reg:esrs:gov_1_09,ESRS Official,G,urn:ngsi-ld:Dataset:esrs_gov_1_09,urn:ngsi-ld:Indicator:Disclosure_of_how_body_s_or_individuals_within_body_responsibilities_for_impacts_risks_and_oppor,2,success,
urn:sds:reg:esrs:gov_1_10,ESRS Official,G,urn:ngsi-ld:Dataset:esrs_gov_1_10,urn:ngsi-ld:Indicator:Description_of_management_s_role_in_governance_processes_controls_and_procedures_used_to_monitor,2,success,
urn:sds:reg:esrs:gov_1_11,ESRS Official,G,urn:ngsi-ld:Dataset:esrs_gov_1_11,urn:ngsi-ld:Indicator:Description_of_how_oversight_is_exercised_over_management-level_position_or_committee_to_which_m,2,success,
urn:sds:reg:esrs:gov_1_12,ESRS Official,G,urn:ngsi-ld:Dataset:esrs_gov_1_12,urn:ngsi-ld:Indicator:Information_about_reporting_lines_to_administrative_management_and_supervisory_bodies,2,success,
urn:sds:reg:esrs:gov_1_13,ESRS Official,G,urn:ngsi-ld:Dataset:esrs_gov_1_13,urn:ngsi-ld:Indicator:Disclosure_of_how_dedicated_controls_and_procedures_are_integrated_with_other_internal_functions,2,success,
urn:sds:reg:esrs:gov_1_14,ESRS Official,G,urn:ngsi-ld:Dataset:esrs_gov_1_14,urn:ngsi-ld:Indicator:Disclosure_of_how_administrative_management_and_supervisory_bodies_and_senior_executive_manageme,2,success,
urn:sds:reg:esrs:gov_1_15,ESRS Official,G,urn:ngsi-ld:Dataset:esrs_gov_1_15,urn:ngsi-ld:Indicator:Disclosure_of_how_administrative_management_and_supervisory_bodies_determine_whether_appropriate,2,success,
urn:sds:reg:esrs:gov_1_16,ESRS Official,G,urn:ngsi-ld:Dataset:esrs_gov_1_16,urn:ngsi-ld:Indicator:Information_about_sustainability-related_expertise_that_bodies_either_directly_possess_or_can_le,2,success,
urn:sds:reg:esrs:gov_1_17,ESRS Official,G,urn:ngsi-ld:Dataset:esrs_gov_1_17,urn:ngsi-ld:Indicator:Disclosure_of_how_sustainability-related_skills_and_expertise_relate_to_material_impacts_risks_a,2,success,
urn:sds:reg:esrs:gov_2_01,ESRS Official,G,urn:ngsi-ld:Dataset:esrs_gov_2_01,urn:ngsi-ld:Indicator:Disclosure_of_whether_by_whom_and_how_frequently_administrative_management_and_supervisory_bodie,2,success,
urn:sds:reg:esrs:gov_2_02,ESRS Official,G,urn:ngsi-ld:Dataset:esrs_gov_2_02,urn:ngsi-ld:Indicator:Disclosure_of_how_administrative_management_and_supervisory_bodies_consider_impacts_risks_and_op,2,success,
urn:sds:reg:esrs:gov_2_03,ESRS Official,G,urn:ngsi-ld:Dataset:esrs_gov_2_03,urn:ngsi-ld:Indicator:Disclosure_of_list_of_material_impacts_risks_and_opportunities_addressed_by_administrative_manag,2,success,
urn:sds:reg:esrs:gov_2_04,ESRS Official,G,urn:ngsi-ld:Dataset:esrs_gov_2_04,urn:ngsi-ld:Indicator:Disclosure_of_how_governance_bodies_ensure_that_appropriate_mechanism_for_performance_monitoring,2,success,
urn:sds:reg:esrs:gov_3_01,ESRS Official,G,urn:ngsi-ld:Dataset:esrs_gov_3_01,urn:ngsi-ld:Indicator:Incentive_schemes_and_remuneration_policies_linked_to_sustainability_matters_for_members_of_admi,2,success,
urn:sds:reg:esrs:gov_3_02,ESRS Official,G,urn:ngsi-ld:Dataset:esrs_gov_3_02,urn:ngsi-ld:Indicator:Description_of_key_characteristics_of_incentive_schemes,2,success,
urn:sds:reg:esrs:gov_3_03,ESRS Official,G,urn:ngsi-ld:Dataset:esrs_gov_3_03,urn:ngsi-ld:Indicator:Description_of_specific_sustainability-related_targets_and_or_impacts_used_to_assess_performance,2,success,
urn:sds:reg:esrs:gov_3_04,ESRS Official,G,urn:ngsi-ld:Dataset:esrs_gov_3_04,urn:ngsi-ld:Indicator:Disclosure_of_how_sustainability-related_performance_metrics_are_considered_as_performance_bench,2,success,
urn:sds:reg:esrs:gov_3_05,ESRS Official,G,urn:ngsi-ld:Dataset:esrs_gov_3_05,urn:ngsi-ld:Indicator:Percentage_of_variable_remuneration_dependent_on_sustainability-related_targets_and_or_impacts,2,success,
urn:sds:reg:esrs:gov_3_06,ESRS Official,G,urn:ngsi-ld:Dataset:esrs_gov_3_06,urn:ngsi-ld:Indicator:Description_of_level_in_undertaking_at_which_terms_of_incentive_schemes_are_approved_and_updated,2,success,
urn:sds:reg:esrs:gov_4_01,ESRS Official,G,urn:ngsi-ld:Dataset:esrs_gov_4_01,urn:ngsi-ld:Indicator:Disclosure_of_mapping_of_information_provided_in_sustainability_statement_about_due_diligence_pr,2,success,
urn:sds:reg:esrs:gov_5_01,ESRS Official,G,urn:ngsi-ld:Dataset:esrs_gov_5_01,urn:ngsi-ld:Indicator:Description_of_scope_main_features_and_components_of_risk_management_and_internal_control_proces,2,success,
urn:sds:reg:esrs:gov_5_02,ESRS Official,G,urn:ngsi-ld:Dataset:esrs_gov_5_02,urn:ngsi-ld:Indicator:Description_of_risk_assessment_approach_followed,2,success,
urn:sds:reg:esrs:gov_5_03,ESRS Official,G,urn:ngsi-ld:Dataset:esrs_gov_5_03,urn:ngsi-ld:Indicator:Description_of_main_risks_identified_and_their_mitigation_strategies,2,success,
urn:sds:reg:esrs:gov_5_04,ESRS Official,G,urn:ngsi-ld:Dataset:esrs_gov_5_04,urn:ngsi-ld:Indicator:Description_of_how_findings_of_risk_assessment_and_internal_controls_as_regards_sustainability_r,2,success,
urn:sds:reg:esrs:gov_5_05,ESRS Official,G,urn:ngsi-ld:Dataset:esrs_gov_5_05,urn:ngsi-ld:Indicator:Description_of_periodic_reporting_of_findings_of_risk_assessment_and_internal_controls_to_admini,2,success,
urn:sds:reg:esrs:iro_1_01,ESRS Official,Transversal,urn:ngsi-ld:Dataset:esrs_iro_1_01,urn:ngsi-ld:Indicator:Description_of_methodologies_and_assumptions_applied_in_process_to_identify_impacts_risks_and_op,2,success,
urn:sds:reg:esrs:iro_1_02,ESRS Official,Transversal,urn:ngsi-ld:Dataset:esrs_iro_1_02,urn:ngsi-ld:Indicator:Description_of_process_to_identify_assess_prioritise_and_monitor_potential_and_actual_impacts_on,2,success,
urn:sds:reg:esrs:iro_1_03,ESRS Official,Transversal,urn:ngsi-ld:Dataset:esrs_iro_1_03,urn:ngsi-ld:Indicator:Description_of_how_process_focuses_on_specific_activities_business_relationships_geographies_or_,2,success,
urn:sds:reg:esrs:iro_1_04,ESRS Official,Transversal,urn:ngsi-ld:Dataset:esrs_iro_1_04,urn:ngsi-ld:Indicator:Description_of_how_process_considers_impacts_with_which_undertaking_is_involved_through_own_oper,2,success,
urn:sds:reg:esrs:iro_1_05,ESRS Official,Transversal,urn:ngsi-ld:Dataset:esrs_iro_1_05,urn:ngsi-ld:Indicator:Description_of_how_process_includes_consultation_with_affected_stakeholders_to_understand_how_th,2,success,
urn:sds:reg:esrs:iro_1_06,ESRS Official,Transversal,urn:ngsi-ld:Dataset:esrs_iro_1_06,urn:ngsi-ld:Indicator:Description_of_how_process_prioritises_negative_impacts_based_on_their_relative_severity_and_lik,2,success,
urn:sds:reg:esrs:iro_1_07,ESRS Official,Transversal,urn:ngsi-ld:Dataset:esrs_iro_1_07,urn:ngsi-ld:Indicator:Description_of_process_used_to_identify_assess_prioritise_and_monitor_risks_and_opportunities_th,2,success,
urn:sds:reg:esrs:iro_1_08,ESRS Official,Transversal,urn:ngsi-ld:Dataset:esrs_iro_1_08,urn:ngsi-ld:Indicator:Description_of_how_connections_of_impacts_and_dependencies_with_risks_and_opportunities_that_may,2,success,
urn:sds:reg:esrs:iro_1_09,ESRS Official,Transversal,urn:ngsi-ld:Dataset:esrs_iro_1_09,urn:ngsi-ld:Indicator:Description_of_how_likelihood_magnitude_and_nature_of_effects_of_identified_risks_and_opportunit,2,success,
urn:sds:reg:esrs:iro_1_10,ESRS Official,Transversal,urn:ngsi-ld:Dataset:esrs_iro_1_10,urn:ngsi-ld:Indicator:Description_of_how_sustainability-related_risks_relative_to_other_types_of_risks_have_been_prior,2,success,
urn:sds:reg:esrs:iro_1_11,ESRS Official,Transversal,urn:ngsi-ld:Dataset:esrs_iro_1_11,urn:ngsi-ld:Indicator:Description_of_decision-making_process_and_related_internal_control_procedures,2,success,
urn:sds:reg:esrs:iro_1_12,ESRS Official,Transversal,urn:ngsi-ld:Dataset:esrs_iro_1_12,urn:ngsi-ld:Indicator:Description_of_extent_to_which_and_how_process_to_identify_assess_and_manage_impacts_and_risks_i,2,success,
urn:sds:reg:esrs:iro_1_13,ESRS Official,Transversal,urn:ngsi-ld:Dataset:esrs_iro_1_13,urn:ngsi-ld:Indicator:Description_of_extent_to_which_and_how_process_to_identify_assess_and_manage_opportunities_is_in,2,success,
urn:sds:reg:esrs:iro_1_14,ESRS Official,Transversal,urn:ngsi-ld:Dataset:esrs_iro_1_14,urn:ngsi-ld:Indicator:Description_of_input_parameters_used_in_process_to_identify_assess_and_manage_material_impacts_r,2,success,
urn:sds:reg:esrs:iro_1_15,ESRS Official,Transversal,urn:ngsi-ld:Dataset:esrs_iro_1_15,urn:ngsi-ld:Indicator:Description_of_how_process_to_identify_assess_and_manage_impacts_risks_and_opportunities_has_cha,2,success,
urn:sds:reg:esrs:iro_2_01,ESRS Official,Transversal,urn:ngsi-ld:Dataset:esrs_iro_2_01,urn:ngsi-ld:Indicator:Disclosure_of_list_of_data_points_that_derive_from_other_EU_legislation_and_information_on_their,2,success,
urn:sds:reg:esrs:iro_2_02,ESRS Official,Transversal,urn:ngsi-ld:Dataset:esrs_iro_2_02,urn:ngsi-ld:Indicator:Disclosure_of_list_of_ESRS_Disclosure_Requirements_complied_with_in_preparing_sustainability_sta,2,success,
urn:sds:reg:esrs:iro_2_03,ESRS Official,Transversal,urn:ngsi-ld:Dataset:esrs_iro_2_03,urn:ngsi-ld:Indicator:Explanation_of_negative_materiality_assessment_for_ESRS_E1_Climate_change,2,success,
urn:sds:reg:esrs:iro_2_04,ESRS Official,Transversal,urn:ngsi-ld:Dataset:esrs_iro_2_04,urn:ngsi-ld:Indicator:Explanation_of_negative_materiality_assessment_for_ESRS_E2_Pollution,2,success,
urn:sds:reg:esrs:iro_2_05,ESRS Official,Transversal,urn:ngsi-ld:Dataset:esrs_iro_2_05,urn:ngsi-ld:Indicator:Explanation_of_negative_materiality_assessment_for_ESRS_E3_Water_and_marine_resources,2,success,
urn:sds:reg:esrs:iro_2_06,ESRS Official,Transversal,urn:ngsi-ld:Dataset:esrs_iro_2_06,urn:ngsi-ld:Indicator:Explanation_of_negative_materiality_assessment_for_ESRS_E4_Biodiversity_and_ecosystems,2,success,
urn:sds:reg:esrs:iro_2_07,ESRS Official,Transversal,urn:ngsi-ld:Dataset:esrs_iro_2_07,urn:ngsi-ld:Indicator:Explanation_of_negative_materiality_assessment_for_ESRS_E5_Circular_economy,2,success,
urn:sds:reg:esrs:iro_2_08,ESRS Official,Transversal,urn:ngsi-ld:Dataset:esrs_iro_2_08,urn:ngsi-ld:Indicator:Explanation_of_negative_materiality_assessment_for_ESRS_S1_Own_workforce,2,success,
urn:sds:reg:esrs:iro_2_09,ESRS Official,Transversal,urn:ngsi-ld:Dataset:esrs_iro_2_09,urn:ngsi-ld:Indicator:Explanation_of_negative_materiality_assessment_for_ESRS_S2_Workers_in_value_chain,2,success,
urn:sds:reg:esrs:iro_2_10,ESRS Official,Transversal,urn:ngsi-ld:Dataset:esrs_iro_2_10,urn:ngsi-ld:Indicator:Explanation_of_negative_materiality_assessment_for_ESRS_S3_Affected_communities,2,success,
urn:sds:reg:esrs:iro_2_11,ESRS Official,Transversal,urn:ngsi-ld:Dataset:esrs_iro_2_11,urn:ngsi-ld:Indicator:Explanation_of_negative_materiality_assessment_for_ESRS_S4_Consumers_and_end-users,2,success,
urn:sds:reg:esrs:iro_2_12,ESRS Official,Transversal,urn:ngsi-ld:Dataset:esrs_iro_2_12,urn:ngsi-ld:Indicator:Explanation_of_negative_materiality_assessment_for_ESRS_G1_Business_conduct,2,success,
urn:sds:reg:esrs:iro_2_13,ESRS Official,Transversal,urn:ngsi-ld:Dataset:esrs_iro_2_13,urn:ngsi-ld:Indicator:Explanation_of_how_material_information_to_be_disclosed_in_relation_to_material_impacts_risks_an,2,success,
urn:sds:reg:esrs:mdr_a_01,ESRS Official,Transversal,urn:ngsi-ld:Dataset:esrs_mdr_a_01,urn:ngsi-ld:Indicator:Disclosure_of_key_action,2,success,
urn:sds:reg:esrs:mdr_a_02,ESRS Official,Transversal,urn:ngsi-ld:Dataset:esrs_mdr_a_02,urn:ngsi-ld:Indicator:Description_of_scope_of_key_action,2,success,
urn:sds:reg:esrs:mdr_a_03,ESRS Official,Transversal,urn:ngsi-ld:Dataset:esrs_mdr_a_03,urn:ngsi-ld:Indicator:Time_horizon_under_which_key_action_is_to_be_completed,2,success,
urn:sds:reg:esrs:mdr_a_04,ESRS Official,Transversal,urn:ngsi-ld:Dataset:esrs_mdr_a_04,urn:ngsi-ld:Indicator:Description_of_key_action_taken_and_its_results_to_provide_for_and_cooperate_in_or_support_provi,2,success,
urn:sds:reg:esrs:mdr_a_05,ESRS Official,Transversal,urn:ngsi-ld:Dataset:esrs_mdr_a_05,urn:ngsi-ld:Indicator:Disclosure_of_quantitative_and_qualitative_information_regarding_progress_of_actions_or_action_p,2,success,
urn:sds:reg:esrs:mdr_a_06,ESRS Official,Transversal,urn:ngsi-ld:Dataset:esrs_mdr_a_06,urn:ngsi-ld:Indicator:Disclosure_of_the_type_of_current_and_future_financial_and_other_resources_allocated_to_the_acti,2,success,
urn:sds:reg:esrs:mdr_a_07,ESRS Official,Transversal,urn:ngsi-ld:Dataset:esrs_mdr_a_07,urn:ngsi-ld:Indicator:Explanation_of_how_current_financial_resources_relate_to_most_relevant_amounts_presented_in_fina,2,success,
urn:sds:reg:esrs:mdr_a_08,ESRS Official,Transversal,urn:ngsi-ld:Dataset:esrs_mdr_a_08,urn:ngsi-ld:Indicator:Current_and_future_financial_resources_allocated_to_action_plan_breakdown_by_time_horizon_and_re,2,success,
urn:sds:reg:esrs:mdr_a_09,ESRS Official,Transversal,urn:ngsi-ld:Dataset:esrs_mdr_a_09,urn:ngsi-ld:Indicator:Current_financial_resources_allocated_to_action_plan_Capex_,2,success,
urn:sds:reg:esrs:mdr_a_10,ESRS Official,Transversal,urn:ngsi-ld:Dataset:esrs_mdr_a_10,urn:ngsi-ld:Indicator:Current_financial_resources_allocated_to_action_plan_Opex_,2,success,
urn:sds:reg:esrs:mdr_a_11,ESRS Official,Transversal,urn:ngsi-ld:Dataset:esrs_mdr_a_11,urn:ngsi-ld:Indicator:Future_financial_resources_allocated_to_action_plan_Capex_,2,success,
urn:sds:reg:esrs:mdr_a_12,ESRS Official,Transversal,urn:ngsi-ld:Dataset:esrs_mdr_a_12,urn:ngsi-ld:Indicator:Future_financial_resources_allocated_to_action_plan_Opex_,2,success,
urn:sds:reg:esrs:mdr_a_13,ESRS Official,Transversal,urn:ngsi-ld:Dataset:esrs_mdr_a_13,urn:ngsi-ld:Indicator:Disclosure_of_reasons_for_not_having_adopted_actions,2,success,
urn:sds:reg:esrs:mdr_a_14,ESRS Official,Transversal,urn:ngsi-ld:Dataset:esrs_mdr_a_14,urn:ngsi-ld:Indicator:Disclosure_of_timeframe_in_which_the_undertakings_aims_to_adopt_actions,2,success,
urn:sds:reg:esrs:mdr_m_01,ESRS Official,Transversal,urn:ngsi-ld:Dataset:esrs_mdr_m_01,urn:ngsi-ld:Indicator:Description_of_metric_used_to_evaluate_performance_and_effectiveness_in_relation_to_material_imp,2,success,
urn:sds:reg:esrs:mdr_m_02,ESRS Official,Transversal,urn:ngsi-ld:Dataset:esrs_mdr_m_02,urn:ngsi-ld:Indicator:Disclosure_of_methodologies_and_significant_assumptions_behind_metric,2,success,
urn:sds:reg:esrs:mdr_m_03,ESRS Official,Transversal,urn:ngsi-ld:Dataset:esrs_mdr_m_03,urn:ngsi-ld:Indicator:Type_of_external_body_other_than_assurance_provider_that_provides_validation,2,success,
urn:sds:reg:esrs:mdr_p_01,ESRS Official,Transversal,urn:ngsi-ld:Dataset:esrs_mdr_p_01,urn:ngsi-ld:Indicator:Description_of_key_contents_of_policy,2,success,
urn:sds:reg:esrs:mdr_p_02,ESRS Official,Transversal,urn:ngsi-ld:Dataset:esrs_mdr_p_02,urn:ngsi-ld:Indicator:Description_of_scope_of_policy_or_of_its_exclusions,2,success,
urn:sds:reg:esrs:mdr_p_03,ESRS Official,Transversal,urn:ngsi-ld:Dataset:esrs_mdr_p_03,urn:ngsi-ld:Indicator:Description_of_most_senior_level_in_organisation_that_is_accountable_for_implementation_of_polic,2,success,
urn:sds:reg:esrs:mdr_p_04,ESRS Official,Transversal,urn:ngsi-ld:Dataset:esrs_mdr_p_04,urn:ngsi-ld:Indicator:Disclosure_of_third-party_standards_or_initiatives_that_are_respected_through_implementation_of_,2,success,
urn:sds:reg:esrs:mdr_p_05,ESRS Official,Transversal,urn:ngsi-ld:Dataset:esrs_mdr_p_05,urn:ngsi-ld:Indicator:Description_of_consideration_given_to_interests_of_key_stakeholders_in_setting_policy,2,success,
urn:sds:reg:esrs:mdr_p_06,ESRS Official,Transversal,urn:ngsi-ld:Dataset:esrs_mdr_p_06,urn:ngsi-ld:Indicator:Explanation_of_whether_and_how_policy_is_made_available_to_potentially_affected_stakeholders_and,2,success,
urn:sds:reg:esrs:mdr_p_07,ESRS Official,Transversal,urn:ngsi-ld:Dataset:esrs_mdr_p_07,urn:ngsi-ld:Indicator:Disclosure_of_reasons_for_not_having_adopted_policies,2,success,
urn:sds:reg:esrs:mdr_p_08,ESRS Official,Transversal,urn:ngsi-ld:Dataset:esrs_mdr_p_08,urn:ngsi-ld:Indicator:Disclosure_of_timeframe_in_which_the_undertakings_aims_to_adopt_policies,2,success,
urn:sds:reg:esrs:mdr_t_01,ESRS Official,Transversal,urn:ngsi-ld:Dataset:esrs_mdr_t_01,urn:ngsi-ld:Indicator:Relationship_with_policy_objectives,2,success,
urn:sds:reg:esrs:mdr_t_02,ESRS Official,Transversal,urn:ngsi-ld:Dataset:esrs_mdr_t_02,urn:ngsi-ld:Indicator:Measurable_target,2,success,
urn:sds:reg:esrs:mdr_t_03,ESRS Official,Transversal,urn:ngsi-ld:Dataset:esrs_mdr_t_03,urn:ngsi-ld:Indicator:Nature_of_target,2,success,
urn:sds:reg:esrs:mdr_t_04,ESRS Official,Transversal,urn:ngsi-ld:Dataset:esrs_mdr_t_04,urn:ngsi-ld:Indicator:Description_of_scope_of_target,2,success,
urn:sds:reg:esrs:mdr_t_05,ESRS Official,Transversal,urn:ngsi-ld:Dataset:esrs_mdr_t_05,urn:ngsi-ld:Indicator:Baseline_value,2,success,
urn:sds:reg:esrs:mdr_t_06,ESRS Official,Transversal,urn:ngsi-ld:Dataset:esrs_mdr_t_06,urn:ngsi-ld:Indicator:Baseline_year,2,success,
urn:sds:reg:esrs:mdr_t_07,ESRS Official,Transversal,urn:ngsi-ld:Dataset:esrs_mdr_t_07,urn:ngsi-ld:Indicator:Period_to_which_target_applies,2,success,
urn:sds:reg:esrs:mdr_t_08,ESRS Official,Transversal,urn:ngsi-ld:Dataset:esrs_mdr_t_08,urn:ngsi-ld:Indicator:Indication_of_milestones_or_interim_targets,2,success,
urn:sds:reg:esrs:mdr_t_09,ESRS Official,Transversal,urn:ngsi-ld:Dataset:esrs_mdr_t_09,urn:ngsi-ld:Indicator:Description_of_methodologies_and_significant_assumptions_used_to_define_target,2,success,
urn:sds:reg:esrs:mdr_t_10,ESRS Official,Transversal,urn:ngsi-ld:Dataset:esrs_mdr_t_10,urn:ngsi-ld:Indicator:Target_related_to_environmental_matters_is_based_on_conclusive_scientific_evidence,2,success,
urn:sds:reg:esrs:mdr_t_11,ESRS Official,Transversal,urn:ngsi-ld:Dataset:esrs_mdr_t_11,urn:ngsi-ld:Indicator:Disclosure_of_whether_and_how_stakeholders_have_been_involved_in_target_setting,2,success,
urn:sds:reg:esrs:mdr_t_12,ESRS Official,Transversal,urn:ngsi-ld:Dataset:esrs_mdr_t_12,urn:ngsi-ld:Indicator:Description_of_any_changes_in_target_and_corresponding_metrics_or_underlying_measurement_methodo,2,success,
urn:sds:reg:esrs:mdr_t_13,ESRS Official,Transversal,urn:ngsi-ld:Dataset:esrs_mdr_t_13,urn:ngsi-ld:Indicator:Description_of_performance_against_disclosed_target,2,success,
urn:sds:reg:esrs:mdr_t_14,ESRS Official,Transversal,urn:ngsi-ld:Dataset:esrs_mdr_t_14,urn:ngsi-ld:Indicator:Disclosure_of_timeframe_for_setting_of_measurable_outcome-oriented_targets,2,success,
urn:sds:reg:esrs:mdr_t_15,ESRS Official,Transversal,urn:ngsi-ld:Dataset:esrs_mdr_t_15,urn:ngsi-ld:Indicator:Description_of_reasons_why_there_are_no_plans_to_set_measurable_outcome-oriented_targets,2,success,
urn:sds:reg:esrs:mdr_t_16,ESRS Official,Transversal,urn:ngsi-ld:Dataset:esrs_mdr_t_16,urn:ngsi-ld:Indicator:Effectiveness_of_policies_and_actions_is_tracked_in_relation_to_material_sustainability-related_,2,success,
urn:sds:reg:esrs:mdr_t_17,ESRS Official,Transversal,urn:ngsi-ld:Dataset:esrs_mdr_t_17,urn:ngsi-ld:Indicator:Description_of_processes_through_which_effectiveness_of_policies_and_actions_is_tracked_in_relat,2,success,
urn:sds:reg:esrs:mdr_t_18,ESRS Official,Transversal,urn:ngsi-ld:Dataset:esrs_mdr_t_18,urn:ngsi-ld:Indicator:Description_of_defined_level_of_ambition_to_be_achieved_and_of_any_qualitative_or_quantitative_i,2,success,
urn:sds:reg:esrs:mdr_t_19,ESRS Official,Transversal,urn:ngsi-ld:Dataset:esrs_mdr_t_19,urn:ngsi-ld:Indicator:Base_year_from_which_progress_is_measured,2,success,
urn:sds:reg:esrs:s1_10_01,ESRS Official,S,urn:ngsi-ld:Dataset:esrs_s1_10_01,urn:ngsi-ld:Indicator:All_employees_are_paid_adequate_wage_in_line_with_applicable_benchmarks,2,success,
urn:sds:reg:esrs:s1_10_02,ESRS Official,S,urn:ngsi-ld:Dataset:esrs_s1_10_02,urn:ngsi-ld:Indicator:Countries_where_employees_earn_below_the_applicable_adequate_wage_benchmark,2,success,
urn:sds:reg:esrs:s1_10_03,ESRS Official,S,urn:ngsi-ld:Dataset:esrs_s1_10_03,urn:ngsi-ld:Indicator:Percentage_of_employees_paid_below_the_applicable_adequate_wage_benchmark,2,success,
urn:sds:reg:esrs:s1_10_04,ESRS Official,S,urn:ngsi-ld:Dataset:esrs_s1_10_04,urn:ngsi-ld:Indicator:Percentage_of_non-employees_paid_below_adequate_wage,2,success,
urn:sds:reg:esrs:s1_11_01,ESRS Official,S,urn:ngsi-ld:Dataset:esrs_s1_11_01,urn:ngsi-ld:Indicator:All_employees_in_own_workforce_are_covered_by_social_protection_through_public_programs_or_throu,2,success,
urn:sds:reg:esrs:s1_11_02,ESRS Official,S,urn:ngsi-ld:Dataset:esrs_s1_11_02,urn:ngsi-ld:Indicator:All_employees_in_own_workforce_are_covered_by_social_protection_through_public_programs_or_throu,2,success,
urn:sds:reg:esrs:s1_11_03,ESRS Official,S,urn:ngsi-ld:Dataset:esrs_s1_11_03,urn:ngsi-ld:Indicator:All_employees_in_own_workforce_are_covered_by_social_protection_through_public_programs_or_throu,2,success,
urn:sds:reg:esrs:s1_11_04,ESRS Official,S,urn:ngsi-ld:Dataset:esrs_s1_11_04,urn:ngsi-ld:Indicator:All_employees_in_own_workforce_are_covered_by_social_protection_through_public_programs_or_throu,2,success,
urn:sds:reg:esrs:s1_11_05,ESRS Official,S,urn:ngsi-ld:Dataset:esrs_s1_11_05,urn:ngsi-ld:Indicator:All_employees_in_own_workforce_are_covered_by_social_protection_through_public_programs_or_throu,2,success,
urn:sds:reg:esrs:s1_11_06,ESRS Official,S,urn:ngsi-ld:Dataset:esrs_s1_11_06,urn:ngsi-ld:Indicator:Social_protection_employees_by_country_by_types_of_events_and_type_of_employees,2,success,
urn:sds:reg:esrs:s1_11_07,ESRS Official,S,urn:ngsi-ld:Dataset:esrs_s1_11_07,urn:ngsi-ld:Indicator:Disclosure_of_types_of_employees_who_are_not_covered_by_social_protection_through_public_program,2,success,
urn:sds:reg:esrs:s1_11_08,ESRS Official,S,urn:ngsi-ld:Dataset:esrs_s1_11_08,urn:ngsi-ld:Indicator:Disclosure_of_types_of_employees_who_are_not_covered_by_social_protection_through_public_program,2,success,
urn:sds:reg:esrs:s1_11_09,ESRS Official,S,urn:ngsi-ld:Dataset:esrs_s1_11_09,urn:ngsi-ld:Indicator:Disclosure_of_types_of_employees_who_are_not_covered_by_social_protection_through_public_program,2,success,
urn:sds:reg:esrs:s1_11_10,ESRS Official,S,urn:ngsi-ld:Dataset:esrs_s1_11_10,urn:ngsi-ld:Indicator:Disclosure_of_types_of_employees_who_are_not_covered_by_social_protection_through_public_program,2,success,
urn:sds:reg:esrs:s1_11_11,ESRS Official,S,urn:ngsi-ld:Dataset:esrs_s1_11_11,urn:ngsi-ld:Indicator:Disclosure_of_types_of_employees_who_are_not_covered_by_social_protection_through_public_program,2,success,
urn:sds:reg:esrs:s1_12_01,ESRS Official,S,urn:ngsi-ld:Dataset:esrs_s1_12_01,urn:ngsi-ld:Indicator:Percentage_of_persons_with_disabilities_amongst_employees_subject_to_legal_restrictions_on_colle,2,success,
urn:sds:reg:esrs:s1_12_02,ESRS Official,S,urn:ngsi-ld:Dataset:esrs_s1_12_02,urn:ngsi-ld:Indicator:Percentage_of_employees_with_disabilities_in_own_workforce_breakdown_by_gender,2,success,
urn:sds:reg:esrs:s1_12_03,ESRS Official,S,urn:ngsi-ld:Dataset:esrs_s1_12_03,urn:ngsi-ld:Indicator:Disclosure_of_contextual_information_necessary_to_understand_data_and_how_data_has_been_compiled,2,success,
urn:sds:reg:esrs:s1_13_01,ESRS Official,S,urn:ngsi-ld:Dataset:esrs_s1_13_01,urn:ngsi-ld:Indicator:Training_and_skills_development_indicators_gender,2,success,
urn:sds:reg:esrs:s1_13_02,ESRS Official,S,urn:ngsi-ld:Dataset:esrs_s1_13_02,urn:ngsi-ld:Indicator:Percentage_of_employees_that_participated_in_regular_performance_and_career_development_reviews,2,success,
urn:sds:reg:esrs:s1_13_03,ESRS Official,S,urn:ngsi-ld:Dataset:esrs_s1_13_03,urn:ngsi-ld:Indicator:Average_number_of_training_hours_by_gender,2,success,
urn:sds:reg:esrs:s1_13_04,ESRS Official,S,urn:ngsi-ld:Dataset:esrs_s1_13_04,urn:ngsi-ld:Indicator:Average_number_of_training_hours_per_person_for_employees,2,success,
urn:sds:reg:esrs:s1_13_05,ESRS Official,S,urn:ngsi-ld:Dataset:esrs_s1_13_05,urn:ngsi-ld:Indicator:Percentage_of_employees_that_participated_in_regular_performance_and_career_development_reviews_,2,success,
urn:sds:reg:esrs:s1_13_06,ESRS Official,S,urn:ngsi-ld:Dataset:esrs_s1_13_06,urn:ngsi-ld:Indicator:Average_number_of_employees_that_participated_in_regular_performance_and_career_development_revi,2,success,
urn:sds:reg:esrs:s1_13_07,ESRS Official,S,urn:ngsi-ld:Dataset:esrs_s1_13_07,urn:ngsi-ld:Indicator:Percentage_of_non-employees_that_participated_in_regular_performance_and_career_development_revi,2,success,
urn:sds:reg:esrs:s1_14_01,ESRS Official,S,urn:ngsi-ld:Dataset:esrs_s1_14_01,urn:ngsi-ld:Indicator:Percentage_of_people_in_its_own_workforce_who_are_covered_by_health_and_safety_management_system,2,success,
urn:sds:reg:esrs:s1_14_02,ESRS Official,S,urn:ngsi-ld:Dataset:esrs_s1_14_02,urn:ngsi-ld:Indicator:Number_of_fatalities_in_own_workforce_as_result_of_work-related_injuries_and_work-related_ill_he,2,success,
urn:sds:reg:esrs:s1_14_03,ESRS Official,S,urn:ngsi-ld:Dataset:esrs_s1_14_03,urn:ngsi-ld:Indicator:Number_of_fatalities_as_result_of_work-related_injuries_and_work-related_ill_health_of_other_wor,2,success,
urn:sds:reg:esrs:s1_14_04,ESRS Official,S,urn:ngsi-ld:Dataset:esrs_s1_14_04,urn:ngsi-ld:Indicator:Number_of_recordable_work-related_accidents_for_own_workforce,2,success,
urn:sds:reg:esrs:s1_14_05,ESRS Official,S,urn:ngsi-ld:Dataset:esrs_s1_14_05,urn:ngsi-ld:Indicator:Rate_of_recordable_work-related_accidents_for_own_workforce,2,success,
urn:sds:reg:esrs:s1_14_06,ESRS Official,S,urn:ngsi-ld:Dataset:esrs_s1_14_06,urn:ngsi-ld:Indicator:Number_of_cases_of_recordable_work-related_ill_health_of_employees,2,success,
urn:sds:reg:esrs:s1_14_07,ESRS Official,S,urn:ngsi-ld:Dataset:esrs_s1_14_07,urn:ngsi-ld:Indicator:Number_of_days_lost_to_work-related_injuries_and_fatalities_from_work-related_accidents_work-rel,2,success,
urn:sds:reg:esrs:s1_14_08,ESRS Official,S,urn:ngsi-ld:Dataset:esrs_s1_14_08,urn:ngsi-ld:Indicator:Number_of_cases_of_recordable_work-related_ill_health_of_non-employees,2,success,
urn:sds:reg:esrs:s1_14_09,ESRS Official,S,urn:ngsi-ld:Dataset:esrs_s1_14_09,urn:ngsi-ld:Indicator:Number_of_days_lost_to_work-related_injuries_and_fatalities_from_work-related_accidents_work-rel,2,success,
urn:sds:reg:esrs:s1_14_10,ESRS Official,S,urn:ngsi-ld:Dataset:esrs_s1_14_10,urn:ngsi-ld:Indicator:Percentage_of_own_workforce_who_are_covered_by_health_and_safety_management_system_based_on_lega,2,success,
urn:sds:reg:esrs:s1_14_11,ESRS Official,S,urn:ngsi-ld:Dataset:esrs_s1_14_11,urn:ngsi-ld:Indicator:Description_of_underlying_standards_for_internal_audit_or_external_certification_of_health_and_s,2,success,
urn:sds:reg:esrs:s1_14_12,ESRS Official,S,urn:ngsi-ld:Dataset:esrs_s1_14_12,urn:ngsi-ld:Indicator:Number_of_cases_of_recordable_work-related_ill_health_detected_among_former_own_workforce,2,success,
urn:sds:reg:esrs:s1_15_01,ESRS Official,S,urn:ngsi-ld:Dataset:esrs_s1_15_01,urn:ngsi-ld:Indicator:Percentage_of_employees_entitled_to_take_family-related_leave,2,success,
urn:sds:reg:esrs:s1_15_02,ESRS Official,S,urn:ngsi-ld:Dataset:esrs_s1_15_02,urn:ngsi-ld:Indicator:Percentage_of_entitled_employees_that_took_family-related_leave,2,success,
urn:sds:reg:esrs:s1_15_03,ESRS Official,S,urn:ngsi-ld:Dataset:esrs_s1_15_03,urn:ngsi-ld:Indicator:Percentage_of_entitled_employees_that_took_family-related_leave_by_gender,2,success,
urn:sds:reg:esrs:s1_15_04,ESRS Official,S,urn:ngsi-ld:Dataset:esrs_s1_15_04,urn:ngsi-ld:Indicator:All_employees_are_entitled_to_family-related_leaves_through_social_policy_and_or_collective_barg,2,success,
urn:sds:reg:esrs:s1_16_01,ESRS Official,S,urn:ngsi-ld:Dataset:esrs_s1_16_01,urn:ngsi-ld:Indicator:Gender_pay_gap,2,success,
urn:sds:reg:esrs:s1_16_02,ESRS Official,S,urn:ngsi-ld:Dataset:esrs_s1_16_02,urn:ngsi-ld:Indicator:Annual_total_remuneration_ratio,2,success,
urn:sds:reg:esrs:s1_16_03,ESRS Official,S,urn:ngsi-ld:Dataset:esrs_s1_16_03,urn:ngsi-ld:Indicator:Disclosure_of_contextual_information_necessary_to_understand_data_how_data_has_been_compiled_and,2,success,
urn:sds:reg:esrs:s1_16_04,ESRS Official,S,urn:ngsi-ld:Dataset:esrs_s1_16_04,urn:ngsi-ld:Indicator:Gender_pay_gap_breakdown_by_employee_category_and_or_country_segment,2,success,
urn:sds:reg:esrs:s1_16_05,ESRS Official,S,urn:ngsi-ld:Dataset:esrs_s1_16_05,urn:ngsi-ld:Indicator:Gender_pay_gap_breakdown_by_employee_category_and_ordinary_basic_salary_and_complementary_variab,2,success,
urn:sds:reg:esrs:s1_16_06,ESRS Official,S,urn:ngsi-ld:Dataset:esrs_s1_16_06,urn:ngsi-ld:Indicator:Remuneration_ratio_adjusted_for_purchasing_power_differences_between_countries,2,success,
urn:sds:reg:esrs:s1_16_07,ESRS Official,S,urn:ngsi-ld:Dataset:esrs_s1_16_07,urn:ngsi-ld:Indicator:Description_of_methodology_used_for_calculation_of_remuneration_ratio_adjusted_for_purchasing_po,2,success,
urn:sds:reg:esrs:s1_17_01,ESRS Official,S,urn:ngsi-ld:Dataset:esrs_s1_17_01,urn:ngsi-ld:Indicator:Number_of_incidents_of_discrimination,2,success,
urn:sds:reg:esrs:s1_17_02,ESRS Official,S,urn:ngsi-ld:Dataset:esrs_s1_17_02,urn:ngsi-ld:Indicator:Number_of_incidents_of_discrimination,2,success,
urn:sds:reg:esrs:s1_17_03,ESRS Official,S,urn:ngsi-ld:Dataset:esrs_s1_17_03,urn:ngsi-ld:Indicator:Number_of_complaints_filed_through_channels_for_people_in_own_workforce_to_raise_concerns,2,success,
urn:sds:reg:esrs:s1_17_04,ESRS Official,S,urn:ngsi-ld:Dataset:esrs_s1_17_04,urn:ngsi-ld:Indicator:Number_of_complaints_filed_to_National_Contact_Points_for_OECD_Multinational_Enterprises,2,success,
urn:sds:reg:esrs:s1_17_05,ESRS Official,S,urn:ngsi-ld:Dataset:esrs_s1_17_05,urn:ngsi-ld:Indicator:Amount_of_fines_penalties_and_compensation_for_damages_as_result_of_incidents_of_discrimination_,2,success,
urn:sds:reg:esrs:s1_17_06,ESRS Official,S,urn:ngsi-ld:Dataset:esrs_s1_17_06,urn:ngsi-ld:Indicator:Information_about_reconciliation_of_fines_penalties_and_compensation_for_damages_as_result_of_vi,2,success,
urn:sds:reg:esrs:s1_17_07,ESRS Official,S,urn:ngsi-ld:Dataset:esrs_s1_17_07,urn:ngsi-ld:Indicator:Disclosure_of_contextual_information_necessary_to_understand_data_and_how_data_has_been_compiled,2,success,
urn:sds:reg:esrs:s1_17_08,ESRS Official,S,urn:ngsi-ld:Dataset:esrs_s1_17_08,urn:ngsi-ld:Indicator:Number_of_severe_human_rights_issues_and_incidents_connected_to_own_workforce,2,success,
urn:sds:reg:esrs:s1_17_09,ESRS Official,S,urn:ngsi-ld:Dataset:esrs_s1_17_09,urn:ngsi-ld:Indicator:Number_of_severe_human_rights_issues_and_incidents_connected_to_own_workforce_that_are_cases_of_,2,success,
urn:sds:reg:esrs:s1_17_10,ESRS Official,S,urn:ngsi-ld:Dataset:esrs_s1_17_10,urn:ngsi-ld:Indicator:No_severe_human_rights_issues_and_incidents_connected_to_own_workforce_have_occurred,2,success,
urn:sds:reg:esrs:s1_17_11,ESRS Official,S,urn:ngsi-ld:Dataset:esrs_s1_17_11,urn:ngsi-ld:Indicator:Amount_of_fines_penalties_and_compensation_for_severe_human_rights_issues_and_incidents_connecte,2,success,
urn:sds:reg:esrs:s1_17_12,ESRS Official,S,urn:ngsi-ld:Dataset:esrs_s1_17_12,urn:ngsi-ld:Indicator:Information_about_reconciliation_of_amount_of_fines_penalties_and_compensation_for_severe_human_,2,success,
urn:sds:reg:esrs:s1_17_13,ESRS Official,S,urn:ngsi-ld:Dataset:esrs_s1_17_13,urn:ngsi-ld:Indicator:Disclosure_of_the_status_of_incidents_and_or_complaints_and_actions_taken,2,success,
urn:sds:reg:esrs:s1_17_14,ESRS Official,S,urn:ngsi-ld:Dataset:esrs_s1_17_14,urn:ngsi-ld:Indicator:Number_of_severe_human_rights_cases_where_undertaking_played_role_securing_remedy_for_those_affe,2,success,
urn:sds:reg:esrs:s1_1_01,ESRS Official,S,urn:ngsi-ld:Dataset:esrs_s1_1_01,urn:ngsi-ld:Indicator:Policies_to_manage_material_impacts_risks_and_opportunities_related_to_own_workforce_including_f,2,success,
urn:sds:reg:esrs:s1_1_02,ESRS Official,S,urn:ngsi-ld:Dataset:esrs_s1_1_02,urn:ngsi-ld:Indicator:Disclosure_of_explanations_of_significant_changes_to_policies_adopted_during_reporting_year,2,success,
urn:sds:reg:esrs:s1_1_03,ESRS Official,S,urn:ngsi-ld:Dataset:esrs_s1_1_03,urn:ngsi-ld:Indicator:Description_of_relevant_human_rights_policy_commitments_relevant_to_own_workforce,2,success,
urn:sds:reg:esrs:s1_1_04,ESRS Official,S,urn:ngsi-ld:Dataset:esrs_s1_1_04,urn:ngsi-ld:Indicator:Disclosure_of_general_approach_in_relation_to_respect_for_human_rights_including_labour_rights_o,2,success,
urn:sds:reg:esrs:s1_1_05,ESRS Official,S,urn:ngsi-ld:Dataset:esrs_s1_1_05,urn:ngsi-ld:Indicator:Disclosure_of_general_approach_in_relation_to_engagement_with_people_in_its_own_workforce,2,success,
urn:sds:reg:esrs:s1_1_06,ESRS Official,S,urn:ngsi-ld:Dataset:esrs_s1_1_06,urn:ngsi-ld:Indicator:Disclosure_of_general_approach_in_relation_to_measures_to_provide_and_or_enable_remedy_for_human,2,success,
urn:sds:reg:esrs:s1_1_07,ESRS Official,S,urn:ngsi-ld:Dataset:esrs_s1_1_07,urn:ngsi-ld:Indicator:Disclosure_of_whether_and_how_policies_are_aligned_with_relevant_internationally_recognised_inst,2,success,
urn:sds:reg:esrs:s1_1_08,ESRS Official,S,urn:ngsi-ld:Dataset:esrs_s1_1_08,urn:ngsi-ld:Indicator:Policies_explicitly_address_trafficking_in_human_beings_forced_labour_or_compulsory_labour_and_c,2,success,
urn:sds:reg:esrs:s1_1_09,ESRS Official,S,urn:ngsi-ld:Dataset:esrs_s1_1_09,urn:ngsi-ld:Indicator:Workplace_accident_prevention_policy_or_management_system_is_in_place,2,success,
urn:sds:reg:esrs:s1_1_10,ESRS Official,S,urn:ngsi-ld:Dataset:esrs_s1_1_10,urn:ngsi-ld:Indicator:Specific_policies_aimed_at_elimination_of_discrimination_are_in_place,2,success,
urn:sds:reg:esrs:s1_1_11,ESRS Official,S,urn:ngsi-ld:Dataset:esrs_s1_1_11,urn:ngsi-ld:Indicator:Grounds_for_discrimination_are_specifically_covered_in_policy,2,success,
urn:sds:reg:esrs:s1_1_12,ESRS Official,S,urn:ngsi-ld:Dataset:esrs_s1_1_12,urn:ngsi-ld:Indicator:Disclosure_of_specific_policy_commitments_related_to_inclusion_and_or_positive_action_for_people,2,success,
urn:sds:reg:esrs:s1_1_13,ESRS Official,S,urn:ngsi-ld:Dataset:esrs_s1_1_13,urn:ngsi-ld:Indicator:Disclosure_of_whether_and_how_policies_are_implemented_through_specific_procedures_to_ensure_dis,2,success,
urn:sds:reg:esrs:s1_1_14,ESRS Official,S,urn:ngsi-ld:Dataset:esrs_s1_1_14,urn:ngsi-ld:Indicator:Disclosure_on_an_illustration_of_the_types_of_communication_of_its_policies_to_those_individuals,2,success,
urn:sds:reg:esrs:s1_1_15,ESRS Official,S,urn:ngsi-ld:Dataset:esrs_s1_1_15,urn:ngsi-ld:Indicator:Policies_and_procedures_which_make_qualifications_skills_and_experience_the_basis_for_the_recrui,2,success,
urn:sds:reg:esrs:s1_1_16,ESRS Official,S,urn:ngsi-ld:Dataset:esrs_s1_1_16,urn:ngsi-ld:Indicator:Has_assigned_responsibility_at_top_management_level_for_equal_treatment_and_opportunities_in_emp,2,success,
urn:sds:reg:esrs:s1_1_17,ESRS Official,S,urn:ngsi-ld:Dataset:esrs_s1_1_17,urn:ngsi-ld:Indicator:Staff_training_on_non-discrimination_policies_and_practices_are_in_place,2,success,
urn:sds:reg:esrs:s1_1_18,ESRS Official,S,urn:ngsi-ld:Dataset:esrs_s1_1_18,urn:ngsi-ld:Indicator:Adjustments_to_the_physical_environment_to_ensure_health_and_safety_for_workers_customers_and_ot,2,success,
urn:sds:reg:esrs:s1_1_19,ESRS Official,S,urn:ngsi-ld:Dataset:esrs_s1_1_19,urn:ngsi-ld:Indicator:Has_evaluated_whether_a_there_is_a_risk_that_job_requirements_have_been_defined_in_a_way_that_wo,2,success,
urn:sds:reg:esrs:s1_1_20,ESRS Official,S,urn:ngsi-ld:Dataset:esrs_s1_1_20,urn:ngsi-ld:Indicator:Keeping_an_up-to-date_records_on_recruitment_training_and_promotion_that_provide_a_transparent_v,2,success,
urn:sds:reg:esrs:s1_1_21,ESRS Official,S,urn:ngsi-ld:Dataset:esrs_s1_1_21,urn:ngsi-ld:Indicator:Has_put_in_place_grievance_procedures_to_address_complaints_handle_appeals_and_provide_recourse_,2,success,
urn:sds:reg:esrs:s1_1_22,ESRS Official,S,urn:ngsi-ld:Dataset:esrs_s1_1_22,urn:ngsi-ld:Indicator:Has_programs_to_promote_access_to_skills_development.,2,success,
urn:sds:reg:esrs:s1_2_01,ESRS Official,S,urn:ngsi-ld:Dataset:esrs_s1_2_01,urn:ngsi-ld:Indicator:Disclosure_of_whether_and_how_perspectives_of_own_workforce_inform_decisions_or_activities_aimed,2,success,
urn:sds:reg:esrs:s1_2_02,ESRS Official,S,urn:ngsi-ld:Dataset:esrs_s1_2_02,urn:ngsi-ld:Indicator:Engagement_occurs_with_own_workforce_or_their_representatives,2,success,
urn:sds:reg:esrs:s1_2_03,ESRS Official,S,urn:ngsi-ld:Dataset:esrs_s1_2_03,urn:ngsi-ld:Indicator:Disclosure_of_stage_at_which_engagement_occurs_type_of_engagement_and_frequency_of_engagement,2,success,
urn:sds:reg:esrs:s1_2_04,ESRS Official,S,urn:ngsi-ld:Dataset:esrs_s1_2_04,urn:ngsi-ld:Indicator:Disclosure_of_function_and_most_senior_role_within_undertaking_that_has_operational_responsibili,2,success,
urn:sds:reg:esrs:s1_2_05,ESRS Official,S,urn:ngsi-ld:Dataset:esrs_s1_2_05,urn:ngsi-ld:Indicator:Disclosure_of_Global_Framework_Agreement_or_other_agreements_related_to_respect_of_human_rights_,2,success,
urn:sds:reg:esrs:s1_2_06,ESRS Official,S,urn:ngsi-ld:Dataset:esrs_s1_2_06,urn:ngsi-ld:Indicator:Disclosure_of_how_effectiveness_of_engagement_with_its_own_workforce_is_assessed,2,success,
urn:sds:reg:esrs:s1_2_07,ESRS Official,S,urn:ngsi-ld:Dataset:esrs_s1_2_07,urn:ngsi-ld:Indicator:Disclosure_of_steps_taken_to_gain_insight_into_perspectives_of_people_in_its_own_workforce_that_,2,success,
urn:sds:reg:esrs:s1_2_08,ESRS Official,S,urn:ngsi-ld:Dataset:esrs_s1_2_08,urn:ngsi-ld:Indicator:Statement_in_case_the_undertaking_has_not_adopted_a_general_process_to_engage_with_its_own_workf,2,success,
urn:sds:reg:esrs:s1_2_09,ESRS Official,S,urn:ngsi-ld:Dataset:esrs_s1_2_09,urn:ngsi-ld:Indicator:Disclosure_of_timeframe_for_adoption_of_general_process_to_engage_with_its_own_workforce_in_case,2,success,
urn:sds:reg:esrs:s1_2_10,ESRS Official,S,urn:ngsi-ld:Dataset:esrs_s1_2_10,urn:ngsi-ld:Indicator:Disclosure_of_how_undertaking_engages_with_at-risk_or_persons_in_vulnerable_situations,2,success,
urn:sds:reg:esrs:s1_2_11,ESRS Official,S,urn:ngsi-ld:Dataset:esrs_s1_2_11,urn:ngsi-ld:Indicator:Disclosure_of_how_potential_barriers_to_engagement_with_people_in_its_workforce_are_taken_into_a,2,success,
urn:sds:reg:esrs:s1_2_12,ESRS Official,S,urn:ngsi-ld:Dataset:esrs_s1_2_12,urn:ngsi-ld:Indicator:Disclosure_of_how_people_in_its_workforce_are_provided_with_information_that_is_understandable_a,2,success,
urn:sds:reg:esrs:s1_2_13,ESRS Official,S,urn:ngsi-ld:Dataset:esrs_s1_2_13,urn:ngsi-ld:Indicator:Disclosure_of_any_conflicting_interests_that_have_arisen_among_different_workers_and_how_these_c,2,success,
urn:sds:reg:esrs:s1_2_14,ESRS Official,S,urn:ngsi-ld:Dataset:esrs_s1_2_14,urn:ngsi-ld:Indicator:Disclosure_of_how_undertaking_seeks_to_respect_human_rights_of_all_stakeholders_engaged,2,success,
urn:sds:reg:esrs:s1_2_15,ESRS Official,S,urn:ngsi-ld:Dataset:esrs_s1_2_15,urn:ngsi-ld:Indicator:Information_about_effectiveness_of_processes_for_engaging_with_its_own_workforce_from_previous_r,2,success,
urn:sds:reg:esrs:s1_3_01,ESRS Official,S,urn:ngsi-ld:Dataset:esrs_s1_3_01,urn:ngsi-ld:Indicator:Disclosure_of_general_approach_to_and_processes_for_providing_or_contributing_to_remedy_where_un,2,success,
urn:sds:reg:esrs:s1_3_02,ESRS Official,S,urn:ngsi-ld:Dataset:esrs_s1_3_02,urn:ngsi-ld:Indicator:Disclosure_of_specific_channels_in_place_for_its_own_workforce_to_raise_concerns_or_needs_direct,2,success,
urn:sds:reg:esrs:s1_3_03,ESRS Official,S,urn:ngsi-ld:Dataset:esrs_s1_3_03,urn:ngsi-ld:Indicator:Third-party_mechanisms_are_accessible_to_all_own_workforce,2,success,
urn:sds:reg:esrs:s1_3_04,ESRS Official,S,urn:ngsi-ld:Dataset:esrs_s1_3_04,urn:ngsi-ld:Indicator:Disclosure_of_whether_and_how_own_workforce_and_their_workers_representatives_are_able_to_access,2,success,
urn:sds:reg:esrs:s1_3_05,ESRS Official,S,urn:ngsi-ld:Dataset:esrs_s1_3_05,urn:ngsi-ld:Indicator:Grievance_or_complaints_handling_mechanisms_related_to_employee_matters_exist,2,success,
urn:sds:reg:esrs:s1_3_06,ESRS Official,S,urn:ngsi-ld:Dataset:esrs_s1_3_06,urn:ngsi-ld:Indicator:Disclosure_of_processes_through_which_undertaking_supports_or_requires_availability_of_channels,2,success,
urn:sds:reg:esrs:s1_3_07,ESRS Official,S,urn:ngsi-ld:Dataset:esrs_s1_3_07,urn:ngsi-ld:Indicator:Disclosure_of_how_issues_raised_and_addressed_are_tracked_and_monitored_and_how_effectiveness_of,2,success,
urn:sds:reg:esrs:s1_3_08,ESRS Official,S,urn:ngsi-ld:Dataset:esrs_s1_3_08,urn:ngsi-ld:Indicator:Disclosure_of_whether_and_how_it_is_assessed_that_its_own_workforce_is_aware_of_and_trust_struct,2,success,
urn:sds:reg:esrs:s1_3_09,ESRS Official,S,urn:ngsi-ld:Dataset:esrs_s1_3_09,urn:ngsi-ld:Indicator:Policies_regarding_protection_against_retaliation_for_individuals_that_use_channels_to_raise_con,2,success,
urn:sds:reg:esrs:s1_3_10,ESRS Official,S,urn:ngsi-ld:Dataset:esrs_s1_3_10,urn:ngsi-ld:Indicator:Statement_in_case_the_undertaking_has_not_adopted_a_channel_for_raising_concerns,2,success,
urn:sds:reg:esrs:s1_3_11,ESRS Official,S,urn:ngsi-ld:Dataset:esrs_s1_3_11,urn:ngsi-ld:Indicator:Disclosure_of_timeframe_for_channel_for_raising_concerns_to_be_in_place,2,success,
urn:sds:reg:esrs:s1_4_01,ESRS Official,S,urn:ngsi-ld:Dataset:esrs_s1_4_01,urn:ngsi-ld:Indicator:Description_of_action_taken_planned_or_underway_to_prevent_or_mitigate_negative_impacts_on_own_w,2,success,
urn:sds:reg:esrs:s1_4_02,ESRS Official,S,urn:ngsi-ld:Dataset:esrs_s1_4_02,urn:ngsi-ld:Indicator:Disclosure_on_whether_and_how_action_has_been_taken_to_provide_or_enable_remedy_in_relation_to_a,2,success,
urn:sds:reg:esrs:s1_4_03,ESRS Official,S,urn:ngsi-ld:Dataset:esrs_s1_4_03,urn:ngsi-ld:Indicator:Description_of_additional_initiatives_or_actions_with_primary_purpose_of_delivering_positive_imp,2,success,
urn:sds:reg:esrs:s1_4_04,ESRS Official,S,urn:ngsi-ld:Dataset:esrs_s1_4_04,urn:ngsi-ld:Indicator:Description_of_how_effectiveness_of_actions_and_initiatives_in_delivering_outcomes_for_own_workf,2,success,
urn:sds:reg:esrs:s1_4_05,ESRS Official,S,urn:ngsi-ld:Dataset:esrs_s1_4_05,urn:ngsi-ld:Indicator:Description_of_process_through_which_it_identifies_what_action_is_needed_and_appropriate_in_resp,2,success,
urn:sds:reg:esrs:s1_4_06,ESRS Official,S,urn:ngsi-ld:Dataset:esrs_s1_4_06,urn:ngsi-ld:Indicator:Description_of_what_action_is_planned_or_underway_to_mitigate_material_risks_arising_from_impact,2,success,
urn:sds:reg:esrs:s1_4_07,ESRS Official,S,urn:ngsi-ld:Dataset:esrs_s1_4_07,urn:ngsi-ld:Indicator:Description_of_what_action_is_planned_or_underway_to_pursue_material_opportunities_in_relation_t,2,success,
urn:sds:reg:esrs:s1_4_08,ESRS Official,S,urn:ngsi-ld:Dataset:esrs_s1_4_08,urn:ngsi-ld:Indicator:Disclosure_of_whether_and_how_it_is_ensured_that_own_practices_do_not_cause_or_contribute_to_mat,2,success,
urn:sds:reg:esrs:s1_4_09,ESRS Official,S,urn:ngsi-ld:Dataset:esrs_s1_4_09,urn:ngsi-ld:Indicator:Disclosure_of_resources_are_allocated_to_the_management_of_material_impacts,2,success,
urn:sds:reg:esrs:s1_4_10,ESRS Official,S,urn:ngsi-ld:Dataset:esrs_s1_4_10,urn:ngsi-ld:Indicator:Disclosure_of_general_and_specific_approaches_to_addressing_material_negative_impacts,2,success,
urn:sds:reg:esrs:s1_4_11,ESRS Official,S,urn:ngsi-ld:Dataset:esrs_s1_4_11,urn:ngsi-ld:Indicator:Disclosure_of_initiatives_aimed_at_contributing_to_additional_material_positive_impacts,2,success,
urn:sds:reg:esrs:s1_4_12,ESRS Official,S,urn:ngsi-ld:Dataset:esrs_s1_4_12,urn:ngsi-ld:Indicator:Disclosure_of_how_far_undertaking_has_progressed_in_efforts_during_reporting_period,2,success,
urn:sds:reg:esrs:s1_4_13,ESRS Official,S,urn:ngsi-ld:Dataset:esrs_s1_4_13,urn:ngsi-ld:Indicator:Disclosure_of_aims_for_continued_improvement,2,success,
urn:sds:reg:esrs:s1_4_14,ESRS Official,S,urn:ngsi-ld:Dataset:esrs_s1_4_14,urn:ngsi-ld:Indicator:Disclosure_of_whether_and_how_undertaking_seeks_to_use_leverage_with_relevant_business_relations,2,success,
urn:sds:reg:esrs:s1_4_15,ESRS Official,S,urn:ngsi-ld:Dataset:esrs_s1_4_15,urn:ngsi-ld:Indicator:Disclosure_of_how_the_initiative_and_its_own_involvement_is_aiming_to_address_the_material_impac,2,success,
urn:sds:reg:esrs:s1_4_16,ESRS Official,S,urn:ngsi-ld:Dataset:esrs_s1_4_16,urn:ngsi-ld:Indicator:Disclosure_of_whether_and_how_workers_and_workers_representatives_play_role_in_decisions_regardi,2,success,
urn:sds:reg:esrs:s1_4_17,ESRS Official,S,urn:ngsi-ld:Dataset:esrs_s1_4_17,urn:ngsi-ld:Indicator:Information_about_intended_or_achieved_positive_outcomes_of_programmes_or_processes_for_own_work,2,success,
urn:sds:reg:esrs:s1_4_18,ESRS Official,S,urn:ngsi-ld:Dataset:esrs_s1_4_18,urn:ngsi-ld:Indicator:Initiatives_or_processes_whose_primary_aim_is_to_deliver_positive_impacts_for_own_workforce_are_,2,success,
urn:sds:reg:esrs:s1_4_19,ESRS Official,S,urn:ngsi-ld:Dataset:esrs_s1_4_19,urn:ngsi-ld:Indicator:Information_about_measures_taken_to_mitigate_negative_impacts_on_workers_that_arise_from_transit,2,success,
urn:sds:reg:esrs:s1_4_20,ESRS Official,S,urn:ngsi-ld:Dataset:esrs_s1_4_20,urn:ngsi-ld:Indicator:Description_of_internal_functions_that_are_involved_in_managing_impacts_and_types_of_action_take,2,success,
urn:sds:reg:esrs:s1_5_01,ESRS Official,S,urn:ngsi-ld:Dataset:esrs_s1_5_01,urn:ngsi-ld:Indicator:Disclosure_of_whether_and_how_own_workforce_or_workforce_representatives_were_engaged_directly_i,2,success,
urn:sds:reg:esrs:s1_5_02,ESRS Official,S,urn:ngsi-ld:Dataset:esrs_s1_5_02,urn:ngsi-ld:Indicator:Disclosure_of_whether_and_how_own_workforce_or_workforce_representatives_were_engaged_directly_i,2,success,
urn:sds:reg:esrs:s1_5_03,ESRS Official,S,urn:ngsi-ld:Dataset:esrs_s1_5_03,urn:ngsi-ld:Indicator:Disclosure_of_whether_and_how_own_workforce_or_workforce_representatives_were_engaged_directly_i,2,success,
urn:sds:reg:esrs:s1_5_04,ESRS Official,S,urn:ngsi-ld:Dataset:esrs_s1_5_04,urn:ngsi-ld:Indicator:Disclosure_of_intended_outcomes_to_be_achieved_in_lives_of_people_in_its_own_workforce,2,success,
urn:sds:reg:esrs:s1_5_05,ESRS Official,S,urn:ngsi-ld:Dataset:esrs_s1_5_05,urn:ngsi-ld:Indicator:Information_about_stability_over_time_of_target_in_terms_of_definitions_and_methodologies_to_ena,2,success,
urn:sds:reg:esrs:s1_5_06,ESRS Official,S,urn:ngsi-ld:Dataset:esrs_s1_5_06,urn:ngsi-ld:Indicator:Disclosure_of_references_to_standards_or_commitments_which_targets_are_based_on,2,success,
urn:sds:reg:esrs:s1_6_01,ESRS Official,S,urn:ngsi-ld:Dataset:esrs_s1_6_01,urn:ngsi-ld:Indicator:Characteristics_of_undertaking_s_employees_-_number_of_employees_by_gender,2,success,
urn:sds:reg:esrs:s1_6_02,ESRS Official,S,urn:ngsi-ld:Dataset:esrs_s1_6_02,urn:ngsi-ld:Indicator:Number_of_employees_head_count_,2,success,
urn:sds:reg:esrs:s1_6_03,ESRS Official,S,urn:ngsi-ld:Dataset:esrs_s1_6_03,urn:ngsi-ld:Indicator:Average_number_of_employees_head_count_,2,success,
urn:sds:reg:esrs:s1_6_04,ESRS Official,S,urn:ngsi-ld:Dataset:esrs_s1_6_04,urn:ngsi-ld:Indicator:Characteristics_of_undertaking_s_employees_-_number_of_employees_in_countries_with_50_or_more_em,2,success,
urn:sds:reg:esrs:s1_6_05,ESRS Official,S,urn:ngsi-ld:Dataset:esrs_s1_6_05,urn:ngsi-ld:Indicator:Number_of_employees_in_countries_with_50_or_more_employees_representing_at_least_10_of_total_num,2,success,
urn:sds:reg:esrs:s1_6_06,ESRS Official,S,urn:ngsi-ld:Dataset:esrs_s1_6_06,urn:ngsi-ld:Indicator:Average_number_of_employees_in_countries_with_50_or_more_employees_representing_at_least_10_of_t,2,success,
urn:sds:reg:esrs:s1_6_07,ESRS Official,S,urn:ngsi-ld:Dataset:esrs_s1_6_07,urn:ngsi-ld:Indicator:Characteristics_of_undertaking_s_employees_-_information_on_employees_by_contract_type_and_gende,2,success,
urn:sds:reg:esrs:s1_6_08,ESRS Official,S,urn:ngsi-ld:Dataset:esrs_s1_6_08,urn:ngsi-ld:Indicator:Characteristics_of_undertaking_s_employees_-_information_on_employees_by_region,2,success,
urn:sds:reg:esrs:s1_6_09,ESRS Official,S,urn:ngsi-ld:Dataset:esrs_s1_6_09,urn:ngsi-ld:Indicator:Number_of_employees_head_count_or_full-time_equivalent_,2,success,
urn:sds:reg:esrs:s1_6_10,ESRS Official,S,urn:ngsi-ld:Dataset:esrs_s1_6_10,urn:ngsi-ld:Indicator:Average_number_of_employees_head_count_or_full-time_equivalent_,2,success,
urn:sds:reg:esrs:s1_6_11,ESRS Official,S,urn:ngsi-ld:Dataset:esrs_s1_6_11,urn:ngsi-ld:Indicator:Number_of_employee_who_have_left_undertaking,2,success,
urn:sds:reg:esrs:s1_6_12,ESRS Official,S,urn:ngsi-ld:Dataset:esrs_s1_6_12,urn:ngsi-ld:Indicator:Percentage_of_employee_turnover,2,success,
urn:sds:reg:esrs:s1_6_13,ESRS Official,S,urn:ngsi-ld:Dataset:esrs_s1_6_13,urn:ngsi-ld:Indicator:Description_of_methodologies_and_assumptions_used_to_compile_data_employees_,2,success,
urn:sds:reg:esrs:s1_6_14,ESRS Official,S,urn:ngsi-ld:Dataset:esrs_s1_6_14,urn:ngsi-ld:Indicator:Employees_numbers_are_reported_in_head_count_or_full-time_equivalent,2,success,
urn:sds:reg:esrs:s1_6_15,ESRS Official,S,urn:ngsi-ld:Dataset:esrs_s1_6_15,urn:ngsi-ld:Indicator:Employees_numbers_are_reported_at_end_of_reporting_period_average_other_methodology,2,success,
urn:sds:reg:esrs:s1_6_16,ESRS Official,S,urn:ngsi-ld:Dataset:esrs_s1_6_16,urn:ngsi-ld:Indicator:Disclosure_of_contextual_information_necessary_to_understand_data_employees_,2,success,
urn:sds:reg:esrs:s1_6_17,ESRS Official,S,urn:ngsi-ld:Dataset:esrs_s1_6_17,urn:ngsi-ld:Indicator:Disclosure_of_cross-reference_of_information_reported_under_paragragph_50_a_to_most_representati,2,success,
urn:sds:reg:esrs:s1_6_18,ESRS Official,S,urn:ngsi-ld:Dataset:esrs_s1_6_18,urn:ngsi-ld:Indicator:Further_detailed_breakdown_by_gender_and_by_region,2,success,
urn:sds:reg:esrs:s1_6_19,ESRS Official,S,urn:ngsi-ld:Dataset:esrs_s1_6_19,urn:ngsi-ld:Indicator:Number_of_full-time_employees_by_head_count_or_full_time_equivalent,2,success,
urn:sds:reg:esrs:s1_6_20,ESRS Official,S,urn:ngsi-ld:Dataset:esrs_s1_6_20,urn:ngsi-ld:Indicator:Number_of_part-time_employees_by_head_count_or_full_time_equivalent,2,success,
urn:sds:reg:esrs:s1_7_01,ESRS Official,S,urn:ngsi-ld:Dataset:esrs_s1_7_01,urn:ngsi-ld:Indicator:Number_of_non-employees_in_own_workforce,2,success,
urn:sds:reg:esrs:s1_7_02,ESRS Official,S,urn:ngsi-ld:Dataset:esrs_s1_7_02,urn:ngsi-ld:Indicator:Number_of_non-employees_in_own_workforce_-_self-employed_people,2,success,
urn:sds:reg:esrs:s1_7_03,ESRS Official,S,urn:ngsi-ld:Dataset:esrs_s1_7_03,urn:ngsi-ld:Indicator:Number_of_non-employees_in_own_workforce_-_people_provided_by_undertakings_primarily_engaged_in_,2,success,
urn:sds:reg:esrs:s1_7_04,ESRS Official,S,urn:ngsi-ld:Dataset:esrs_s1_7_04,urn:ngsi-ld:Indicator:Undertaking_does_not_have_non-employees_in_own_workforce,2,success,
urn:sds:reg:esrs:s1_7_05,ESRS Official,S,urn:ngsi-ld:Dataset:esrs_s1_7_05,urn:ngsi-ld:Indicator:Disclosure_of_the_most_common_types_of_non-employees_for_example_self-employed_people_people_pro,2,success,
urn:sds:reg:esrs:s1_7_06,ESRS Official,S,urn:ngsi-ld:Dataset:esrs_s1_7_06,urn:ngsi-ld:Indicator:Description_of_methodologies_and_assumptions_used_to_compile_data_non-employees_,2,success,
urn:sds:reg:esrs:s1_7_07,ESRS Official,S,urn:ngsi-ld:Dataset:esrs_s1_7_07,urn:ngsi-ld:Indicator:Non-employees_numbers_are_reported_in_head_count_full_time_equivalent,2,success,
urn:sds:reg:esrs:s1_7_08,ESRS Official,S,urn:ngsi-ld:Dataset:esrs_s1_7_08,urn:ngsi-ld:Indicator:Non-employees_numbers_are_reported_at_end_of_reporting_period_average_other_methodology,2,success,
urn:sds:reg:esrs:s1_7_09,ESRS Official,S,urn:ngsi-ld:Dataset:esrs_s1_7_09,urn:ngsi-ld:Indicator:Disclosure_of_contextual_information_necessary_to_understand_data_non-employee_workers_,2,success,
urn:sds:reg:esrs:s1_7_10,ESRS Official,S,urn:ngsi-ld:Dataset:esrs_s1_7_10,urn:ngsi-ld:Indicator:Description_of_basis_of_preparation_of_non-employees_estimated_number,2,success,
urn:sds:reg:esrs:s1_8_01,ESRS Official,S,urn:ngsi-ld:Dataset:esrs_s1_8_01,urn:ngsi-ld:Indicator:Percentage_of_total_employees_covered_by_collective_bargaining_agreements,2,success,
urn:sds:reg:esrs:s1_8_02,ESRS Official,S,urn:ngsi-ld:Dataset:esrs_s1_8_02,urn:ngsi-ld:Indicator:Percentage_of_own_employees_covered_by_collective_bargaining_agreements_are_within_coverage_rate,2,success,
urn:sds:reg:esrs:s1_8_03,ESRS Official,S,urn:ngsi-ld:Dataset:esrs_s1_8_03,urn:ngsi-ld:Indicator:Percentage_of_own_employees_covered_by_collective_bargaining_agreements_outside_EEA_by_region,2,success,
urn:sds:reg:esrs:s1_8_04,ESRS Official,S,urn:ngsi-ld:Dataset:esrs_s1_8_04,urn:ngsi-ld:Indicator:Working_conditions_and_terms_of_employment_for_employees_not_covered_by_collective_bargaining_ag,2,success,
urn:sds:reg:esrs:s1_8_05,ESRS Official,S,urn:ngsi-ld:Dataset:esrs_s1_8_05,urn:ngsi-ld:Indicator:Description_of_extent_to_which_working_conditions_and_terms_of_employment_of_non-employees_in_ow,2,success,
urn:sds:reg:esrs:s1_8_06,ESRS Official,S,urn:ngsi-ld:Dataset:esrs_s1_8_06,urn:ngsi-ld:Indicator:Percentage_of_employees_in_country_country_with_significant_employment_in_the_EEA_covered_by_wor,2,success,
urn:sds:reg:esrs:s1_8_07,ESRS Official,S,urn:ngsi-ld:Dataset:esrs_s1_8_07,urn:ngsi-ld:Indicator:Disclosure_of_existence_of_any_agreement_with_employees_for_representation_by_European_Works_Cou,2,success,
urn:sds:reg:esrs:s1_8_08,ESRS Official,S,urn:ngsi-ld:Dataset:esrs_s1_8_08,urn:ngsi-ld:Indicator:Collective_bargaining_coverage_and_social_dialogue_disaggregated_by_country_and_or_region,2,success,
urn:sds:reg:esrs:s1_9_01,ESRS Official,S,urn:ngsi-ld:Dataset:esrs_s1_9_01,urn:ngsi-ld:Indicator:Gender_distribution_in_number_of_employees_head_count_at_top_management_level,2,success,
urn:sds:reg:esrs:s1_9_02,ESRS Official,S,urn:ngsi-ld:Dataset:esrs_s1_9_02,urn:ngsi-ld:Indicator:Gender_distribution_in_percentage_of_employees_at_top_management_level,2,success,
urn:sds:reg:esrs:s1_9_03,ESRS Official,S,urn:ngsi-ld:Dataset:esrs_s1_9_03,urn:ngsi-ld:Indicator:Distribution_of_employees_head_count_under_30_years_old,2,success,
urn:sds:reg:esrs:s1_9_04,ESRS Official,S,urn:ngsi-ld:Dataset:esrs_s1_9_04,urn:ngsi-ld:Indicator:Distribution_of_employees_head_count_between_30_and_50_years_old,2,success,
urn:sds:reg:esrs:s1_9_05,ESRS Official,S,urn:ngsi-ld:Dataset:esrs_s1_9_05,urn:ngsi-ld:Indicator:Distribution_of_employees_head_count_over_50_years_old,2,success,
urn:sds:reg:esrs:s1_9_06,ESRS Official,S,urn:ngsi-ld:Dataset:esrs_s1_9_06,urn:ngsi-ld:Indicator:Disclosure_of_own_definition_of_top_management_used,2,success,
urn:sds:reg:esrs:s1_sbm_3_01,ESRS Official,S,urn:ngsi-ld:Dataset:esrs_s1_sbm_3_01,urn:ngsi-ld:Indicator:All_people_in_its_own_workforce_who_can_be_materially_impacted_by_undertaking_are_included_in_sc,2,success,
urn:sds:reg:esrs:s1_sbm_3_02,ESRS Official,S,urn:ngsi-ld:Dataset:esrs_s1_sbm_3_02,urn:ngsi-ld:Indicator:Description_of_types_of_employees_and_non-employees_in_its_own_workforce_subject_to_material_imp,2,success,
urn:sds:reg:esrs:s1_sbm_3_03,ESRS Official,S,urn:ngsi-ld:Dataset:esrs_s1_sbm_3_03,urn:ngsi-ld:Indicator:Material_negative_impacts_occurrence_own_workforce_,2,success,
urn:sds:reg:esrs:s1_sbm_3_04,ESRS Official,S,urn:ngsi-ld:Dataset:esrs_s1_sbm_3_04,urn:ngsi-ld:Indicator:Description_of_activities_that_result_in_positive_impacts_and_types_of_employees_and_non-employe,2,success,
urn:sds:reg:esrs:s1_sbm_3_05,ESRS Official,S,urn:ngsi-ld:Dataset:esrs_s1_sbm_3_05,urn:ngsi-ld:Indicator:Description_of_material_risks_and_opportunities_arising_from_impacts_and_dependencies_on_own_wor,2,success,
urn:sds:reg:esrs:s1_sbm_3_06,ESRS Official,S,urn:ngsi-ld:Dataset:esrs_s1_sbm_3_06,urn:ngsi-ld:Indicator:Description_of_material_impacts_on_workers_that_may_arise_from_transition_plans_for_reducing_neg,2,success,
urn:sds:reg:esrs:s1_sbm_3_07,ESRS Official,S,urn:ngsi-ld:Dataset:esrs_s1_sbm_3_07,urn:ngsi-ld:Indicator:Information_about_type_of_operations_at_significant_risk_of_incidents_of_forced_labour_or_compul,2,success,
urn:sds:reg:esrs:s1_sbm_3_08,ESRS Official,S,urn:ngsi-ld:Dataset:esrs_s1_sbm_3_08,urn:ngsi-ld:Indicator:Information_about_countries_or_geographic_areas_with_operations_considered_at_significant_risk_o,2,success,
urn:sds:reg:esrs:s1_sbm_3_09,ESRS Official,S,urn:ngsi-ld:Dataset:esrs_s1_sbm_3_09,urn:ngsi-ld:Indicator:Information_about_type_of_operations_at_significant_risk_of_incidents_of_child_labour,2,success,
urn:sds:reg:esrs:s1_sbm_3_10,ESRS Official,S,urn:ngsi-ld:Dataset:esrs_s1_sbm_3_10,urn:ngsi-ld:Indicator:Information_about_countries_or_geographic_areas_with_operations_considered_at_significant_risk_o,2,success,
urn:sds:reg:esrs:s1_sbm_3_11,ESRS Official,S,urn:ngsi-ld:Dataset:esrs_s1_sbm_3_11,urn:ngsi-ld:Indicator:Disclosure_of_whether_and_how_understanding_of_people_in_its_own_workforce_with_particular_chara,2,success,
urn:sds:reg:esrs:s1_sbm_3_12,ESRS Official,S,urn:ngsi-ld:Dataset:esrs_s1_sbm_3_12,urn:ngsi-ld:Indicator:Disclosure_of_which_of_material_risks_and_opportunities_arising_from_impacts_and_dependencies_on,2,success,
urn:sds:reg:esrs:s2_1_01,ESRS Official,S,urn:ngsi-ld:Dataset:esrs_s2_1_01,urn:ngsi-ld:Indicator:Description_of_relevant_human_rights_policy_commitments_relevant_to_value_chain_workers,2,success,
urn:sds:reg:esrs:s2_1_02,ESRS Official,S,urn:ngsi-ld:Dataset:esrs_s2_1_02,urn:ngsi-ld:Indicator:Disclosure_of_general_approach_in_relation_to_respect_for_human_rights_relevant_to_value_chain_w,2,success,
urn:sds:reg:esrs:s2_1_03,ESRS Official,S,urn:ngsi-ld:Dataset:esrs_s2_1_03,urn:ngsi-ld:Indicator:Disclosure_of_general_approach_in_relation_to_engagement_with_value_chain_workers,2,success,
urn:sds:reg:esrs:s2_1_04,ESRS Official,S,urn:ngsi-ld:Dataset:esrs_s2_1_04,urn:ngsi-ld:Indicator:Disclosure_of_general_approach_in_relation_to_measures_to_provide_and_or_enable_remedy_for_human,2,success,
urn:sds:reg:esrs:s2_1_05,ESRS Official,S,urn:ngsi-ld:Dataset:esrs_s2_1_05,urn:ngsi-ld:Indicator:Policies_explicitly_address_trafficking_in_human_beings_forced_labour_or_compulsory_labour_and_c,2,success,
urn:sds:reg:esrs:s2_1_06,ESRS Official,S,urn:ngsi-ld:Dataset:esrs_s2_1_06,urn:ngsi-ld:Indicator:Undertaking_has_supplier_code_of_conduct,2,success,
urn:sds:reg:esrs:s2_1_07,ESRS Official,S,urn:ngsi-ld:Dataset:esrs_s2_1_07,urn:ngsi-ld:Indicator:Provisions_in_supplier_codes_of_conudct_are_fully_in_line_with_applicable_ILO_standards,2,success,
urn:sds:reg:esrs:s2_1_08,ESRS Official,S,urn:ngsi-ld:Dataset:esrs_s2_1_08,urn:ngsi-ld:Indicator:Disclosure_of_whether_and_how_policies_are_aligned_with_relevant_internationally_recognised_inst,2,success,
urn:sds:reg:esrs:s2_1_09,ESRS Official,S,urn:ngsi-ld:Dataset:esrs_s2_1_09,urn:ngsi-ld:Indicator:Disclosure_of_extent_and_indication_of_nature_of_cases_of_non-respect_of_the_UN_Guiding_Principl,2,success,
urn:sds:reg:esrs:s2_1_10,ESRS Official,S,urn:ngsi-ld:Dataset:esrs_s2_1_10,urn:ngsi-ld:Indicator:Disclosure_of_explanations_of_significant_changes_to_policies_adopted_during_reporting_year,2,success,
urn:sds:reg:esrs:s2_1_11,ESRS Official,S,urn:ngsi-ld:Dataset:esrs_s2_1_11,urn:ngsi-ld:Indicator:Disclosure_on_an_illustration_of_the_types_of_communication_of_its_policies_to_those_individuals,2,success,
urn:sds:reg:esrs:s2_2_01,ESRS Official,S,urn:ngsi-ld:Dataset:esrs_s2_2_01,urn:ngsi-ld:Indicator:Disclosure_of_whether_and_how_perspectives_of_value_chain_workers_inform_decisions_or_activities,2,success,
urn:sds:reg:esrs:s2_2_02,ESRS Official,S,urn:ngsi-ld:Dataset:esrs_s2_2_02,urn:ngsi-ld:Indicator:Engagement_occurs_with_value_chain_workers_or_their_legitimate_representatives_directly_or_with_,2,success,
urn:sds:reg:esrs:s2_2_03,ESRS Official,S,urn:ngsi-ld:Dataset:esrs_s2_2_03,urn:ngsi-ld:Indicator:Disclosure_of_stage_at_which_engagement_occurs_type_of_engagement_and_frequency_of_engagement,2,success,
urn:sds:reg:esrs:s2_2_04,ESRS Official,S,urn:ngsi-ld:Dataset:esrs_s2_2_04,urn:ngsi-ld:Indicator:Disclosure_of_function_and_most_senior_role_within_undertaking_that_has_operational_responsibili,2,success,
urn:sds:reg:esrs:s2_2_05,ESRS Official,S,urn:ngsi-ld:Dataset:esrs_s2_2_05,urn:ngsi-ld:Indicator:Disclosure_of_Global_Framework_Agreement_or_other_agreements_related_to_respect_of_human_rights_,2,success,
urn:sds:reg:esrs:s2_2_06,ESRS Official,S,urn:ngsi-ld:Dataset:esrs_s2_2_06,urn:ngsi-ld:Indicator:Disclosure_of_how_effectiveness_of_engagement_with_value_chain_workers_is_assessed,2,success,
urn:sds:reg:esrs:s2_2_07,ESRS Official,S,urn:ngsi-ld:Dataset:esrs_s2_2_07,urn:ngsi-ld:Indicator:Disclosure_of_steps_taken_to_gain_insight_into_perspectives_of_value_chain_workers_that_may_be_p,2,success,
urn:sds:reg:esrs:s2_2_08,ESRS Official,S,urn:ngsi-ld:Dataset:esrs_s2_2_08,urn:ngsi-ld:Indicator:Statement_in_case_the_undertaking_has_not_adopted_a_general_process_to_engage_with_value_chain_w,2,success,
urn:sds:reg:esrs:s2_2_09,ESRS Official,S,urn:ngsi-ld:Dataset:esrs_s2_2_09,urn:ngsi-ld:Indicator:Disclosure_of_timeframe_for_adoption_of_general_process_to_engage_with_value_chain_workers_in_ca,2,success,
urn:sds:reg:esrs:s2_3_01,ESRS Official,S,urn:ngsi-ld:Dataset:esrs_s2_3_01,urn:ngsi-ld:Indicator:Disclosure_of_general_approach_to_and_processes_for_providing_or_contributing_to_remedy_where_un,2,success,
urn:sds:reg:esrs:s2_3_02,ESRS Official,S,urn:ngsi-ld:Dataset:esrs_s2_3_02,urn:ngsi-ld:Indicator:Disclosure_of_specific_channels_in_place_for_value_chain_workers_to_raise_concerns_or_needs_dire,2,success,
urn:sds:reg:esrs:s2_3_03,ESRS Official,S,urn:ngsi-ld:Dataset:esrs_s2_3_03,urn:ngsi-ld:Indicator:Disclosure_of_processes_through_which_undertaking_supports_or_requires_availability_of_channels,2,success,
urn:sds:reg:esrs:s2_3_04,ESRS Official,S,urn:ngsi-ld:Dataset:esrs_s2_3_04,urn:ngsi-ld:Indicator:Disclosure_of_how_issues_raised_and_addressed_are_tracked_and_monitored_and_how_effectiveness_of,2,success,
urn:sds:reg:esrs:s2_3_05,ESRS Official,S,urn:ngsi-ld:Dataset:esrs_s2_3_05,urn:ngsi-ld:Indicator:Disclosure_of_whether_and_how_it_is_assessed_that_value_chain_workers_are_aware_of_and_trust_str,2,success,
urn:sds:reg:esrs:s2_3_06,ESRS Official,S,urn:ngsi-ld:Dataset:esrs_s2_3_06,urn:ngsi-ld:Indicator:Policies_regarding_protection_against_retaliation_for_individuals_that_use_channels_to_raise_con,2,success,
urn:sds:reg:esrs:s2_3_07,ESRS Official,S,urn:ngsi-ld:Dataset:esrs_s2_3_07,urn:ngsi-ld:Indicator:Statement_in_case_the_undertaking_has_not_adopted_a_channel_for_raising_concerns,2,success,
urn:sds:reg:esrs:s2_3_08,ESRS Official,S,urn:ngsi-ld:Dataset:esrs_s2_3_08,urn:ngsi-ld:Indicator:Disclosure_of_timeframe_for_channel_for_raising_concerns_to_be_in_place,2,success,
urn:sds:reg:esrs:s2_3_09,ESRS Official,S,urn:ngsi-ld:Dataset:esrs_s2_3_09,urn:ngsi-ld:Indicator:Disclosure_of_whether_and_how_value_chain_workers_are_able_to_access_channels_at_level_of_undert,2,success,
urn:sds:reg:esrs:s2_3_10,ESRS Official,S,urn:ngsi-ld:Dataset:esrs_s2_3_10,urn:ngsi-ld:Indicator:Third-party_mechanisms_are_accessible_to_all_workers,2,success,
urn:sds:reg:esrs:s2_3_11,ESRS Official,S,urn:ngsi-ld:Dataset:esrs_s2_3_11,urn:ngsi-ld:Indicator:Grievances_are_treated_confidentially_and_with_respect_to_rights_of_privacy_and_data_protection,2,success,
urn:sds:reg:esrs:s2_3_12,ESRS Official,S,urn:ngsi-ld:Dataset:esrs_s2_3_12,urn:ngsi-ld:Indicator:Channels_to_raise_concerns_or_needs_allow_for_value_chain_workers_to_use_them_anonymously,2,success,
urn:sds:reg:esrs:s2_4_01,ESRS Official,S,urn:ngsi-ld:Dataset:esrs_s2_4_01,urn:ngsi-ld:Indicator:Description_of_action_planned_or_underway_to_prevent_mitigate_or_remediate_material_negative_imp,2,success,
urn:sds:reg:esrs:s2_4_02,ESRS Official,S,urn:ngsi-ld:Dataset:esrs_s2_4_02,urn:ngsi-ld:Indicator:Description_of_whether_and_how_action_to_provide_or_enable_remedy_in_relation_to_an_actual_mater,2,success,
urn:sds:reg:esrs:s2_4_03,ESRS Official,S,urn:ngsi-ld:Dataset:esrs_s2_4_03,urn:ngsi-ld:Indicator:Description_of_additional_initiatives_or_processes_with_primary_purpose_of_delivering_positive_i,2,success,
urn:sds:reg:esrs:s2_4_04,ESRS Official,S,urn:ngsi-ld:Dataset:esrs_s2_4_04,urn:ngsi-ld:Indicator:Description_of_how_effectiveness_of_actions_or_initiatives_in_delivering_outcomes_for_value_chai,2,success,
urn:sds:reg:esrs:s2_4_05,ESRS Official,S,urn:ngsi-ld:Dataset:esrs_s2_4_05,urn:ngsi-ld:Indicator:Description_of_processes_to_identifying_what_action_is_needed_and_appropriate_in_response_to_par,2,success,
urn:sds:reg:esrs:s2_4_06,ESRS Official,S,urn:ngsi-ld:Dataset:esrs_s2_4_06,urn:ngsi-ld:Indicator:Description_of_approach_to_taking_action_in_relation_to_specific_material_negative_impacts_on_va,2,success,
urn:sds:reg:esrs:s2_4_07,ESRS Official,S,urn:ngsi-ld:Dataset:esrs_s2_4_07,urn:ngsi-ld:Indicator:Description_of_approach_to_ensuring_that_processes_to_provide_or_enable_remedy_in_event_of_mater,2,success,
urn:sds:reg:esrs:s2_4_08,ESRS Official,S,urn:ngsi-ld:Dataset:esrs_s2_4_08,urn:ngsi-ld:Indicator:Description_of_what_action_is_planned_or_underway_to_mitigate_material_risks_arising_from_impact,2,success,
urn:sds:reg:esrs:s2_4_09,ESRS Official,S,urn:ngsi-ld:Dataset:esrs_s2_4_09,urn:ngsi-ld:Indicator:Description_of_what_action_is_planned_or_underway_to_pursue_material_opportunities_in_relation_t,2,success,
urn:sds:reg:esrs:s2_4_10,ESRS Official,S,urn:ngsi-ld:Dataset:esrs_s2_4_10,urn:ngsi-ld:Indicator:Disclosure_of_whether_and_how_it_is_ensured_that_own_practices_do_not_cause_or_contribute_to_mat,2,success,
urn:sds:reg:esrs:s2_4_11,ESRS Official,S,urn:ngsi-ld:Dataset:esrs_s2_4_11,urn:ngsi-ld:Indicator:Disclosure_of_severe_human_rights_issues_and_incidents_connected_to_upstream_and_downstream_valu,2,success,
urn:sds:reg:esrs:s2_4_12,ESRS Official,S,urn:ngsi-ld:Dataset:esrs_s2_4_12,urn:ngsi-ld:Indicator:Disclosure_of_resources_allocated_to_management_of_material_impacts,2,success,
urn:sds:reg:esrs:s2_4_13,ESRS Official,S,urn:ngsi-ld:Dataset:esrs_s2_4_13,urn:ngsi-ld:Indicator:Disclosure_of_whether_and_how_undertaking_seeks_to_use_leverage_with_relevant_business_relations,2,success,
urn:sds:reg:esrs:s2_4_14,ESRS Official,S,urn:ngsi-ld:Dataset:esrs_s2_4_14,urn:ngsi-ld:Indicator:Disclosure_of_how_participation_in_industry_or_multi-stakeholder_initiative_and_undertaking_s_ow,2,success,
urn:sds:reg:esrs:s2_4_15,ESRS Official,S,urn:ngsi-ld:Dataset:esrs_s2_4_15,urn:ngsi-ld:Indicator:Disclosure_of_whether_and_how_value_chain_workers_and_legitimate_representatives_or_their_credib,2,success,
urn:sds:reg:esrs:s2_4_16,ESRS Official,S,urn:ngsi-ld:Dataset:esrs_s2_4_16,urn:ngsi-ld:Indicator:Information_about_intended_or_achieved_positive_outcomes_of_programmes_or_processes_for_value_ch,2,success,
urn:sds:reg:esrs:s2_4_17,ESRS Official,S,urn:ngsi-ld:Dataset:esrs_s2_4_17,urn:ngsi-ld:Indicator:Initiatives_or_processes_whose_primary_aim_is_to_deliver_positive_impacts_for_value_chain_worker,2,success,
urn:sds:reg:esrs:s2_4_18,ESRS Official,S,urn:ngsi-ld:Dataset:esrs_s2_4_18,urn:ngsi-ld:Indicator:Description_of_internal_functions_that_are_involved_in_managing_impacts_and_types_of_action_take,2,success,
urn:sds:reg:esrs:s2_5_01,ESRS Official,S,urn:ngsi-ld:Dataset:esrs_s2_5_01,urn:ngsi-ld:Indicator:Disclosure_of_whether_and_how_value_chain_workers_their_legitimate_representatives_or_credible_p,2,success,
urn:sds:reg:esrs:s2_5_02,ESRS Official,S,urn:ngsi-ld:Dataset:esrs_s2_5_02,urn:ngsi-ld:Indicator:Disclosure_of_whether_and_how_value_chain_workers_their_legitimate_representatives_or_credible_p,2,success,
urn:sds:reg:esrs:s2_5_03,ESRS Official,S,urn:ngsi-ld:Dataset:esrs_s2_5_03,urn:ngsi-ld:Indicator:Disclosure_of_whether_and_how_value_chain_workers_their_legitimate_representatives_or_credible_p,2,success,
urn:sds:reg:esrs:s2_5_04,ESRS Official,S,urn:ngsi-ld:Dataset:esrs_s2_5_04,urn:ngsi-ld:Indicator:Disclosure_of_intended_outcomes_to_be_achieved_in_lives_of_value_chain_workers,2,success,
urn:sds:reg:esrs:s2_5_05,ESRS Official,S,urn:ngsi-ld:Dataset:esrs_s2_5_05,urn:ngsi-ld:Indicator:Information_about_stability_over_time_of_target_in_terms_of_definitions_and_methodologies_to_ena,2,success,
urn:sds:reg:esrs:s2_5_06,ESRS Official,S,urn:ngsi-ld:Dataset:esrs_s2_5_06,urn:ngsi-ld:Indicator:Disclosure_of_references_to_standards_or_commitments_on_which_target_is_based,2,success,
urn:sds:reg:esrs:s2_sbm_3_01,ESRS Official,S,urn:ngsi-ld:Dataset:esrs_s2_sbm_3_01,urn:ngsi-ld:Indicator:All_value_chain_workers_who_can_be_materially_impacted_by_undertaking_are_included_in_scope_of_d,2,success,
urn:sds:reg:esrs:s2_sbm_3_02,ESRS Official,S,urn:ngsi-ld:Dataset:esrs_s2_sbm_3_02,urn:ngsi-ld:Indicator:Description_of_types_of_value_chain_workers_subject_to_material_impacts,2,success,
urn:sds:reg:esrs:s2_sbm_3_03,ESRS Official,S,urn:ngsi-ld:Dataset:esrs_s2_sbm_3_03,urn:ngsi-ld:Indicator:Type_of_value_chain_workers_subject_to_material_impacts_by_own_operations_or_through_value_chain,2,success,
urn:sds:reg:esrs:s2_sbm_3_04,ESRS Official,S,urn:ngsi-ld:Dataset:esrs_s2_sbm_3_04,urn:ngsi-ld:Indicator:Disclosure_of_geographies_or_commodities_for_which_there_is_significant_risk_of_child_labour_or_,2,success,
urn:sds:reg:esrs:s2_sbm_3_05,ESRS Official,S,urn:ngsi-ld:Dataset:esrs_s2_sbm_3_05,urn:ngsi-ld:Indicator:Material_negative_impacts_occurrence_value_chain_workers_,2,success,
urn:sds:reg:esrs:s2_sbm_3_06,ESRS Official,S,urn:ngsi-ld:Dataset:esrs_s2_sbm_3_06,urn:ngsi-ld:Indicator:Description_of_activities_that_result_in_positive_impacts_and_types_of_value_chain_workers_that_,2,success,
urn:sds:reg:esrs:s2_sbm_3_07,ESRS Official,S,urn:ngsi-ld:Dataset:esrs_s2_sbm_3_07,urn:ngsi-ld:Indicator:Description_of_material_risks_and_opportunities_arising_from_impacts_and_dependencies_on_value_c,2,success,
urn:sds:reg:esrs:s2_sbm_3_08,ESRS Official,S,urn:ngsi-ld:Dataset:esrs_s2_sbm_3_08,urn:ngsi-ld:Indicator:Disclosure_of_whether_and_how_the_undertaking_has_developed_an_understanding_of_how_workers_with,2,success,
urn:sds:reg:esrs:s2_sbm_3_09,ESRS Official,S,urn:ngsi-ld:Dataset:esrs_s2_sbm_3_09,urn:ngsi-ld:Indicator:Disclosure_of_which_of_material_risks_and_opportunities_arising_from_impacts_and_dependencies_on,2,success,
urn:sds:reg:esrs:s3_1_01,ESRS Official,S,urn:ngsi-ld:Dataset:esrs_s3_1_01,urn:ngsi-ld:Indicator:Disclosure_of_any_any_particular_policy_provisions_for_preventing_and_addressing_impacts_on_indi,2,success,
urn:sds:reg:esrs:s3_1_02,ESRS Official,S,urn:ngsi-ld:Dataset:esrs_s3_1_02,urn:ngsi-ld:Indicator:Description_of_relevant_human_rights_policy_commitments_relevant_to_affected_communities,2,success,
urn:sds:reg:esrs:s3_1_03,ESRS Official,S,urn:ngsi-ld:Dataset:esrs_s3_1_03,urn:ngsi-ld:Indicator:Disclosure_of_general_approach_in_relation_to_respect_for_human_rights_of_communities_and_indige,2,success,
urn:sds:reg:esrs:s3_1_04,ESRS Official,S,urn:ngsi-ld:Dataset:esrs_s3_1_04,urn:ngsi-ld:Indicator:Disclosure_of_general_approach_in_relation_to_engagement_with_affected_communities,2,success,
urn:sds:reg:esrs:s3_1_05,ESRS Official,S,urn:ngsi-ld:Dataset:esrs_s3_1_05,urn:ngsi-ld:Indicator:Disclosure_of_general_approach_in_relation_to_measures_to_provide_and_or_enable_remedy_for_human,2,success,
urn:sds:reg:esrs:s3_1_06,ESRS Official,S,urn:ngsi-ld:Dataset:esrs_s3_1_06,urn:ngsi-ld:Indicator:Disclosure_of_whether_and_how_policies_are_aligned_with_relevant_internationally_recognised_inst,2,success,
urn:sds:reg:esrs:s3_1_07,ESRS Official,S,urn:ngsi-ld:Dataset:esrs_s3_1_07,urn:ngsi-ld:Indicator:Disclosure_of_extent_and_indication_of_nature_of_cases_of_non-respect_of_the_UN_Guiding_Principl,2,success,
urn:sds:reg:esrs:s3_1_08,ESRS Official,S,urn:ngsi-ld:Dataset:esrs_s3_1_08,urn:ngsi-ld:Indicator:Disclosure_of_explanations_of_significant_changes_to_policies_adopted_during_reporting_year,2,success,
urn:sds:reg:esrs:s3_1_09,ESRS Official,S,urn:ngsi-ld:Dataset:esrs_s3_1_09,urn:ngsi-ld:Indicator:Disclosure_on_an_illustration_of_the_types_of_communication_of_its_policies_to_those_individuals,2,success,
urn:sds:reg:esrs:s3_2_01,ESRS Official,S,urn:ngsi-ld:Dataset:esrs_s3_2_01,urn:ngsi-ld:Indicator:Disclosure_of_whether_and_how_perspectives_of_affected_communities_inform_decisions_or_activitie,2,success,
urn:sds:reg:esrs:s3_2_02,ESRS Official,S,urn:ngsi-ld:Dataset:esrs_s3_2_02,urn:ngsi-ld:Indicator:Engagement_occurs_with_affected_communities_or_their_legitimate_representatives_directly_or_with,2,success,
urn:sds:reg:esrs:s3_2_03,ESRS Official,S,urn:ngsi-ld:Dataset:esrs_s3_2_03,urn:ngsi-ld:Indicator:Disclosure_of_stage_at_which_engagement_occurs_type_of_engagement_and_frequency_of_engagement,2,success,
urn:sds:reg:esrs:s3_2_04,ESRS Official,S,urn:ngsi-ld:Dataset:esrs_s3_2_04,urn:ngsi-ld:Indicator:Disclosure_of_function_and_most_senior_role_within_undertaking_that_has_operational_responsibili,2,success,
urn:sds:reg:esrs:s3_2_05,ESRS Official,S,urn:ngsi-ld:Dataset:esrs_s3_2_05,urn:ngsi-ld:Indicator:Disclosure_of_how_the_undertaking_assesses_the_effectiveness_of_its_engagement_with_affected_com,2,success,
urn:sds:reg:esrs:s3_2_06,ESRS Official,S,urn:ngsi-ld:Dataset:esrs_s3_2_06,urn:ngsi-ld:Indicator:Disclosure_of_steps_taken_to_gain_insight_into_perspectives_of_affected_communities_hat_may_be_p,2,success,
urn:sds:reg:esrs:s3_2_07,ESRS Official,S,urn:ngsi-ld:Dataset:esrs_s3_2_07,urn:ngsi-ld:Indicator:Disclosure_of_whether_and_how_the_undertaking_takes_into_account_and_ensures_respect_of_particul,2,success,
urn:sds:reg:esrs:s3_2_08,ESRS Official,S,urn:ngsi-ld:Dataset:esrs_s3_2_08,urn:ngsi-ld:Indicator:Statement_in_case_the_undertaking_has_not_adopted_a_general_process_to_engage_with_affected_comm,2,success,
urn:sds:reg:esrs:s3_2_09,ESRS Official,S,urn:ngsi-ld:Dataset:esrs_s3_2_09,urn:ngsi-ld:Indicator:Disclosure_of_timeframe_for_adoption_of_general_process_to_engage_with_affected_communities_in_c,2,success,
urn:sds:reg:esrs:s3_3_10,ESRS Official,S,urn:ngsi-ld:Dataset:esrs_s3_3_10,urn:ngsi-ld:Indicator:Disclosure_of_general_approach_to_and_processes_for_providing_or_contributing_to_remedy_where_un,2,success,
urn:sds:reg:esrs:s3_3_11,ESRS Official,S,urn:ngsi-ld:Dataset:esrs_s3_3_11,urn:ngsi-ld:Indicator:Disclosure_of_specific_channels_in_place_for_affected_communities_to_raise_concerns_or_needs_dir,2,success,
urn:sds:reg:esrs:s3_3_12,ESRS Official,S,urn:ngsi-ld:Dataset:esrs_s3_3_12,urn:ngsi-ld:Indicator:Disclosure_of_processes_through_which_undertaking_supports_or_requires_availability_of_channels,2,success,
urn:sds:reg:esrs:s3_3_13,ESRS Official,S,urn:ngsi-ld:Dataset:esrs_s3_3_13,urn:ngsi-ld:Indicator:Disclosure_of_how_issues_raised_and_addressed_are_tracked_and_monitored_and_how_effectiveness_of,2,success,
urn:sds:reg:esrs:s3_3_14,ESRS Official,S,urn:ngsi-ld:Dataset:esrs_s3_3_14,urn:ngsi-ld:Indicator:Disclosure_of_whether_and_how_it_is_assessed_that_affected_communities_are_aware_of_and_trust_st,2,success,
urn:sds:reg:esrs:s3_3_15,ESRS Official,S,urn:ngsi-ld:Dataset:esrs_s3_3_15,urn:ngsi-ld:Indicator:Policies_regarding_protection_against_retaliation_for_individuals_that_use_channels_to_raise_con,2,success,
urn:sds:reg:esrs:s3_3_16,ESRS Official,S,urn:ngsi-ld:Dataset:esrs_s3_3_16,urn:ngsi-ld:Indicator:Statement_in_case_the_undertaking_has_not_adopted_a_general_process_to_engage_with_affected_comm,2,success,
urn:sds:reg:esrs:s3_3_17,ESRS Official,S,urn:ngsi-ld:Dataset:esrs_s3_3_17,urn:ngsi-ld:Indicator:Disclosure_of_timeframe_for_channel_or_processes_for_raising_concerns_to_be_in_place,2,success,
urn:sds:reg:esrs:s3_3_18,ESRS Official,S,urn:ngsi-ld:Dataset:esrs_s3_3_18,urn:ngsi-ld:Indicator:Disclosure_of_whether_and_how_affected_communities_are_able_to_access_channels_at_level_of_under,2,success,
urn:sds:reg:esrs:s3_3_19,ESRS Official,S,urn:ngsi-ld:Dataset:esrs_s3_3_19,urn:ngsi-ld:Indicator:Third-party_mechanisms_are_accessible_to_all_affected_communities,2,success,
urn:sds:reg:esrs:s3_3_20,ESRS Official,S,urn:ngsi-ld:Dataset:esrs_s3_3_20,urn:ngsi-ld:Indicator:Grievances_are_treated_confidentially_and_with_respect_to_rights_of_privacy_and_data_protection,2,success,
urn:sds:reg:esrs:s3_3_21,ESRS Official,S,urn:ngsi-ld:Dataset:esrs_s3_3_21,urn:ngsi-ld:Indicator:affected_communities_are_allowed_to_use_anonymously_channels_to_raise_concerns_or_needs,2,success,
urn:sds:reg:esrs:s3_4_01,ESRS Official,S,urn:ngsi-ld:Dataset:esrs_s3_4_01,urn:ngsi-ld:Indicator:Description_of_action_taken_planned_or_underway_to_prevent_mitigate_or_remediate_material_negati,2,success,
urn:sds:reg:esrs:s3_4_02,ESRS Official,S,urn:ngsi-ld:Dataset:esrs_s3_4_02,urn:ngsi-ld:Indicator:Description_of_whether_and_how_the_undertaking_has_taken_action_to_provide_or_enable_remedy_in_r,2,success,
urn:sds:reg:esrs:s3_4_03,ESRS Official,S,urn:ngsi-ld:Dataset:esrs_s3_4_03,urn:ngsi-ld:Indicator:Description_of_additional_initiatives_or_processes_with_primary_purpose_of_delivering_positive_i,2,success,
urn:sds:reg:esrs:s3_4_04,ESRS Official,S,urn:ngsi-ld:Dataset:esrs_s3_4_04,urn:ngsi-ld:Indicator:Description_of_how_effectiveness_of_actions_or_initiatives_in_delivering_outcomes_for_affected_c,2,success,
urn:sds:reg:esrs:s3_4_05,ESRS Official,S,urn:ngsi-ld:Dataset:esrs_s3_4_05,urn:ngsi-ld:Indicator:Description_of_processes_to_identifying_what_action_is_needed_and_appropriate_in_response_to_par,2,success,
urn:sds:reg:esrs:s3_4_06,ESRS Official,S,urn:ngsi-ld:Dataset:esrs_s3_4_06,urn:ngsi-ld:Indicator:Description_of_approach_to_taking_action_in_relation_to_specific_material_negative_impacts_on_af,2,success,
urn:sds:reg:esrs:s3_4_07,ESRS Official,S,urn:ngsi-ld:Dataset:esrs_s3_4_07,urn:ngsi-ld:Indicator:Description_of_approach_to_ensuring_that_processes_to_provide_or_enable_remedy_in_event_of_mater,2,success,
urn:sds:reg:esrs:s3_4_08,ESRS Official,S,urn:ngsi-ld:Dataset:esrs_s3_4_08,urn:ngsi-ld:Indicator:Description_of_what_action_is_planned_or_underway_to_mitigate_material_risks_arising_from_impact,2,success,
urn:sds:reg:esrs:s3_4_09,ESRS Official,S,urn:ngsi-ld:Dataset:esrs_s3_4_09,urn:ngsi-ld:Indicator:Description_of_what_action_is_planned_or_underway_to_pursue_material_opportunities_in_relation_t,2,success,
urn:sds:reg:esrs:s3_4_10,ESRS Official,S,urn:ngsi-ld:Dataset:esrs_s3_4_10,urn:ngsi-ld:Indicator:Disclosure_of_whether_and_how_it_is_ensured_that_own_practices_do_not_cause_or_contribute_to_mat,2,success,
urn:sds:reg:esrs:s3_4_11,ESRS Official,S,urn:ngsi-ld:Dataset:esrs_s3_4_11,urn:ngsi-ld:Indicator:Disclosure_of_severe_human_rights_issues_and_incidents_connected_to_affected_communities,2,success,
urn:sds:reg:esrs:s3_4_12,ESRS Official,S,urn:ngsi-ld:Dataset:esrs_s3_4_12,urn:ngsi-ld:Indicator:Disclosure_of_resources_allocated_to_management_of_material_impacts,2,success,
urn:sds:reg:esrs:s3_4_13,ESRS Official,S,urn:ngsi-ld:Dataset:esrs_s3_4_13,urn:ngsi-ld:Indicator:Disclosure_of_whether_and_how_undertaking_seeks_to_use_leverage_with_relevant_business_relations,2,success,
urn:sds:reg:esrs:s3_4_14,ESRS Official,S,urn:ngsi-ld:Dataset:esrs_s3_4_14,urn:ngsi-ld:Indicator:Disclosure_of_how_participation_in_industry_or_multi-stakeholder_initiative_and_undertaking_s_ow,2,success,
urn:sds:reg:esrs:s3_4_15,ESRS Official,S,urn:ngsi-ld:Dataset:esrs_s3_4_15,urn:ngsi-ld:Indicator:Disclosure_of_whether_and_how_affected_communities_play_role_in_decisions_regarding_design_and_i,2,success,
urn:sds:reg:esrs:s3_4_16,ESRS Official,S,urn:ngsi-ld:Dataset:esrs_s3_4_16,urn:ngsi-ld:Indicator:Information_about_intended_or_achieved_positive_outcomes_of_programmes_or_investments_for_affect,2,success,
urn:sds:reg:esrs:s3_4_17,ESRS Official,S,urn:ngsi-ld:Dataset:esrs_s3_4_17,urn:ngsi-ld:Indicator:Explanation_of_the_approximate_scope_of_affected_communities_covered_by_the_described_social_inv,2,success,
urn:sds:reg:esrs:s3_4_18,ESRS Official,S,urn:ngsi-ld:Dataset:esrs_s3_4_18,urn:ngsi-ld:Indicator:Initiatives_or_processes_whose_primary_aim_is_to_deliver_positive_impacts_for_affected_communiti,2,success,
urn:sds:reg:esrs:s3_4_19,ESRS Official,S,urn:ngsi-ld:Dataset:esrs_s3_4_19,urn:ngsi-ld:Indicator:Description_of_internal_functions_that_are_involved_in_managing_impacts_and_types_of_action_take,2,success,
urn:sds:reg:esrs:s3_5_01,ESRS Official,S,urn:ngsi-ld:Dataset:esrs_s3_5_01,urn:ngsi-ld:Indicator:Disclosure_of_whether_and_how_affected_communities_were_engaged_directly_in_setting_targets,2,success,
urn:sds:reg:esrs:s3_5_02,ESRS Official,S,urn:ngsi-ld:Dataset:esrs_s3_5_02,urn:ngsi-ld:Indicator:Disclosure_of_whether_and_how_affected_communities_were_engaged_directly_in_tracking_performance,2,success,
urn:sds:reg:esrs:s3_5_03,ESRS Official,S,urn:ngsi-ld:Dataset:esrs_s3_5_03,urn:ngsi-ld:Indicator:Disclosure_of_whether_and_how_affected_communities_were_engaged_directly_in_identifying_lessons_,2,success,
urn:sds:reg:esrs:s3_5_04,ESRS Official,S,urn:ngsi-ld:Dataset:esrs_s3_5_04,urn:ngsi-ld:Indicator:Disclosure_of_intended_outcomes_to_be_achieved_in_lives_of_affected_communities,2,success,
urn:sds:reg:esrs:s3_5_05,ESRS Official,S,urn:ngsi-ld:Dataset:esrs_s3_5_05,urn:ngsi-ld:Indicator:Information_about_stability_over_time_of_target_in_terms_of_definitions_and_methodologies_to_ena,2,success,
urn:sds:reg:esrs:s3_5_06,ESRS Official,S,urn:ngsi-ld:Dataset:esrs_s3_5_06,urn:ngsi-ld:Indicator:Disclosure_of_references_to_standards_or_commitments_on_which_target_is_based,2,success,
urn:sds:reg:esrs:s3_sbm_3_01,ESRS Official,S,urn:ngsi-ld:Dataset:esrs_s3_sbm_3_01,urn:ngsi-ld:Indicator:All_affected_communities_who_can_be_materially_impacted_by_undertaking_are_included_in_scope_of_,2,success,
urn:sds:reg:esrs:s3_sbm_3_02,ESRS Official,S,urn:ngsi-ld:Dataset:esrs_s3_sbm_3_02,urn:ngsi-ld:Indicator:Description_of_types_of_affected_communities_subject_to_material_impacts,2,success,
urn:sds:reg:esrs:s3_sbm_3_03,ESRS Official,S,urn:ngsi-ld:Dataset:esrs_s3_sbm_3_03,urn:ngsi-ld:Indicator:Type_of_communities_subject_to_material_impacts_by_own_operations_or_through_value_chain,2,success,
urn:sds:reg:esrs:s3_sbm_3_04,ESRS Official,S,urn:ngsi-ld:Dataset:esrs_s3_sbm_3_04,urn:ngsi-ld:Indicator:Material_negative_impacts_occurrence_affected_communities_,2,success,
urn:sds:reg:esrs:s3_sbm_3_05,ESRS Official,S,urn:ngsi-ld:Dataset:esrs_s3_sbm_3_05,urn:ngsi-ld:Indicator:Description_of_activities_that_result_in_positive_impacts_and_types_of_affected_communities_that,2,success,
urn:sds:reg:esrs:s3_sbm_3_06,ESRS Official,S,urn:ngsi-ld:Dataset:esrs_s3_sbm_3_06,urn:ngsi-ld:Indicator:Description_of_material_risks_and_opportunities_arising_from_impacts_and_dependencies_on_affecte,2,success,
urn:sds:reg:esrs:s3_sbm_3_07,ESRS Official,S,urn:ngsi-ld:Dataset:esrs_s3_sbm_3_07,urn:ngsi-ld:Indicator:Disclosure_of_whether_and_how_the_undertaking_has_developed_an_understanding_of_how_affected_com,2,success,
urn:sds:reg:esrs:s3_sbm_3_08,ESRS Official,S,urn:ngsi-ld:Dataset:esrs_s3_sbm_3_08,urn:ngsi-ld:Indicator:Disclosure_of_which_of_material_risks_and_opportunities_arising_from_impacts_and_dependencies_on,2,success,
urn:sds:reg:esrs:s4_1_01,ESRS Official,S,urn:ngsi-ld:Dataset:esrs_s4_1_01,urn:ngsi-ld:Indicator:Policies_to_manage_material_impacts_risks_and_opportunities_related_to_affected_consumers_and_en,2,success,
urn:sds:reg:esrs:s4_1_02,ESRS Official,S,urn:ngsi-ld:Dataset:esrs_s4_1_02,urn:ngsi-ld:Indicator:Description_of_relevant_human_rights_policy_commitments_relevant_to_consumers_and_or_end-users,2,success,
urn:sds:reg:esrs:s4_1_03,ESRS Official,S,urn:ngsi-ld:Dataset:esrs_s4_1_03,urn:ngsi-ld:Indicator:Disclosure_of_general_approach_in_relation_to_respect_for_human_rights_of_consumers_and_end-user,2,success,
urn:sds:reg:esrs:s4_1_04,ESRS Official,S,urn:ngsi-ld:Dataset:esrs_s4_1_04,urn:ngsi-ld:Indicator:Disclosure_of_general_approach_in_relation_to_engagement_with_consumers_and_or_end-users,2,success,
urn:sds:reg:esrs:s4_1_05,ESRS Official,S,urn:ngsi-ld:Dataset:esrs_s4_1_05,urn:ngsi-ld:Indicator:Disclosure_of_general_approach_in_relation_to_measures_to_provide_and_or_enable_remedy_for_human,2,success,
urn:sds:reg:esrs:s4_1_06,ESRS Official,S,urn:ngsi-ld:Dataset:esrs_s4_1_06,urn:ngsi-ld:Indicator:Description_of_whether_and_how_policies_are_aligned_with_relevant_internationally_recognised_ins,2,success,
urn:sds:reg:esrs:s4_1_07,ESRS Official,S,urn:ngsi-ld:Dataset:esrs_s4_1_07,urn:ngsi-ld:Indicator:Disclosure_of_extent_and_indication_of_nature_of_cases_of_non-respect_of_the_UN_Guiding_Principl,2,success,
urn:sds:reg:esrs:s4_1_08,ESRS Official,S,urn:ngsi-ld:Dataset:esrs_s4_1_08,urn:ngsi-ld:Indicator:Disclosure_of_explanations_of_significant_changes_to_policies_adopted_during_reporting_year,2,success,
urn:sds:reg:esrs:s4_1_09,ESRS Official,S,urn:ngsi-ld:Dataset:esrs_s4_1_09,urn:ngsi-ld:Indicator:Disclosure_on_an_illustration_of_the_types_of_communication_of_its_policies_to_those_individuals,2,success,
urn:sds:reg:esrs:s4_2_01,ESRS Official,S,urn:ngsi-ld:Dataset:esrs_s4_2_01,urn:ngsi-ld:Indicator:Disclosure_of_whether_and_how_perspectives_of_consumers_and_end-users_inform_decisions_or_activi,2,success,
urn:sds:reg:esrs:s4_2_02,ESRS Official,S,urn:ngsi-ld:Dataset:esrs_s4_2_02,urn:ngsi-ld:Indicator:Engagement_occurs_with_consumers_and_end-users_or_their_legitimate_representatives_directly_or_w,2,success,
urn:sds:reg:esrs:s4_2_03,ESRS Official,S,urn:ngsi-ld:Dataset:esrs_s4_2_03,urn:ngsi-ld:Indicator:Disclosure_of_stage_at_which_engagement_occurs_type_of_engagement_and_frequency_of_engagement,2,success,
urn:sds:reg:esrs:s4_2_04,ESRS Official,S,urn:ngsi-ld:Dataset:esrs_s4_2_04,urn:ngsi-ld:Indicator:Disclosure_of_function_and_most_senior_role_within_undertaking_that_has_operational_responsibili,2,success,
urn:sds:reg:esrs:s4_2_05,ESRS Official,S,urn:ngsi-ld:Dataset:esrs_s4_2_05,urn:ngsi-ld:Indicator:Disclosure_of_how_effectiveness_of_engagement_with_consumers_and_end-users_is_assessed,2,success,
urn:sds:reg:esrs:s4_2_06,ESRS Official,S,urn:ngsi-ld:Dataset:esrs_s4_2_06,urn:ngsi-ld:Indicator:Disclosure_of_steps_taken_to_gain_insight_into_perspectives_of_consumers_and_end-users_consumers,2,success,
urn:sds:reg:esrs:s4_2_07,ESRS Official,S,urn:ngsi-ld:Dataset:esrs_s4_2_07,urn:ngsi-ld:Indicator:Statement_in_case_the_undertaking_has_not_adopted_a_general_process_to_engage_with_consumers_and,2,success,
urn:sds:reg:esrs:s4_2_08,ESRS Official,S,urn:ngsi-ld:Dataset:esrs_s4_2_08,urn:ngsi-ld:Indicator:Disclosure_of_timeframe_for_adoption_of_general_process_to_engage_with_consumers_and_end-users_i,2,success,
urn:sds:reg:esrs:s4_2_09,ESRS Official,S,urn:ngsi-ld:Dataset:esrs_s4_2_09,urn:ngsi-ld:Indicator:Type_of_role_or_function_handling_with_engagement,2,success,
urn:sds:reg:esrs:s4_3_01,ESRS Official,S,urn:ngsi-ld:Dataset:esrs_s4_3_01,urn:ngsi-ld:Indicator:Disclosure_of_general_approach_to_and_processes_for_providing_or_contributing_to_remedy_where_un,2,success,
urn:sds:reg:esrs:s4_3_02,ESRS Official,S,urn:ngsi-ld:Dataset:esrs_s4_3_02,urn:ngsi-ld:Indicator:Disclosure_of_specific_channels_in_place_for_consumers_and_end-users_to_raise_concerns_or_needs_,2,success,
urn:sds:reg:esrs:s4_3_03,ESRS Official,S,urn:ngsi-ld:Dataset:esrs_s4_3_03,urn:ngsi-ld:Indicator:Disclosure_of_processes_through_which_undertaking_supports_or_requires_availability_of_channels,2,success,
urn:sds:reg:esrs:s4_3_04,ESRS Official,S,urn:ngsi-ld:Dataset:esrs_s4_3_04,urn:ngsi-ld:Indicator:Disclosure_of_how_issues_raised_and_addressed_are_tracked_and_monitored_and_how_effectiveness_of,2,success,
urn:sds:reg:esrs:s4_3_05,ESRS Official,S,urn:ngsi-ld:Dataset:esrs_s4_3_05,urn:ngsi-ld:Indicator:Disclosure_of_whether_and_how_it_is_assessed_that_consumers_and_end-users_are_aware_of_and_trust,2,success,
urn:sds:reg:esrs:s4_3_06,ESRS Official,S,urn:ngsi-ld:Dataset:esrs_s4_3_06,urn:ngsi-ld:Indicator:Policies_regarding_protection_against_retaliation_for_individuals_that_use_channels_to_raise_con,2,success,
urn:sds:reg:esrs:s4_3_07,ESRS Official,S,urn:ngsi-ld:Dataset:esrs_s4_3_07,urn:ngsi-ld:Indicator:Statement_in_case_the_undertaking_has_not_adopted_a_general_process_to_engage_with_consumers_and,2,success,
urn:sds:reg:esrs:s4_3_08,ESRS Official,S,urn:ngsi-ld:Dataset:esrs_s4_3_08,urn:ngsi-ld:Indicator:Disclosure_of_timeframe_for_channel_or_processes_for_raising_concerns_to_be_in_place,2,success,
urn:sds:reg:esrs:s4_3_09,ESRS Official,S,urn:ngsi-ld:Dataset:esrs_s4_3_09,urn:ngsi-ld:Indicator:Disclosure_of_whether_and_how_consumers_and_or_end-users_are_able_to_access_channels_at_level_of,2,success,
urn:sds:reg:esrs:s4_3_10,ESRS Official,S,urn:ngsi-ld:Dataset:esrs_s4_3_10,urn:ngsi-ld:Indicator:Third-party_mechanisms_are_accessible_to_all_consumers_and_or_end-users,2,success,
urn:sds:reg:esrs:s4_3_11,ESRS Official,S,urn:ngsi-ld:Dataset:esrs_s4_3_11,urn:ngsi-ld:Indicator:Grievances_are_treated_confidentially_and_with_respect_to_rights_of_privacy_and_data_protection,2,success,
urn:sds:reg:esrs:s4_3_12,ESRS Official,S,urn:ngsi-ld:Dataset:esrs_s4_3_12,urn:ngsi-ld:Indicator:consumers_and_end-users_are_allowed_to_use_anonymously_channels_to_raise_concerns_or_needs,2,success,
urn:sds:reg:esrs:s4_3_13,ESRS Official,S,urn:ngsi-ld:Dataset:esrs_s4_3_13,urn:ngsi-ld:Indicator:Number_of_complaints_received_from_consumers_and_or_end_users_during_the_reporting_period,2,success,
urn:sds:reg:esrs:s4_4_01,ESRS Official,S,urn:ngsi-ld:Dataset:esrs_s4_4_01,urn:ngsi-ld:Indicator:Description_of_action_planned_or_underway_to_prevent_mitigate_or_remediate_material_negative_imp,2,success,
urn:sds:reg:esrs:s4_4_02,ESRS Official,S,urn:ngsi-ld:Dataset:esrs_s4_4_02,urn:ngsi-ld:Indicator:Description_of_whether_and_how_action_has_been_taken_to_provide_or_enable_remedy_in_relation_to_,2,success,
urn:sds:reg:esrs:s4_4_03,ESRS Official,S,urn:ngsi-ld:Dataset:esrs_s4_4_03,urn:ngsi-ld:Indicator:Description_of_additional_initiatives_or_processes_with_primary_purpose_of_delivering_positive_i,2,success,
urn:sds:reg:esrs:s4_4_04,ESRS Official,S,urn:ngsi-ld:Dataset:esrs_s4_4_04,urn:ngsi-ld:Indicator:Description_of_how_effectiveness_of_actions_or_initiatives_in_delivering_outcomes_for_consumers_,2,success,
urn:sds:reg:esrs:s4_4_05,ESRS Official,S,urn:ngsi-ld:Dataset:esrs_s4_4_05,urn:ngsi-ld:Indicator:Description_of_approach_to_identifying_what_action_is_needed_and_appropriate_in_response_to_part,2,success,
urn:sds:reg:esrs:s4_4_06,ESRS Official,S,urn:ngsi-ld:Dataset:esrs_s4_4_06,urn:ngsi-ld:Indicator:Description_of_approach_to_taking_action_in_relation_to_specific_material_impacts_on_consumers_a,2,success,
urn:sds:reg:esrs:s4_4_07,ESRS Official,S,urn:ngsi-ld:Dataset:esrs_s4_4_07,urn:ngsi-ld:Indicator:Description_of_approach_to_ensuring_that_processes_to_provide_or_enable_remedy_in_event_of_mater,2,success,
urn:sds:reg:esrs:s4_4_08,ESRS Official,S,urn:ngsi-ld:Dataset:esrs_s4_4_08,urn:ngsi-ld:Indicator:Description_of_what_action_is_planned_or_underway_to_mitigate_material_risks_arising_from_impact,2,success,
urn:sds:reg:esrs:s4_4_09,ESRS Official,S,urn:ngsi-ld:Dataset:esrs_s4_4_09,urn:ngsi-ld:Indicator:Description_of_what_action_is_planned_or_underway_to_pursue_material_opportunities_in_relation_t,2,success,
urn:sds:reg:esrs:s4_4_10,ESRS Official,S,urn:ngsi-ld:Dataset:esrs_s4_4_10,urn:ngsi-ld:Indicator:Disclosure_of_whether_and_how_it_is_ensured_that_own_practices_do_not_cause_or_contribute_to_mat,2,success,
urn:sds:reg:esrs:s4_4_11,ESRS Official,S,urn:ngsi-ld:Dataset:esrs_s4_4_11,urn:ngsi-ld:Indicator:Disclosure_of_severe_human_rights_issues_and_incidents_connected_to_consumers_and_or_end-users,2,success,
urn:sds:reg:esrs:s4_4_12,ESRS Official,S,urn:ngsi-ld:Dataset:esrs_s4_4_12,urn:ngsi-ld:Indicator:Disclosure_of_resources_allocated_to_management_of_material_impacts,2,success,
urn:sds:reg:esrs:s4_4_13,ESRS Official,S,urn:ngsi-ld:Dataset:esrs_s4_4_13,urn:ngsi-ld:Indicator:Disclosure_of_whether_and_how_undertaking_seeks_to_use_leverage_with_relevant_business_relations,2,success,
urn:sds:reg:esrs:s4_4_14,ESRS Official,S,urn:ngsi-ld:Dataset:esrs_s4_4_14,urn:ngsi-ld:Indicator:Disclosure_of_how_participation_in_industry_or_multi-stakeholder_initiative_and_undertaking_s_ow,2,success,
urn:sds:reg:esrs:s4_4_15,ESRS Official,S,urn:ngsi-ld:Dataset:esrs_s4_4_15,urn:ngsi-ld:Indicator:Disclosure_of_how_consumers_and_end-users_play_role_in_decisions_regarding_design_and_implementa,2,success,
urn:sds:reg:esrs:s4_4_16,ESRS Official,S,urn:ngsi-ld:Dataset:esrs_s4_4_16,urn:ngsi-ld:Indicator:Information_about_intended_or_achieved_positive_outcomes_of_programmes_or_processes_for_consumer,2,success,
urn:sds:reg:esrs:s4_4_17,ESRS Official,S,urn:ngsi-ld:Dataset:esrs_s4_4_17,urn:ngsi-ld:Indicator:Initiatives_or_processes_whose_primary_aim_is_to_deliver_positive_impacts_for_consumers_and_or_e,2,success,
urn:sds:reg:esrs:s4_4_18,ESRS Official,S,urn:ngsi-ld:Dataset:esrs_s4_4_18,urn:ngsi-ld:Indicator:Description_of_internal_functions_that_are_involved_in_managing_impacts_and_types_of_action_take,2,success,
urn:sds:reg:esrs:s4_5_01,ESRS Official,S,urn:ngsi-ld:Dataset:esrs_s4_5_01,urn:ngsi-ld:Indicator:Disclosure_of_whether_and_how_consumers_and_end-users_were_engaged_directly_in_setting_targets,2,success,
urn:sds:reg:esrs:s4_5_02,ESRS Official,S,urn:ngsi-ld:Dataset:esrs_s4_5_02,urn:ngsi-ld:Indicator:Disclosure_of_whether_and_how_consumers_and_end-users_were_engaged_directly_in_tracking_performa,2,success,
urn:sds:reg:esrs:s4_5_03,ESRS Official,S,urn:ngsi-ld:Dataset:esrs_s4_5_03,urn:ngsi-ld:Indicator:Disclosure_of_whether_and_how_consumers_and_end-users_were_engaged_directly_in_identifying_lesso,2,success,
urn:sds:reg:esrs:s4_5_04,ESRS Official,S,urn:ngsi-ld:Dataset:esrs_s4_5_04,urn:ngsi-ld:Indicator:Disclosure_of_intended_outcomes_to_be_achieved_in_lives_of_consumers_and_end-users,2,success,
urn:sds:reg:esrs:s4_5_05,ESRS Official,S,urn:ngsi-ld:Dataset:esrs_s4_5_05,urn:ngsi-ld:Indicator:Information_about_stability_over_time_of_target_in_terms_of_definitions_and_methodologies_to_ena,2,success,
urn:sds:reg:esrs:s4_5_06,ESRS Official,S,urn:ngsi-ld:Dataset:esrs_s4_5_06,urn:ngsi-ld:Indicator:Disclosure_of_references_to_standards_or_commitments_on_which_target_is_based,2,success,
urn:sds:reg:esrs:s4_sbm_3_01,ESRS Official,S,urn:ngsi-ld:Dataset:esrs_s4_sbm_3_01,urn:ngsi-ld:Indicator:All_consumers_and_end-users_who_can_be_materially_impacted_by_undertaking_are_included_in_scope_,2,success,
urn:sds:reg:esrs:s4_sbm_3_02,ESRS Official,S,urn:ngsi-ld:Dataset:esrs_s4_sbm_3_02,urn:ngsi-ld:Indicator:Description_of_types_of_consumers_and_end-users_subject_to_material_impacts,2,success,
urn:sds:reg:esrs:s4_sbm_3_03,ESRS Official,S,urn:ngsi-ld:Dataset:esrs_s4_sbm_3_03,urn:ngsi-ld:Indicator:Type_of_consumers_and_end-users_subject_to_material_impacts_by_own_operations_or_through_value_c,2,success,
urn:sds:reg:esrs:s4_sbm_3_04,ESRS Official,S,urn:ngsi-ld:Dataset:esrs_s4_sbm_3_04,urn:ngsi-ld:Indicator:Material_negative_impacts_occurrence_consumers_and_end-users_,2,success,
urn:sds:reg:esrs:s4_sbm_3_05,ESRS Official,S,urn:ngsi-ld:Dataset:esrs_s4_sbm_3_05,urn:ngsi-ld:Indicator:Description_of_activities_that_result_in_positive_impacts_and_types_of_consumers_and_end-users_t,2,success,
urn:sds:reg:esrs:s4_sbm_3_06,ESRS Official,S,urn:ngsi-ld:Dataset:esrs_s4_sbm_3_06,urn:ngsi-ld:Indicator:Description_of_material_risks_and_opportunities_arising_from_impacts_and_dependencies_on_consume,2,success,
urn:sds:reg:esrs:s4_sbm_3_07,ESRS Official,S,urn:ngsi-ld:Dataset:esrs_s4_sbm_3_07,urn:ngsi-ld:Indicator:Disclosure_of_whether_and_how_understanding_of_how_consumers_and_end-users_with_particular_chara,2,success,
urn:sds:reg:esrs:s4_sbm_3_08,ESRS Official,S,urn:ngsi-ld:Dataset:esrs_s4_sbm_3_08,urn:ngsi-ld:Indicator:Disclosure_of_which_of_material_risks_and_opportunities_arising_from_impacts_and_dependencies_on,2,success,
urn:sds:reg:esrs:sbm_1_01,ESRS Official,Transversal,urn:ngsi-ld:Dataset:esrs_sbm_1_01,urn:ngsi-ld:Indicator:Description_of_significant_groups_of_products_and_or_services_offered,2,success,
urn:sds:reg:esrs:sbm_1_02,ESRS Official,Transversal,urn:ngsi-ld:Dataset:esrs_sbm_1_02,urn:ngsi-ld:Indicator:Description_of_significant_markets_and_or_customer_groups_served,2,success,
urn:sds:reg:esrs:sbm_1_03,ESRS Official,Transversal,urn:ngsi-ld:Dataset:esrs_sbm_1_03,urn:ngsi-ld:Indicator:Number_of_employees_head_count_at_end_of_period,2,success,
urn:sds:reg:esrs:sbm_1_04,ESRS Official,Transversal,urn:ngsi-ld:Dataset:esrs_sbm_1_04,urn:ngsi-ld:Indicator:Number_of_employees_head_count_during_period,2,success,
urn:sds:reg:esrs:sbm_1_05,ESRS Official,Transversal,urn:ngsi-ld:Dataset:esrs_sbm_1_05,urn:ngsi-ld:Indicator:Description_of_products_and_services_that_are_banned_in_certain_markets,2,success,
urn:sds:reg:esrs:sbm_1_06,ESRS Official,Transversal,urn:ngsi-ld:Dataset:esrs_sbm_1_06,urn:ngsi-ld:Indicator:Total_revenue,2,success,
urn:sds:reg:esrs:sbm_1_07,ESRS Official,Transversal,urn:ngsi-ld:Dataset:esrs_sbm_1_07,urn:ngsi-ld:Indicator:Revenue_by_significant_ESRS_Sectors,2,success,
urn:sds:reg:esrs:sbm_1_08,ESRS Official,Transversal,urn:ngsi-ld:Dataset:esrs_sbm_1_08,urn:ngsi-ld:Indicator:List_of_additional_significant_ESRS_sectors_in_which_significant_activities_are_developed_or_in_,2,success,
urn:sds:reg:esrs:sbm_1_09,ESRS Official,Transversal,urn:ngsi-ld:Dataset:esrs_sbm_1_09,urn:ngsi-ld:Indicator:Undertaking_is_active_in_fossil_fuel_coal_oil_and_gas_sector,2,success,
urn:sds:reg:esrs:sbm_1_10,ESRS Official,Transversal,urn:ngsi-ld:Dataset:esrs_sbm_1_10,urn:ngsi-ld:Indicator:Revenue_from_fossil_fuel_coal_oil_and_gas_sector,2,success,
urn:sds:reg:esrs:sbm_1_11,ESRS Official,Transversal,urn:ngsi-ld:Dataset:esrs_sbm_1_11,urn:ngsi-ld:Indicator:Revenue_from_coal,2,success,
urn:sds:reg:esrs:sbm_1_12,ESRS Official,Transversal,urn:ngsi-ld:Dataset:esrs_sbm_1_12,urn:ngsi-ld:Indicator:Revenue_from_oil,2,success,
urn:sds:reg:esrs:sbm_1_13,ESRS Official,Transversal,urn:ngsi-ld:Dataset:esrs_sbm_1_13,urn:ngsi-ld:Indicator:Revenue_from_gas,2,success,
urn:sds:reg:esrs:sbm_1_14,ESRS Official,Transversal,urn:ngsi-ld:Dataset:esrs_sbm_1_14,urn:ngsi-ld:Indicator:Revenue_from_Taxonomy-aligned_economic_activities_related_to_fossil_gas,2,success,
urn:sds:reg:esrs:sbm_1_15,ESRS Official,Transversal,urn:ngsi-ld:Dataset:esrs_sbm_1_15,urn:ngsi-ld:Indicator:Undertaking_is_active_in_chemicals_production,2,success,
urn:sds:reg:esrs:sbm_1_16,ESRS Official,Transversal,urn:ngsi-ld:Dataset:esrs_sbm_1_16,urn:ngsi-ld:Indicator:Revenue_from_chemical_production_i.e._its_activities_fall_under_Division_20.2_of_Annex_I_to_Regu,2,success,
urn:sds:reg:esrs:sbm_1_17,ESRS Official,Transversal,urn:ngsi-ld:Dataset:esrs_sbm_1_17,urn:ngsi-ld:Indicator:Undertaking_is_active_in_controversial_weapons,2,success,
urn:sds:reg:esrs:sbm_1_18,ESRS Official,Transversal,urn:ngsi-ld:Dataset:esrs_sbm_1_18,urn:ngsi-ld:Indicator:Revenue_from_controversial_weapons,2,success,
urn:sds:reg:esrs:sbm_1_19,ESRS Official,Transversal,urn:ngsi-ld:Dataset:esrs_sbm_1_19,urn:ngsi-ld:Indicator:Undertaking_is_active_in_cultivation_and_production_of_tobacco,2,success,
urn:sds:reg:esrs:sbm_1_20,ESRS Official,Transversal,urn:ngsi-ld:Dataset:esrs_sbm_1_20,urn:ngsi-ld:Indicator:Revenue_from_cultivation_and_production_of_tobacco,2,success,
urn:sds:reg:esrs:sbm_1_21,ESRS Official,Transversal,urn:ngsi-ld:Dataset:esrs_sbm_1_21,urn:ngsi-ld:Indicator:Description_of_sustainability-related_goals_in_terms_of_significant_groups_of_products_and_servi,2,success,
urn:sds:reg:esrs:sbm_1_22,ESRS Official,Transversal,urn:ngsi-ld:Dataset:esrs_sbm_1_22,urn:ngsi-ld:Indicator:Disclosure_of_assessment_of_current_significant_products_and_or_services_and_significant_markets,2,success,
urn:sds:reg:esrs:sbm_1_23,ESRS Official,Transversal,urn:ngsi-ld:Dataset:esrs_sbm_1_23,urn:ngsi-ld:Indicator:Disclosure_of_elements_of_strategy_that_relate_to_or_impact_sustainability_matters,2,success,
urn:sds:reg:esrs:sbm_1_24,ESRS Official,Transversal,urn:ngsi-ld:Dataset:esrs_sbm_1_24,urn:ngsi-ld:Indicator:List_of_ESRS_sectors_that_are_significant_for_undertaking,2,success,
urn:sds:reg:esrs:sbm_1_25,ESRS Official,Transversal,urn:ngsi-ld:Dataset:esrs_sbm_1_25,urn:ngsi-ld:Indicator:Description_of_business_model_and_value_chain,2,success,
urn:sds:reg:esrs:sbm_1_26,ESRS Official,Transversal,urn:ngsi-ld:Dataset:esrs_sbm_1_26,urn:ngsi-ld:Indicator:Description_of_inputs_and_approach_to_gathering_developing_and_securing_inputs,2,success,
urn:sds:reg:esrs:sbm_1_27,ESRS Official,Transversal,urn:ngsi-ld:Dataset:esrs_sbm_1_27,urn:ngsi-ld:Indicator:Description_of_outputs_and_outcomes_in_terms_of_current_and_expected_benefits_for_customers_inve,2,success,
urn:sds:reg:esrs:sbm_1_28,ESRS Official,Transversal,urn:ngsi-ld:Dataset:esrs_sbm_1_28,urn:ngsi-ld:Indicator:Description_of_main_features_of_upstream_and_downstream_value_chain_and_undertakings_position_in,2,success,
urn:sds:reg:esrs:sbm_2_01,ESRS Official,Transversal,urn:ngsi-ld:Dataset:esrs_sbm_2_01,urn:ngsi-ld:Indicator:Description_of_stakeholder_engagement,2,success,
urn:sds:reg:esrs:sbm_2_02,ESRS Official,Transversal,urn:ngsi-ld:Dataset:esrs_sbm_2_02,urn:ngsi-ld:Indicator:Description_of_key_stakeholders,2,success,
urn:sds:reg:esrs:sbm_2_03,ESRS Official,Transversal,urn:ngsi-ld:Dataset:esrs_sbm_2_03,urn:ngsi-ld:Indicator:Description_of_categories_of_stakeholders_for_which_engagement_occurs,2,success,
urn:sds:reg:esrs:sbm_2_04,ESRS Official,Transversal,urn:ngsi-ld:Dataset:esrs_sbm_2_04,urn:ngsi-ld:Indicator:Description_of_how_stakeholder_engagement_is_organised,2,success,
urn:sds:reg:esrs:sbm_2_05,ESRS Official,Transversal,urn:ngsi-ld:Dataset:esrs_sbm_2_05,urn:ngsi-ld:Indicator:Description_of_purpose_of_stakeholder_engagement,2,success,
urn:sds:reg:esrs:sbm_2_06,ESRS Official,Transversal,urn:ngsi-ld:Dataset:esrs_sbm_2_06,urn:ngsi-ld:Indicator:Description_of_how_outcome_of_stakeholder_engagement_is_taken_into_account,2,success,
urn:sds:reg:esrs:sbm_2_07,ESRS Official,Transversal,urn:ngsi-ld:Dataset:esrs_sbm_2_07,urn:ngsi-ld:Indicator:Description_of_understanding_of_interests_and_views_of_key_stakeholders_as_they_relate_to_undert,2,success,
urn:sds:reg:esrs:sbm_2_08,ESRS Official,Transversal,urn:ngsi-ld:Dataset:esrs_sbm_2_08,urn:ngsi-ld:Indicator:Description_of_amendments_to_strategy_and_or_business_model,2,success,
urn:sds:reg:esrs:sbm_2_09,ESRS Official,Transversal,urn:ngsi-ld:Dataset:esrs_sbm_2_09,urn:ngsi-ld:Indicator:Description_of_how_strategy_and_or_business_model_have_been_amended_or_are_expected_to_be_amende,2,success,
urn:sds:reg:esrs:sbm_2_10,ESRS Official,Transversal,urn:ngsi-ld:Dataset:esrs_sbm_2_10,urn:ngsi-ld:Indicator:Description_of_any_further_steps_that_are_being_planned_and_in_what_timeline,2,success,
urn:sds:reg:esrs:sbm_2_11,ESRS Official,Transversal,urn:ngsi-ld:Dataset:esrs_sbm_2_11,urn:ngsi-ld:Indicator:Further_steps_that_are_being_planned_are_likely_to_modify_relationship_with_and_views_of_stakeho,2,success,
urn:sds:reg:esrs:sbm_2_12,ESRS Official,Transversal,urn:ngsi-ld:Dataset:esrs_sbm_2_12,urn:ngsi-ld:Indicator:Description_of_how_administrative_management_and_supervisory_bodies_are_informed_about_views_and,2,success,
urn:sds:reg:esrs:sbm_3_01,ESRS Official,Transversal,urn:ngsi-ld:Dataset:esrs_sbm_3_01,urn:ngsi-ld:Indicator:Description_of_material_impacts_resulting_from_materiality_assessment,2,success,
urn:sds:reg:esrs:sbm_3_02,ESRS Official,Transversal,urn:ngsi-ld:Dataset:esrs_sbm_3_02,urn:ngsi-ld:Indicator:Description_of_material_risks_and_opportunities_resulting_from_materiality_assessment,2,success,
urn:sds:reg:esrs:sbm_3_03,ESRS Official,Transversal,urn:ngsi-ld:Dataset:esrs_sbm_3_03,urn:ngsi-ld:Indicator:Disclosure_of_current_and_anticipated_effects_of_material_impacts_risks_and_opportunities_on_bus,2,success,
urn:sds:reg:esrs:sbm_3_04,ESRS Official,Transversal,urn:ngsi-ld:Dataset:esrs_sbm_3_04,urn:ngsi-ld:Indicator:Disclosure_of_how_material_negative_and_positive_impacts_affect_or_are_likely_to_affect_people_o,2,success,
urn:sds:reg:esrs:sbm_3_05,ESRS Official,Transversal,urn:ngsi-ld:Dataset:esrs_sbm_3_05,urn:ngsi-ld:Indicator:Disclosure_of_whether_and_how_material_impacts_originate_from_or_are_connected_to_strategy_and_b,2,success,
urn:sds:reg:esrs:sbm_3_06,ESRS Official,Transversal,urn:ngsi-ld:Dataset:esrs_sbm_3_06,urn:ngsi-ld:Indicator:Disclosure_of_reasonably_expected_time_horizons_of_material_impacts,2,success,
urn:sds:reg:esrs:sbm_3_07,ESRS Official,Transversal,urn:ngsi-ld:Dataset:esrs_sbm_3_07,urn:ngsi-ld:Indicator:Description_of_nature_of_activities_or_business_relationships_through_which_undertaking_is_invol,2,success,
urn:sds:reg:esrs:sbm_3_08,ESRS Official,Transversal,urn:ngsi-ld:Dataset:esrs_sbm_3_08,urn:ngsi-ld:Indicator:Disclosure_of_current_financial_effects_of_material_risks_and_opportunities_on_financial_positio,2,success,
urn:sds:reg:esrs:sbm_3_09,ESRS Official,Transversal,urn:ngsi-ld:Dataset:esrs_sbm_3_09,urn:ngsi-ld:Indicator:Disclosure_of_anticipated_financial_effects_of_material_risks_and_opportunities_on_financial_pos,2,success,
urn:sds:reg:esrs:sbm_3_10,ESRS Official,Transversal,urn:ngsi-ld:Dataset:esrs_sbm_3_10,urn:ngsi-ld:Indicator:Information_about_resilience_of_strategy_and_business_model_regarding_capacity_to_address_materi,2,success,
urn:sds:reg:esrs:sbm_3_11,ESRS Official,Transversal,urn:ngsi-ld:Dataset:esrs_sbm_3_11,urn:ngsi-ld:Indicator:Disclosure_of_changes_to_material_impacts_risks_and_opportunities_compared_to_previous_reporting,2,success,
urn:sds:reg:esrs:sbm_3_12,ESRS Official,Transversal,urn:ngsi-ld:Dataset:esrs_sbm_3_12,urn:ngsi-ld:Indicator:Disclosure_of_specification_of_impacts_risks_and_opportunities_that_are_covered_by_ESRS_Disclosu,2,success,
urn:sds:reg:gri:gri_101_1_a,GRI Official,E,urn:ngsi-ld:Dataset:gri_gri_101_1_a,urn:ngsi-ld:Indicator:describe_its_policies_or_commitments_to_halt_and_reverse_biodiversity_loss_and_how_these_are_inf,2,success,
urn:sds:reg:gri:gri_101_1_b,GRI Official,E,urn:ngsi-ld:Dataset:gri_gri_101_1_b,urn:ngsi-ld:Indicator:report_the_extent_to_which_these_policies_or_commitments_apply_to_the_organization_s_activities_,2,success,
urn:sds:reg:gri:gri_101_1_c,GRI Official,E,urn:ngsi-ld:Dataset:gri_gri_101_1_c,urn:ngsi-ld:Indicator:report_the_goals_and_targets_to_halt_and_reverse_biodiversity_loss_whether_they_are_informed_by_,2,success,
urn:sds:reg:gri:gri_101_2_a,GRI Official,E,urn:ngsi-ld:Dataset:gri_gri_101_2_a,urn:ngsi-ld:Indicator:report_how_it_applies_the_mitigation_hierarchy_by_describing_,2,success,
urn:sds:reg:gri:gri_101_2_a_i,GRI Official,E,urn:ngsi-ld:Dataset:gri_gri_101_2_a_i,urn:ngsi-ld:Indicator:actions_taken_to_avoid_negative_impacts_on_biodiversity_,2,success,
urn:sds:reg:gri:gri_101_2_a_ii,GRI Official,E,urn:ngsi-ld:Dataset:gri_gri_101_2_a_ii,urn:ngsi-ld:Indicator:actions_taken_to_minimize_negative_impacts_on_biodiversity_that_were_not_avoided_,2,success,
urn:sds:reg:gri:gri_101_2_a_iii,GRI Official,E,urn:ngsi-ld:Dataset:gri_gri_101_2_a_iii,urn:ngsi-ld:Indicator:actions_taken_to_restore_and_rehabilitate_affected_ecosystems_including_the_goals_of_the_restora,2,success,
urn:sds:reg:gri:gri_101_2_a_iv,GRI Official,E,urn:ngsi-ld:Dataset:gri_gri_101_2_a_iv,urn:ngsi-ld:Indicator:actions_taken_to_offset_residual_negative_impacts_on_biodiversity_,2,success,
urn:sds:reg:gri:gri_101_2_a_v,GRI Official,E,urn:ngsi-ld:Dataset:gri_gri_101_2_a_v,urn:ngsi-ld:Indicator:transformative_actions_taken_and_additional_conservation_actions_taken_,2,success,
urn:sds:reg:gri:gri_101_2_b,GRI Official,E,urn:ngsi-ld:Dataset:gri_gri_101_2_b,urn:ngsi-ld:Indicator:with_reference_to_101-2-a-iii_report_for_each_site_with_the_most_significant_impacts_on_biodiver,2,success,
urn:sds:reg:gri:gri_101_2_b_i,GRI Official,E,urn:ngsi-ld:Dataset:gri_gri_101_2_b_i,urn:ngsi-ld:Indicator:the_size_in_hectares_of_the_area_under_restoration_or_rehabilitation_,2,success,
urn:sds:reg:gri:gri_101_2_b_ii,GRI Official,E,urn:ngsi-ld:Dataset:gri_gri_101_2_b_ii,urn:ngsi-ld:Indicator:the_size_in_hectares_of_the_area_restored_or_rehabilitated_,2,success,
urn:sds:reg:gri:gri_101_2_c,GRI Official,E,urn:ngsi-ld:Dataset:gri_gri_101_2_c,urn:ngsi-ld:Indicator:with_reference_to_101-2-a-iv_report_for_each_offset_,2,success,
urn:sds:reg:gri:gri_101_2_c_i,GRI Official,E,urn:ngsi-ld:Dataset:gri_gri_101_2_c_i,urn:ngsi-ld:Indicator:the_goals_,2,success,
urn:sds:reg:gri:gri_101_2_c_ii,GRI Official,E,urn:ngsi-ld:Dataset:gri_gri_101_2_c_ii,urn:ngsi-ld:Indicator:the_geographic_location_,2,success,
urn:sds:reg:gri:gri_101_2_c_iii,GRI Official,E,urn:ngsi-ld:Dataset:gri_gri_101_2_c_iii,urn:ngsi-ld:Indicator:whether_and_how_principles_of_good_offset_practices_are_met_,2,success,
urn:sds:reg:gri:gri_101_2_c_iv,GRI Official,E,urn:ngsi-ld:Dataset:gri_gri_101_2_c_iv,urn:ngsi-ld:Indicator:whether_and_how_the_offset_is_certified_or_verified_by_a_third_party_,2,success,
urn:sds:reg:gri:gri_101_2_d,GRI Official,E,urn:ngsi-ld:Dataset:gri_gri_101_2_d,urn:ngsi-ld:Indicator:list_which_of_its_sites_with_the_most_significant_impacts_on_biodiversity_have_a_biodiversity_ma,2,success,
urn:sds:reg:gri:gri_101_2_e,GRI Official,E,urn:ngsi-ld:Dataset:gri_gri_101_2_e,urn:ngsi-ld:Indicator:describe_how_it_enhances_synergies_and_reduces_trade-offs_between_actions_taken_to_manage_its_bi,2,success,
urn:sds:reg:gri:gri_101_2_f,GRI Official,E,urn:ngsi-ld:Dataset:gri_gri_101_2_f,urn:ngsi-ld:Indicator:describe_how_it_ensures_that_the_actions_taken_to_manage_its_impacts_on_biodiversity_avoid_and_m,2,success,
urn:sds:reg:gri:gri_101_3_a,GRI Official,E,urn:ngsi-ld:Dataset:gri_gri_101_3_a,urn:ngsi-ld:Indicator:describe_the_process_to_ensure_compliance_with_access_and_benefit-sharing_regulations_and_measur,2,success,
urn:sds:reg:gri:gri_101_3_b,GRI Official,E,urn:ngsi-ld:Dataset:gri_gri_101_3_b,urn:ngsi-ld:Indicator:describe_voluntary_actions_taken_to_advance_access_and_benefit-sharing_that_are_additional_to_le,2,success,
urn:sds:reg:gri:gri_101_4_a,GRI Official,E,urn:ngsi-ld:Dataset:gri_gri_101_4_a,urn:ngsi-ld:Indicator:explain_how_it_has_determined_which_of_its_sites_and_which_products_and_services_in_its_supply_c,2,success,
urn:sds:reg:gri:gri_101_5_a,GRI Official,E,urn:ngsi-ld:Dataset:gri_gri_101_5_a,urn:ngsi-ld:Indicator:report_the_location_and_size_in_hectares_of_its_sites_with_the_most_significant_impacts_on_biodi,2,success,
urn:sds:reg:gri:gri_101_5_b,GRI Official,E,urn:ngsi-ld:Dataset:gri_gri_101_5_b,urn:ngsi-ld:Indicator:for_each_site_reported_under_101-5-a_report_whether_it_is_in_or_near_an_ecologically_sensitive_a,2,success,
urn:sds:reg:gri:gri_101_5_b_i,GRI Official,E,urn:ngsi-ld:Dataset:gri_gri_101_5_b_i,urn:ngsi-ld:Indicator:areas_of_biodiversity_importance_,2,success,
urn:sds:reg:gri:gri_101_5_b_ii,GRI Official,E,urn:ngsi-ld:Dataset:gri_gri_101_5_b_ii,urn:ngsi-ld:Indicator:areas_of_high_ecosystem_integrity_,2,success,
urn:sds:reg:gri:gri_101_5_b_iii,GRI Official,E,urn:ngsi-ld:Dataset:gri_gri_101_5_b_iii,urn:ngsi-ld:Indicator:areas_of_rapid_decline_in_ecosystem_integrity_,2,success,
urn:sds:reg:gri:gri_101_5_b_iv,GRI Official,E,urn:ngsi-ld:Dataset:gri_gri_101_5_b_iv,urn:ngsi-ld:Indicator:areas_of_high_physical_water_risks_,2,success,
urn:sds:reg:gri:gri_101_5_b_v,GRI Official,E,urn:ngsi-ld:Dataset:gri_gri_101_5_b_v,urn:ngsi-ld:Indicator:areas_important_for_the_delivery_of_ecosystem_service_benefits_to_Indigenous_Peoples_local_commu,2,success,
urn:sds:reg:gri:gri_101_5_c,GRI Official,E,urn:ngsi-ld:Dataset:gri_gri_101_5_c,urn:ngsi-ld:Indicator:report_the_activities_that_take_place_in_each_site_reported_under_101-5-a_,2,success,
urn:sds:reg:gri:gri_101_5_d,GRI Official,E,urn:ngsi-ld:Dataset:gri_gri_101_5_d,urn:ngsi-ld:Indicator:report_the_products_and_services_in_its_supply_chain_with_the_most_significant_impacts_on_biodiv,2,success,
urn:sds:reg:gri:gri_101_6_a,GRI Official,E,urn:ngsi-ld:Dataset:gri_gri_101_6_a,urn:ngsi-ld:Indicator:for_each_site_reported_under_101-5-a_where_its_activities_lead_or_could_lead_to_land_and_sea_use,2,success,
urn:sds:reg:gri:gri_101_6_a_i,GRI Official,E,urn:ngsi-ld:Dataset:gri_gri_101_6_a_i,urn:ngsi-ld:Indicator:the_size_in_hectares_of_natural_ecosystem_converted_since_a_cut-off_or_reference_date_the_cut-of,2,success,
urn:sds:reg:gri:gri_101_6_a_ii,GRI Official,E,urn:ngsi-ld:Dataset:gri_gri_101_6_a_ii,urn:ngsi-ld:Indicator:the_size_in_hectares_of_land_and_sea_converted_from_one_intensively_used_or_modified_ecosystem_t,2,success,
urn:sds:reg:gri:gri_101_6_b,GRI Official,E,urn:ngsi-ld:Dataset:gri_gri_101_6_b,urn:ngsi-ld:Indicator:for_each_site_reported_under_101-5-a_where_its_activities_lead_or_could_lead_to_the_exploitation,2,success,
urn:sds:reg:gri:gri_101_6_b_i,GRI Official,E,urn:ngsi-ld:Dataset:gri_gri_101_6_b_i,urn:ngsi-ld:Indicator:for_each_wild_species_harvested_the_quantity_the_type_and_extinction_risk_,2,success,
urn:sds:reg:gri:gri_101_6_b_ii,GRI Official,E,urn:ngsi-ld:Dataset:gri_gri_101_6_b_ii,urn:ngsi-ld:Indicator:water_withdrawal_and_water_consumption_in_megaliters_,2,success,
urn:sds:reg:gri:gri_101_6_c,GRI Official,E,urn:ngsi-ld:Dataset:gri_gri_101_6_c,urn:ngsi-ld:Indicator:for_each_site_reported_under_101-5-a_where_its_activities_lead_or_could_lead_to_pollution_report,2,success,
urn:sds:reg:gri:gri_101_6_d,GRI Official,E,urn:ngsi-ld:Dataset:gri_gri_101_6_d,urn:ngsi-ld:Indicator:for_each_site_reported_under_101-5-a_where_its_activities_lead_or_could_lead_to_the_introduction,2,success,
urn:sds:reg:gri:gri_101_6_e,GRI Official,E,urn:ngsi-ld:Dataset:gri_gri_101_6_e,urn:ngsi-ld:Indicator:for_each_product_and_service_in_its_supply_chain_reported_under_101-5-d_report_the_information_r,2,success,
urn:sds:reg:gri:gri_101_6_f,GRI Official,E,urn:ngsi-ld:Dataset:gri_gri_101_6_f,urn:ngsi-ld:Indicator:report_contextual_information_necessary_to_understand_how_the_data_has_been_compiled_including_s,2,success,
urn:sds:reg:gri:gri_101_7_a,GRI Official,E,urn:ngsi-ld:Dataset:gri_gri_101_7_a,urn:ngsi-ld:Indicator:for_each_site_reported_under_101-5-a_report_the_following_information_on_affected_or_potentially,2,success,
urn:sds:reg:gri:gri_101_7_a_i,GRI Official,E,urn:ngsi-ld:Dataset:gri_gri_101_7_a_i,urn:ngsi-ld:Indicator:the_ecosystem_type_for_the_base_year_,2,success,
urn:sds:reg:gri:gri_101_7_a_ii,GRI Official,E,urn:ngsi-ld:Dataset:gri_gri_101_7_a_ii,urn:ngsi-ld:Indicator:the_ecosystem_size_in_hectares_for_the_base_year_,2,success,
urn:sds:reg:gri:gri_101_7_a_iii,GRI Official,E,urn:ngsi-ld:Dataset:gri_gri_101_7_a_iii,urn:ngsi-ld:Indicator:the_ecosystem_condition_for_the_base_year_and_the_current_reporting_period_,2,success,
urn:sds:reg:gri:gri_101_7_b,GRI Official,E,urn:ngsi-ld:Dataset:gri_gri_101_7_b,urn:ngsi-ld:Indicator:report_contextual_information_necessary_to_understand_how_the_data_has_been_compiled_including_s,2,success,
urn:sds:reg:gri:gri_101_8_a,GRI Official,E,urn:ngsi-ld:Dataset:gri_gri_101_8_a,urn:ngsi-ld:Indicator:for_each_site_reported_under_101-5-a_list_the_ecosystem_services_and_beneficiaries_affected_or_p,2,success,
urn:sds:reg:gri:gri_101_8_b,GRI Official,E,urn:ngsi-ld:Dataset:gri_gri_101_8_b,urn:ngsi-ld:Indicator:explain_how_the_ecosystem_services_and_beneficiaries_are_or_could_be_affected_by_the_organizatio,2,success,
urn:sds:reg:gri:gri_2_1_a,GRI Official,G,urn:ngsi-ld:Dataset:gri_gri_2_1_a,urn:ngsi-ld:Indicator:report_its_legal_name_,2,success,
urn:sds:reg:gri:gri_2_1_b,GRI Official,G,urn:ngsi-ld:Dataset:gri_gri_2_1_b,urn:ngsi-ld:Indicator:report_its_nature_of_ownership_and_legal_form_,2,success,
urn:sds:reg:gri:gri_2_1_c,GRI Official,G,urn:ngsi-ld:Dataset:gri_gri_2_1_c,urn:ngsi-ld:Indicator:report_the_location_of_its_headquarters_,2,success,
urn:sds:reg:gri:gri_2_1_d,GRI Official,G,urn:ngsi-ld:Dataset:gri_gri_2_1_d,urn:ngsi-ld:Indicator:report_its_countries_of_operation.,2,success,
urn:sds:reg:gri:gri_2_10_a,GRI Official,G,urn:ngsi-ld:Dataset:gri_gri_2_10_a,urn:ngsi-ld:Indicator:describe_the_nomination_and_selection_processes_for_the_highest_governance_body_and_its_committe,2,success,
urn:sds:reg:gri:gri_2_10_b,GRI Official,G,urn:ngsi-ld:Dataset:gri_gri_2_10_b,urn:ngsi-ld:Indicator:describe_the_criteria_used_for_nominating_and_selecting_highest_governance_body_members_includin,2,success,
urn:sds:reg:gri:gri_2_10_b_i,GRI Official,G,urn:ngsi-ld:Dataset:gri_gri_2_10_b_i,urn:ngsi-ld:Indicator:views_of_stakeholders_including_shareholders_,2,success,
urn:sds:reg:gri:gri_2_10_b_ii,GRI Official,G,urn:ngsi-ld:Dataset:gri_gri_2_10_b_ii,urn:ngsi-ld:Indicator:diversity_,2,success,
urn:sds:reg:gri:gri_2_10_b_iii,GRI Official,G,urn:ngsi-ld:Dataset:gri_gri_2_10_b_iii,urn:ngsi-ld:Indicator:independence_,2,success,
urn:sds:reg:gri:gri_2_10_b_iv,GRI Official,G,urn:ngsi-ld:Dataset:gri_gri_2_10_b_iv,urn:ngsi-ld:Indicator:competencies_relevant_to_the_impacts_of_the_organization.,2,success,
urn:sds:reg:gri:gri_2_11_a,GRI Official,G,urn:ngsi-ld:Dataset:gri_gri_2_11_a,urn:ngsi-ld:Indicator:report_whether_the_chair_of_the_highest_governance_body_is_also_a_senior_executive_in_the_organi,2,success,
urn:sds:reg:gri:gri_2_11_b,GRI Official,G,urn:ngsi-ld:Dataset:gri_gri_2_11_b,urn:ngsi-ld:Indicator:if_the_chair_is_also_a_senior_executive_explain_their_function_within_the_organization_s_managem,2,success,
urn:sds:reg:gri:gri_2_12_a,GRI Official,G,urn:ngsi-ld:Dataset:gri_gri_2_12_a,urn:ngsi-ld:Indicator:describe_the_role_of_the_highest_governance_body_and_of_senior_executives_in_developing_approvin,2,success,
urn:sds:reg:gri:gri_2_12_b,GRI Official,G,urn:ngsi-ld:Dataset:gri_gri_2_12_b,urn:ngsi-ld:Indicator:describe_the_role_of_the_highest_governance_body_in_overseeing_the_organization_s_due_diligence_,2,success,
urn:sds:reg:gri:gri_2_12_b_i,GRI Official,G,urn:ngsi-ld:Dataset:gri_gri_2_12_b_i,urn:ngsi-ld:Indicator:whether_and_how_the_highest_governance_body_engages_with_stakeholders_to_support_these_processes,2,success,
urn:sds:reg:gri:gri_2_12_b_ii,GRI Official,G,urn:ngsi-ld:Dataset:gri_gri_2_12_b_ii,urn:ngsi-ld:Indicator:how_the_highest_governance_body_considers_the_outcomes_of_these_processes_,2,success,
urn:sds:reg:gri:gri_2_12_c,GRI Official,G,urn:ngsi-ld:Dataset:gri_gri_2_12_c,urn:ngsi-ld:Indicator:describe_the_role_of_the_highest_governance_body_in_reviewing_the_effectiveness_of_the_organizat,2,success,
urn:sds:reg:gri:gri_2_13_a,GRI Official,G,urn:ngsi-ld:Dataset:gri_gri_2_13_a,urn:ngsi-ld:Indicator:describe_how_the_highest_governance_body_delegates_responsibility_for_managing_the_organization_,2,success,
urn:sds:reg:gri:gri_2_13_a_i,GRI Official,G,urn:ngsi-ld:Dataset:gri_gri_2_13_a_i,urn:ngsi-ld:Indicator:whether_it_has_appointed_any_senior_executives_with_responsibility_for_the_management_of_impacts,2,success,
urn:sds:reg:gri:gri_2_13_a_ii,GRI Official,G,urn:ngsi-ld:Dataset:gri_gri_2_13_a_ii,urn:ngsi-ld:Indicator:whether_it_has_delegated_responsibility_for_the_management_of_impacts_to_other_employees_,2,success,
urn:sds:reg:gri:gri_2_13_b,GRI Official,G,urn:ngsi-ld:Dataset:gri_gri_2_13_b,urn:ngsi-ld:Indicator:describe_the_process_and_frequency_for_senior_executives_or_other_employees_to_report_back_to_th,2,success,
urn:sds:reg:gri:gri_2_14_a,GRI Official,G,urn:ngsi-ld:Dataset:gri_gri_2_14_a,urn:ngsi-ld:Indicator:report_whether_the_highest_governance_body_is_responsible_for_reviewing_and_approving_the_report,2,success,
urn:sds:reg:gri:gri_2_14_b,GRI Official,G,urn:ngsi-ld:Dataset:gri_gri_2_14_b,urn:ngsi-ld:Indicator:if_the_highest_governance_body_is_not_responsible_for_reviewing_and_approving_the_reported_infor,2,success,
urn:sds:reg:gri:gri_2_15_a,GRI Official,G,urn:ngsi-ld:Dataset:gri_gri_2_15_a,urn:ngsi-ld:Indicator:describe_the_processes_for_the_highest_governance_body_to_ensure_that_conflicts_of_interest_are_,2,success,
urn:sds:reg:gri:gri_2_15_b,GRI Official,G,urn:ngsi-ld:Dataset:gri_gri_2_15_b,urn:ngsi-ld:Indicator:report_whether_conflicts_of_interest_are_disclosed_to_stakeholders_including_at_a_minimum_confli,2,success,
urn:sds:reg:gri:gri_2_15_b_i,GRI Official,G,urn:ngsi-ld:Dataset:gri_gri_2_15_b_i,urn:ngsi-ld:Indicator:cross-board_membership_,2,success,
urn:sds:reg:gri:gri_2_15_b_ii,GRI Official,G,urn:ngsi-ld:Dataset:gri_gri_2_15_b_ii,urn:ngsi-ld:Indicator:cross-shareholding_with_suppliers_and_other_stakeholders_,2,success,
urn:sds:reg:gri:gri_2_15_b_iii,GRI Official,G,urn:ngsi-ld:Dataset:gri_gri_2_15_b_iii,urn:ngsi-ld:Indicator:existence_of_controlling_shareholders_,2,success,
urn:sds:reg:gri:gri_2_15_b_iv,GRI Official,G,urn:ngsi-ld:Dataset:gri_gri_2_15_b_iv,urn:ngsi-ld:Indicator:related_parties_their_relationships_transactions_and_outstanding_balances.,2,success,
urn:sds:reg:gri:gri_2_16_a,GRI Official,G,urn:ngsi-ld:Dataset:gri_gri_2_16_a,urn:ngsi-ld:Indicator:describe_whether_and_how_critical_concerns_are_communicated_to_the_highest_governance_body_,2,success,
urn:sds:reg:gri:gri_2_16_b,GRI Official,G,urn:ngsi-ld:Dataset:gri_gri_2_16_b,urn:ngsi-ld:Indicator:report_the_total_number_and_the_nature_of_critical_concerns_that_were_communicated_to_the_highes,2,success,
urn:sds:reg:gri:gri_2_17_a,GRI Official,G,urn:ngsi-ld:Dataset:gri_gri_2_17_a,urn:ngsi-ld:Indicator:report_measures_taken_to_advance_the_collective_knowledge_skills_and_experience_of_the_highest_g,2,success,
urn:sds:reg:gri:gri_2_18_a,GRI Official,G,urn:ngsi-ld:Dataset:gri_gri_2_18_a,urn:ngsi-ld:Indicator:describe_the_processes_for_evaluating_the_performance_of_the_highest_governance_body_in_overseei,2,success,
urn:sds:reg:gri:gri_2_18_b,GRI Official,G,urn:ngsi-ld:Dataset:gri_gri_2_18_b,urn:ngsi-ld:Indicator:report_whether_the_evaluations_are_independent_or_not_and_the_frequency_of_the_evaluations_,2,success,
urn:sds:reg:gri:gri_2_18_c,GRI Official,G,urn:ngsi-ld:Dataset:gri_gri_2_18_c,urn:ngsi-ld:Indicator:describe_actions_taken_in_response_to_the_evaluations_including_changes_to_the_composition_of_th,2,success,
urn:sds:reg:gri:gri_2_19_a,GRI Official,G,urn:ngsi-ld:Dataset:gri_gri_2_19_a,urn:ngsi-ld:Indicator:describe_the_remuneration_policies_for_members_of_the_highest_governance_body_and_senior_executi,2,success,
urn:sds:reg:gri:gri_2_19_a_i,GRI Official,G,urn:ngsi-ld:Dataset:gri_gri_2_19_a_i,urn:ngsi-ld:Indicator:fixed_pay_and_variable_pay_,2,success,
urn:sds:reg:gri:gri_2_19_a_ii,GRI Official,G,urn:ngsi-ld:Dataset:gri_gri_2_19_a_ii,urn:ngsi-ld:Indicator:sign-on_bonuses_or_recruitment_incentive_payments_,2,success,
urn:sds:reg:gri:gri_2_19_a_iii,GRI Official,G,urn:ngsi-ld:Dataset:gri_gri_2_19_a_iii,urn:ngsi-ld:Indicator:termination_payments_,2,success,
urn:sds:reg:gri:gri_2_19_a_iv,GRI Official,G,urn:ngsi-ld:Dataset:gri_gri_2_19_a_iv,urn:ngsi-ld:Indicator:clawbacks_,2,success,
urn:sds:reg:gri:gri_2_19_a_v,GRI Official,G,urn:ngsi-ld:Dataset:gri_gri_2_19_a_v,urn:ngsi-ld:Indicator:retirement_benefits_,2,success,
urn:sds:reg:gri:gri_2_19_b,GRI Official,G,urn:ngsi-ld:Dataset:gri_gri_2_19_b,urn:ngsi-ld:Indicator:describe_how_the_remuneration_policies_for_members_of_the_highest_governance_body_and_senior_exe,2,success,
urn:sds:reg:gri:gri_2_2_a,GRI Official,G,urn:ngsi-ld:Dataset:gri_gri_2_2_a,urn:ngsi-ld:Indicator:list_all_its_entities_included_in_its_sustainability_reporting_,2,success,
urn:sds:reg:gri:gri_2_2_b,GRI Official,G,urn:ngsi-ld:Dataset:gri_gri_2_2_b,urn:ngsi-ld:Indicator:if_the_organization_has_audited_consolidated_financial_statements_or_financial_information_filed,2,success,
urn:sds:reg:gri:gri_2_2_c,GRI Official,G,urn:ngsi-ld:Dataset:gri_gri_2_2_c,urn:ngsi-ld:Indicator:if_the_organization_consists_of_multiple_entities_explain_the_approach_used_for_consolidating_th,2,success,
urn:sds:reg:gri:gri_2_2_c_i,GRI Official,G,urn:ngsi-ld:Dataset:gri_gri_2_2_c_i,urn:ngsi-ld:Indicator:whether_the_approach_involves_adjustments_to_information_for_minority_interests_,2,success,
urn:sds:reg:gri:gri_2_2_c_ii,GRI Official,G,urn:ngsi-ld:Dataset:gri_gri_2_2_c_ii,urn:ngsi-ld:Indicator:how_the_approach_takes_into_account_mergers_acquisitions_and_disposal_of_entities_or_parts_of_en,2,success,
urn:sds:reg:gri:gri_2_2_c_iii,GRI Official,G,urn:ngsi-ld:Dataset:gri_gri_2_2_c_iii,urn:ngsi-ld:Indicator:whether_and_how_the_approach_differs_across_the_disclosures_in_this_Standard_and_across_material,2,success,
urn:sds:reg:gri:gri_2_20_a,GRI Official,G,urn:ngsi-ld:Dataset:gri_gri_2_20_a,urn:ngsi-ld:Indicator:describe_the_process_for_designing_its_remuneration_policies_and_for_determining_remuneration_in,2,success,
urn:sds:reg:gri:gri_2_20_a_i,GRI Official,G,urn:ngsi-ld:Dataset:gri_gri_2_20_a_i,urn:ngsi-ld:Indicator:whether_independent_highest_governance_body_members_or_an_independent_remuneration_committee_ove,2,success,
urn:sds:reg:gri:gri_2_20_a_ii,GRI Official,G,urn:ngsi-ld:Dataset:gri_gri_2_20_a_ii,urn:ngsi-ld:Indicator:how_the_views_of_stakeholders_including_shareholders_regarding_remuneration_are_sought_and_taken,2,success,
urn:sds:reg:gri:gri_2_20_a_iii,GRI Official,G,urn:ngsi-ld:Dataset:gri_gri_2_20_a_iii,urn:ngsi-ld:Indicator:whether_remuneration_consultants_are_involved_in_determining_remuneration_and_if_so_whether_they,2,success,
urn:sds:reg:gri:gri_2_20_b,GRI Official,G,urn:ngsi-ld:Dataset:gri_gri_2_20_b,urn:ngsi-ld:Indicator:report_the_results_of_votes_of_stakeholders_including_shareholders_on_remuneration_policies_and_,2,success,
urn:sds:reg:gri:gri_2_21_a,GRI Official,G,urn:ngsi-ld:Dataset:gri_gri_2_21_a,urn:ngsi-ld:Indicator:report_the_ratio_of_the_annual_total_compensation_for_the_organization_s_highest-paid_individual,2,success,
urn:sds:reg:gri:gri_2_21_b,GRI Official,G,urn:ngsi-ld:Dataset:gri_gri_2_21_b,urn:ngsi-ld:Indicator:report_the_ratio_of_the_percentage_increase_in_annual_total_compensation_for_the_organization_s_,2,success,
urn:sds:reg:gri:gri_2_21_c,GRI Official,G,urn:ngsi-ld:Dataset:gri_gri_2_21_c,urn:ngsi-ld:Indicator:report_contextual_information_necessary_to_understand_the_data_and_how_the_data_has_been_compile,2,success,
urn:sds:reg:gri:gri_2_22_a,GRI Official,G,urn:ngsi-ld:Dataset:gri_gri_2_22_a,urn:ngsi-ld:Indicator:report_a_statement_from_the_highest_governance_body_or_most_senior_executive_of_the_organization,2,success,
urn:sds:reg:gri:gri_2_23_a,GRI Official,G,urn:ngsi-ld:Dataset:gri_gri_2_23_a,urn:ngsi-ld:Indicator:describe_its_policy_commitments_for_responsible_business_conduct_including_,2,success,
urn:sds:reg:gri:gri_2_23_a_i,GRI Official,G,urn:ngsi-ld:Dataset:gri_gri_2_23_a_i,urn:ngsi-ld:Indicator:the_authoritative_intergovernmental_instruments_that_the_commitments_reference_,2,success,
urn:sds:reg:gri:gri_2_23_a_ii,GRI Official,G,urn:ngsi-ld:Dataset:gri_gri_2_23_a_ii,urn:ngsi-ld:Indicator:whether_the_commitments_stipulate_conducting_due_diligence_,2,success,
urn:sds:reg:gri:gri_2_23_a_iii,GRI Official,G,urn:ngsi-ld:Dataset:gri_gri_2_23_a_iii,urn:ngsi-ld:Indicator:whether_the_commitments_stipulate_applying_the_precautionary_principle_,2,success,
urn:sds:reg:gri:gri_2_23_a_iv,GRI Official,G,urn:ngsi-ld:Dataset:gri_gri_2_23_a_iv,urn:ngsi-ld:Indicator:whether_the_commitments_stipulate_respecting_human_rights_,2,success,
urn:sds:reg:gri:gri_2_23_b,GRI Official,G,urn:ngsi-ld:Dataset:gri_gri_2_23_b,urn:ngsi-ld:Indicator:describe_its_specific_policy_commitment_to_respect_human_rights_including_,2,success,
urn:sds:reg:gri:gri_2_23_b_i,GRI Official,G,urn:ngsi-ld:Dataset:gri_gri_2_23_b_i,urn:ngsi-ld:Indicator:the_internationally_recognized_human_rights_that_the_commitment_covers_,2,success,
urn:sds:reg:gri:gri_2_23_b_ii,GRI Official,G,urn:ngsi-ld:Dataset:gri_gri_2_23_b_ii,urn:ngsi-ld:Indicator:the_categories_of_stakeholders_including_at-risk_or_vulnerable_groups_that_the_organization_give,2,success,
urn:sds:reg:gri:gri_2_23_c,GRI Official,G,urn:ngsi-ld:Dataset:gri_gri_2_23_c,urn:ngsi-ld:Indicator:provide_links_to_the_policy_commitments_if_publicly_available_or_if_the_policy_commitments_are_n,2,success,
urn:sds:reg:gri:gri_2_23_d,GRI Official,G,urn:ngsi-ld:Dataset:gri_gri_2_23_d,urn:ngsi-ld:Indicator:report_the_level_at_which_each_of_the_policy_commitments_was_approved_within_the_organization_in,2,success,
urn:sds:reg:gri:gri_2_23_e,GRI Official,G,urn:ngsi-ld:Dataset:gri_gri_2_23_e,urn:ngsi-ld:Indicator:report_the_extent_to_which_the_policy_commitments_apply_to_the_organization_s_activities_and_to_,2,success,
urn:sds:reg:gri:gri_2_23_f,GRI Official,G,urn:ngsi-ld:Dataset:gri_gri_2_23_f,urn:ngsi-ld:Indicator:describe_how_the_policy_commitments_are_communicated_to_workers_business_partners_and_other_rele,2,success,
urn:sds:reg:gri:gri_2_24_a,GRI Official,G,urn:ngsi-ld:Dataset:gri_gri_2_24_a,urn:ngsi-ld:Indicator:describe_how_it_embeds_each_of_its_policy_commitments_for_responsible_business_conduct_throughou,2,success,
urn:sds:reg:gri:gri_2_24_a_i,GRI Official,G,urn:ngsi-ld:Dataset:gri_gri_2_24_a_i,urn:ngsi-ld:Indicator:how_it_allocates_responsibility_to_implement_the_commitments_across_different_levels_within_the_,2,success,
urn:sds:reg:gri:gri_2_24_a_ii,GRI Official,G,urn:ngsi-ld:Dataset:gri_gri_2_24_a_ii,urn:ngsi-ld:Indicator:how_it_integrates_the_commitments_into_organizational_strategies_operational_policies_and_operat,2,success,
urn:sds:reg:gri:gri_2_24_a_iii,GRI Official,G,urn:ngsi-ld:Dataset:gri_gri_2_24_a_iii,urn:ngsi-ld:Indicator:how_it_implements_its_commitments_with_and_through_its_business_relationships_,2,success,
urn:sds:reg:gri:gri_2_24_a_iv,GRI Official,G,urn:ngsi-ld:Dataset:gri_gri_2_24_a_iv,urn:ngsi-ld:Indicator:training_that_the_organization_provides_on_implementing_the_commitments.,2,success,
urn:sds:reg:gri:gri_2_25_a,GRI Official,G,urn:ngsi-ld:Dataset:gri_gri_2_25_a,urn:ngsi-ld:Indicator:describe_its_commitments_to_provide_for_or_cooperate_in_the_remediation_of_negative_impacts_that,2,success,
urn:sds:reg:gri:gri_2_25_b,GRI Official,G,urn:ngsi-ld:Dataset:gri_gri_2_25_b,urn:ngsi-ld:Indicator:describe_its_approach_to_identify_and_address_grievances_including_the_grievance_mechanisms_that,2,success,
urn:sds:reg:gri:gri_2_25_c,GRI Official,G,urn:ngsi-ld:Dataset:gri_gri_2_25_c,urn:ngsi-ld:Indicator:describe_other_processes_by_which_the_organization_provides_for_or_cooperates_in_the_remediation,2,success,
urn:sds:reg:gri:gri_2_25_d,GRI Official,G,urn:ngsi-ld:Dataset:gri_gri_2_25_d,urn:ngsi-ld:Indicator:describe_how_the_stakeholders_who_are_the_intended_users_of_the_grievance_mechanisms_are_involve,2,success,
urn:sds:reg:gri:gri_2_25_e,GRI Official,G,urn:ngsi-ld:Dataset:gri_gri_2_25_e,urn:ngsi-ld:Indicator:describe_how_the_organization_tracks_the_effectiveness_of_the_grievance_mechanisms_and_other_rem,2,success,
urn:sds:reg:gri:gri_2_26_a,GRI Official,G,urn:ngsi-ld:Dataset:gri_gri_2_26_a,urn:ngsi-ld:Indicator:describe_the_mechanisms_for_individuals_to_,2,success,
urn:sds:reg:gri:gri_2_26_a_i,GRI Official,G,urn:ngsi-ld:Dataset:gri_gri_2_26_a_i,urn:ngsi-ld:Indicator:seek_advice_on_implementing_the_organization_s_policies_and_practices_for_responsible_business_c,2,success,
urn:sds:reg:gri:gri_2_26_a_ii,GRI Official,G,urn:ngsi-ld:Dataset:gri_gri_2_26_a_ii,urn:ngsi-ld:Indicator:raise_concerns_about_the_organization_s_business_conduct.,2,success,
urn:sds:reg:gri:gri_2_27_a,GRI Official,G,urn:ngsi-ld:Dataset:gri_gri_2_27_a,urn:ngsi-ld:Indicator:report_the_total_number_of_significant_instances_of_non-compliance_with_laws_and_regulations_dur,2,success,
urn:sds:reg:gri:gri_2_27_a_i,GRI Official,G,urn:ngsi-ld:Dataset:gri_gri_2_27_a_i,urn:ngsi-ld:Indicator:instances_for_which_fines_were_incurred_,2,success,
urn:sds:reg:gri:gri_2_27_a_ii,GRI Official,G,urn:ngsi-ld:Dataset:gri_gri_2_27_a_ii,urn:ngsi-ld:Indicator:instances_for_which_non-monetary_sanctions_were_incurred_,2,success,
urn:sds:reg:gri:gri_2_27_b,GRI Official,G,urn:ngsi-ld:Dataset:gri_gri_2_27_b,urn:ngsi-ld:Indicator:report_the_total_number_and_the_monetary_value_of_fines_for_instances_of_non-compliance_with_law,2,success,
urn:sds:reg:gri:gri_2_27_b_i,GRI Official,G,urn:ngsi-ld:Dataset:gri_gri_2_27_b_i,urn:ngsi-ld:Indicator:fines_for_instances_of_non-compliance_with_laws_and_regulations_that_occurred_in_the_current_rep,2,success,
urn:sds:reg:gri:gri_2_27_b_ii,GRI Official,G,urn:ngsi-ld:Dataset:gri_gri_2_27_b_ii,urn:ngsi-ld:Indicator:fines_for_instances_of_non-compliance_with_laws_and_regulations_that_occurred_in_previous_report,2,success,
urn:sds:reg:gri:gri_2_27_c,GRI Official,G,urn:ngsi-ld:Dataset:gri_gri_2_27_c,urn:ngsi-ld:Indicator:describe_the_significant_instances_of_non-compliance_,2,success,
urn:sds:reg:gri:gri_2_27_d,GRI Official,G,urn:ngsi-ld:Dataset:gri_gri_2_27_d,urn:ngsi-ld:Indicator:describe_how_it_has_determined_significant_instances_of_non-compliance.,2,success,
urn:sds:reg:gri:gri_2_28_a,GRI Official,G,urn:ngsi-ld:Dataset:gri_gri_2_28_a,urn:ngsi-ld:Indicator:report_industry_associations_other_membership_associations_and_national_or_international_advocac,2,success,
urn:sds:reg:gri:gri_2_29_a,GRI Official,G,urn:ngsi-ld:Dataset:gri_gri_2_29_a,urn:ngsi-ld:Indicator:describe_its_approach_to_engaging_with_stakeholders_including_,2,success,
urn:sds:reg:gri:gri_2_29_a_i,GRI Official,G,urn:ngsi-ld:Dataset:gri_gri_2_29_a_i,urn:ngsi-ld:Indicator:the_categories_of_stakeholders_it_engages_with_and_how_they_are_identified_,2,success,
urn:sds:reg:gri:gri_2_29_a_ii,GRI Official,G,urn:ngsi-ld:Dataset:gri_gri_2_29_a_ii,urn:ngsi-ld:Indicator:the_purpose_of_the_stakeholder_engagement_,2,success,
urn:sds:reg:gri:gri_2_29_a_iii,GRI Official,G,urn:ngsi-ld:Dataset:gri_gri_2_29_a_iii,urn:ngsi-ld:Indicator:how_the_organization_seeks_to_ensure_meaningful_engagement_with_stakeholders.,2,success,
urn:sds:reg:gri:gri_2_3_a,GRI Official,G,urn:ngsi-ld:Dataset:gri_gri_2_3_a,urn:ngsi-ld:Indicator:specify_the_reporting_period_for_and_the_frequency_of_its_sustainability_reporting_,2,success,
urn:sds:reg:gri:gri_2_3_b,GRI Official,G,urn:ngsi-ld:Dataset:gri_gri_2_3_b,urn:ngsi-ld:Indicator:specify_the_reporting_period_for_its_financial_reporting_and_if_it_does_not_align_with_the_perio,2,success,
urn:sds:reg:gri:gri_2_3_c,GRI Official,G,urn:ngsi-ld:Dataset:gri_gri_2_3_c,urn:ngsi-ld:Indicator:report_the_publication_date_of_the_report_or_reported_information_,2,success,
urn:sds:reg:gri:gri_2_3_d,GRI Official,G,urn:ngsi-ld:Dataset:gri_gri_2_3_d,urn:ngsi-ld:Indicator:specify_the_contact_point_for_questions_about_the_report_or_reported_information.,2,success,
urn:sds:reg:gri:gri_2_30_a,GRI Official,G,urn:ngsi-ld:Dataset:gri_gri_2_30_a,urn:ngsi-ld:Indicator:report_the_percentage_of_total_employees_covered_by_collective_bargaining_agreements_,2,success,
urn:sds:reg:gri:gri_2_30_b,GRI Official,G,urn:ngsi-ld:Dataset:gri_gri_2_30_b,urn:ngsi-ld:Indicator:for_employees_not_covered_by_collective_bargaining_agreements_report_whether_the_organization_de,2,success,
urn:sds:reg:gri:gri_2_4_a,GRI Official,G,urn:ngsi-ld:Dataset:gri_gri_2_4_a,urn:ngsi-ld:Indicator:report_restatements_of_information_made_from_previous_reporting_periods_and_explain_,2,success,
urn:sds:reg:gri:gri_2_4_a_i,GRI Official,G,urn:ngsi-ld:Dataset:gri_gri_2_4_a_i,urn:ngsi-ld:Indicator:the_reasons_for_the_restatements,2,success,
urn:sds:reg:gri:gri_2_4_a_ii,GRI Official,G,urn:ngsi-ld:Dataset:gri_gri_2_4_a_ii,urn:ngsi-ld:Indicator:the_effect_of_the_restatements.,2,success,
urn:sds:reg:gri:gri_2_5_a,GRI Official,G,urn:ngsi-ld:Dataset:gri_gri_2_5_a,urn:ngsi-ld:Indicator:describe_its_policy_and_practice_for_seeking_external_assurance_including_whether_and_how_the_hi,2,success,
urn:sds:reg:gri:gri_2_5_b,GRI Official,G,urn:ngsi-ld:Dataset:gri_gri_2_5_b,urn:ngsi-ld:Indicator:if_the_organization_s_sustainability_reporting_has_been_externally_assured_,2,success,
urn:sds:reg:gri:gri_2_5_b_i,GRI Official,G,urn:ngsi-ld:Dataset:gri_gri_2_5_b_i,urn:ngsi-ld:Indicator:provide_a_link_or_reference_to_the_external_assurance_report_s_or_assurance_statement_s_,2,success,
urn:sds:reg:gri:gri_2_5_b_ii,GRI Official,G,urn:ngsi-ld:Dataset:gri_gri_2_5_b_ii,urn:ngsi-ld:Indicator:describe_what_has_been_assured_and_on_what_basis_including_the_assurance_standards_used_the_leve,2,success,
urn:sds:reg:gri:gri_2_5_b_iii,GRI Official,G,urn:ngsi-ld:Dataset:gri_gri_2_5_b_iii,urn:ngsi-ld:Indicator:describe_the_relationship_between_the_organization_and_the_assurance_provider.,2,success,
urn:sds:reg:gri:gri_2_6_a,GRI Official,G,urn:ngsi-ld:Dataset:gri_gri_2_6_a,urn:ngsi-ld:Indicator:report_the_sector_s_in_which_it_is_active_,2,success,
urn:sds:reg:gri:gri_2_6_b,GRI Official,G,urn:ngsi-ld:Dataset:gri_gri_2_6_b,urn:ngsi-ld:Indicator:describe_its_value_chain_including_,2,success,
urn:sds:reg:gri:gri_2_6_b_i,GRI Official,G,urn:ngsi-ld:Dataset:gri_gri_2_6_b_i,urn:ngsi-ld:Indicator:the_organization_s_activities_products_services_and_markets_served_,2,success,
urn:sds:reg:gri:gri_2_6_b_ii,GRI Official,G,urn:ngsi-ld:Dataset:gri_gri_2_6_b_ii,urn:ngsi-ld:Indicator:the_organization_s_supply_chain_,2,success,
urn:sds:reg:gri:gri_2_6_b_iii,GRI Official,G,urn:ngsi-ld:Dataset:gri_gri_2_6_b_iii,urn:ngsi-ld:Indicator:the_entities_downstream_from_the_organization_and_their_activities_,2,success,
urn:sds:reg:gri:gri_2_6_c,GRI Official,G,urn:ngsi-ld:Dataset:gri_gri_2_6_c,urn:ngsi-ld:Indicator:report_other_relevant_business_relationships_,2,success,
urn:sds:reg:gri:gri_2_6_d,GRI Official,G,urn:ngsi-ld:Dataset:gri_gri_2_6_d,urn:ngsi-ld:Indicator:describe_significant_changes_in_2-6-a_2-6-b_and_2-6-c_compared_to_the_previous_reporting_period.,2,success,
urn:sds:reg:gri:gri_2_7_a,GRI Official,G,urn:ngsi-ld:Dataset:gri_gri_2_7_a,urn:ngsi-ld:Indicator:report_the_total_number_of_employees_and_a_breakdown_of_this_total_by_gender_and_by_region_,2,success,
urn:sds:reg:gri:gri_2_7_b,GRI Official,G,urn:ngsi-ld:Dataset:gri_gri_2_7_b,urn:ngsi-ld:Indicator:report_the_total_number_of_,2,success,
urn:sds:reg:gri:gri_2_7_b_i,GRI Official,G,urn:ngsi-ld:Dataset:gri_gri_2_7_b_i,urn:ngsi-ld:Indicator:permanent_employees_and_a_breakdown_by_gender_and_by_region_,2,success,
urn:sds:reg:gri:gri_2_7_b_ii,GRI Official,G,urn:ngsi-ld:Dataset:gri_gri_2_7_b_ii,urn:ngsi-ld:Indicator:temporary_employees_and_a_breakdown_by_gender_and_by_region_,2,success,
urn:sds:reg:gri:gri_2_7_b_iii,GRI Official,G,urn:ngsi-ld:Dataset:gri_gri_2_7_b_iii,urn:ngsi-ld:Indicator:non-guaranteed_hours_employees_and_a_breakdown_by_gender_and_by_region_,2,success,
urn:sds:reg:gri:gri_2_7_b_iv,GRI Official,G,urn:ngsi-ld:Dataset:gri_gri_2_7_b_iv,urn:ngsi-ld:Indicator:full-time_employees_and_a_breakdown_by_gender_and_by_region_,2,success,
urn:sds:reg:gri:gri_2_7_b_v,GRI Official,G,urn:ngsi-ld:Dataset:gri_gri_2_7_b_v,urn:ngsi-ld:Indicator:part-time_employees_and_a_breakdown_by_gender_and_by_region_,2,success,
urn:sds:reg:gri:gri_2_7_c,GRI Official,G,urn:ngsi-ld:Dataset:gri_gri_2_7_c,urn:ngsi-ld:Indicator:describe_the_methodologies_and_assumptions_used_to_compile_the_data_including_whether_the_number,2,success,
urn:sds:reg:gri:gri_2_7_c_i,GRI Official,G,urn:ngsi-ld:Dataset:gri_gri_2_7_c_i,urn:ngsi-ld:Indicator:in_head_count_full-time_equivalent_FTE_or_using_another_methodology_,2,success,
urn:sds:reg:gri:gri_2_7_c_ii,GRI Official,G,urn:ngsi-ld:Dataset:gri_gri_2_7_c_ii,urn:ngsi-ld:Indicator:at_the_end_of_the_reporting_period_as_an_average_across_the_reporting_period_or_using_another_me,2,success,
urn:sds:reg:gri:gri_2_7_d,GRI Official,G,urn:ngsi-ld:Dataset:gri_gri_2_7_d,urn:ngsi-ld:Indicator:report_contextual_information_necessary_to_understand_the_data_reported_under_2-7-a_and_2-7-b_,2,success,
urn:sds:reg:gri:gri_2_7_e,GRI Official,G,urn:ngsi-ld:Dataset:gri_gri_2_7_e,urn:ngsi-ld:Indicator:describe_significant_fluctuations_in_the_number_of_employees_during_the_reporting_period_and_bet,2,success,
urn:sds:reg:gri:gri_2_8_a,GRI Official,G,urn:ngsi-ld:Dataset:gri_gri_2_8_a,urn:ngsi-ld:Indicator:report_the_total_number_of_workers_who_are_not_employees_and_whose_work_is_controlled_by_the_org,2,success,
urn:sds:reg:gri:gri_2_8_a_i,GRI Official,G,urn:ngsi-ld:Dataset:gri_gri_2_8_a_i,urn:ngsi-ld:Indicator:the_most_common_types_of_worker_and_their_contractual_relationship_with_the_organization_,2,success,
urn:sds:reg:gri:gri_2_8_a_ii,GRI Official,G,urn:ngsi-ld:Dataset:gri_gri_2_8_a_ii,urn:ngsi-ld:Indicator:the_type_of_work_they_perform_,2,success,
urn:sds:reg:gri:gri_2_8_b,GRI Official,G,urn:ngsi-ld:Dataset:gri_gri_2_8_b,urn:ngsi-ld:Indicator:describe_the_methodologies_and_assumptions_used_to_compile_the_data_including_whether_the_number,2,success,
urn:sds:reg:gri:gri_2_8_b_i,GRI Official,G,urn:ngsi-ld:Dataset:gri_gri_2_8_b_i,urn:ngsi-ld:Indicator:in_head_count_full-time_equivalent_FTE_or_using_another_methodology,2,success,
urn:sds:reg:gri:gri_2_8_b_ii,GRI Official,G,urn:ngsi-ld:Dataset:gri_gri_2_8_b_ii,urn:ngsi-ld:Indicator:at_the_end_of_the_reporting_period_as_an_average_across_the_reporting_period_or_using_another_me,2,success,
urn:sds:reg:gri:gri_2_8_c,GRI Official,G,urn:ngsi-ld:Dataset:gri_gri_2_8_c,urn:ngsi-ld:Indicator:describe_significant_fluctuations_in_the_number_of_workers_who_are_not_employees_during_the_repo,2,success,
urn:sds:reg:gri:gri_2_9_a,GRI Official,G,urn:ngsi-ld:Dataset:gri_gri_2_9_a,urn:ngsi-ld:Indicator:describe_its_governance_structure_including_committees_of_the_highest_governance_body_,2,success,
urn:sds:reg:gri:gri_2_9_b,GRI Official,G,urn:ngsi-ld:Dataset:gri_gri_2_9_b,urn:ngsi-ld:Indicator:list_the_committees_of_the_highest_governance_body_that_are_responsible_for_decision-making_on_a,2,success,
urn:sds:reg:gri:gri_2_9_c,GRI Official,G,urn:ngsi-ld:Dataset:gri_gri_2_9_c,urn:ngsi-ld:Indicator:describe_the_composition_of_the_highest_governance_body_and_its_committees_by_,2,success,
urn:sds:reg:gri:gri_2_9_c_i,GRI Official,G,urn:ngsi-ld:Dataset:gri_gri_2_9_c_i,urn:ngsi-ld:Indicator:executive_and_non-executive_members_,2,success,
urn:sds:reg:gri:gri_2_9_c_ii,GRI Official,G,urn:ngsi-ld:Dataset:gri_gri_2_9_c_ii,urn:ngsi-ld:Indicator:independence_,2,success,
urn:sds:reg:gri:gri_2_9_c_iii,GRI Official,G,urn:ngsi-ld:Dataset:gri_gri_2_9_c_iii,urn:ngsi-ld:Indicator:tenure_of_members_on_the_governance_body_,2,success,
urn:sds:reg:gri:gri_2_9_c_iv,GRI Official,G,urn:ngsi-ld:Dataset:gri_gri_2_9_c_iv,urn:ngsi-ld:Indicator:number_of_other_significant_positions_and_commitments_held_by_each_member_and_the_nature_of_the_,2,success,
urn:sds:reg:gri:gri_2_9_c_v,GRI Official,G,urn:ngsi-ld:Dataset:gri_gri_2_9_c_v,urn:ngsi-ld:Indicator:gender_,2,success,
urn:sds:reg:gri:gri_2_9_c_vi,GRI Official,G,urn:ngsi-ld:Dataset:gri_gri_2_9_c_vi,urn:ngsi-ld:Indicator:under-represented_social_groups_,2,success,
urn:sds:reg:gri:gri_2_9_c_vii,GRI Official,G,urn:ngsi-ld:Dataset:gri_gri_2_9_c_vii,urn:ngsi-ld:Indicator:competencies_relevant_to_the_impacts_of_the_organization_,2,success,
urn:sds:reg:gri:gri_2_9_c_viii,GRI Official,G,urn:ngsi-ld:Dataset:gri_gri_2_9_c_viii,urn:ngsi-ld:Indicator:stakeholder_representation.,2,success,
urn:sds:reg:gri:gri_201_1_a,GRI Official,G,urn:ngsi-ld:Dataset:gri_gri_201_1_a,urn:ngsi-ld:Indicator:Direct_economic_value_generated_and_distributed_EVG_D_on_an_accruals_basis_including_the_basic_c,2,success,
urn:sds:reg:gri:gri_201_1_a_i,GRI Official,G,urn:ngsi-ld:Dataset:gri_gri_201_1_a_i,urn:ngsi-ld:Indicator:Direct_economic_value_generated_revenues_,2,success,
urn:sds:reg:gri:gri_201_1_a_ii,GRI Official,G,urn:ngsi-ld:Dataset:gri_gri_201_1_a_ii,urn:ngsi-ld:Indicator:Economic_value_distributed_operating_costs_employee_wages_and_benefits_,2,success,
urn:sds:reg:gri:gri_201_1_a_iii,GRI Official,G,urn:ngsi-ld:Dataset:gri_gri_201_1_a_iii,urn:ngsi-ld:Indicator:Economic_value_retained_direct_economic_value_generated_less_economic_value_distributed_.,2,success,
urn:sds:reg:gri:gri_201_1_b,GRI Official,G,urn:ngsi-ld:Dataset:gri_gri_201_1_b,urn:ngsi-ld:Indicator:Where_significant_report_EVG_D_separately_at_country_regional_or_market_levels_and_the_criteria_,2,success,
urn:sds:reg:gri:gri_201_2_a,GRI Official,G,urn:ngsi-ld:Dataset:gri_gri_201_2_a,urn:ngsi-ld:Indicator:Risks_and_opportunities_posed_by_climate_change_that_have_the_potential_to_generate_substantive_,2,success,
urn:sds:reg:gri:gri_201_2_a_i,GRI Official,G,urn:ngsi-ld:Dataset:gri_gri_201_2_a_i,urn:ngsi-ld:Indicator:a_description_of_the_risk_or_opportunity_and_its_classification_as_either_physical_regulatory_or,2,success,
urn:sds:reg:gri:gri_201_2_a_ii,GRI Official,G,urn:ngsi-ld:Dataset:gri_gri_201_2_a_ii,urn:ngsi-ld:Indicator:a_description_of_the_impact_associated_with_the_risk_or_opportunity_,2,success,
urn:sds:reg:gri:gri_201_2_a_iii,GRI Official,G,urn:ngsi-ld:Dataset:gri_gri_201_2_a_iii,urn:ngsi-ld:Indicator:the_financial_implications_of_the_risk_or_opportunity_before_action_is_taken_,2,success,
urn:sds:reg:gri:gri_201_2_a_iv,GRI Official,G,urn:ngsi-ld:Dataset:gri_gri_201_2_a_iv,urn:ngsi-ld:Indicator:the_methods_used_to_manage_the_risk_or_opportunity_,2,success,
urn:sds:reg:gri:gri_201_2_a_v,GRI Official,G,urn:ngsi-ld:Dataset:gri_gri_201_2_a_v,urn:ngsi-ld:Indicator:the_costs_of_actions_taken_to_manage_the_risk_or_opportunity.,2,success,
urn:sds:reg:gri:gri_201_3_a,GRI Official,G,urn:ngsi-ld:Dataset:gri_gri_201_3_a,urn:ngsi-ld:Indicator:If_the_plan_s_liabilities_are_met_by_the_organization_s_general_resources_the_estimated_value_of,2,success,
urn:sds:reg:gri:gri_201_3_b,GRI Official,G,urn:ngsi-ld:Dataset:gri_gri_201_3_b,urn:ngsi-ld:Indicator:If_a_separate_fund_exists_to_pay_the_plan_s_pension_liabilities_,2,success,
urn:sds:reg:gri:gri_201_3_b_i,GRI Official,G,urn:ngsi-ld:Dataset:gri_gri_201_3_b_i,urn:ngsi-ld:Indicator:the_extent_to_which_the_scheme_s_liabilities_are_estimated_to_be_covered_by_the_assets_that_have,2,success,
urn:sds:reg:gri:gri_201_3_b_ii,GRI Official,G,urn:ngsi-ld:Dataset:gri_gri_201_3_b_ii,urn:ngsi-ld:Indicator:the_basis_on_which_that_estimate_has_been_arrived_at_,2,success,
urn:sds:reg:gri:gri_201_3_b_iii,GRI Official,G,urn:ngsi-ld:Dataset:gri_gri_201_3_b_iii,urn:ngsi-ld:Indicator:when_that_estimate_was_made.,2,success,
urn:sds:reg:gri:gri_201_3_c,GRI Official,G,urn:ngsi-ld:Dataset:gri_gri_201_3_c,urn:ngsi-ld:Indicator:If_a_fund_set_up_to_pay_the_plan_s_pension_liabilities_is_not_fully_covered_explain_the_strategy,2,success,
urn:sds:reg:gri:gri_201_3_d,GRI Official,G,urn:ngsi-ld:Dataset:gri_gri_201_3_d,urn:ngsi-ld:Indicator:Percentage_of_salary_contributed_by_employee_or_employer.,2,success,
urn:sds:reg:gri:gri_201_3_e,GRI Official,G,urn:ngsi-ld:Dataset:gri_gri_201_3_e,urn:ngsi-ld:Indicator:Level_of_participation_in_retirement_plans_such_as_participation_in_mandatory_or_voluntary_schem,2,success,
urn:sds:reg:gri:gri_201_4_a,GRI Official,G,urn:ngsi-ld:Dataset:gri_gri_201_4_a,urn:ngsi-ld:Indicator:Total_monetary_value_of_financial_assistance_received_by_the_organization_from_any_government_du,2,success,
urn:sds:reg:gri:gri_201_4_a_i,GRI Official,G,urn:ngsi-ld:Dataset:gri_gri_201_4_a_i,urn:ngsi-ld:Indicator:tax_relief_and_tax_credits_,2,success,
urn:sds:reg:gri:gri_201_4_a_ii,GRI Official,G,urn:ngsi-ld:Dataset:gri_gri_201_4_a_ii,urn:ngsi-ld:Indicator:subsidies_,2,success,
urn:sds:reg:gri:gri_201_4_a_iii,GRI Official,G,urn:ngsi-ld:Dataset:gri_gri_201_4_a_iii,urn:ngsi-ld:Indicator:investment_grants_research_and_development_grants_and_other_relevant_types_of_grant_,2,success,
urn:sds:reg:gri:gri_201_4_a_iv,GRI Official,G,urn:ngsi-ld:Dataset:gri_gri_201_4_a_iv,urn:ngsi-ld:Indicator:awards_,2,success,
urn:sds:reg:gri:gri_201_4_a_v,GRI Official,G,urn:ngsi-ld:Dataset:gri_gri_201_4_a_v,urn:ngsi-ld:Indicator:royalty_holidays_,2,success,
urn:sds:reg:gri:gri_201_4_a_vi,GRI Official,G,urn:ngsi-ld:Dataset:gri_gri_201_4_a_vi,urn:ngsi-ld:Indicator:financial_assistance_from_Export_Credit_Agencies_ECAs_,2,success,
urn:sds:reg:gri:gri_201_4_a_vii,GRI Official,G,urn:ngsi-ld:Dataset:gri_gri_201_4_a_vii,urn:ngsi-ld:Indicator:financial_incentives_,2,success,
urn:sds:reg:gri:gri_201_4_a_viii,GRI Official,G,urn:ngsi-ld:Dataset:gri_gri_201_4_a_viii,urn:ngsi-ld:Indicator:other_financial_benefits_received_or_receivable_from_any_government_for_any_operation.,2,success,
urn:sds:reg:gri:gri_201_4_b,GRI Official,G,urn:ngsi-ld:Dataset:gri_gri_201_4_b,urn:ngsi-ld:Indicator:The_information_in_201-4-a_by_country.,2,success,
urn:sds:reg:gri:gri_201_4_c,GRI Official,G,urn:ngsi-ld:Dataset:gri_gri_201_4_c,urn:ngsi-ld:Indicator:Whether_and_the_extent_to_which_any_government_is_present_in_the_shareholding_structure.,2,success,
urn:sds:reg:gri:gri_202_1_a,GRI Official,G,urn:ngsi-ld:Dataset:gri_gri_202_1_a,urn:ngsi-ld:Indicator:When_a_significant_proportion_of_employees_are_compensated_based_on_wages_subject_to_minimum_wag,2,success,
urn:sds:reg:gri:gri_202_1_b,GRI Official,G,urn:ngsi-ld:Dataset:gri_gri_202_1_b,urn:ngsi-ld:Indicator:When_a_significant_proportion_of_other_workers_excluding_employees_performing_the_organization_s,2,success,
urn:sds:reg:gri:gri_202_1_c,GRI Official,G,urn:ngsi-ld:Dataset:gri_gri_202_1_c,urn:ngsi-ld:Indicator:Whether_a_local_minimum_wage_is_absent_or_variable_at_significant_locations_of_operation_by_gend,2,success,
urn:sds:reg:gri:gri_202_1_d,GRI Official,G,urn:ngsi-ld:Dataset:gri_gri_202_1_d,urn:ngsi-ld:Indicator:The_definition_used_for_significant_locations_of_operation_.,2,success,
urn:sds:reg:gri:gri_202_2_a,GRI Official,G,urn:ngsi-ld:Dataset:gri_gri_202_2_a,urn:ngsi-ld:Indicator:Percentage_of_senior_management_at_significant_locations_of_operation_that_are_hired_from_the_lo,2,success,
urn:sds:reg:gri:gri_202_2_b,GRI Official,G,urn:ngsi-ld:Dataset:gri_gri_202_2_b,urn:ngsi-ld:Indicator:The_definition_used_for_senior_management_.,2,success,
urn:sds:reg:gri:gri_202_2_c,GRI Official,G,urn:ngsi-ld:Dataset:gri_gri_202_2_c,urn:ngsi-ld:Indicator:The_organization_s_geographical_definition_of_local_.,2,success,
urn:sds:reg:gri:gri_202_2_d,GRI Official,G,urn:ngsi-ld:Dataset:gri_gri_202_2_d,urn:ngsi-ld:Indicator:The_definition_used_for_significant_locations_of_operation_.,2,success,
urn:sds:reg:gri:gri_203_1_a,GRI Official,G,urn:ngsi-ld:Dataset:gri_gri_203_1_a,urn:ngsi-ld:Indicator:Extent_of_development_of_significant_infrastructure_investments_and_services_supported.,2,success,
urn:sds:reg:gri:gri_203_1_b,GRI Official,G,urn:ngsi-ld:Dataset:gri_gri_203_1_b,urn:ngsi-ld:Indicator:Current_or_expected_impacts_on_communities_and_local_economies_including_positive_and_negative_i,2,success,
urn:sds:reg:gri:gri_203_1_c,GRI Official,G,urn:ngsi-ld:Dataset:gri_gri_203_1_c,urn:ngsi-ld:Indicator:Whether_these_investments_and_services_are_commercial_in-kind_or_pro_bono_engagements.,2,success,
urn:sds:reg:gri:gri_203_2_a,GRI Official,G,urn:ngsi-ld:Dataset:gri_gri_203_2_a,urn:ngsi-ld:Indicator:Examples_of_significant_identified_indirect_economic_impacts_of_the_organization_including_posit,2,success,
urn:sds:reg:gri:gri_203_2_b,GRI Official,G,urn:ngsi-ld:Dataset:gri_gri_203_2_b,urn:ngsi-ld:Indicator:Significance_of_the_indirect_economic_impacts_in_the_context_of_external_benchmarks_and_stakehol,2,success,
urn:sds:reg:gri:gri_204_1_a,GRI Official,G,urn:ngsi-ld:Dataset:gri_gri_204_1_a,urn:ngsi-ld:Indicator:Percentage_of_the_procurement_budget_used_for_significant_locations_of_operation_that_is_spent_o,2,success,
urn:sds:reg:gri:gri_204_1_b,GRI Official,G,urn:ngsi-ld:Dataset:gri_gri_204_1_b,urn:ngsi-ld:Indicator:The_organization_s_geographical_definition_of_local_.,2,success,
urn:sds:reg:gri:gri_204_1_c,GRI Official,G,urn:ngsi-ld:Dataset:gri_gri_204_1_c,urn:ngsi-ld:Indicator:The_definition_used_for_significant_locations_of_operation_.,2,success,
urn:sds:reg:gri:gri_205_1_a,GRI Official,G,urn:ngsi-ld:Dataset:gri_gri_205_1_a,urn:ngsi-ld:Indicator:Total_number_and_percentage_of_operations_assessed_for_risks_related_to_corruption.,2,success,
urn:sds:reg:gri:gri_205_1_b,GRI Official,G,urn:ngsi-ld:Dataset:gri_gri_205_1_b,urn:ngsi-ld:Indicator:Significant_risks_related_to_corruption_identified_through_the_risk_assessment.,2,success,
urn:sds:reg:gri:gri_205_2_a,GRI Official,G,urn:ngsi-ld:Dataset:gri_gri_205_2_a,urn:ngsi-ld:Indicator:Total_number_and_percentage_of_governance_body_members_that_the_organization_s_anti-corruption_p,2,success,
urn:sds:reg:gri:gri_205_2_b,GRI Official,G,urn:ngsi-ld:Dataset:gri_gri_205_2_b,urn:ngsi-ld:Indicator:Total_number_and_percentage_of_employees_that_the_organization_s_anti-corruption_policies_and_pr,2,success,
urn:sds:reg:gri:gri_205_2_c,GRI Official,G,urn:ngsi-ld:Dataset:gri_gri_205_2_c,urn:ngsi-ld:Indicator:Total_number_and_percentage_of_business_partners_that_the_organization_s_anti-corruption_policie,2,success,
urn:sds:reg:gri:gri_205_2_d,GRI Official,G,urn:ngsi-ld:Dataset:gri_gri_205_2_d,urn:ngsi-ld:Indicator:Total_number_and_percentage_of_governance_body_members_that_have_received_training_on_anti-corru,2,success,
urn:sds:reg:gri:gri_205_2_e,GRI Official,G,urn:ngsi-ld:Dataset:gri_gri_205_2_e,urn:ngsi-ld:Indicator:Total_number_and_percentage_of_employees_that_have_received_training_on_anti-corruption_broken_d,2,success,
urn:sds:reg:gri:gri_205_3_a,GRI Official,G,urn:ngsi-ld:Dataset:gri_gri_205_3_a,urn:ngsi-ld:Indicator:Total_number_and_nature_of_confirmed_incidents_of_corruption.,2,success,
urn:sds:reg:gri:gri_205_3_b,GRI Official,G,urn:ngsi-ld:Dataset:gri_gri_205_3_b,urn:ngsi-ld:Indicator:Total_number_of_confirmed_incidents_in_which_employees_were_dismissed_or_disciplined_for_corrupt,2,success,
urn:sds:reg:gri:gri_205_3_c,GRI Official,G,urn:ngsi-ld:Dataset:gri_gri_205_3_c,urn:ngsi-ld:Indicator:Total_number_of_confirmed_incidents_when_contracts_with_business_partners_were_terminated_or_not,2,success,
urn:sds:reg:gri:gri_205_3_d,GRI Official,G,urn:ngsi-ld:Dataset:gri_gri_205_3_d,urn:ngsi-ld:Indicator:Public_legal_cases_regarding_corruption_brought_against_the_organization_or_its_employees_during,2,success,
urn:sds:reg:gri:gri_206_1_a,GRI Official,G,urn:ngsi-ld:Dataset:gri_gri_206_1_a,urn:ngsi-ld:Indicator:Number_of_legal_actions_pending_or_completed_during_the_reporting_period_regarding_anti-competit,2,success,
urn:sds:reg:gri:gri_206_1_b,GRI Official,G,urn:ngsi-ld:Dataset:gri_gri_206_1_b,urn:ngsi-ld:Indicator:Main_outcomes_of_completed_legal_actions_including_any_decisions_or_judgements.,2,success,
urn:sds:reg:gri:gri_207_1_a,GRI Official,G,urn:ngsi-ld:Dataset:gri_gri_207_1_a,urn:ngsi-ld:Indicator:A_description_of_the_approach_to_tax_including_,2,success,
urn:sds:reg:gri:gri_207_1_a_i,GRI Official,G,urn:ngsi-ld:Dataset:gri_gri_207_1_a_i,urn:ngsi-ld:Indicator:whether_the_organization_has_a_tax_strategy_and_if_so_a_link_to_this_strategy_if_publicly_availa,2,success,
urn:sds:reg:gri:gri_207_1_a_ii,GRI Official,G,urn:ngsi-ld:Dataset:gri_gri_207_1_a_ii,urn:ngsi-ld:Indicator:the_governance_body_or_executive-level_position_within_the_organization_that_formally_reviews_an,2,success,
urn:sds:reg:gri:gri_207_1_a_iii,GRI Official,G,urn:ngsi-ld:Dataset:gri_gri_207_1_a_iii,urn:ngsi-ld:Indicator:the_approach_to_regulatory_compliance_,2,success,
urn:sds:reg:gri:gri_207_1_a_iv,GRI Official,G,urn:ngsi-ld:Dataset:gri_gri_207_1_a_iv,urn:ngsi-ld:Indicator:how_the_approach_to_tax_is_linked_to_the_business_and_sustainable_development_strategies_of_the_,2,success,
urn:sds:reg:gri:gri_207_2_a,GRI Official,G,urn:ngsi-ld:Dataset:gri_gri_207_2_a,urn:ngsi-ld:Indicator:A_description_of_the_tax_governance_and_control_framework_including_,2,success,
urn:sds:reg:gri:gri_207_2_a_i,GRI Official,G,urn:ngsi-ld:Dataset:gri_gri_207_2_a_i,urn:ngsi-ld:Indicator:the_governance_body_or_executive-level_position_within_the_organization_accountable_for_complian,2,success,
urn:sds:reg:gri:gri_207_2_a_ii,GRI Official,G,urn:ngsi-ld:Dataset:gri_gri_207_2_a_ii,urn:ngsi-ld:Indicator:how_the_approach_to_tax_is_embedded_within_the_organization_,2,success,
urn:sds:reg:gri:gri_207_2_a_iii,GRI Official,G,urn:ngsi-ld:Dataset:gri_gri_207_2_a_iii,urn:ngsi-ld:Indicator:the_approach_to_tax_risks_including_how_risks_are_identified_managed_and_monitored_,2,success,
urn:sds:reg:gri:gri_207_2_a_iv,GRI Official,G,urn:ngsi-ld:Dataset:gri_gri_207_2_a_iv,urn:ngsi-ld:Indicator:how_compliance_with_the_tax_governance_and_control_framework_is_evaluated.,2,success,
urn:sds:reg:gri:gri_207_2_b,GRI Official,G,urn:ngsi-ld:Dataset:gri_gri_207_2_b,urn:ngsi-ld:Indicator:A_description_of_the_mechanisms_to_raise_concerns_about_the_organization_s_business_conduct_and_,2,success,
urn:sds:reg:gri:gri_207_2_c,GRI Official,G,urn:ngsi-ld:Dataset:gri_gri_207_2_c,urn:ngsi-ld:Indicator:A_description_of_the_assurance_process_for_disclosures_on_tax_including_if_applicable_a_link_or_,2,success,
urn:sds:reg:gri:gri_207_3_a,GRI Official,G,urn:ngsi-ld:Dataset:gri_gri_207_3_a,urn:ngsi-ld:Indicator:A_description_of_the_approach_to_stakeholder_engagement_and_management_of_stakeholder_concerns_r,2,success,
urn:sds:reg:gri:gri_207_3_a_i,GRI Official,G,urn:ngsi-ld:Dataset:gri_gri_207_3_a_i,urn:ngsi-ld:Indicator:the_approach_to_engagement_with_tax_authorities_,2,success,
urn:sds:reg:gri:gri_207_3_a_ii,GRI Official,G,urn:ngsi-ld:Dataset:gri_gri_207_3_a_ii,urn:ngsi-ld:Indicator:the_approach_to_public_policy_advocacy_on_tax_,2,success,
urn:sds:reg:gri:gri_207_3_a_iii,GRI Official,G,urn:ngsi-ld:Dataset:gri_gri_207_3_a_iii,urn:ngsi-ld:Indicator:the_processes_for_collecting_and_considering_the_views_and_concerns_of_stakeholders_including_ex,2,success,
urn:sds:reg:gri:gri_207_4_a,GRI Official,G,urn:ngsi-ld:Dataset:gri_gri_207_4_a,urn:ngsi-ld:Indicator:All_tax_jurisdictions_where_the_entities_included_in_the_organization_s_audited_consolidated_fin,2,success,
urn:sds:reg:gri:gri_207_4_b,GRI Official,G,urn:ngsi-ld:Dataset:gri_gri_207_4_b,urn:ngsi-ld:Indicator:For_each_tax_jurisdiction_reported_in_Disclosure_207-4-a_,2,success,
urn:sds:reg:gri:gri_207_4_b_i,GRI Official,G,urn:ngsi-ld:Dataset:gri_gri_207_4_b_i,urn:ngsi-ld:Indicator:Names_of_the_resident_entities_,2,success,
urn:sds:reg:gri:gri_207_4_b_ii,GRI Official,G,urn:ngsi-ld:Dataset:gri_gri_207_4_b_ii,urn:ngsi-ld:Indicator:Primary_activities_of_the_organization_,2,success,
urn:sds:reg:gri:gri_207_4_b_iii,GRI Official,G,urn:ngsi-ld:Dataset:gri_gri_207_4_b_iii,urn:ngsi-ld:Indicator:Number_of_employees_and_the_basis_of_calculation_of_this_number_,2,success,
urn:sds:reg:gri:gri_207_4_b_iv,GRI Official,G,urn:ngsi-ld:Dataset:gri_gri_207_4_b_iv,urn:ngsi-ld:Indicator:Revenues_from_third-party_sales_,2,success,
urn:sds:reg:gri:gri_207_4_b_ix,GRI Official,G,urn:ngsi-ld:Dataset:gri_gri_207_4_b_ix,urn:ngsi-ld:Indicator:Corporate_income_tax_accrued_on_profit_loss_,2,success,
urn:sds:reg:gri:gri_207_4_b_v,GRI Official,G,urn:ngsi-ld:Dataset:gri_gri_207_4_b_v,urn:ngsi-ld:Indicator:Revenues_from_intra-group_transactions_with_other_tax_jurisdictions_,2,success,
urn:sds:reg:gri:gri_207_4_b_vi,GRI Official,G,urn:ngsi-ld:Dataset:gri_gri_207_4_b_vi,urn:ngsi-ld:Indicator:Profit_loss_before_tax_,2,success,
urn:sds:reg:gri:gri_207_4_b_vii,GRI Official,G,urn:ngsi-ld:Dataset:gri_gri_207_4_b_vii,urn:ngsi-ld:Indicator:Tangible_assets_other_than_cash_and_cash_equivalents_,2,success,
urn:sds:reg:gri:gri_207_4_b_viii,GRI Official,G,urn:ngsi-ld:Dataset:gri_gri_207_4_b_viii,urn:ngsi-ld:Indicator:Corporate_income_tax_paid_on_a_cash_basis_,2,success,
urn:sds:reg:gri:gri_207_4_b_x,GRI Official,G,urn:ngsi-ld:Dataset:gri_gri_207_4_b_x,urn:ngsi-ld:Indicator:Reasons_for_the_difference_between_corporate_income_tax_accrued_on_profit_loss_and_the_tax_due_i,2,success,
urn:sds:reg:gri:gri_207_4_c,GRI Official,G,urn:ngsi-ld:Dataset:gri_gri_207_4_c,urn:ngsi-ld:Indicator:The_time_period_covered_by_the_information_reported_in_Disclosure_207-4.,2,success,
urn:sds:reg:gri:gri_3_1_a,GRI Official,Transversal,urn:ngsi-ld:Dataset:gri_gri_3_1_a,urn:ngsi-ld:Indicator:describe_the_process_it_has_followed_to_determine_its_material_topics_including_,2,success,
urn:sds:reg:gri:gri_3_1_a_i,GRI Official,Transversal,urn:ngsi-ld:Dataset:gri_gri_3_1_a_i,urn:ngsi-ld:Indicator:how_it_has_identified_actual_and_potential_negative_and_positive_impacts_on_the_economy_environm,2,success,
urn:sds:reg:gri:gri_3_1_a_ii,GRI Official,Transversal,urn:ngsi-ld:Dataset:gri_gri_3_1_a_ii,urn:ngsi-ld:Indicator:how_it_has_prioritized_the_impacts_for_reporting_based_on_their_significance_,2,success,
urn:sds:reg:gri:gri_3_1_b,GRI Official,Transversal,urn:ngsi-ld:Dataset:gri_gri_3_1_b,urn:ngsi-ld:Indicator:specify_the_stakeholders_and_experts_whose_views_have_informed_the_process_of_determining_its_ma,2,success,
urn:sds:reg:gri:gri_3_2_a,GRI Official,Transversal,urn:ngsi-ld:Dataset:gri_gri_3_2_a,urn:ngsi-ld:Indicator:list_its_material_topics_,2,success,
urn:sds:reg:gri:gri_3_2_b,GRI Official,Transversal,urn:ngsi-ld:Dataset:gri_gri_3_2_b,urn:ngsi-ld:Indicator:report_changes_to_the_list_of_material_topics_compared_to_the_previous_reporting_period.,2,success,
urn:sds:reg:gri:gri_3_3_a,GRI Official,Transversal,urn:ngsi-ld:Dataset:gri_gri_3_3_a,urn:ngsi-ld:Indicator:describe_the_actual_and_potential_negative_and_positive_impacts_on_the_economy_environment_and_p,2,success,
urn:sds:reg:gri:gri_3_3_b,GRI Official,Transversal,urn:ngsi-ld:Dataset:gri_gri_3_3_b,urn:ngsi-ld:Indicator:report_whether_the_organization_is_involved_with_the_negative_impacts_through_its_activities_or_,2,success,
urn:sds:reg:gri:gri_3_3_c,GRI Official,Transversal,urn:ngsi-ld:Dataset:gri_gri_3_3_c,urn:ngsi-ld:Indicator:describe_its_policies_or_commitments_regarding_the_material_topic_,2,success,
urn:sds:reg:gri:gri_3_3_d,GRI Official,Transversal,urn:ngsi-ld:Dataset:gri_gri_3_3_d,urn:ngsi-ld:Indicator:describe_actions_taken_to_manage_the_topic_and_related_impacts_including_,2,success,
urn:sds:reg:gri:gri_3_3_d_i,GRI Official,Transversal,urn:ngsi-ld:Dataset:gri_gri_3_3_d_i,urn:ngsi-ld:Indicator:actions_to_prevent_or_mitigate_potential_negative_impacts_,2,success,
urn:sds:reg:gri:gri_3_3_d_ii,GRI Official,Transversal,urn:ngsi-ld:Dataset:gri_gri_3_3_d_ii,urn:ngsi-ld:Indicator:actions_to_address_actual_negative_impacts_including_actions_to_provide_for_or_cooperate_in_thei,2,success,
urn:sds:reg:gri:gri_3_3_d_iii,GRI Official,Transversal,urn:ngsi-ld:Dataset:gri_gri_3_3_d_iii,urn:ngsi-ld:Indicator:actions_to_manage_actual_and_potential_positive_impacts_,2,success,
urn:sds:reg:gri:gri_3_3_e,GRI Official,Transversal,urn:ngsi-ld:Dataset:gri_gri_3_3_e,urn:ngsi-ld:Indicator:report_the_following_information_about_tracking_the_effectiveness_of_the_actions_taken_,2,success,
urn:sds:reg:gri:gri_3_3_e_i,GRI Official,Transversal,urn:ngsi-ld:Dataset:gri_gri_3_3_e_i,urn:ngsi-ld:Indicator:processes_used_to_track_the_effectiveness_of_the_actions_,2,success,
urn:sds:reg:gri:gri_3_3_e_ii,GRI Official,Transversal,urn:ngsi-ld:Dataset:gri_gri_3_3_e_ii,urn:ngsi-ld:Indicator:goals_targets_and_indicators_used_to_evaluate_progress_,2,success,
urn:sds:reg:gri:gri_3_3_e_iii,GRI Official,Transversal,urn:ngsi-ld:Dataset:gri_gri_3_3_e_iii,urn:ngsi-ld:Indicator:the_effectiveness_of_the_actions_including_progress_toward_the_goals_and_targets_,2,success,
urn:sds:reg:gri:gri_3_3_e_iv,GRI Official,Transversal,urn:ngsi-ld:Dataset:gri_gri_3_3_e_iv,urn:ngsi-ld:Indicator:lessons_learned_and_how_these_have_been_incorporated_into_the_organization_s_operational_policie,2,success,
urn:sds:reg:gri:gri_3_3_f,GRI Official,Transversal,urn:ngsi-ld:Dataset:gri_gri_3_3_f,urn:ngsi-ld:Indicator:describe_how_engagement_with_stakeholders_has_informed_the_actions_taken_3-3-d_and_how_it_has_in,2,success,
urn:sds:reg:gri:gri_301_1_a,GRI Official,E,urn:ngsi-ld:Dataset:gri_gri_301_1_a,urn:ngsi-ld:Indicator:Total_weight_or_volume_of_materials_that_are_used_to_produce_and_package_the_organization_s_prim,2,success,
urn:sds:reg:gri:gri_301_1_a_i,GRI Official,E,urn:ngsi-ld:Dataset:gri_gri_301_1_a_i,urn:ngsi-ld:Indicator:non-renewable_materials_used_,2,success,
urn:sds:reg:gri:gri_301_1_a_ii,GRI Official,E,urn:ngsi-ld:Dataset:gri_gri_301_1_a_ii,urn:ngsi-ld:Indicator:renewable_materials_used.,2,success,
urn:sds:reg:gri:gri_301_2_a,GRI Official,E,urn:ngsi-ld:Dataset:gri_gri_301_2_a,urn:ngsi-ld:Indicator:Percentage_of_recycled_input_materials_used_to_manufacture_the_organization_s_primary_products_a,2,success,
urn:sds:reg:gri:gri_301_3_a,GRI Official,E,urn:ngsi-ld:Dataset:gri_gri_301_3_a,urn:ngsi-ld:Indicator:Percentage_of_reclaimed_products_and_their_packaging_materials_for_each_product_category.,2,success,
urn:sds:reg:gri:gri_301_3_b,GRI Official,E,urn:ngsi-ld:Dataset:gri_gri_301_3_b,urn:ngsi-ld:Indicator:How_the_data_for_this_disclosure_have_been_collected.,2,success,
urn:sds:reg:gri:gri_302_1_c_iv,GRI Official,E,urn:ngsi-ld:Dataset:gri_gri_302_1_c_iv,urn:ngsi-ld:Indicator:steam_consumption,2,success,
urn:sds:reg:gri:gri_302_1_a,GRI Official,E,urn:ngsi-ld:Dataset:gri_gri_302_1_a,urn:ngsi-ld:Indicator:Total_fuel_consumption_within_the_organization_from_non-renewable_sources_in_joules_or_multiples,2,success,
urn:sds:reg:gri:gri_302_1_b,GRI Official,E,urn:ngsi-ld:Dataset:gri_gri_302_1_b,urn:ngsi-ld:Indicator:Total_fuel_consumption_within_the_organization_from_renewable_sources_in_joules_or_multiples_and,2,success,
urn:sds:reg:gri:gri_302_1_c,GRI Official,E,urn:ngsi-ld:Dataset:gri_gri_302_1_c,urn:ngsi-ld:Indicator:In_joules_watt-hours_or_multiples_the_total_,2,success,
urn:sds:reg:gri:gri_302_1_c_i,GRI Official,E,urn:ngsi-ld:Dataset:gri_gri_302_1_c_i,urn:ngsi-ld:Indicator:electricity_consumption,2,success,
urn:sds:reg:gri:gri_302_1_c_ii,GRI Official,E,urn:ngsi-ld:Dataset:gri_gri_302_1_c_ii,urn:ngsi-ld:Indicator:heating_consumption,2,success,
urn:sds:reg:gri:gri_302_1_c_iii,GRI Official,E,urn:ngsi-ld:Dataset:gri_gri_302_1_c_iii,urn:ngsi-ld:Indicator:cooling_consumption,2,success,
urn:sds:reg:gri:gri_302_1_d,GRI Official,E,urn:ngsi-ld:Dataset:gri_gri_302_1_d,urn:ngsi-ld:Indicator:In_joules_watt-hours_or_multiples_the_total_,2,success,
urn:sds:reg:gri:gri_302_1_d_i,GRI Official,E,urn:ngsi-ld:Dataset:gri_gri_302_1_d_i,urn:ngsi-ld:Indicator:electricity_sold,2,success,
urn:sds:reg:gri:gri_302_1_d_ii,GRI Official,E,urn:ngsi-ld:Dataset:gri_gri_302_1_d_ii,urn:ngsi-ld:Indicator:heating_sold,2,success,
urn:sds:reg:gri:gri_302_1_d_iii,GRI Official,E,urn:ngsi-ld:Dataset:gri_gri_302_1_d_iii,urn:ngsi-ld:Indicator:cooling_sold,2,success,
urn:sds:reg:gri:gri_302_1_d_iv,GRI Official,E,urn:ngsi-ld:Dataset:gri_gri_302_1_d_iv,urn:ngsi-ld:Indicator:steam_sold,2,success,
urn:sds:reg:gri:gri_302_1_e,GRI Official,E,urn:ngsi-ld:Dataset:gri_gri_302_1_e,urn:ngsi-ld:Indicator:Total_energy_consumption_within_the_organization_in_joules_or_multiples.,2,success,
urn:sds:reg:gri:gri_302_1_f,GRI Official,E,urn:ngsi-ld:Dataset:gri_gri_302_1_f,urn:ngsi-ld:Indicator:Standards_methodologies_assumptions_and_or_calculation_tools_used.,2,success,
urn:sds:reg:gri:gri_302_1_g,GRI Official,E,urn:ngsi-ld:Dataset:gri_gri_302_1_g,urn:ngsi-ld:Indicator:Source_of_the_conversion_factors_used.,2,success,
urn:sds:reg:gri:gri_302_2_a,GRI Official,E,urn:ngsi-ld:Dataset:gri_gri_302_2_a,urn:ngsi-ld:Indicator:Energy_consumption_outside_of_the_organization_in_joules_or_multiples.,2,success,
urn:sds:reg:gri:gri_302_2_b,GRI Official,E,urn:ngsi-ld:Dataset:gri_gri_302_2_b,urn:ngsi-ld:Indicator:Standards_methodologies_assumptions_and_or_calculation_tools_used.,2,success,
urn:sds:reg:gri:gri_302_2_c,GRI Official,E,urn:ngsi-ld:Dataset:gri_gri_302_2_c,urn:ngsi-ld:Indicator:Source_of_the_conversion_factors_used.,2,success,
urn:sds:reg:gri:gri_302_3_a,GRI Official,E,urn:ngsi-ld:Dataset:gri_gri_302_3_a,urn:ngsi-ld:Indicator:Energy_intensity_ratio_for_the_organization.,2,success,
urn:sds:reg:gri:gri_302_3_b,GRI Official,E,urn:ngsi-ld:Dataset:gri_gri_302_3_b,urn:ngsi-ld:Indicator:Organization-specific_metric_the_denominator_chosen_to_calculate_the_ratio.,2,success,
urn:sds:reg:gri:gri_302_3_c,GRI Official,E,urn:ngsi-ld:Dataset:gri_gri_302_3_c,urn:ngsi-ld:Indicator:Types_of_energy_included_in_the_intensity_ratio_whether_fuel_electricity_heating_cooling_steam_o,2,success,
urn:sds:reg:gri:gri_302_3_d,GRI Official,E,urn:ngsi-ld:Dataset:gri_gri_302_3_d,urn:ngsi-ld:Indicator:Whether_the_ratio_uses_energy_consumption_within_the_organization_outside_of_it_or_both.,2,success,
urn:sds:reg:gri:gri_302_4_a,GRI Official,E,urn:ngsi-ld:Dataset:gri_gri_302_4_a,urn:ngsi-ld:Indicator:Amount_of_reductions_in_energy_consumption_achieved_as_a_direct_result_of_conservation_and_effic,2,success,
urn:sds:reg:gri:gri_302_4_b,GRI Official,E,urn:ngsi-ld:Dataset:gri_gri_302_4_b,urn:ngsi-ld:Indicator:Types_of_energy_included_in_the_reductions_whether_fuel_electricity_heating_cooling_steam_or_all,2,success,
urn:sds:reg:gri:gri_302_4_c,GRI Official,E,urn:ngsi-ld:Dataset:gri_gri_302_4_c,urn:ngsi-ld:Indicator:Basis_for_calculating_reductions_in_energy_consumption_such_as_base_year_or_baseline_including_t,2,success,
urn:sds:reg:gri:gri_302_4_d,GRI Official,E,urn:ngsi-ld:Dataset:gri_gri_302_4_d,urn:ngsi-ld:Indicator:Standards_methodologies_assumptions_and_or_calculation_tools_used.,2,success,
urn:sds:reg:gri:gri_302_5_a,GRI Official,E,urn:ngsi-ld:Dataset:gri_gri_302_5_a,urn:ngsi-ld:Indicator:Reductions_in_energy_requirements_of_sold_products_and_services_achieved_during_the_reporting_pe,2,success,
urn:sds:reg:gri:gri_302_5_b,GRI Official,E,urn:ngsi-ld:Dataset:gri_gri_302_5_b,urn:ngsi-ld:Indicator:Basis_for_calculating_reductions_in_energy_consumption_such_as_base_year_or_baseline_including_t,2,success,
urn:sds:reg:gri:gri_302_5_c,GRI Official,E,urn:ngsi-ld:Dataset:gri_gri_302_5_c,urn:ngsi-ld:Indicator:Standards_methodologies_assumptions_and_or_calculation_tools_used.,2,success,
urn:sds:reg:gri:gri_303_1_a,GRI Official,E,urn:ngsi-ld:Dataset:gri_gri_303_1_a,urn:ngsi-ld:Indicator:A_description_of_how_the_organization_interacts_with_water_including_how_and_where_water_is_with,2,success,
urn:sds:reg:gri:gri_303_1_b,GRI Official,E,urn:ngsi-ld:Dataset:gri_gri_303_1_b,urn:ngsi-ld:Indicator:A_description_of_the_approach_used_to_identify_water-related_impacts_including_the_scope_of_asse,2,success,
urn:sds:reg:gri:gri_303_1_c,GRI Official,E,urn:ngsi-ld:Dataset:gri_gri_303_1_c,urn:ngsi-ld:Indicator:A_description_of_how_water-related_impacts_are_addressed_including_how_the_organization_works_wi,2,success,
urn:sds:reg:gri:gri_303_1_d,GRI Official,E,urn:ngsi-ld:Dataset:gri_gri_303_1_d,urn:ngsi-ld:Indicator:An_explanation_of_the_process_for_setting_any_water-related_goals_and_targets_that_are_part_of_t,2,success,
urn:sds:reg:gri:gri_303_2_a,GRI Official,E,urn:ngsi-ld:Dataset:gri_gri_303_2_a,urn:ngsi-ld:Indicator:A_description_of_any_minimum_standards_set_for_the_quality_of_effluent_discharge_and_how_these_m,2,success,
urn:sds:reg:gri:gri_303_2_a_i,GRI Official,E,urn:ngsi-ld:Dataset:gri_gri_303_2_a_i,urn:ngsi-ld:Indicator:how_standards_for_facilities_operating_in_locations_with_no_local_discharge_requirements_were_de,2,success,
urn:sds:reg:gri:gri_303_2_a_ii,GRI Official,E,urn:ngsi-ld:Dataset:gri_gri_303_2_a_ii,urn:ngsi-ld:Indicator:any_internally_developed_water_quality_standards_or_guidelines_,2,success,
urn:sds:reg:gri:gri_303_2_a_iii,GRI Official,E,urn:ngsi-ld:Dataset:gri_gri_303_2_a_iii,urn:ngsi-ld:Indicator:any_sector-specific_standards_considered_,2,success,
urn:sds:reg:gri:gri_303_2_a_iv,GRI Official,E,urn:ngsi-ld:Dataset:gri_gri_303_2_a_iv,urn:ngsi-ld:Indicator:whether_the_profile_of_the_receiving_waterbody_was_considered.,2,success,
urn:sds:reg:gri:gri_303_3_a,GRI Official,E,urn:ngsi-ld:Dataset:gri_gri_303_3_a,urn:ngsi-ld:Indicator:Total_water_withdrawal_from_all_areas_in_megaliters_and_a_breakdown_of_this_total_by_the_followi,2,success,
urn:sds:reg:gri:gri_303_3_a_i,GRI Official,E,urn:ngsi-ld:Dataset:gri_gri_303_3_a_i,urn:ngsi-ld:Indicator:Surface_water_,2,success,
urn:sds:reg:gri:gri_303_3_a_ii,GRI Official,E,urn:ngsi-ld:Dataset:gri_gri_303_3_a_ii,urn:ngsi-ld:Indicator:Groundwater_,2,success,
urn:sds:reg:gri:gri_303_3_a_iii,GRI Official,E,urn:ngsi-ld:Dataset:gri_gri_303_3_a_iii,urn:ngsi-ld:Indicator:Seawater_,2,success,
urn:sds:reg:gri:gri_303_3_a_iv,GRI Official,E,urn:ngsi-ld:Dataset:gri_gri_303_3_a_iv,urn:ngsi-ld:Indicator:Produced_water_,2,success,
urn:sds:reg:gri:gri_303_3_a_v,GRI Official,E,urn:ngsi-ld:Dataset:gri_gri_303_3_a_v,urn:ngsi-ld:Indicator:Third-party_water.,2,success,
urn:sds:reg:gri:gri_303_3_b,GRI Official,E,urn:ngsi-ld:Dataset:gri_gri_303_3_b,urn:ngsi-ld:Indicator:Total_water_withdrawal_from_all_areas_with_water_stress_in_megaliters_and_a_breakdown_of_this_to,2,success,
urn:sds:reg:gri:gri_303_3_b_i,GRI Official,E,urn:ngsi-ld:Dataset:gri_gri_303_3_b_i,urn:ngsi-ld:Indicator:Surface_water_,2,success,
urn:sds:reg:gri:gri_303_3_b_ii,GRI Official,E,urn:ngsi-ld:Dataset:gri_gri_303_3_b_ii,urn:ngsi-ld:Indicator:Groundwater_,2,success,
urn:sds:reg:gri:gri_303_3_b_iii,GRI Official,E,urn:ngsi-ld:Dataset:gri_gri_303_3_b_iii,urn:ngsi-ld:Indicator:Seawater_,2,success,
urn:sds:reg:gri:gri_303_3_b_iv,GRI Official,E,urn:ngsi-ld:Dataset:gri_gri_303_3_b_iv,urn:ngsi-ld:Indicator:Produced_water_,2,success,
urn:sds:reg:gri:gri_303_3_b_v,GRI Official,E,urn:ngsi-ld:Dataset:gri_gri_303_3_b_v,urn:ngsi-ld:Indicator:Third-party_water_and_a_breakdown_of_this_total_by_the_withdrawal_sources_listed_in_i-iv.,2,success,
urn:sds:reg:gri:gri_303_3_c,GRI Official,E,urn:ngsi-ld:Dataset:gri_gri_303_3_c,urn:ngsi-ld:Indicator:A_breakdown_of_total_water_withdrawal_from_each_of_the_sources_listed_in_Disclosures_303-3-a_and,2,success,
urn:sds:reg:gri:gri_303_3_c_i,GRI Official,E,urn:ngsi-ld:Dataset:gri_gri_303_3_c_i,urn:ngsi-ld:Indicator:Freshwater_1_000_mg_L_Total_Dissolved_Solids_,2,success,
urn:sds:reg:gri:gri_303_3_c_ii,GRI Official,E,urn:ngsi-ld:Dataset:gri_gri_303_3_c_ii,urn:ngsi-ld:Indicator:Other_water_1_000_mg_L_Total_Dissolved_Solids_.,2,success,
urn:sds:reg:gri:gri_303_3_d,GRI Official,E,urn:ngsi-ld:Dataset:gri_gri_303_3_d,urn:ngsi-ld:Indicator:Any_contextual_information_necessary_to_understand_how_the_data_have_been_compiled_such_as_any_s,2,success,
urn:sds:reg:gri:gri_303_4_a,GRI Official,E,urn:ngsi-ld:Dataset:gri_gri_303_4_a,urn:ngsi-ld:Indicator:Total_water_discharge_to_all_areas_in_megaliters_and_a_breakdown_of_this_total_by_the_following_,2,success,
urn:sds:reg:gri:gri_303_4_a_i,GRI Official,E,urn:ngsi-ld:Dataset:gri_gri_303_4_a_i,urn:ngsi-ld:Indicator:Surface_water_,2,success,
urn:sds:reg:gri:gri_303_4_a_ii,GRI Official,E,urn:ngsi-ld:Dataset:gri_gri_303_4_a_ii,urn:ngsi-ld:Indicator:Groundwater_,2,success,
urn:sds:reg:gri:gri_303_4_a_iii,GRI Official,E,urn:ngsi-ld:Dataset:gri_gri_303_4_a_iii,urn:ngsi-ld:Indicator:Seawater_,2,success,
urn:sds:reg:gri:gri_303_4_a_iv,GRI Official,E,urn:ngsi-ld:Dataset:gri_gri_303_4_a_iv,urn:ngsi-ld:Indicator:Third-party_water_and_the_volume_of_this_total_sent_for_use_to_other_organizations_if_applicable,2,success,
urn:sds:reg:gri:gri_303_4_b,GRI Official,E,urn:ngsi-ld:Dataset:gri_gri_303_4_b,urn:ngsi-ld:Indicator:A_breakdown_of_total_water_discharge_to_all_areas_in_megaliters_by_the_following_categories_,2,success,
urn:sds:reg:gri:gri_303_4_b_i,GRI Official,E,urn:ngsi-ld:Dataset:gri_gri_303_4_b_i,urn:ngsi-ld:Indicator:Freshwater_1_000_mg_L_Total_Dissolved_Solids_,2,success,
urn:sds:reg:gri:gri_303_4_b_ii,GRI Official,E,urn:ngsi-ld:Dataset:gri_gri_303_4_b_ii,urn:ngsi-ld:Indicator:Other_water_1_000_mg_L_Total_Dissolved_Solids_.,2,success,
urn:sds:reg:gri:gri_303_4_c,GRI Official,E,urn:ngsi-ld:Dataset:gri_gri_303_4_c,urn:ngsi-ld:Indicator:Total_water_discharge_to_all_areas_with_water_stress_in_megaliters_and_a_breakdown_of_this_total,2,success,
urn:sds:reg:gri:gri_303_4_c_i,GRI Official,E,urn:ngsi-ld:Dataset:gri_gri_303_4_c_i,urn:ngsi-ld:Indicator:Freshwater_1_000_mg_L_Total_Dissolved_Solids_,2,success,
urn:sds:reg:gri:gri_303_4_c_ii,GRI Official,E,urn:ngsi-ld:Dataset:gri_gri_303_4_c_ii,urn:ngsi-ld:Indicator:Other_water_1_000_mg_L_Total_Dissolved_Solids_.,2,success,
urn:sds:reg:gri:gri_303_4_d,GRI Official,E,urn:ngsi-ld:Dataset:gri_gri_303_4_d,urn:ngsi-ld:Indicator:Priority_substances_of_concern_for_which_discharges_are_treated_including_,2,success,
urn:sds:reg:gri:gri_303_4_d_i,GRI Official,E,urn:ngsi-ld:Dataset:gri_gri_303_4_d_i,urn:ngsi-ld:Indicator:how_priority_substances_of_concern_were_defined_and_any_international_standard_authoritative_lis,2,success,
urn:sds:reg:gri:gri_303_4_d_ii,GRI Official,E,urn:ngsi-ld:Dataset:gri_gri_303_4_d_ii,urn:ngsi-ld:Indicator:the_approach_for_setting_discharge_limits_for_priority_substances_of_concern_,2,success,
urn:sds:reg:gri:gri_303_4_d_iii,GRI Official,E,urn:ngsi-ld:Dataset:gri_gri_303_4_d_iii,urn:ngsi-ld:Indicator:number_of_incidents_of_non-compliance_with_discharge_limits.,2,success,
urn:sds:reg:gri:gri_303_4_e,GRI Official,E,urn:ngsi-ld:Dataset:gri_gri_303_4_e,urn:ngsi-ld:Indicator:Any_contextual_information_necessary_to_understand_how_the_data_have_been_compiled_such_as_any_s,2,success,
urn:sds:reg:gri:gri_303_5_a,GRI Official,E,urn:ngsi-ld:Dataset:gri_gri_303_5_a,urn:ngsi-ld:Indicator:Total_water_consumption_from_all_areas_in_megaliters.,2,success,
urn:sds:reg:gri:gri_303_5_b,GRI Official,E,urn:ngsi-ld:Dataset:gri_gri_303_5_b,urn:ngsi-ld:Indicator:Total_water_consumption_from_all_areas_with_water_stress_in_megaliters.,2,success,
urn:sds:reg:gri:gri_303_5_c,GRI Official,E,urn:ngsi-ld:Dataset:gri_gri_303_5_c,urn:ngsi-ld:Indicator:Change_in_water_storage_in_megaliters_if_water_storage_has_been_identified_as_having_a_significa,2,success,
urn:sds:reg:gri:gri_303_5_d,GRI Official,E,urn:ngsi-ld:Dataset:gri_gri_303_5_d,urn:ngsi-ld:Indicator:Any_contextual_information_necessary_to_understand_how_the_data_have_been_compiled_such_as_any_s,2,success,
urn:sds:reg:gri:gri_304_1_a,GRI Official,E,urn:ngsi-ld:Dataset:gri_gri_304_1_a,urn:ngsi-ld:Indicator:For_each_operational_site_owned_leased_managed_in_or_adjacent_to_protected_areas_and_areas_of_hi,2,success,
urn:sds:reg:gri:gri_304_1_a_i,GRI Official,E,urn:ngsi-ld:Dataset:gri_gri_304_1_a_i,urn:ngsi-ld:Indicator:Geographic_location_,2,success,
urn:sds:reg:gri:gri_304_1_a_ii,GRI Official,E,urn:ngsi-ld:Dataset:gri_gri_304_1_a_ii,urn:ngsi-ld:Indicator:Subsurface_and_underground_land_that_may_be_owned_leased_or_managed_by_the_organization_,2,success,
urn:sds:reg:gri:gri_304_1_a_iii,GRI Official,E,urn:ngsi-ld:Dataset:gri_gri_304_1_a_iii,urn:ngsi-ld:Indicator:Position_in_relation_to_the_protected_area_in_the_area_adjacent_to_or_containing_portions_of_the,2,success,
urn:sds:reg:gri:gri_304_1_a_iv,GRI Official,E,urn:ngsi-ld:Dataset:gri_gri_304_1_a_iv,urn:ngsi-ld:Indicator:Type_of_operation_office_manufacturing_or_production_or_extractive_,2,success,
urn:sds:reg:gri:gri_304_1_a_v,GRI Official,E,urn:ngsi-ld:Dataset:gri_gri_304_1_a_v,urn:ngsi-ld:Indicator:Size_of_operational_site_in_km2_or_another_unit_if_appropriate_,2,success,
urn:sds:reg:gri:gri_304_1_a_vi,GRI Official,E,urn:ngsi-ld:Dataset:gri_gri_304_1_a_vi,urn:ngsi-ld:Indicator:Biodiversity_value_characterized_by_the_attribute_of_the_protected_area_or_area_of_high_biodiver,2,success,
urn:sds:reg:gri:gri_304_1_a_vii,GRI Official,E,urn:ngsi-ld:Dataset:gri_gri_304_1_a_vii,urn:ngsi-ld:Indicator:Biodiversity_value_characterized_by_listing_of_protected_status_such_as_IUCN_Protected_Area_Mana,2,success,
urn:sds:reg:gri:gri_304_2_a,GRI Official,E,urn:ngsi-ld:Dataset:gri_gri_304_2_a,urn:ngsi-ld:Indicator:Nature_of_significant_direct_and_indirect_impacts_on_biodiversity_with_reference_to_one_or_more_,2,success,
urn:sds:reg:gri:gri_304_2_a_i,GRI Official,E,urn:ngsi-ld:Dataset:gri_gri_304_2_a_i,urn:ngsi-ld:Indicator:Construction_or_use_of_manufacturing_plants_mines_and_transport_infrastructure_,2,success,
urn:sds:reg:gri:gri_304_2_a_ii,GRI Official,E,urn:ngsi-ld:Dataset:gri_gri_304_2_a_ii,urn:ngsi-ld:Indicator:Pollution_introduction_of_substances_that_do_not_naturally_occur_in_the_habitat_from_point_and_n,2,success,
urn:sds:reg:gri:gri_304_2_a_iii,GRI Official,E,urn:ngsi-ld:Dataset:gri_gri_304_2_a_iii,urn:ngsi-ld:Indicator:Introduction_of_invasive_species_pests_and_pathogens_,2,success,
urn:sds:reg:gri:gri_304_2_a_iv,GRI Official,E,urn:ngsi-ld:Dataset:gri_gri_304_2_a_iv,urn:ngsi-ld:Indicator:Reduction_of_species_,2,success,
urn:sds:reg:gri:gri_304_2_a_v,GRI Official,E,urn:ngsi-ld:Dataset:gri_gri_304_2_a_v,urn:ngsi-ld:Indicator:Habitat_conversion_,2,success,
urn:sds:reg:gri:gri_304_2_a_vi,GRI Official,E,urn:ngsi-ld:Dataset:gri_gri_304_2_a_vi,urn:ngsi-ld:Indicator:Changes_in_ecological_processes_outside_the_natural_range_of_variation_such_as_salinity_or_chang,2,success,
urn:sds:reg:gri:gri_304_2_b,GRI Official,E,urn:ngsi-ld:Dataset:gri_gri_304_2_b,urn:ngsi-ld:Indicator:Significant_direct_and_indirect_positive_and_negative_impacts_with_reference_to_the_following_,2,success,
urn:sds:reg:gri:gri_304_2_b_i,GRI Official,E,urn:ngsi-ld:Dataset:gri_gri_304_2_b_i,urn:ngsi-ld:Indicator:Species_affected_,2,success,
urn:sds:reg:gri:gri_304_2_b_ii,GRI Official,E,urn:ngsi-ld:Dataset:gri_gri_304_2_b_ii,urn:ngsi-ld:Indicator:Extent_of_areas_impacted_,2,success,
urn:sds:reg:gri:gri_304_2_b_iii,GRI Official,E,urn:ngsi-ld:Dataset:gri_gri_304_2_b_iii,urn:ngsi-ld:Indicator:Duration_of_impacts_,2,success,
urn:sds:reg:gri:gri_304_2_b_iv,GRI Official,E,urn:ngsi-ld:Dataset:gri_gri_304_2_b_iv,urn:ngsi-ld:Indicator:Reversibility_or_irreversibility_of_the_impacts.,2,success,
urn:sds:reg:gri:gri_304_3_a,GRI Official,E,urn:ngsi-ld:Dataset:gri_gri_304_3_a,urn:ngsi-ld:Indicator:Size_and_location_of_all_habitat_areas_protected_or_restored_and_whether_the_success_of_the_rest,2,success,
urn:sds:reg:gri:gri_304_3_b,GRI Official,E,urn:ngsi-ld:Dataset:gri_gri_304_3_b,urn:ngsi-ld:Indicator:Whether_partnerships_exist_with_third_parties_to_protect_or_restore_habitat_areas_distinct_from_,2,success,
urn:sds:reg:gri:gri_304_3_c,GRI Official,E,urn:ngsi-ld:Dataset:gri_gri_304_3_c,urn:ngsi-ld:Indicator:Status_of_each_area_based_on_its_condition_at_the_close_of_the_reporting_period.,2,success,
urn:sds:reg:gri:gri_304_3_d,GRI Official,E,urn:ngsi-ld:Dataset:gri_gri_304_3_d,urn:ngsi-ld:Indicator:Standards_methodologies_and_assumptions_used.,2,success,
urn:sds:reg:gri:gri_304_4_a,GRI Official,E,urn:ngsi-ld:Dataset:gri_gri_304_4_a,urn:ngsi-ld:Indicator:Total_number_of_IUCN_Red_List_species_and_national_conservation_list_species_with_habitats_in_ar,2,success,
urn:sds:reg:gri:gri_304_4_a_i,GRI Official,E,urn:ngsi-ld:Dataset:gri_gri_304_4_a_i,urn:ngsi-ld:Indicator:Critically_endangered,2,success,
urn:sds:reg:gri:gri_304_4_a_ii,GRI Official,E,urn:ngsi-ld:Dataset:gri_gri_304_4_a_ii,urn:ngsi-ld:Indicator:Endangered,2,success,
urn:sds:reg:gri:gri_304_4_a_iii,GRI Official,E,urn:ngsi-ld:Dataset:gri_gri_304_4_a_iii,urn:ngsi-ld:Indicator:Vulnerable,2,success,
urn:sds:reg:gri:gri_304_4_a_iv,GRI Official,E,urn:ngsi-ld:Dataset:gri_gri_304_4_a_iv,urn:ngsi-ld:Indicator:Near_threatened,2,success,
urn:sds:reg:gri:gri_304_4_a_v,GRI Official,E,urn:ngsi-ld:Dataset:gri_gri_304_4_a_v,urn:ngsi-ld:Indicator:Least_concern,2,success,
urn:sds:reg:gri:gri_305_1_a,GRI Official,E,urn:ngsi-ld:Dataset:gri_gri_305_1_a,urn:ngsi-ld:Indicator:Gross_direct_Scope_1_GHG_emissions_in_metric_tons_of_CO_2_equivalent.,2,success,
urn:sds:reg:gri:gri_305_1_b,GRI Official,E,urn:ngsi-ld:Dataset:gri_gri_305_1_b,urn:ngsi-ld:Indicator:Gases_included_in_the_calculation_whether_CO2_CH4_N2O_HFCs_PFCs_SF6_NF3_or_all.,2,success,
urn:sds:reg:gri:gri_305_1_c,GRI Official,E,urn:ngsi-ld:Dataset:gri_gri_305_1_c,urn:ngsi-ld:Indicator:Biogenic_CO_2_emissions_in_metric_tons_of_CO2_equivalent.,2,success,
urn:sds:reg:gri:gri_305_1_d,GRI Official,E,urn:ngsi-ld:Dataset:gri_gri_305_1_d,urn:ngsi-ld:Indicator:Base_year_for_the_calculation_if_applicable_including_,2,success,
urn:sds:reg:gri:gri_305_1_d_i,GRI Official,E,urn:ngsi-ld:Dataset:gri_gri_305_1_d_i,urn:ngsi-ld:Indicator:the_rationale_for_choosing_it_,2,success,
urn:sds:reg:gri:gri_305_1_d_ii,GRI Official,E,urn:ngsi-ld:Dataset:gri_gri_305_1_d_ii,urn:ngsi-ld:Indicator:emissions_in_the_base_year_,2,success,
urn:sds:reg:gri:gri_305_1_d_iii,GRI Official,E,urn:ngsi-ld:Dataset:gri_gri_305_1_d_iii,urn:ngsi-ld:Indicator:the_context_for_any_significant_changes_in_emissions_that_triggered_recalculations_of_base_year_,2,success,
urn:sds:reg:gri:gri_305_1_e,GRI Official,E,urn:ngsi-ld:Dataset:gri_gri_305_1_e,urn:ngsi-ld:Indicator:Source_of_the_emission_factors_and_the_global_warming_potential_GWP_rates_used_or_a_reference_to,2,success,
urn:sds:reg:gri:gri_305_1_f,GRI Official,E,urn:ngsi-ld:Dataset:gri_gri_305_1_f,urn:ngsi-ld:Indicator:Consolidation_approach_for_emissions_whether_equity_share_financial_control_or_operational_contr,2,success,
urn:sds:reg:gri:gri_305_1_g,GRI Official,E,urn:ngsi-ld:Dataset:gri_gri_305_1_g,urn:ngsi-ld:Indicator:Standards_methodologies_assumptions_and_or_calculation_tools_used.,2,success,
urn:sds:reg:gri:gri_305_2_a,GRI Official,E,urn:ngsi-ld:Dataset:gri_gri_305_2_a,urn:ngsi-ld:Indicator:Gross_location-based_energy_indirect_Scope_2_GHG_emissions_in_metric_tons_of_CO_2_equivalent.,2,success,
urn:sds:reg:gri:gri_305_2_b,GRI Official,E,urn:ngsi-ld:Dataset:gri_gri_305_2_b,urn:ngsi-ld:Indicator:If_applicable_gross_market-based_energy_indirect_Scope_2_GHG_emissions_in_metric_tons_of_CO2_equ,2,success,
urn:sds:reg:gri:gri_305_2_c,GRI Official,E,urn:ngsi-ld:Dataset:gri_gri_305_2_c,urn:ngsi-ld:Indicator:If_available_the_gases_included_in_the_calculation_whether_CO2_CH4_N2O_HFCs_PFCs_SF6_NF3_or_all.,2,success,
urn:sds:reg:gri:gri_305_2_d,GRI Official,E,urn:ngsi-ld:Dataset:gri_gri_305_2_d,urn:ngsi-ld:Indicator:Base_year_for_the_calculation_if_applicable_including_,2,success,
urn:sds:reg:gri:gri_305_2_d_i,GRI Official,E,urn:ngsi-ld:Dataset:gri_gri_305_2_d_i,urn:ngsi-ld:Indicator:the_rationale_for_choosing_it_,2,success,
urn:sds:reg:gri:gri_305_2_d_ii,GRI Official,E,urn:ngsi-ld:Dataset:gri_gri_305_2_d_ii,urn:ngsi-ld:Indicator:emissions_in_the_base_year_,2,success,
urn:sds:reg:gri:gri_305_2_d_iii,GRI Official,E,urn:ngsi-ld:Dataset:gri_gri_305_2_d_iii,urn:ngsi-ld:Indicator:the_context_for_any_significant_changes_in_emissions_that_triggered_recalculations_of_base_year_,2,success,
urn:sds:reg:gri:gri_305_2_e,GRI Official,E,urn:ngsi-ld:Dataset:gri_gri_305_2_e,urn:ngsi-ld:Indicator:Source_of_the_emission_factors_and_the_global_warming_potential_GWP_rates_used_or_a_reference_to,2,success,
urn:sds:reg:gri:gri_305_2_f,GRI Official,E,urn:ngsi-ld:Dataset:gri_gri_305_2_f,urn:ngsi-ld:Indicator:Consolidation_approach_for_emissions_whether_equity_share_financial_control_or_operational_contr,2,success,
urn:sds:reg:gri:gri_305_2_g,GRI Official,E,urn:ngsi-ld:Dataset:gri_gri_305_2_g,urn:ngsi-ld:Indicator:Standards_methodologies_assumptions_and_or_calculation_tools_used.,2,success,
urn:sds:reg:gri:gri_305_3_a,GRI Official,E,urn:ngsi-ld:Dataset:gri_gri_305_3_a,urn:ngsi-ld:Indicator:Gross_other_indirect_Scope_3_GHG_emissions_in_metric_tons_of_CO_2_equivalent.,2,success,
urn:sds:reg:gri:gri_305_3_b,GRI Official,E,urn:ngsi-ld:Dataset:gri_gri_305_3_b,urn:ngsi-ld:Indicator:If_available_the_gases_included_in_the_calculation_whether_CO2_CH4_N2O_HFCs_PFCs_SF6_NF3_or_all.,2,success,
urn:sds:reg:gri:gri_305_3_c,GRI Official,E,urn:ngsi-ld:Dataset:gri_gri_305_3_c,urn:ngsi-ld:Indicator:Biogenic_CO_2_emissions_in_metric_tons_of_CO2equivalent.,2,success,
urn:sds:reg:gri:gri_305_3_d,GRI Official,E,urn:ngsi-ld:Dataset:gri_gri_305_3_d,urn:ngsi-ld:Indicator:Other_indirect_Scope_3_GHG_emissions_categories_and_activities_included_in_the_calculation.,2,success,
urn:sds:reg:gri:gri_305_3_e,GRI Official,E,urn:ngsi-ld:Dataset:gri_gri_305_3_e,urn:ngsi-ld:Indicator:Base_year_for_the_calculation_if_applicable_including_,2,success,
urn:sds:reg:gri:gri_305_3_e_i,GRI Official,E,urn:ngsi-ld:Dataset:gri_gri_305_3_e_i,urn:ngsi-ld:Indicator:the_rationale_for_choosing_it_,2,success,
urn:sds:reg:gri:gri_305_3_e_ii,GRI Official,E,urn:ngsi-ld:Dataset:gri_gri_305_3_e_ii,urn:ngsi-ld:Indicator:emissions_in_the_base_year_,2,success,
urn:sds:reg:gri:gri_305_3_e_iii,GRI Official,E,urn:ngsi-ld:Dataset:gri_gri_305_3_e_iii,urn:ngsi-ld:Indicator:the_context_for_any_significant_changes_in_emissions_that_triggered_recalculations_of_base_year_,2,success,
urn:sds:reg:gri:gri_305_3_f,GRI Official,E,urn:ngsi-ld:Dataset:gri_gri_305_3_f,urn:ngsi-ld:Indicator:Source_of_the_emission_factors_and_the_global_warming_potential_GWP_rates_used_or_a_reference_to,2,success,
urn:sds:reg:gri:gri_305_3_g,GRI Official,E,urn:ngsi-ld:Dataset:gri_gri_305_3_g,urn:ngsi-ld:Indicator:Standards_methodologies_assumptions_and_or_calculation_tools_used.,2,success,
urn:sds:reg:gri:gri_305_4_a,GRI Official,E,urn:ngsi-ld:Dataset:gri_gri_305_4_a,urn:ngsi-ld:Indicator:GHG_emissions_intensity_ratio_for_the_organization.,2,success,
urn:sds:reg:gri:gri_305_4_b,GRI Official,E,urn:ngsi-ld:Dataset:gri_gri_305_4_b,urn:ngsi-ld:Indicator:Organization-specific_metric_the_denominator_chosen_to_calculate_the_ratio.,2,success,
urn:sds:reg:gri:gri_305_4_c,GRI Official,E,urn:ngsi-ld:Dataset:gri_gri_305_4_c,urn:ngsi-ld:Indicator:Types_of_GHG_emissions_included_in_the_intensity_ratio_whether_direct_Scope_1_energy_indirect_Sc,2,success,
urn:sds:reg:gri:gri_305_4_d,GRI Official,E,urn:ngsi-ld:Dataset:gri_gri_305_4_d,urn:ngsi-ld:Indicator:Gases_included_in_the_calculation_whether_CO2_CH4_N2O_HFCs_PFCs_SF6_NF3_or_all.,2,success,
urn:sds:reg:gri:gri_305_5_a,GRI Official,E,urn:ngsi-ld:Dataset:gri_gri_305_5_a,urn:ngsi-ld:Indicator:GHG_emissions_reduced_as_a_direct_result_of_reduction_initiatives_in_metric_tons_of_CO2_equivale,2,success,
urn:sds:reg:gri:gri_305_5_b,GRI Official,E,urn:ngsi-ld:Dataset:gri_gri_305_5_b,urn:ngsi-ld:Indicator:Gases_included_in_the_calculation_whether_CO2_CH4_N2O_HFCs_PFCs_SF6_NF3_or_all.,2,success,
urn:sds:reg:gri:gri_305_5_c,GRI Official,E,urn:ngsi-ld:Dataset:gri_gri_305_5_c,urn:ngsi-ld:Indicator:Base_year_or_baseline_including_the_rationale_for_choosing_it.,2,success,
urn:sds:reg:gri:gri_305_5_d,GRI Official,E,urn:ngsi-ld:Dataset:gri_gri_305_5_d,urn:ngsi-ld:Indicator:Scopes_in_which_reductions_took_place_whether_direct_Scope_1_energy_indirect_Scope_2_and_or_othe,2,success,
urn:sds:reg:gri:gri_305_5_e,GRI Official,E,urn:ngsi-ld:Dataset:gri_gri_305_5_e,urn:ngsi-ld:Indicator:Standards_methodologies_assumptions_and_or_calculation_tools_used.,2,success,
urn:sds:reg:gri:gri_305_6_a,GRI Official,E,urn:ngsi-ld:Dataset:gri_gri_305_6_a,urn:ngsi-ld:Indicator:Production_imports_and_exports_of_ODS_in_metric_tons_of_CFC-11_trichlorofluoromethane_equivalent,2,success,
urn:sds:reg:gri:gri_305_6_b,GRI Official,E,urn:ngsi-ld:Dataset:gri_gri_305_6_b,urn:ngsi-ld:Indicator:Substances_included_in_the_calculation.,2,success,
urn:sds:reg:gri:gri_305_6_c,GRI Official,E,urn:ngsi-ld:Dataset:gri_gri_305_6_c,urn:ngsi-ld:Indicator:Source_of_the_emission_factors_used.,2,success,
urn:sds:reg:gri:gri_305_6_d,GRI Official,E,urn:ngsi-ld:Dataset:gri_gri_305_6_d,urn:ngsi-ld:Indicator:Standards_methodologies_assumptions_and_or_calculation_tools_used.,2,success,
urn:sds:reg:gri:gri_305_7_a,GRI Official,E,urn:ngsi-ld:Dataset:gri_gri_305_7_a,urn:ngsi-ld:Indicator:Significant_air_emissions_in_kilograms_or_multiples_for_each_of_the_following_,2,success,
urn:sds:reg:gri:gri_305_7_a_i,GRI Official,E,urn:ngsi-ld:Dataset:gri_gri_305_7_a_i,urn:ngsi-ld:Indicator:Nox,2,success,
urn:sds:reg:gri:gri_305_7_a_ii,GRI Official,E,urn:ngsi-ld:Dataset:gri_gri_305_7_a_ii,urn:ngsi-ld:Indicator:Sox,2,success,
urn:sds:reg:gri:gri_305_7_a_iii,GRI Official,E,urn:ngsi-ld:Dataset:gri_gri_305_7_a_iii,urn:ngsi-ld:Indicator:Persistent_organic_pollutants_POP_,2,success,
urn:sds:reg:gri:gri_305_7_a_iv,GRI Official,E,urn:ngsi-ld:Dataset:gri_gri_305_7_a_iv,urn:ngsi-ld:Indicator:Volatile_organic_compounds_VOC_,2,success,
urn:sds:reg:gri:gri_305_7_a_v,GRI Official,E,urn:ngsi-ld:Dataset:gri_gri_305_7_a_v,urn:ngsi-ld:Indicator:Hazardous_air_pollutants_HAP_,2,success,
urn:sds:reg:gri:gri_305_7_a_vi,GRI Official,E,urn:ngsi-ld:Dataset:gri_gri_305_7_a_vi,urn:ngsi-ld:Indicator:Particulate_matter_PM_,2,success,
urn:sds:reg:gri:gri_305_7_a_vii,GRI Official,E,urn:ngsi-ld:Dataset:gri_gri_305_7_a_vii,urn:ngsi-ld:Indicator:Other_standard_categories_of_air_emissions_identified_in_relevant_regulations,2,success,
urn:sds:reg:gri:gri_305_7_b,GRI Official,E,urn:ngsi-ld:Dataset:gri_gri_305_7_b,urn:ngsi-ld:Indicator:Source_of_the_emission_factors_used.,2,success,
urn:sds:reg:gri:gri_305_7_c,GRI Official,E,urn:ngsi-ld:Dataset:gri_gri_305_7_c,urn:ngsi-ld:Indicator:Standards_methodologies_assumptions_and_or_calculation_tools_used.,2,success,
urn:sds:reg:gri:gri_306_1_a,GRI Official,E,urn:ngsi-ld:Dataset:gri_gri_306_1_a,urn:ngsi-ld:Indicator:For_the_organization_s_significant_actual_and_potential_waste-related_impacts_a_description_of_,2,success,
urn:sds:reg:gri:gri_306_1_a_i,GRI Official,E,urn:ngsi-ld:Dataset:gri_gri_306_1_a_i,urn:ngsi-ld:Indicator:the_inputs_activities_and_outputs_that_lead_or_could_lead_to_these_impacts_,2,success,
urn:sds:reg:gri:gri_306_1_a_ii,GRI Official,E,urn:ngsi-ld:Dataset:gri_gri_306_1_a_ii,urn:ngsi-ld:Indicator:whether_these_impacts_relate_to_waste_generated_in_the_organization_s_own_activities_or_to_waste,2,success,
urn:sds:reg:gri:gri_306_2_a,GRI Official,E,urn:ngsi-ld:Dataset:gri_gri_306_2_a,urn:ngsi-ld:Indicator:Actions_including_circularity_measures_taken_to_prevent_waste_generation_in_the_organization_s_o,2,success,
urn:sds:reg:gri:gri_306_2_b,GRI Official,E,urn:ngsi-ld:Dataset:gri_gri_306_2_b,urn:ngsi-ld:Indicator:If_the_waste_generated_by_the_organization_in_its_own_activities_is_managed_by_a_third_party_a_d,2,success,
urn:sds:reg:gri:gri_306_2_c,GRI Official,E,urn:ngsi-ld:Dataset:gri_gri_306_2_c,urn:ngsi-ld:Indicator:The_processes_used_to_collect_and_monitor_waste-related_data.,2,success,
urn:sds:reg:gri:gri_306_3_a,GRI Official,E,urn:ngsi-ld:Dataset:gri_gri_306_3_a,urn:ngsi-ld:Indicator:Total_weight_of_waste_generated_in_metric_tons_and_a_breakdown_of_this_total_by_composition_of_t,2,success,
urn:sds:reg:gri:gri_306_3_a_2106,GRI Official,E,urn:ngsi-ld:Dataset:gri_gri_306_3_a_2106,urn:ngsi-ld:Indicator:Total_number_and_total_volume_of_recorded_significant_spills.,2,success,
urn:sds:reg:gri:gri_306_3_b,GRI Official,E,urn:ngsi-ld:Dataset:gri_gri_306_3_b,urn:ngsi-ld:Indicator:Contextual_information_necessary_to_understand_the_data_and_how_the_data_has_been_compiled.,2,success,
urn:sds:reg:gri:gri_306_3_b_2106,GRI Official,E,urn:ngsi-ld:Dataset:gri_gri_306_3_b_2106,urn:ngsi-ld:Indicator:The_following_additional_information_for_each_spill_that_was_reported_in_the_organization_s_fina,2,success,
urn:sds:reg:gri:gri_306_3_b_i_2106,GRI Official,E,urn:ngsi-ld:Dataset:gri_gri_306_3_b_i_2106,urn:ngsi-ld:Indicator:Location_of_spill_,2,success,
urn:sds:reg:gri:gri_306_3_b_ii_2106,GRI Official,E,urn:ngsi-ld:Dataset:gri_gri_306_3_b_ii_2106,urn:ngsi-ld:Indicator:Volume_of_spill_,2,success,
urn:sds:reg:gri:gri_306_3_b_iii_2106,GRI Official,E,urn:ngsi-ld:Dataset:gri_gri_306_3_b_iii_2106,urn:ngsi-ld:Indicator:Material_of_spill_categorized_by_oil_spills_soil_or_water_surfaces_fuel_spills_soil_or_water_sur,2,success,
urn:sds:reg:gri:gri_306_3_c_2106,GRI Official,E,urn:ngsi-ld:Dataset:gri_gri_306_3_c_2106,urn:ngsi-ld:Indicator:Impacts_of_significant_spills.,2,success,
urn:sds:reg:gri:gri_306_4_a,GRI Official,E,urn:ngsi-ld:Dataset:gri_gri_306_4_a,urn:ngsi-ld:Indicator:Total_weight_of_waste_diverted_from_disposal_in_metric_tons_and_a_breakdown_of_this_total_by_com,2,success,
urn:sds:reg:gri:gri_306_4_b,GRI Official,E,urn:ngsi-ld:Dataset:gri_gri_306_4_b,urn:ngsi-ld:Indicator:Total_weight_of_hazardous_waste_diverted_from_disposal_in_metric_tons_and_a_breakdown_of_this_to,2,success,
urn:sds:reg:gri:gri_306_4_b_i,GRI Official,E,urn:ngsi-ld:Dataset:gri_gri_306_4_b_i,urn:ngsi-ld:Indicator:Preparation_for_reuse_,2,success,
urn:sds:reg:gri:gri_306_4_b_ii,GRI Official,E,urn:ngsi-ld:Dataset:gri_gri_306_4_b_ii,urn:ngsi-ld:Indicator:Recycling,2,success,
urn:sds:reg:gri:gri_306_4_b_iii,GRI Official,E,urn:ngsi-ld:Dataset:gri_gri_306_4_b_iii,urn:ngsi-ld:Indicator:Other_recovery_operations.,2,success,
urn:sds:reg:gri:gri_306_4_c,GRI Official,E,urn:ngsi-ld:Dataset:gri_gri_306_4_c,urn:ngsi-ld:Indicator:Total_weight_of_non-hazardous_waste_diverted_from_disposal_in_metric_tons_and_a_breakdown_of_thi,2,success,
urn:sds:reg:gri:gri_306_4_c_i,GRI Official,E,urn:ngsi-ld:Dataset:gri_gri_306_4_c_i,urn:ngsi-ld:Indicator:Preparation_for_reuse_,2,success,
urn:sds:reg:gri:gri_306_4_c_ii,GRI Official,E,urn:ngsi-ld:Dataset:gri_gri_306_4_c_ii,urn:ngsi-ld:Indicator:Recycling_,2,success,
urn:sds:reg:gri:gri_306_4_c_iii,GRI Official,E,urn:ngsi-ld:Dataset:gri_gri_306_4_c_iii,urn:ngsi-ld:Indicator:Other_recovery_operations.,2,success,
urn:sds:reg:gri:gri_306_4_d,GRI Official,E,urn:ngsi-ld:Dataset:gri_gri_306_4_d,urn:ngsi-ld:Indicator:For_each_recovery_operation_listed_in_Disclosures_306-4-b_and_306-4-c_a_breakdown_of_the_total_w,2,success,
urn:sds:reg:gri:gri_306_4_d_i,GRI Official,E,urn:ngsi-ld:Dataset:gri_gri_306_4_d_i,urn:ngsi-ld:Indicator:onsite,2,success,
urn:sds:reg:gri:gri_306_4_d_ii,GRI Official,E,urn:ngsi-ld:Dataset:gri_gri_306_4_d_ii,urn:ngsi-ld:Indicator:offsite,2,success,
urn:sds:reg:gri:gri_306_4_e,GRI Official,E,urn:ngsi-ld:Dataset:gri_gri_306_4_e,urn:ngsi-ld:Indicator:Contextual_information_necessary_to_understand_the_data_and_how_the_data_has_been_compiled.,2,success,
urn:sds:reg:gri:gri_306_5_a,GRI Official,E,urn:ngsi-ld:Dataset:gri_gri_306_5_a,urn:ngsi-ld:Indicator:Total_weight_of_waste_directed_to_disposal_in_metric_tons_and_a_breakdown_of_this_total_by_compo,2,success,
urn:sds:reg:gri:gri_306_5_b,GRI Official,E,urn:ngsi-ld:Dataset:gri_gri_306_5_b,urn:ngsi-ld:Indicator:Total_weight_of_hazardous_waste_directed_to_disposal_in_metric_tons_and_a_breakdown_of_this_tota,2,success,
urn:sds:reg:gri:gri_306_5_b_i,GRI Official,E,urn:ngsi-ld:Dataset:gri_gri_306_5_b_i,urn:ngsi-ld:Indicator:Incineration_with_energy_recovery_,2,success,
urn:sds:reg:gri:gri_306_5_b_ii,GRI Official,E,urn:ngsi-ld:Dataset:gri_gri_306_5_b_ii,urn:ngsi-ld:Indicator:Incineration_without_energy_recovery_,2,success,
urn:sds:reg:gri:gri_306_5_b_iii,GRI Official,E,urn:ngsi-ld:Dataset:gri_gri_306_5_b_iii,urn:ngsi-ld:Indicator:Landfilling,2,success,
urn:sds:reg:gri:gri_306_5_b_iv,GRI Official,E,urn:ngsi-ld:Dataset:gri_gri_306_5_b_iv,urn:ngsi-ld:Indicator:Other_disposal_operations.,2,success,
urn:sds:reg:gri:gri_306_5_c,GRI Official,E,urn:ngsi-ld:Dataset:gri_gri_306_5_c,urn:ngsi-ld:Indicator:Total_weight_of_non-hazardous_waste_directed_to_disposal_in_metric_tons_and_a_breakdown_of_this_,2,success,
urn:sds:reg:gri:gri_306_5_c_i,GRI Official,E,urn:ngsi-ld:Dataset:gri_gri_306_5_c_i,urn:ngsi-ld:Indicator:Incineration_with_energy_recovery_,2,success,
urn:sds:reg:gri:gri_306_5_c_ii,GRI Official,E,urn:ngsi-ld:Dataset:gri_gri_306_5_c_ii,urn:ngsi-ld:Indicator:Incineration_without_energy_recovery_,2,success,
urn:sds:reg:gri:gri_306_5_c_iii,GRI Official,E,urn:ngsi-ld:Dataset:gri_gri_306_5_c_iii,urn:ngsi-ld:Indicator:Landfilling,2,success,
urn:sds:reg:gri:gri_306_5_c_iv,GRI Official,E,urn:ngsi-ld:Dataset:gri_gri_306_5_c_iv,urn:ngsi-ld:Indicator:Other_disposal_operations.,2,success,
urn:sds:reg:gri:gri_306_5_d,GRI Official,E,urn:ngsi-ld:Dataset:gri_gri_306_5_d,urn:ngsi-ld:Indicator:For_each_disposal_operation_listed_in_Disclosures_306-5-b_and_306-5-c_a_breakdown_of_the_total_w,2,success,
urn:sds:reg:gri:gri_306_5_d_i,GRI Official,E,urn:ngsi-ld:Dataset:gri_gri_306_5_d_i,urn:ngsi-ld:Indicator:onsite,2,success,
urn:sds:reg:gri:gri_306_5_d_ii,GRI Official,E,urn:ngsi-ld:Dataset:gri_gri_306_5_d_ii,urn:ngsi-ld:Indicator:offsite,2,success,
urn:sds:reg:gri:gri_306_5_e,GRI Official,E,urn:ngsi-ld:Dataset:gri_gri_306_5_e,urn:ngsi-ld:Indicator:Contextual_information_necessary_to_understand_the_data_and_how_the_data_has_been_compiled.,2,success,
urn:sds:reg:gri:gri_308_1_a,GRI Official,E,urn:ngsi-ld:Dataset:gri_gri_308_1_a,urn:ngsi-ld:Indicator:Percentage_of_new_suppliers_that_were_screened_using_environmental_criteria.,2,success,
urn:sds:reg:gri:gri_308_2_a,GRI Official,E,urn:ngsi-ld:Dataset:gri_gri_308_2_a,urn:ngsi-ld:Indicator:Number_of_suppliers_assessed_for_environmental_impacts.,2,success,
urn:sds:reg:gri:gri_308_2_b,GRI Official,E,urn:ngsi-ld:Dataset:gri_gri_308_2_b,urn:ngsi-ld:Indicator:Number_of_suppliers_identified_as_having_significant_actual_and_potential_negative_environmental,2,success,
urn:sds:reg:gri:gri_308_2_c,GRI Official,E,urn:ngsi-ld:Dataset:gri_gri_308_2_c,urn:ngsi-ld:Indicator:Significant_actual_and_potential_negative_environmental_impacts_identified_in_the_supply_chain.,2,success,
urn:sds:reg:gri:gri_308_2_d,GRI Official,E,urn:ngsi-ld:Dataset:gri_gri_308_2_d,urn:ngsi-ld:Indicator:Percentage_of_suppliers_identified_as_having_significant_actual_and_potential_negative_environme,2,success,
urn:sds:reg:gri:gri_308_2_e,GRI Official,E,urn:ngsi-ld:Dataset:gri_gri_308_2_e,urn:ngsi-ld:Indicator:Percentage_of_suppliers_identified_as_having_significant_actual_and_potential_negative_environme,2,success,
urn:sds:reg:gri:gri_401_1_a,GRI Official,S,urn:ngsi-ld:Dataset:gri_gri_401_1_a,urn:ngsi-ld:Indicator:Total_number_and_rate_of_new_employee_hires_during_the_reporting_period_by_age_group_gender_and_,2,success,
urn:sds:reg:gri:gri_401_1_b,GRI Official,S,urn:ngsi-ld:Dataset:gri_gri_401_1_b,urn:ngsi-ld:Indicator:Total_number_and_rate_of_employee_turnover_during_the_reporting_period_by_age_group_gender_and_r,2,success,
urn:sds:reg:gri:gri_401_2_a,GRI Official,S,urn:ngsi-ld:Dataset:gri_gri_401_2_a,urn:ngsi-ld:Indicator:Benefits_which_are_standard_for_full-time_employees_of_the_organization_but_are_not_provided_to_,2,success,
urn:sds:reg:gri:gri_401_2_a_i,GRI Official,S,urn:ngsi-ld:Dataset:gri_gri_401_2_a_i,urn:ngsi-ld:Indicator:life_insurance_,2,success,
urn:sds:reg:gri:gri_401_2_a_ii,GRI Official,S,urn:ngsi-ld:Dataset:gri_gri_401_2_a_ii,urn:ngsi-ld:Indicator:health_care_,2,success,
urn:sds:reg:gri:gri_401_2_a_iii,GRI Official,S,urn:ngsi-ld:Dataset:gri_gri_401_2_a_iii,urn:ngsi-ld:Indicator:disability_and_invalidity_coverage_,2,success,
urn:sds:reg:gri:gri_401_2_a_iv,GRI Official,S,urn:ngsi-ld:Dataset:gri_gri_401_2_a_iv,urn:ngsi-ld:Indicator:parental_leave_,2,success,
urn:sds:reg:gri:gri_401_2_a_v,GRI Official,S,urn:ngsi-ld:Dataset:gri_gri_401_2_a_v,urn:ngsi-ld:Indicator:retirement_provision_,2,success,
urn:sds:reg:gri:gri_401_2_a_vi,GRI Official,S,urn:ngsi-ld:Dataset:gri_gri_401_2_a_vi,urn:ngsi-ld:Indicator:stock_ownership_,2,success,
urn:sds:reg:gri:gri_401_2_a_vii,GRI Official,S,urn:ngsi-ld:Dataset:gri_gri_401_2_a_vii,urn:ngsi-ld:Indicator:others,2,success,
urn:sds:reg:gri:gri_401_3_a,GRI Official,S,urn:ngsi-ld:Dataset:gri_gri_401_3_a,urn:ngsi-ld:Indicator:Total_number_of_employees_that_were_entitled_to_parental_leave_by_gender.,2,success,
urn:sds:reg:gri:gri_401_3_b,GRI Official,S,urn:ngsi-ld:Dataset:gri_gri_401_3_b,urn:ngsi-ld:Indicator:Total_number_of_employees_that_took_parental_leave_by_gender.,2,success,
urn:sds:reg:gri:gri_401_3_c,GRI Official,S,urn:ngsi-ld:Dataset:gri_gri_401_3_c,urn:ngsi-ld:Indicator:Total_number_of_employees_that_returned_to_work_in_the_reporting_period_after_parental_leave_end,2,success,
urn:sds:reg:gri:gri_401_3_d,GRI Official,S,urn:ngsi-ld:Dataset:gri_gri_401_3_d,urn:ngsi-ld:Indicator:Total_number_of_employees_that_returned_to_work_after_parental_leave_ended_that_were_still_emplo,2,success,
urn:sds:reg:gri:gri_401_3_e,GRI Official,S,urn:ngsi-ld:Dataset:gri_gri_401_3_e,urn:ngsi-ld:Indicator:Return_to_work_and_retention_rates_of_employees_that_took_parental_leave_by_gender.,2,success,
urn:sds:reg:gri:gri_402_1_a,GRI Official,S,urn:ngsi-ld:Dataset:gri_gri_402_1_a,urn:ngsi-ld:Indicator:Minimum_number_of_weeks_notice_typically_provided_to_employees_and_their_representatives_prior_t,2,success,
urn:sds:reg:gri:gri_402_1_b,GRI Official,S,urn:ngsi-ld:Dataset:gri_gri_402_1_b,urn:ngsi-ld:Indicator:For_organizations_with_collective_bargaining_agreements_report_whether_the_notice_period_and_pro,2,success,
urn:sds:reg:gri:gri_403_1_a,GRI Official,S,urn:ngsi-ld:Dataset:gri_gri_403_1_a,urn:ngsi-ld:Indicator:A_statement_of_whether_an_occupational_health_and_safety_management_system_has_been_implemented_,2,success,
urn:sds:reg:gri:gri_403_1_a_i,GRI Official,S,urn:ngsi-ld:Dataset:gri_gri_403_1_a_i,urn:ngsi-ld:Indicator:the_system_has_been_implemented_because_of_legal_requirements_and_if_so_a_list_of_the_requiremen,2,success,
urn:sds:reg:gri:gri_403_1_a_ii,GRI Official,S,urn:ngsi-ld:Dataset:gri_gri_403_1_a_ii,urn:ngsi-ld:Indicator:the_system_has_been_implemented_based_on_recognized_risk_management_and_or_management_system_sta,2,success,
urn:sds:reg:gri:gri_403_1_b,GRI Official,S,urn:ngsi-ld:Dataset:gri_gri_403_1_b,urn:ngsi-ld:Indicator:A_description_of_the_scope_of_workers_activities_and_workplaces_covered_by_the_occupational_heal,2,success,
urn:sds:reg:gri:gri_403_10_a,GRI Official,S,urn:ngsi-ld:Dataset:gri_gri_403_10_a,urn:ngsi-ld:Indicator:For_all_employees_,2,success,
urn:sds:reg:gri:gri_403_10_a_i,GRI Official,S,urn:ngsi-ld:Dataset:gri_gri_403_10_a_i,urn:ngsi-ld:Indicator:The_number_of_fatalities_as_a_result_of_work-related_ill_health_,2,success,
urn:sds:reg:gri:gri_403_10_a_ii,GRI Official,S,urn:ngsi-ld:Dataset:gri_gri_403_10_a_ii,urn:ngsi-ld:Indicator:The_number_of_cases_of_recordable_work-related_ill_health_,2,success,
urn:sds:reg:gri:gri_403_10_a_iii,GRI Official,S,urn:ngsi-ld:Dataset:gri_gri_403_10_a_iii,urn:ngsi-ld:Indicator:The_main_types_of_work-related_ill_health.,2,success,
urn:sds:reg:gri:gri_403_10_b,GRI Official,S,urn:ngsi-ld:Dataset:gri_gri_403_10_b,urn:ngsi-ld:Indicator:For_all_workers_who_are_not_employees_but_whose_work_and_or_workplace_is_controlled_by_the_organ,2,success,
urn:sds:reg:gri:gri_403_10_b_i,GRI Official,S,urn:ngsi-ld:Dataset:gri_gri_403_10_b_i,urn:ngsi-ld:Indicator:The_number_of_fatalities_as_a_result_of_work-related_ill_health_,2,success,
urn:sds:reg:gri:gri_403_10_b_ii,GRI Official,S,urn:ngsi-ld:Dataset:gri_gri_403_10_b_ii,urn:ngsi-ld:Indicator:The_number_of_cases_of_recordable_work-related_ill_health_,2,success,
urn:sds:reg:gri:gri_403_10_b_iii,GRI Official,S,urn:ngsi-ld:Dataset:gri_gri_403_10_b_iii,urn:ngsi-ld:Indicator:The_main_types_of_work-related_ill_health.,2,success,
urn:sds:reg:gri:gri_403_10_c,GRI Official,S,urn:ngsi-ld:Dataset:gri_gri_403_10_c,urn:ngsi-ld:Indicator:The_work-related_hazards_that_pose_a_risk_of_ill_health_including_,2,success,
urn:sds:reg:gri:gri_403_10_c_i,GRI Official,S,urn:ngsi-ld:Dataset:gri_gri_403_10_c_i,urn:ngsi-ld:Indicator:how_these_hazards_have_been_determined_,2,success,
urn:sds:reg:gri:gri_403_10_c_ii,GRI Official,S,urn:ngsi-ld:Dataset:gri_gri_403_10_c_ii,urn:ngsi-ld:Indicator:which_of_these_hazards_have_caused_or_contributed_to_cases_of_ill_health_during_the_reporting_pe,2,success,
urn:sds:reg:gri:gri_403_10_c_iii,GRI Official,S,urn:ngsi-ld:Dataset:gri_gri_403_10_c_iii,urn:ngsi-ld:Indicator:actions_taken_or_underway_to_eliminate_these_hazards_and_minimize_risks_using_the_hierarchy_of_c,2,success,
urn:sds:reg:gri:gri_403_10_d,GRI Official,S,urn:ngsi-ld:Dataset:gri_gri_403_10_d,urn:ngsi-ld:Indicator:Whether_and_if_so_why_any_workers_have_been_excluded_from_this_disclosure_including_the_types_of,2,success,
urn:sds:reg:gri:gri_403_10_e,GRI Official,S,urn:ngsi-ld:Dataset:gri_gri_403_10_e,urn:ngsi-ld:Indicator:Any_contextual_information_necessary_to_understand_how_the_data_have_been_compiled_such_as_any_s,2,success,
urn:sds:reg:gri:gri_403_2_a,GRI Official,S,urn:ngsi-ld:Dataset:gri_gri_403_2_a,urn:ngsi-ld:Indicator:A_description_of_the_processes_used_to_identify_work-related_hazards_and_assess_risks_on_a_routi,2,success,
urn:sds:reg:gri:gri_403_2_a_i,GRI Official,S,urn:ngsi-ld:Dataset:gri_gri_403_2_a_i,urn:ngsi-ld:Indicator:how_the_organization_ensures_the_quality_of_these_processes_including_the_competency_of_persons_,2,success,
urn:sds:reg:gri:gri_403_2_a_ii,GRI Official,S,urn:ngsi-ld:Dataset:gri_gri_403_2_a_ii,urn:ngsi-ld:Indicator:how_the_results_of_these_processes_are_used_to_evaluate_and_continually_improve_the_occupational,2,success,
urn:sds:reg:gri:gri_403_2_b,GRI Official,S,urn:ngsi-ld:Dataset:gri_gri_403_2_b,urn:ngsi-ld:Indicator:A_description_of_the_processes_for_workers_to_report_work-related_hazards_and_hazardous_situatio,2,success,
urn:sds:reg:gri:gri_403_2_c,GRI Official,S,urn:ngsi-ld:Dataset:gri_gri_403_2_c,urn:ngsi-ld:Indicator:A_description_of_the_policies_and_processes_for_workers_to_remove_themselves_from_work_situation,2,success,
urn:sds:reg:gri:gri_403_2_d,GRI Official,S,urn:ngsi-ld:Dataset:gri_gri_403_2_d,urn:ngsi-ld:Indicator:A_description_of_the_processes_used_to_investigate_work-related_incidents_including_the_processe,2,success,
urn:sds:reg:gri:gri_403_3_a,GRI Official,S,urn:ngsi-ld:Dataset:gri_gri_403_3_a,urn:ngsi-ld:Indicator:A_description_of_the_occupational_health_services_functions_that_contribute_to_the_identificatio,2,success,
urn:sds:reg:gri:gri_403_4_a,GRI Official,S,urn:ngsi-ld:Dataset:gri_gri_403_4_a,urn:ngsi-ld:Indicator:A_description_of_the_processes_for_worker_participation_and_consultation_in_the_development_impl,2,success,
urn:sds:reg:gri:gri_403_4_b,GRI Official,S,urn:ngsi-ld:Dataset:gri_gri_403_4_b,urn:ngsi-ld:Indicator:Where_formal_joint_management-worker_health_and_safety_committees_exist_a_description_of_their_r,2,success,
urn:sds:reg:gri:gri_403_5_a,GRI Official,S,urn:ngsi-ld:Dataset:gri_gri_403_5_a,urn:ngsi-ld:Indicator:A_description_of_any_occupational_health_and_safety_training_provided_to_workers_including_gener,2,success,
urn:sds:reg:gri:gri_403_6_a,GRI Official,S,urn:ngsi-ld:Dataset:gri_gri_403_6_a,urn:ngsi-ld:Indicator:An_explanation_of_how_the_organization_facilitates_workers_access_to_non-occupational_medical_an,2,success,
urn:sds:reg:gri:gri_403_6_b,GRI Official,S,urn:ngsi-ld:Dataset:gri_gri_403_6_b,urn:ngsi-ld:Indicator:A_description_of_any_voluntary_health_promotion_services_and_programs_offered_to_workers_to_addr,2,success,
urn:sds:reg:gri:gri_403_7_a,GRI Official,S,urn:ngsi-ld:Dataset:gri_gri_403_7_a,urn:ngsi-ld:Indicator:A_description_of_the_organization_s_approach_to_preventing_or_mitigating_significant_negative_oc,2,success,
urn:sds:reg:gri:gri_403_8_a,GRI Official,S,urn:ngsi-ld:Dataset:gri_gri_403_8_a,urn:ngsi-ld:Indicator:If_the_organization_has_implemented_an_occupational_health_and_safety_management_system_based_on,2,success,
urn:sds:reg:gri:gri_403_8_a_i,GRI Official,S,urn:ngsi-ld:Dataset:gri_gri_403_8_a_i,urn:ngsi-ld:Indicator:the_number_and_percentage_of_all_employees_and_workers_who_are_not_employees_but_whose_work_and_,2,success,
urn:sds:reg:gri:gri_403_8_a_ii,GRI Official,S,urn:ngsi-ld:Dataset:gri_gri_403_8_a_ii,urn:ngsi-ld:Indicator:the_number_and_percentage_of_all_employees_and_workers_who_are_not_employees_but_whose_work_and_,2,success,
urn:sds:reg:gri:gri_403_8_a_iii,GRI Official,S,urn:ngsi-ld:Dataset:gri_gri_403_8_a_iii,urn:ngsi-ld:Indicator:the_number_and_percentage_of_all_employees_and_workers_who_are_not_employees_but_whose_work_and_,2,success,
urn:sds:reg:gri:gri_403_8_b,GRI Official,S,urn:ngsi-ld:Dataset:gri_gri_403_8_b,urn:ngsi-ld:Indicator:Whether_and_if_so_why_any_workers_have_been_excluded_from_this_disclosure_including_the_types_of,2,success,
urn:sds:reg:gri:gri_403_8_c,GRI Official,S,urn:ngsi-ld:Dataset:gri_gri_403_8_c,urn:ngsi-ld:Indicator:Any_contextual_information_necessary_to_understand_how_the_data_have_been_compiled_such_as_any_s,2,success,
urn:sds:reg:gri:gri_403_9_a,GRI Official,S,urn:ngsi-ld:Dataset:gri_gri_403_9_a,urn:ngsi-ld:Indicator:For_all_employees_,2,success,
urn:sds:reg:gri:gri_403_9_a_i,GRI Official,S,urn:ngsi-ld:Dataset:gri_gri_403_9_a_i,urn:ngsi-ld:Indicator:The_number_and_rate_of_fatalities_as_a_result_of_work-related_injury_,2,success,
urn:sds:reg:gri:gri_403_9_a_ii,GRI Official,S,urn:ngsi-ld:Dataset:gri_gri_403_9_a_ii,urn:ngsi-ld:Indicator:The_number_and_rate_of_high-consequence_work-related_injuries_excluding_fatalities_,2,success,
urn:sds:reg:gri:gri_403_9_a_iii,GRI Official,S,urn:ngsi-ld:Dataset:gri_gri_403_9_a_iii,urn:ngsi-ld:Indicator:The_number_and_rate_of_recordable_work-related_injuries_,2,success,
urn:sds:reg:gri:gri_403_9_a_iv,GRI Official,S,urn:ngsi-ld:Dataset:gri_gri_403_9_a_iv,urn:ngsi-ld:Indicator:The_main_types_of_work-related_injury_,2,success,
urn:sds:reg:gri:gri_403_9_a_v,GRI Official,S,urn:ngsi-ld:Dataset:gri_gri_403_9_a_v,urn:ngsi-ld:Indicator:The_number_of_hours_worked.,2,success,
urn:sds:reg:gri:gri_403_9_b,GRI Official,S,urn:ngsi-ld:Dataset:gri_gri_403_9_b,urn:ngsi-ld:Indicator:For_all_workers_who_are_not_employees_but_whose_work_and_or_workplace_is_controlled_by_the_organ,2,success,
urn:sds:reg:gri:gri_403_9_b_i,GRI Official,S,urn:ngsi-ld:Dataset:gri_gri_403_9_b_i,urn:ngsi-ld:Indicator:The_number_and_rate_of_fatalities_as_a_result_of_work-related_injury_,2,success,
urn:sds:reg:gri:gri_403_9_b_ii,GRI Official,S,urn:ngsi-ld:Dataset:gri_gri_403_9_b_ii,urn:ngsi-ld:Indicator:The_number_and_rate_of_high-consequence_work-related_injuries_excluding_fatalities_,2,success,
urn:sds:reg:gri:gri_403_9_b_iii,GRI Official,S,urn:ngsi-ld:Dataset:gri_gri_403_9_b_iii,urn:ngsi-ld:Indicator:The_number_and_rate_of_recordable_work-related_injuries_,2,success,
urn:sds:reg:gri:gri_403_9_b_iv,GRI Official,S,urn:ngsi-ld:Dataset:gri_gri_403_9_b_iv,urn:ngsi-ld:Indicator:The_main_types_of_work-related_injury_,2,success,
urn:sds:reg:gri:gri_403_9_b_v,GRI Official,S,urn:ngsi-ld:Dataset:gri_gri_403_9_b_v,urn:ngsi-ld:Indicator:The_number_of_hours_worked.,2,success,
urn:sds:reg:gri:gri_403_9_c,GRI Official,S,urn:ngsi-ld:Dataset:gri_gri_403_9_c,urn:ngsi-ld:Indicator:The_work-related_hazards_that_pose_a_risk_of_high-consequence_injury_including_,2,success,
urn:sds:reg:gri:gri_403_9_c_i,GRI Official,S,urn:ngsi-ld:Dataset:gri_gri_403_9_c_i,urn:ngsi-ld:Indicator:how_these_hazards_have_been_determined_,2,success,
urn:sds:reg:gri:gri_403_9_c_ii,GRI Official,S,urn:ngsi-ld:Dataset:gri_gri_403_9_c_ii,urn:ngsi-ld:Indicator:which_of_these_hazards_have_caused_or_contributed_to_high-consequence_injuries_during_the_report,2,success,
urn:sds:reg:gri:gri_403_9_c_iii,GRI Official,S,urn:ngsi-ld:Dataset:gri_gri_403_9_c_iii,urn:ngsi-ld:Indicator:actions_taken_or_underway_to_eliminate_these_hazards_and_minimize_risks_using_the_hierarchy_of_c,2,success,
urn:sds:reg:gri:gri_403_9_d,GRI Official,S,urn:ngsi-ld:Dataset:gri_gri_403_9_d,urn:ngsi-ld:Indicator:Any_actions_taken_or_underway_to_eliminate_other_work-related_hazards_and_minimize_risks_using_t,2,success,
urn:sds:reg:gri:gri_403_9_e,GRI Official,S,urn:ngsi-ld:Dataset:gri_gri_403_9_e,urn:ngsi-ld:Indicator:Whether_the_rates_have_been_calculated_based_on_200_000_or_1_000_000_hours_worked.,2,success,
urn:sds:reg:gri:gri_403_9_f,GRI Official,S,urn:ngsi-ld:Dataset:gri_gri_403_9_f,urn:ngsi-ld:Indicator:Whether_and_if_so_why_any_workers_have_been_excluded_from_this_disclosure_including_the_types_of,2,success,
urn:sds:reg:gri:gri_403_9_g,GRI Official,S,urn:ngsi-ld:Dataset:gri_gri_403_9_g,urn:ngsi-ld:Indicator:Any_contextual_information_necessary_to_understand_how_the_data_have_been_compiled_such_as_any_s,2,success,
urn:sds:reg:gri:gri_404_1_a,GRI Official,S,urn:ngsi-ld:Dataset:gri_gri_404_1_a,urn:ngsi-ld:Indicator:Average_hours_of_training_that_the_organization_s_employees_have_undertaken_during_the_reporting,2,success,
urn:sds:reg:gri:gri_404_1_a_i,GRI Official,S,urn:ngsi-ld:Dataset:gri_gri_404_1_a_i,urn:ngsi-ld:Indicator:gender,2,success,
urn:sds:reg:gri:gri_404_1_a_ii,GRI Official,S,urn:ngsi-ld:Dataset:gri_gri_404_1_a_ii,urn:ngsi-ld:Indicator:employee_category.,2,success,
urn:sds:reg:gri:gri_404_2_a,GRI Official,S,urn:ngsi-ld:Dataset:gri_gri_404_2_a,urn:ngsi-ld:Indicator:Type_and_scope_of_programs_implemented_and_assistance_provided_to_upgrade_employee_skills.,2,success,
urn:sds:reg:gri:gri_404_2_b,GRI Official,S,urn:ngsi-ld:Dataset:gri_gri_404_2_b,urn:ngsi-ld:Indicator:Transition_assistance_programs_provided_to_facilitate_continued_employability_and_the_management,2,success,
urn:sds:reg:gri:gri_404_3_a,GRI Official,S,urn:ngsi-ld:Dataset:gri_gri_404_3_a,urn:ngsi-ld:Indicator:Percentage_of_total_employees_by_gender_and_by_employee_category_who_received_a_regular_performa,2,success,
urn:sds:reg:gri:gri_405_1_a,GRI Official,S,urn:ngsi-ld:Dataset:gri_gri_405_1_a,urn:ngsi-ld:Indicator:Percentage_of_individuals_within_the_organization_s_governance_bodies_in_each_of_the_following_d,2,success,
urn:sds:reg:gri:gri_405_1_a_i,GRI Official,S,urn:ngsi-ld:Dataset:gri_gri_405_1_a_i,urn:ngsi-ld:Indicator:Gender,2,success,
urn:sds:reg:gri:gri_405_1_a_ii,GRI Official,S,urn:ngsi-ld:Dataset:gri_gri_405_1_a_ii,urn:ngsi-ld:Indicator:Age_group_under_30_years_old_30-50_years_old_over_50_years_old_,2,success,
urn:sds:reg:gri:gri_405_1_a_iii,GRI Official,S,urn:ngsi-ld:Dataset:gri_gri_405_1_a_iii,urn:ngsi-ld:Indicator:Other_indicators_of_diversity_where_relevant_such_as_minority_or_vulnerable_groups_.,2,success,
urn:sds:reg:gri:gri_405_1_b,GRI Official,S,urn:ngsi-ld:Dataset:gri_gri_405_1_b,urn:ngsi-ld:Indicator:Percentage_of_employees_per_employee_category_in_each_of_the_following_diversity_categories_,2,success,
urn:sds:reg:gri:gri_405_1_b_i,GRI Official,S,urn:ngsi-ld:Dataset:gri_gri_405_1_b_i,urn:ngsi-ld:Indicator:Gender,2,success,
urn:sds:reg:gri:gri_405_1_b_ii,GRI Official,S,urn:ngsi-ld:Dataset:gri_gri_405_1_b_ii,urn:ngsi-ld:Indicator:Age_group_under_30_years_old_30-50_years_old_over_50_years_old_,2,success,
urn:sds:reg:gri:gri_405_1_b_iii,GRI Official,S,urn:ngsi-ld:Dataset:gri_gri_405_1_b_iii,urn:ngsi-ld:Indicator:Other_indicators_of_diversity_where_relevant_such_as_minority_or_vulnerable_groups_.,2,success,
urn:sds:reg:gri:gri_405_2_a,GRI Official,S,urn:ngsi-ld:Dataset:gri_gri_405_2_a,urn:ngsi-ld:Indicator:Ratio_of_the_basic_salary_and_remuneration_of_women_to_men_for_each_employee_category_by_signifi,2,success,
urn:sds:reg:gri:gri_405_2_b,GRI Official,S,urn:ngsi-ld:Dataset:gri_gri_405_2_b,urn:ngsi-ld:Indicator:The_definition_used_for_significant_locations_of_operation_.,2,success,
urn:sds:reg:gri:gri_406_1_a,GRI Official,S,urn:ngsi-ld:Dataset:gri_gri_406_1_a,urn:ngsi-ld:Indicator:Total_number_of_incidents_of_discrimination_during_the_reporting_period.,2,success,
urn:sds:reg:gri:gri_406_1_b,GRI Official,S,urn:ngsi-ld:Dataset:gri_gri_406_1_b,urn:ngsi-ld:Indicator:Status_of_the_incidents_and_actions_taken_with_reference_to_the_following_,2,success,
urn:sds:reg:gri:gri_406_1_b_i,GRI Official,S,urn:ngsi-ld:Dataset:gri_gri_406_1_b_i,urn:ngsi-ld:Indicator:Incident_reviewed_by_the_organization_,2,success,
urn:sds:reg:gri:gri_406_1_b_ii,GRI Official,S,urn:ngsi-ld:Dataset:gri_gri_406_1_b_ii,urn:ngsi-ld:Indicator:Remediation_plans_being_implemented_,2,success,
urn:sds:reg:gri:gri_406_1_b_iii,GRI Official,S,urn:ngsi-ld:Dataset:gri_gri_406_1_b_iii,urn:ngsi-ld:Indicator:Remediation_plans_that_have_been_implemented_with_results_reviewed_through_routine_internal_mana,2,success,
urn:sds:reg:gri:gri_406_1_b_iv,GRI Official,S,urn:ngsi-ld:Dataset:gri_gri_406_1_b_iv,urn:ngsi-ld:Indicator:Incident_no_longer_subject_to_action.,2,success,
urn:sds:reg:gri:gri_407_1_a,GRI Official,S,urn:ngsi-ld:Dataset:gri_gri_407_1_a,urn:ngsi-ld:Indicator:Operations_and_suppliers_in_which_workers_rights_to_exercise_freedom_of_association_or_collectiv,2,success,
urn:sds:reg:gri:gri_407_1_a_i,GRI Official,S,urn:ngsi-ld:Dataset:gri_gri_407_1_a_i,urn:ngsi-ld:Indicator:type_of_operation_such_as_manufacturing_plant_and_supplier_,2,success,
urn:sds:reg:gri:gri_407_1_a_ii,GRI Official,S,urn:ngsi-ld:Dataset:gri_gri_407_1_a_ii,urn:ngsi-ld:Indicator:countries_or_geographic_areas_with_operations_and_suppliers_considered_at_risk.,2,success,
urn:sds:reg:gri:gri_407_1_b,GRI Official,S,urn:ngsi-ld:Dataset:gri_gri_407_1_b,urn:ngsi-ld:Indicator:Measures_taken_by_the_organization_in_the_reporting_period_intended_to_support_rights_to_exercis,2,success,
urn:sds:reg:gri:gri_408_1_a,GRI Official,S,urn:ngsi-ld:Dataset:gri_gri_408_1_a,urn:ngsi-ld:Indicator:Operations_and_suppliers_considered_to_have_significant_risk_for_incidents_of_,2,success,
urn:sds:reg:gri:gri_408_1_a_i,GRI Official,S,urn:ngsi-ld:Dataset:gri_gri_408_1_a_i,urn:ngsi-ld:Indicator:child_labor_,2,success,
urn:sds:reg:gri:gri_408_1_a_ii,GRI Official,S,urn:ngsi-ld:Dataset:gri_gri_408_1_a_ii,urn:ngsi-ld:Indicator:young_workers_exposed_to_hazardous_work.,2,success,
urn:sds:reg:gri:gri_408_1_b,GRI Official,S,urn:ngsi-ld:Dataset:gri_gri_408_1_b,urn:ngsi-ld:Indicator:Operations_and_suppliers_considered_to_have_significant_risk_for_incidents_of_child_labor_either,2,success,
urn:sds:reg:gri:gri_408_1_b_i,GRI Official,S,urn:ngsi-ld:Dataset:gri_gri_408_1_b_i,urn:ngsi-ld:Indicator:type_of_operation_such_as_manufacturing_plant_and_supplier_,2,success,
urn:sds:reg:gri:gri_408_1_b_ii,GRI Official,S,urn:ngsi-ld:Dataset:gri_gri_408_1_b_ii,urn:ngsi-ld:Indicator:countries_or_geographic_areas_with_operations_and_suppliers_considered_at_risk.,2,success,
urn:sds:reg:gri:gri_408_1_c,GRI Official,S,urn:ngsi-ld:Dataset:gri_gri_408_1_c,urn:ngsi-ld:Indicator:Measures_taken_by_the_organization_in_the_reporting_period_intended_to_contribute_to_the_effecti,2,success,
urn:sds:reg:gri:gri_409_1_a,GRI Official,S,urn:ngsi-ld:Dataset:gri_gri_409_1_a,urn:ngsi-ld:Indicator:Operations_and_suppliers_considered_to_have_significant_risk_for_incidents_of_forced_or_compulso,2,success,
urn:sds:reg:gri:gri_409_1_a_i,GRI Official,S,urn:ngsi-ld:Dataset:gri_gri_409_1_a_i,urn:ngsi-ld:Indicator:type_of_operation_such_as_manufacturing_plant_and_supplier_,2,success,
urn:sds:reg:gri:gri_409_1_a_ii,GRI Official,S,urn:ngsi-ld:Dataset:gri_gri_409_1_a_ii,urn:ngsi-ld:Indicator:countries_or_geographic_areas_with_operations_and_suppliers_considered_at_risk.,2,success,
urn:sds:reg:gri:gri_409_1_b,GRI Official,S,urn:ngsi-ld:Dataset:gri_gri_409_1_b,urn:ngsi-ld:Indicator:Measures_taken_by_the_organization_in_the_reporting_period_intended_to_contribute_to_the_elimina,2,success,
urn:sds:reg:gri:gri_410_1_a,GRI Official,S,urn:ngsi-ld:Dataset:gri_gri_410_1_a,urn:ngsi-ld:Indicator:Percentage_of_security_personnel_who_have_received_formal_training_in_the_organization_s_human_r,2,success,
urn:sds:reg:gri:gri_410_1_b,GRI Official,S,urn:ngsi-ld:Dataset:gri_gri_410_1_b,urn:ngsi-ld:Indicator:Whether_training_requirements_also_apply_to_third-party_organizations_providing_security_personn,2,success,
urn:sds:reg:gri:gri_411_1_a,GRI Official,S,urn:ngsi-ld:Dataset:gri_gri_411_1_a,urn:ngsi-ld:Indicator:Total_number_of_identified_incidents_of_violations_involving_the_rights_of_indigenous_peoples_du,2,success,
urn:sds:reg:gri:gri_411_1_b,GRI Official,S,urn:ngsi-ld:Dataset:gri_gri_411_1_b,urn:ngsi-ld:Indicator:Status_of_the_incidents_and_actions_taken_with_reference_to_the_following_,2,success,
urn:sds:reg:gri:gri_411_1_b_i,GRI Official,S,urn:ngsi-ld:Dataset:gri_gri_411_1_b_i,urn:ngsi-ld:Indicator:Incident_reviewed_by_the_organization_,2,success,
urn:sds:reg:gri:gri_411_1_b_ii,GRI Official,S,urn:ngsi-ld:Dataset:gri_gri_411_1_b_ii,urn:ngsi-ld:Indicator:Remediation_plans_being_implemented_,2,success,
urn:sds:reg:gri:gri_411_1_b_iii,GRI Official,S,urn:ngsi-ld:Dataset:gri_gri_411_1_b_iii,urn:ngsi-ld:Indicator:Remediation_plans_that_have_been_implemented_with_results_reviewed_through_routine_internal_mana,2,success,
urn:sds:reg:gri:gri_411_1_b_iv,GRI Official,S,urn:ngsi-ld:Dataset:gri_gri_411_1_b_iv,urn:ngsi-ld:Indicator:Incident_no_longer_subject_to_action.,2,success,
urn:sds:reg:gri:gri_413_1_a,GRI Official,S,urn:ngsi-ld:Dataset:gri_gri_413_1_a,urn:ngsi-ld:Indicator:Percentage_of_operations_with_implemented_local_community_engagement_impact_assessments_and_or_d,2,success,
urn:sds:reg:gri:gri_413_1_a_i,GRI Official,S,urn:ngsi-ld:Dataset:gri_gri_413_1_a_i,urn:ngsi-ld:Indicator:social_impact_assessments_including_gender_impact_assessments_based_on_participatory_processes_,2,success,
urn:sds:reg:gri:gri_413_1_a_ii,GRI Official,S,urn:ngsi-ld:Dataset:gri_gri_413_1_a_ii,urn:ngsi-ld:Indicator:environmental_impact_assessments_and_ongoing_monitoring_,2,success,
urn:sds:reg:gri:gri_413_1_a_iii,GRI Official,S,urn:ngsi-ld:Dataset:gri_gri_413_1_a_iii,urn:ngsi-ld:Indicator:public_disclosure_of_results_of_environmental_and_social_impact_assessments_,2,success,
urn:sds:reg:gri:gri_413_1_a_iv,GRI Official,S,urn:ngsi-ld:Dataset:gri_gri_413_1_a_iv,urn:ngsi-ld:Indicator:local_community_development_programs_based_on_local_communities_needs_,2,success,
urn:sds:reg:gri:gri_413_1_a_v,GRI Official,S,urn:ngsi-ld:Dataset:gri_gri_413_1_a_v,urn:ngsi-ld:Indicator:stakeholder_engagement_plans_based_on_stakeholder_mapping_,2,success,
urn:sds:reg:gri:gri_413_1_a_vi,GRI Official,S,urn:ngsi-ld:Dataset:gri_gri_413_1_a_vi,urn:ngsi-ld:Indicator:broad_based_local_community_consultation_committees_and_processes_that_include_vulnerable_groups,2,success,
urn:sds:reg:gri:gri_413_1_a_vii,GRI Official,S,urn:ngsi-ld:Dataset:gri_gri_413_1_a_vii,urn:ngsi-ld:Indicator:works_councils_occupational_health_and_safety_committees_and_other_worker_representation_bodies_,2,success,
urn:sds:reg:gri:gri_413_1_a_viii,GRI Official,S,urn:ngsi-ld:Dataset:gri_gri_413_1_a_viii,urn:ngsi-ld:Indicator:formal_local_community_grievance_processes.,2,success,
urn:sds:reg:gri:gri_413_2_a,GRI Official,S,urn:ngsi-ld:Dataset:gri_gri_413_2_a,urn:ngsi-ld:Indicator:Operations_with_significant_actual_and_potential_negative_impacts_on_local_communities_including,2,success,
urn:sds:reg:gri:gri_413_2_a_i,GRI Official,S,urn:ngsi-ld:Dataset:gri_gri_413_2_a_i,urn:ngsi-ld:Indicator:the_location_of_the_operations_,2,success,
urn:sds:reg:gri:gri_413_2_a_ii,GRI Official,S,urn:ngsi-ld:Dataset:gri_gri_413_2_a_ii,urn:ngsi-ld:Indicator:the_significant_actual_and_potential_negative_impacts_of_operations.,2,success,
urn:sds:reg:gri:gri_414_1_a,GRI Official,S,urn:ngsi-ld:Dataset:gri_gri_414_1_a,urn:ngsi-ld:Indicator:Percentage_of_new_suppliers_that_were_screened_using_social_criteria.,2,success,
urn:sds:reg:gri:gri_414_2_a,GRI Official,S,urn:ngsi-ld:Dataset:gri_gri_414_2_a,urn:ngsi-ld:Indicator:Number_of_suppliers_assessed_for_social_impacts.,2,success,
urn:sds:reg:gri:gri_414_2_b,GRI Official,S,urn:ngsi-ld:Dataset:gri_gri_414_2_b,urn:ngsi-ld:Indicator:Number_of_suppliers_identified_as_having_significant_actual_and_potential_negative_social_impact,2,success,
urn:sds:reg:gri:gri_414_2_c,GRI Official,S,urn:ngsi-ld:Dataset:gri_gri_414_2_c,urn:ngsi-ld:Indicator:Significant_actual_and_potential_negative_social_impacts_identified_in_the_supply_chain.,2,success,
urn:sds:reg:gri:gri_414_2_d,GRI Official,S,urn:ngsi-ld:Dataset:gri_gri_414_2_d,urn:ngsi-ld:Indicator:Percentage_of_suppliers_identified_as_having_significant_actual_and_potential_negative_social_im,2,success,
urn:sds:reg:gri:gri_414_2_e,GRI Official,S,urn:ngsi-ld:Dataset:gri_gri_414_2_e,urn:ngsi-ld:Indicator:Percentage_of_suppliers_identified_as_having_significant_actual_and_potential_negative_social_im,2,success,
urn:sds:reg:gri:gri_415_1_a,GRI Official,S,urn:ngsi-ld:Dataset:gri_gri_415_1_a,urn:ngsi-ld:Indicator:Total_monetary_value_of_financial_and_in-kind_political_contributions_made_directly_and_indirect,2,success,
urn:sds:reg:gri:gri_415_1_b,GRI Official,S,urn:ngsi-ld:Dataset:gri_gri_415_1_b,urn:ngsi-ld:Indicator:If_applicable_how_the_monetary_value_of_in-kind_contributions_was_estimated.,2,success,
urn:sds:reg:gri:gri_416_1_a,GRI Official,S,urn:ngsi-ld:Dataset:gri_gri_416_1_a,urn:ngsi-ld:Indicator:Percentage_of_significant_product_and_service_categories_for_which_health_and_safety_impacts_are,2,success,
urn:sds:reg:gri:gri_416_2_a,GRI Official,S,urn:ngsi-ld:Dataset:gri_gri_416_2_a,urn:ngsi-ld:Indicator:Total_number_of_incidents_of_non-compliance_with_regulations_and_or_voluntary_codes_concerning_t,2,success,
urn:sds:reg:gri:gri_416_2_a_i,GRI Official,S,urn:ngsi-ld:Dataset:gri_gri_416_2_a_i,urn:ngsi-ld:Indicator:incidents_of_non-compliance_with_regulations_resulting_in_a_fine_or_penalty_,2,success,
urn:sds:reg:gri:gri_416_2_a_ii,GRI Official,S,urn:ngsi-ld:Dataset:gri_gri_416_2_a_ii,urn:ngsi-ld:Indicator:incidents_of_non-compliance_with_regulations_resulting_in_a_warning_,2,success,
urn:sds:reg:gri:gri_416_2_a_iii,GRI Official,S,urn:ngsi-ld:Dataset:gri_gri_416_2_a_iii,urn:ngsi-ld:Indicator:incidents_of_non-compliance_with_voluntary_codes.,2,success,
urn:sds:reg:gri:gri_416_2_b,GRI Official,S,urn:ngsi-ld:Dataset:gri_gri_416_2_b,urn:ngsi-ld:Indicator:If_the_organization_has_not_identified_any_non-compliance_with_regulations_and_or_voluntary_code,2,success,
urn:sds:reg:gri:gri_417_1_a,GRI Official,S,urn:ngsi-ld:Dataset:gri_gri_417_1_a,urn:ngsi-ld:Indicator:Whether_each_of_the_following_types_of_information_is_required_by_the_organization_s_procedures_,2,success,
urn:sds:reg:gri:gri_417_1_a_i,GRI Official,S,urn:ngsi-ld:Dataset:gri_gri_417_1_a_i,urn:ngsi-ld:Indicator:The_sourcing_of_components_of_the_product_or_service_,2,success,
urn:sds:reg:gri:gri_417_1_a_ii,GRI Official,S,urn:ngsi-ld:Dataset:gri_gri_417_1_a_ii,urn:ngsi-ld:Indicator:Content_particularly_with_regard_to_substances_that_might_produce_an_environmental_or_social_imp,2,success,
urn:sds:reg:gri:gri_417_1_a_iii,GRI Official,S,urn:ngsi-ld:Dataset:gri_gri_417_1_a_iii,urn:ngsi-ld:Indicator:Safe_use_of_the_product_or_service_,2,success,
urn:sds:reg:gri:gri_417_1_a_iv,GRI Official,S,urn:ngsi-ld:Dataset:gri_gri_417_1_a_iv,urn:ngsi-ld:Indicator:Disposal_of_the_product_and_environmental_or_social_impacts_,2,success,
urn:sds:reg:gri:gri_417_1_a_v,GRI Official,S,urn:ngsi-ld:Dataset:gri_gri_417_1_a_v,urn:ngsi-ld:Indicator:Other_explain_.,2,success,
urn:sds:reg:gri:gri_417_1_b,GRI Official,S,urn:ngsi-ld:Dataset:gri_gri_417_1_b,urn:ngsi-ld:Indicator:Percentage_of_significant_product_or_service_categories_covered_by_and_assessed_for_compliance_w,2,success,
urn:sds:reg:gri:gri_417_2_a,GRI Official,S,urn:ngsi-ld:Dataset:gri_gri_417_2_a,urn:ngsi-ld:Indicator:Total_number_of_incidents_of_non-compliance_with_regulations_and_or_voluntary_codes_concerning_p,2,success,
urn:sds:reg:gri:gri_417_2_a_i,GRI Official,S,urn:ngsi-ld:Dataset:gri_gri_417_2_a_i,urn:ngsi-ld:Indicator:incidents_of_non-compliance_with_regulations_resulting_in_a_fine_or_penalty_,2,success,
urn:sds:reg:gri:gri_417_2_a_ii,GRI Official,S,urn:ngsi-ld:Dataset:gri_gri_417_2_a_ii,urn:ngsi-ld:Indicator:incidents_of_non-compliance_with_regulations_resulting_in_a_warning_,2,success,
urn:sds:reg:gri:gri_417_2_a_iii,GRI Official,S,urn:ngsi-ld:Dataset:gri_gri_417_2_a_iii,urn:ngsi-ld:Indicator:incidents_of_non-compliance_with_voluntary_codes.,2,success,
urn:sds:reg:gri:gri_417_2_b,GRI Official,S,urn:ngsi-ld:Dataset:gri_gri_417_2_b,urn:ngsi-ld:Indicator:If_the_organization_has_not_identified_any_non-compliance_with_regulations_and_or_voluntary_code,2,success,
urn:sds:reg:gri:gri_417_3_a,GRI Official,S,urn:ngsi-ld:Dataset:gri_gri_417_3_a,urn:ngsi-ld:Indicator:Total_number_of_incidents_of_non-compliance_with_regulations_and_or_voluntary_codes_concerning_m,2,success,
urn:sds:reg:gri:gri_417_3_a_i,GRI Official,S,urn:ngsi-ld:Dataset:gri_gri_417_3_a_i,urn:ngsi-ld:Indicator:incidents_of_non-compliance_with_regulations_resulting_in_a_fine_or_penalty_,2,success,
urn:sds:reg:gri:gri_417_3_a_ii,GRI Official,S,urn:ngsi-ld:Dataset:gri_gri_417_3_a_ii,urn:ngsi-ld:Indicator:incidents_of_non-compliance_with_regulations_resulting_in_a_warning_,2,success,
urn:sds:reg:gri:gri_417_3_a_iii,GRI Official,S,urn:ngsi-ld:Dataset:gri_gri_417_3_a_iii,urn:ngsi-ld:Indicator:incidents_of_non-compliance_with_voluntary_codes.,2,success,
urn:sds:reg:gri:gri_417_3_b,GRI Official,S,urn:ngsi-ld:Dataset:gri_gri_417_3_b,urn:ngsi-ld:Indicator:If_the_organization_has_not_identified_any_non-compliance_with_regulations_and_or_voluntary_code,2,success,
urn:sds:reg:gri:gri_418_1_a,GRI Official,S,urn:ngsi-ld:Dataset:gri_gri_418_1_a,urn:ngsi-ld:Indicator:Total_number_of_substantiated_complaints_received_concerning_breaches_of_customer_privacy_catego,2,success,
urn:sds:reg:gri:gri_418_1_a_i,GRI Official,S,urn:ngsi-ld:Dataset:gri_gri_418_1_a_i,urn:ngsi-ld:Indicator:complaints_received_from_outside_parties_and_substantiated_by_the_organization_,2,success,
urn:sds:reg:gri:gri_418_1_a_ii,GRI Official,S,urn:ngsi-ld:Dataset:gri_gri_418_1_a_ii,urn:ngsi-ld:Indicator:complaints_from_regulatory_bodies.,2,success,
urn:sds:reg:gri:gri_418_1_b,GRI Official,S,urn:ngsi-ld:Dataset:gri_gri_418_1_b,urn:ngsi-ld:Indicator:Total_number_of_identified_leaks_thefts_or_losses_of_customer_data.,2,success,
urn:sds:reg:gri:gri_418_1_c,GRI Official,S,urn:ngsi-ld:Dataset:gri_gri_418_1_c,urn:ngsi-ld:Indicator:If_the_organization_has_not_identified_any_substantiated_complaints_a_brief_statement_of_this_fa,2,success,
